Frame_Number,Track_ID,Center_X,Center_Y,Right_X,Right_Y,Angle_A_deg,A_px,Angle_B_deg,C_px,Pair_Score,Pair_Count,Binary_Threshold,Blur_Size,Min_Area_px2,Max_Area_px2,Max_Width_px,Max_Radial_Gap_px,Max_Angle_Diff_deg,Max_Center_Offset_px,Weight_Angle,Weight_Area,Weight_Center,Min_Score_Threshold,Zprime_mm,Zdoubleprime,Z_mm,B_px,X_mm,Y_mm,B_mm
0,1,581,422,626,452,34.200484130268535,373.60540681312415,34.135940077912274,427.68680129272167,0.7827,5,20,3,4,5000,100,71.0,10.0,15.0,0.35,0.35,0.3,0.1,1.4673,0.0675,4.0997,398.8211,8.2774,-5.6254,10.0081
0,2,499,238,532,242,6.5340384961802584,228.4841351166422,6.581944655178011,261.72504656604804,0.7805,5,20,3,4,5000,100,71.0,10.0,15.0,0.35,0.35,0.3,0.1,1.4742,0.0678,4.1189,243.9776,6.0826,-0.6967,6.1224
0,3,363,120,377,106,314.68691142497937,129.40247292845683,314.72845805431547,149.20120642943877,0.8253,5,20,3,4,5000,100,71.0,10.0,15.0,0.35,0.35,0.3,0.1,1.5449,0.0711,4.3157,138.5983,2.4458,2.4727,3.4780
0,4,365,90,379,72,307.3180953837485,153.40469353966978,307.39016284244804,176.207264322445,0.8212,5,20,3,4,5000,100,71.0,10.0,15.0,0.35,0.35,0.3,0.1,1.504,0.0692,4.2017,164.0172,2.4952,3.2733,4.1159
0,5,127,61,106,39,226.161241908314,209.34660255184463,226.18293058519626,239.7602969634464,0.8215,5,20,3,4,5000,100,71.0,10.0,15.0,0.35,0.35,0.3,0.1,1.4722,0.0677,4.1135,223.5236,-3.8851,4.0458,5.6091
1,1,581,422,626,452,34.200484130268535,373.60540681312415,34.135940077912274,427.68680129272167,0.7792,5,20,3,4,5000,100,71.0,10.0,15.0,0.35,0.35,0.3,0.1,1.4673,0.0675,4.0997,398.8211,8.2774,-5.6254,10.0081
1,2,522,241,532,242,6.616737897910832,251.67637950352037,6.581944655178011,261.72504656604804,0.5851,5,20,3,4,5000,100,71.0,10.0,15.0,0.35,0.35,0.3,0.1,0.4255,0.0196,1.2021,256.6024,6.3963,-0.7420,6.4392
1,3,363,120,377,106,314.68691142497937,129.40247292845683,314.72845805431547,149.20120642943877,0.8348,5,20,3,4,5000,100,71.0,10.0,15.0,0.35,0.35,0.3,0.1,1.5449,0.0711,4.3157,138.5983,2.4458,2.4727,3.4780
1,4,365,90,379,72,307.3180953837485,153.40469353966978,307.39016284244804,176.207264322445,0.8185,5,20,3,4,5000,100,71.0,10.0,15.0,0.35,0.35,0.3,0.1,1.504,0.0692,4.2017,164.0172,2.4952,3.2733,4.1159
1,5,127,61,106,39,226.161241908314,209.34660255184463,226.18293058519626,239.7602969634464,0.8149,5,20,3,4,5000,100,71.0,10.0,15.0,0.35,0.35,0.3,0.1,1.4722,0.0677,4.1135,223.5236,-3.8851,4.0458,5.6091
2,1,581,422,626,452,34.200484130268535,373.60540681312415,34.135940077912274,427.68680129272167,0.7708,5,20,3,4,5000,100,71.0,10.0,15.0,0.35,0.35,0.3,0.1,1.4673,0.0675,4.0997,398.8211,8.2774,-5.6254,10.0081
2,2,499,238,532,243,6.5340384961802584,228.4841351166422,6.799321441958474,261.8415551435639,0.6526,5,20,3,4,5000,100,71.0,10.0,15.0,0.35,0.35,0.3,0.1,1.479,0.068,4.1323,244.0282,6.0839,-0.6968,6.1237
2,3,363,120,377,106,314.68691142497937,129.40247292845683,314.72845805431547,149.20120642943877,0.829,5,20,3,4,5000,100,71.0,10.0,15.0,0.35,0.35,0.3,0.1,1.5449,0.0711,4.3157,138.5983,2.4458,2.4727,3.4780
2,4,365,90,379,73,307.3180953837485,153.40469353966978,307.58850714082115,175.41379649275024,0.716,5,20,3,4,5000,100,71.0,10.0,15.0,0.35,0.35,0.3,0.1,1.4551,0.0669,4.0659,163.6727,2.4900,3.2664,4.1072
2,5,127,61,106,39,226.161241908314,209.34660255184463,226.18293058519626,239.7602969634464,0.831,5,20,3,4,5000,100,71.0,10.0,15.0,0.35,0.35,0.3,0.1,1.4722,0.0677,4.1135,223.5236,-3.8851,4.0458,5.6091
3,1,581,422,626,452,34.200484130268535,373.60540681312415,34.135940077912274,427.68680129272167,0.7728,5,20,3,4,5000,100,71.0,10.0,15.0,0.35,0.35,0.3,0.1,1.4673,0.0675,4.0997,398.8211,8.2774,-5.6254,10.0081
3,2,499,238,529,243,6.5340384961802584,228.4841351166422,6.877934978952127,258.8628980754098,0.5718,5,20,3,4,5000,100,71.0,10.0,15.0,0.35,0.35,0.3,0.1,1.3552,0.0623,3.7878,242.7267,6.0514,-0.6931,6.0910
3,3,363,120,376,106,314.68691142497937,129.40247292845683,314.45434240658426,148.49915824677257,0.7534,5,20,3,4,5000,100,71.0,10.0,15.0,0.35,0.35,0.3,0.1,1.4939,0.0687,4.1738,138.2947,2.4405,2.4673,3.4704
3,4,365,90,379,73,307.3180953837485,153.40469353966978,307.58850714082115,175.41379649275024,0.7196,5,20,3,4,5000,100,71.0,10.0,15.0,0.35,0.35,0.3,0.1,1.4551,0.0669,4.0659,163.6727,2.4900,3.2664,4.1072
3,5,127,61,105,39,226.161241908314,209.34660255184463,226.0109970523304,240.45373775427157,0.745,5,20,3,4,5000,100,71.0,10.0,15.0,0.35,0.35,0.3,0.1,1.5035,0.0692,4.2004,223.8245,-3.8903,4.0513,5.6167
4,1,586,421,631,450,33.647938283930316,377.19623540008985,33.54249340411745,430.7261310856354,0.7351,6,20,3,4,5000,100,71.0,10.0,15.0,0.35,0.35,0.3,0.1,1.4404,0.0663,4.0249,402.1878,8.4016,-5.5922,10.0925
4,2,504,237,538,241,6.150381528504815,233.34309503390068,6.221958774002509,267.5761573832766,0.7836,6,20,3,4,5000,100,71.0,10.0,15.0,0.35,0.35,0.3,0.1,1.4857,0.0683,4.1510,249.2899,6.2197,-0.6702,6.2557
4,6,564,188,606,185,355.30131948270053,292.9846412356798,355.37835499380697,335.08954027244715,0.8957,6,20,3,4,5000,100,71.0,10.0,15.0,0.35,0.35,0.3,0.1,1.4574,0.067,4.0722,312.6258,7.8187,0.6426,7.8451
4,3,369,118,383,104,315.8998597149044,135.07405376311175,315.7848246029919,154.8709139896837,0.8013,6,20,3,4,5000,100,71.0,10.0,15.0,0.35,0.35,0.3,0.1,1.4844,0.0683,4.1472,144.2966,2.6003,2.5199,3.6210
4,4,371,89,385,70,308.8298249049704,157.8923684032892,308.5118848834895,181.47451611727746,0.6989,6,20,3,4,5000,100,71.0,10.0,15.0,0.35,0.35,0.3,0.1,1.5107,0.0695,4.2204,168.8641,2.6569,3.3011,4.2375
4,5,132,58,112,36,227.72631099390625,208.12496246245908,227.72631099390625,237.8570999570961,0.8274,6,20,3,4,5000,100,71.0,10.0,15.0,0.35,0.35,0.3,0.1,1.4493,0.0667,4.0498,222.0000,-3.7474,4.1221,5.5709
5,1,586,421,631,450,33.647938283930316,377.19623540008985,33.54249340411745,430.7261310856354,0.7376,6,20,3,4,5000,100,71.0,10.0,15.0,0.35,0.35,0.3,0.1,1.4404,0.0663,4.0249,402.1878,8.4016,-5.5922,10.0925
5,2,504,237,535,241,6.150381528504815,233.34309503390068,6.2923655637681275,264.59402865522117,0.7176,6,20,3,4,5000,100,71.0,10.0,15.0,0.35,0.35,0.3,0.1,1.3644,0.0628,3.8136,247.9879,6.1872,-0.6667,6.2230
5,6,564,188,606,185,355.30131948270053,292.9846412356798,355.37835499380697,335.08954027244715,0.8646,6,20,3,4,5000,100,71.0,10.0,15.0,0.35,0.35,0.3,0.1,1.4574,0.067,4.0722,312.6258,7.8187,0.6426,7.8451
5,3,369,117,383,104,315.5968094512292,135.77186748365804,315.7848246029919,154.8709139896837,0.7468,6,20,3,4,5000,100,71.0,10.0,15.0,0.35,0.35,0.3,0.1,1.4286,0.0657,3.9921,144.6939,2.5941,2.5406,3.6310
5,4,371,88,385,70,308.6034147885278,158.67261893597143,308.5118848834895,181.47451611727746,0.8122,6,20,3,4,5000,100,71.0,10.0,15.0,0.35,0.35,0.3,0.1,1.4573,0.067,4.0721,169.3093,2.6509,3.3203,4.2487
5,5,132,58,112,36,227.72631099390625,208.12496246245908,227.72631099390625,237.8570999570961,0.8377,6,20,3,4,5000,100,71.0,10.0,15.0,0.35,0.35,0.3,0.1,1.4493,0.0667,4.0498,222.0000,-3.7474,4.1221,5.5709
6,1,586,421,631,451,33.647938283930316,377.19623540008985,33.65322137060058,431.2794917452023,0.842,6,20,3,4,5000,100,71.0,10.0,15.0,0.35,0.35,0.3,0.1,1.4543,0.0669,4.0636,402.4289,8.4067,-5.5955,10.0986
6,2,504,237,538,241,6.150381528504815,233.34309503390068,6.221958774002509,267.5761573832766,0.7798,6,20,3,4,5000,100,71.0,10.0,15.0,0.35,0.35,0.3,0.1,1.4857,0.0683,4.1510,249.2899,6.2197,-0.6702,6.2557
6,6,564,188,606,185,355.30131948270053,292.9846412356798,355.37835499380697,335.08954027244715,0.8646,6,20,3,4,5000,100,71.0,10.0,15.0,0.35,0.35,0.3,0.1,1.4574,0.067,4.0722,312.6258,7.8187,0.6426,7.8451
6,3,369,118,383,104,315.8998597149044,135.07405376311175,315.7848246029919,154.8709139896837,0.7956,6,20,3,4,5000,100,71.0,10.0,15.0,0.35,0.35,0.3,0.1,1.4844,0.0683,4.1472,144.2966,2.6003,2.5199,3.6210
6,4,371,89,385,71,308.8298249049704,157.8923684032892,308.70932922664497,180.6931099959265,0.7928,6,20,3,4,5000,100,71.0,10.0,15.0,0.35,0.35,0.3,0.1,1.464,0.0673,4.0905,168.5250,2.6516,3.2944,4.2290
6,5,132,58,112,36,227.72631099390625,208.12496246245908,227.72631099390625,237.8570999570961,0.8643,6,20,3,4,5000,100,71.0,10.0,15.0,0.35,0.35,0.3,0.1,1.4493,0.0667,4.0498,222.0000,-3.7474,4.1221,5.5709
7,1,586,421,631,450,33.647938283930316,377.19623540008985,33.54249340411745,430.7261310856354,0.7339,6,20,3,4,5000,100,71.0,10.0,15.0,0.35,0.35,0.3,0.1,1.4404,0.0663,4.0249,402.1878,8.4016,-5.5922,10.0925
7,2,505,237,538,241,6.12418606046248,234.33736364481018,6.221958774002509,267.5761573832766,0.7753,6,20,3,4,5000,100,71.0,10.0,15.0,0.35,0.35,0.3,0.1,1.4397,0.0662,4.0230,249.8562,6.2341,-0.6689,6.2699
7,6,564,188,607,185,355.30131948270053,292.9846412356798,355.39209145050796,336.0862984413378,0.7744,6,20,3,4,5000,100,71.0,10.0,15.0,0.35,0.35,0.3,0.1,1.4895,0.0685,4.1616,313.0589,7.8295,0.6435,7.8559
7,3,369,118,383,104,315.8998597149044,135.07405376311175,315.7848246029919,154.8709139896837,0.7966,6,20,3,4,5000,100,71.0,10.0,15.0,0.35,0.35,0.3,0.1,1.4844,0.0683,4.1472,144.2966,2.6003,2.5199,3.6210
7,4,371,89,386,70,308.8298249049704,157.8923684032892,308.75808565258495,182.0988742414406,0.8202,6,20,3,4,5000,100,71.0,10.0,15.0,0.35,0.35,0.3,0.1,1.5478,0.0712,4.3237,169.1339,2.6612,3.3063,4.2443
7,5,132,58,112,36,227.72631099390625,208.12496246245908,227.72631099390625,237.8570999570961,0.8425,6,20,3,4,5000,100,71.0,10.0,15.0,0.35,0.35,0.3,0.1,1.4493,0.0667,4.0498,222.0000,-3.7474,4.1221,5.5709
8,1,586,421,631,451,33.647938283930316,377.19623540008985,33.65322137060058,431.2794917452023,0.8433,5,20,3,4,5000,100,71.0,10.0,15.0,0.35,0.35,0.3,0.1,1.4543,0.0669,4.0636,402.4289,8.4067,-5.5955,10.0986
8,2,505,237,538,241,6.12418606046248,234.33736364481018,6.221958774002509,267.5761573832766,0.7708,5,20,3,4,5000,100,71.0,10.0,15.0,0.35,0.35,0.3,0.1,1.4397,0.0662,4.0230,249.8562,6.2341,-0.6689,6.2699
8,3,369,118,383,105,315.8998597149044,135.07405376311175,316.05118074954373,154.17522498767434,0.7839,5,20,3,4,5000,100,71.0,10.0,15.0,0.35,0.35,0.3,0.1,1.4356,0.066,4.0117,143.9939,2.5949,2.5146,3.6134
8,4,371,89,386,72,308.8298249049704,157.8923684032892,309.15543412261314,180.54362353736008,0.6868,5,20,3,4,5000,100,71.0,10.0,15.0,0.35,0.35,0.3,0.1,1.455,0.0669,4.0656,168.4600,2.6506,3.2932,4.2274
8,5,133,58,113,37,227.9306725055669,207.45360927204905,227.7426113574816,236.4444966583067,0.7167,5,20,3,4,5000,100,71.0,10.0,15.0,0.35,0.35,0.3,0.1,1.4198,0.0653,3.9677,221.0024,-3.7159,4.1169,5.5459
9,1,591,423,634,453,33.48232449322185,382.4682993399584,33.653526855223994,434.8850422812907,0.8,5,20,3,4,5000,100,71.0,10.0,15.0,0.35,0.35,0.3,0.1,1.3942,0.0641,3.8964,406.9959,8.5184,-5.6344,10.2132
9,2,509,239,544,243,6.499346279654567,238.53301658261063,6.501978510989743,273.7608445340568,0.8318,5,20,3,4,5000,100,71.0,10.0,15.0,0.35,0.35,0.3,0.1,1.4949,0.0688,4.1766,254.9357,6.3563,-0.7241,6.3974
9,3,373,120,388,106,317.66988976200764,136.61991070118586,317.5791475002834,157.13688300332294,0.8092,5,20,3,4,5000,100,71.0,10.0,15.0,0.35,0.35,0.3,0.1,1.5184,0.0698,4.2418,146.1619,2.7115,2.4699,3.6678
9,4,375,90,390,72,310.17314121887705,159.66527487215245,310.1261035777952,183.09560344257315,0.8111,5,20,3,4,5000,100,71.0,10.0,15.0,0.35,0.35,0.3,0.1,1.4861,0.0684,4.1520,170.5796,2.7614,3.2708,4.2805
9,5,136,59,117,37,228.36646066342982,204.70710783946902,228.46822925891712,233.77339455121918,0.788,5,20,3,4,5000,100,71.0,10.0,15.0,0.35,0.35,0.3,0.1,1.4411,0.0663,4.0269,218.2769,-3.6390,4.0939,5.4775
10,2,513,239,547,244,6.392373680037028,242.5077318355025,6.637295239200217,276.85555800814257,0.6744,4,20,3,4,5000,100,71.0,10.0,15.0,0.35,0.35,0.3,0.1,1.4378,0.0661,4.0176,258.5459,6.4476,-0.7223,6.4880
10,3,377,120,392,106,318.7754658242898,139.6030085635693,318.54476645559487,160.11246047700348,0.7553,4,20,3,4,5000,100,71.0,10.0,15.0,0.35,0.35,0.3,0.1,1.4877,0.0684,4.1564,149.1560,2.8152,2.4666,3.7429
10,4,379,91,395,73,311.486249739395,161.5239920259526,311.50536107274667,185.60711193270586,0.8346,4,20,3,4,5000,100,71.0,10.0,15.0,0.35,0.35,0.3,0.1,1.5083,0.0694,4.2137,172.7301,2.8714,3.2470,4.3345
10,5,141,60,122,38,229.24385227389803,200.66140635408692,229.23639479905881,229.73027662891977,0.8214,4,20,3,4,5000,100,71.0,10.0,15.0,0.35,0.35,0.3,0.1,1.4683,0.0675,4.1026,214.2142,-3.5094,4.0719,5.3755
11,2,516,240,549,244,6.546290783294036,245.60130292814003,6.589795542976654,278.84224930953343,0.7813,4,20,3,4,5000,100,71.0,10.0,15.0,0.35,0.35,0.3,0.1,1.378,0.0634,3.8512,261.1683,6.5111,-0.7472,6.5538
11,3,381,121,397,107,320.1427645578842,141.9929575718458,319.9697407281103,163.24827717314508,0.7642,4,20,3,4,5000,100,71.0,10.0,15.0,0.35,0.35,0.3,0.1,1.5139,0.0696,4.2292,151.8806,2.9257,2.4426,3.8113
11,4,383,91,399,73,312.53188208617144,164.20109622045769,312.4169793313649,188.2817038376273,0.7955,4,20,3,4,5000,100,71.0,10.0,15.0,0.35,0.35,0.3,0.1,1.4852,0.0683,4.1496,175.4188,2.9757,3.2438,4.4020
11,5,144,60,126,38,229.89909245378774,198.71587757398754,230.00064459755845,227.13872413131145,0.7888,4,20,3,4,5000,100,71.0,10.0,15.0,0.35,0.35,0.3,0.1,1.451,0.0667,4.0544,211.9788,-3.4264,4.0689,5.3194
12,2,521,239,555,244,6.188615963241602,250.4595775769016,6.451272993927394,284.80344099044873,0.6273,4,20,3,4,5000,100,71.0,10.0,15.0,0.35,0.35,0.3,0.1,1.3949,0.0642,3.8983,266.5297,6.6493,-0.7210,6.6883
12,3,386,120,402,106,321.09586154459583,146.4923206178399,320.8067269055316,167.73789077009405,0.7281,4,20,3,4,5000,100,71.0,10.0,15.0,0.35,0.35,0.3,0.1,1.4699,0.0676,4.1069,156.3969,3.0541,2.4647,3.9246
12,4,388,91,404,73,313.7914075679731,167.621597653763,313.52036422910317,191.68985366993215,0.7038,4,20,3,4,5000,100,71.0,10.0,15.0,0.35,0.35,0.3,0.1,1.4562,0.067,4.0690,178.8496,3.1059,3.2398,4.4881
12,5,149,59,131,37,231.20344790169182,196.31097778779463,231.1411106168768,224.73539997072112,0.8055,4,20,3,4,5000,100,71.0,10.0,15.0,0.35,0.35,0.3,0.1,1.4676,0.0675,4.1007,209.5637,-3.2949,4.0986,5.2588
13,2,528,239,565,243,6.020656176836423,257.41989045137905,6.03954198916355,294.63536787018626,0.8353,4,20,3,4,5000,100,71.0,10.0,15.0,0.35,0.35,0.3,0.1,1.4655,0.0674,4.0949,274.7732,6.8572,-0.7232,6.8952
13,3,393,119,410,105,322.45429881274845,152.6106156202772,322.2113484475737,174.62244987400675,0.7405,4,20,3,4,5000,100,71.0,10.0,15.0,0.35,0.35,0.3,0.1,1.4624,0.0673,4.0860,162.8762,3.2406,2.4907,4.0872
13,4,395,90,412,72,315.23385902587324,173.24260445975753,315.0,197.9898987322333,0.7179,4,20,3,4,5000,100,71.0,10.0,15.0,0.35,0.35,0.3,0.1,1.4492,0.0667,4.0495,184.7914,3.2923,3.2656,4.6372
13,5,156,58,139,36,233.01123161285602,192.80041493731284,232.92232165300067,220.60145058453264,0.8079,4,20,3,4,5000,100,71.0,10.0,15.0,0.35,0.35,0.3,0.1,1.462,0.0672,4.0850,205.7661,-3.1067,4.1244,5.1635
14,2,535,238,574,242,5.64587654659576,264.2820463065927,5.67302213992532,303.48640826238,0.8101,4,20,3,4,5000,100,71.0,10.0,15.0,0.35,0.35,0.3,0.1,1.5011,0.069,4.1939,282.5307,7.0555,-0.6975,7.0899
14,3,400,118,419,104,323.7073702715204,158.80806024884254,323.69550287742476,182.40888136272312,0.8476,4,20,3,4,5000,100,71.0,10.0,15.0,0.35,0.35,0.3,0.1,1.5037,0.0692,4.2009,169.7923,3.4342,2.5220,4.2608
14,4,402,89,421,70,316.58485439305053,178.96647730790255,316.37798324630495,205.8275977608445,0.7399,4,20,3,4,5000,100,71.0,10.0,15.0,0.35,0.35,0.3,0.1,1.5176,0.0698,4.2396,191.4595,3.4900,3.3020,4.8045
14,5,164,56,147,33,235.30484646876602,189.73665961010275,235.07247783743895,218.32544515012444,0.7305,4,20,3,4,5000,100,71.0,10.0,15.0,0.35,0.35,0.3,0.1,1.5231,0.0701,4.2549,203.0296,-2.9000,4.1889,5.0948
15,2,542,237,580,241,5.290081205371269,271.15493725912495,5.378874736678853,309.3622472119053,0.7717,4,20,3,4,5000,100,71.0,10.0,15.0,0.35,0.35,0.3,0.1,1.4308,0.0658,3.9983,289.0013,7.2213,-0.6686,7.2522
15,3,407,117,428,103,324.86580694308435,165.07574019219177,325.0573089149638,190.30764566879597,0.773,4,20,3,4,5000,100,71.0,10.0,15.0,0.35,0.35,0.3,0.1,1.5435,0.071,4.3117,176.7960,3.6282,2.5532,4.4365
15,4,410,88,430,69,318.05869757409585,185.52627846210896,317.85291131078634,213.10326135467753,0.7397,4,20,3,4,5000,100,71.0,10.0,15.0,0.35,0.35,0.3,0.1,1.504,0.0692,4.2017,198.3609,3.7026,3.3269,4.9777
15,5,171,55,155,32,237.2463328596804,186.6815470259447,236.97613244420336,214.68348795377813,0.705,4,20,3,4,5000,100,71.0,10.0,15.0,0.35,0.35,0.3,0.1,1.5167,0.0698,4.2372,199.7057,-2.7113,4.2146,5.0114
16,2,553,237,593,240,5.084103409594445,282.10990766011747,4.985144889457957,322.21886971436044,0.73,4,20,3,4,5000,100,71.0,10.0,15.0,0.35,0.35,0.3,0.1,1.4429,0.0664,4.0318,300.8334,7.5194,-0.6690,7.5491
16,3,418,116,440,101,326.6737103128848,174.73408368146153,326.54669054592733,201.357890334598,0.7916,4,20,3,4,5000,100,71.0,10.0,15.0,0.35,0.35,0.3,0.1,1.539,0.0708,4.2991,187.1036,3.9231,2.5796,4.6952
16,4,421,86,443,67,319.78088387483194,195.13328778042973,319.70361470429316,224.2008028531566,0.8011,4,20,3,4,5000,100,71.0,10.0,15.0,0.35,0.35,0.3,0.1,1.507,0.0693,4.2101,208.6596,3.9982,3.3810,5.2361
16,5,182,53,168,29,240.4885014429097,182.70467974302136,240.39017037872804,210.48752932181043,0.8049,4,20,3,4,5000,100,71.0,10.0,15.0,0.35,0.35,0.3,0.1,1.5361,0.0707,4.2912,195.6145,-2.4181,4.2719,4.9088
17,2,565,237,607,240,4.876906286643747,294.06461874900896,4.777795786167769,336.1681127055331,0.7394,4,20,3,4,5000,100,71.0,10.0,15.0,0.35,0.35,0.3,0.1,1.4524,0.0668,4.0582,313.7100,7.8438,-0.6693,7.8723
17,3,431,115,455,101,328.61418274482935,186.25251676151922,328.7607851117912,214.03270778084362,0.7934,4,20,3,4,5000,100,71.0,10.0,15.0,0.35,0.35,0.3,0.1,1.5088,0.0694,4.2151,199.1786,4.2669,2.6031,4.9982
17,4,434,86,458,67,322.1250163489018,205.23157651784484,322.06109397358614,235.84104816592043,0.8128,4,20,3,4,5000,100,71.0,10.0,15.0,0.35,0.35,0.3,0.1,1.5087,0.0694,4.2149,219.4742,4.3474,3.3813,5.5075
17,5,195,51,183,28,244.44003482817618,178.46568297574746,244.1871477870165,204.39422692434343,0.7282,4,20,3,4,5000,100,71.0,10.0,15.0,0.35,0.35,0.3,0.1,1.4723,0.0677,4.1136,190.5520,-2.0631,4.3138,4.7817
18,2,574,237,617,241,4.732238142479698,303.03300150313663,4.804871556130439,346.2166951491508,0.7675,4,20,3,4,5000,100,71.0,10.0,15.0,0.35,0.35,0.3,0.1,1.446,0.0665,4.0405,323.1887,8.0825,-0.6691,8.1101
18,3,441,115,465,100,330.14570614443016,194.85892332659543,329.8729401832214,223.14345161801185,0.7017,4,20,3,4,5000,100,71.0,10.0,15.0,0.35,0.35,0.3,0.1,1.4711,0.0677,4.1102,208.0442,4.5279,2.5988,5.2207
18,4,443,86,468,67,323.6156481841641,212.40762698170704,323.50611519722275,243.80525014855607,0.7773,4,20,3,4,5000,100,71.0,10.0,15.0,0.35,0.35,0.3,0.1,1.4962,0.0688,4.1801,227.0260,4.5864,3.3795,5.6970
18,5,205,50,194,27,247.53097923046545,175.30829986055994,247.1386600163063,200.7710138441304,0.6404,4,20,3,4,5000,100,71.0,10.0,15.0,0.35,0.35,0.3,0.1,1.4719,0.0677,4.1126,187.1777,-1.7951,4.3405,4.6971
19,2,579,237,624,241,4.655507428013618,308.01623333843946,4.709754305239072,353.1925820285585,0.8138,4,20,3,4,5000,100,71.0,10.0,15.0,0.35,0.35,0.3,0.1,1.4854,0.0683,4.1500,329.0611,8.2302,-0.6702,8.2575
19,3,446,115,471,101,330.8615893597452,199.21094347449892,330.8477049819269,227.86399452304877,0.8516,4,20,3,4,5000,100,71.0,10.0,15.0,0.35,0.35,0.3,0.1,1.4586,0.0671,4.0754,212.5763,4.6593,2.5974,5.3344
19,4,449,86,475,67,324.55428967240175,217.26711670199887,324.4623222080256,249.46743274423616,0.7941,4,20,3,4,5000,100,71.0,10.0,15.0,0.35,0.35,0.3,0.1,1.4999,0.069,4.1903,232.2565,4.7481,3.3800,5.8283
19,5,211,50,201,27,249.36647574784178,173.1040149736568,249.0040076481176,198.15650380444242,0.658,4,20,3,4,5000,100,71.0,10.0,15.0,0.35,0.35,0.3,0.1,1.467,0.0675,4.0989,184.7850,-1.6340,4.3396,4.6370
20,2,584,237,629,241,4.581220085277059,313.0,4.644081925561028,358.1759344232943,0.8121,4,20,3,4,5000,100,71.0,10.0,15.0,0.35,0.35,0.3,0.1,1.4633,0.0673,4.0886,334.0676,8.3563,-0.6696,8.3831
20,3,451,115,477,101,331.54676081618106,203.59273071502332,331.5660758985097,233.1222855069845,0.8454,4,20,3,4,5000,100,71.0,10.0,15.0,0.35,0.35,0.3,0.1,1.47,0.0676,4.1072,217.3592,4.7956,2.5987,5.4544
20,4,454,86,481,67,325.304846468766,221.35943621178654,325.2478641111103,254.37374078312408,0.8157,4,20,3,4,5000,100,71.0,10.0,15.0,0.35,0.35,0.3,0.1,1.5087,0.0694,4.2148,236.7210,4.8841,3.3813,5.9403
20,5,216,50,207,27,250.93080646265184,171.40595088852663,250.64100582430527,196.08671551127577,0.6974,4,20,3,4,5000,100,71.0,10.0,15.0,0.35,0.35,0.3,0.1,1.4601,0.0672,4.0796,182.9176,-1.4996,4.3383,4.5902
21,2,588,237,633,241,4.523472158901672,316.98738145232215,4.592845330393966,362.162946751873,0.8162,4,20,3,4,5000,100,71.0,10.0,15.0,0.35,0.35,0.3,0.1,1.4461,0.0665,4.0408,338.0727,8.4572,-0.6691,8.4836
21,3,455,115,483,100,332.07396602994595,207.1183236703117,332.040383205288,238.88281646028875,0.8497,4,20,3,4,5000,100,71.0,10.0,15.0,0.35,0.35,0.3,0.1,1.5483,0.0712,4.3251,221.8694,4.9193,2.6075,5.5676
21,4,458,86,486,67,325.8855270546587,224.65974272218867,325.8796074576643,258.4975821937219,0.8499,4,20,3,4,5000,100,71.0,10.0,15.0,0.35,0.35,0.3,0.1,1.5226,0.07,4.2534,240.3937,4.9944,3.3833,6.0325
21,5,220,50,212,27,252.2040110760696,170.14111789923092,252.03086025984297,194.48650338776724,0.7706,4,20,3,4,5000,100,71.0,10.0,15.0,0.35,0.35,0.3,0.1,1.4515,0.0668,4.0559,181.5011,-1.3920,4.3367,4.5546
22,2,591,237,635,241,4.481105748108875,319.97812425226823,4.567647770435832,364.156559737704,0.8887,4,20,3,4,5000,100,71.0,10.0,15.0,0.35,0.35,0.3,0.1,1.4039,0.0646,3.9233,340.6409,8.5219,-0.6679,8.5481
22,3,459,115,487,100,332.5834818777665,210.6608648990125,332.4836303197917,242.4231837098094,0.8122,4,20,3,4,5000,100,71.0,10.0,15.0,0.35,0.35,0.3,0.1,1.524,0.0701,4.2575,225.4287,5.0216,2.6048,5.6569
22,4,462,86,490,67,326.4493379885,227.98245546532743,326.3706271330047,261.81863951980193,0.8,4,20,3,4,5000,100,71.0,10.0,15.0,0.35,0.35,0.3,0.1,1.5018,0.0691,4.1958,243.7318,5.0973,3.3803,6.1162
22,5,224,49,216,26,253.59143084583684,169.92056967889437,253.244251070801,194.24726510301247,0.6604,4,20,3,4,5000,100,71.0,10.0,15.0,0.35,0.35,0.3,0.1,1.4522,0.0668,4.0579,181.2714,-1.2850,4.3636,4.5488
23,2,595,237,637,241,4.425834036449799,323.9660476037574,4.54272460638292,366.1502423869196,0.7158,4,20,3,4,5000,100,71.0,10.0,15.0,0.35,0.35,0.3,0.1,1.3289,0.0611,3.7147,343.7689,8.6008,-0.6657,8.6266
23,3,463,115,492,100,333.0761072965733,214.21951358361358,333.01976928177714,246.86838598735156,0.8415,4,20,3,4,5000,100,71.0,10.0,15.0,0.35,0.35,0.3,0.1,1.5394,0.0708,4.3002,229.3880,5.1324,2.6065,5.7563
23,4,466,86,494,67,326.99689930792357,231.32660893204655,326.8493119535776,265.15844319953305,0.7474,4,20,3,4,5000,100,71.0,10.0,15.0,0.35,0.35,0.3,0.1,1.4814,0.0681,4.1390,247.0898,5.2000,3.3773,6.2005
23,5,228,49,221,26,254.8937011687992,168.8342382338369,254.66671520694644,192.86523792534516,0.7273,4,20,3,4,5000,100,71.0,10.0,15.0,0.35,0.35,0.3,0.1,1.4444,0.0664,4.0360,180.0514,-1.1775,4.3621,4.5182
24,3,470,116,499,101,334.13364320590546,220.04544985070697,333.9419778838368,252.68557536986555,0.7353,3,20,3,4,5000,100,71.0,10.0,15.0,0.35,0.35,0.3,0.1,1.5011,0.069,4.1936,235.2387,5.3117,2.5754,5.9031
24,4,473,86,502,67,327.917812843934,237.22773868163057,327.77124256490146,271.89152248645047,0.7429,3,20,3,4,5000,100,71.0,10.0,15.0,0.35,0.35,0.3,0.1,1.4802,0.0681,4.1356,253.3796,5.3873,3.3771,6.3583
24,5,234,49,229,25,256.87709014100375,167.37084572887835,257.05014552672117,191.88017094009479,0.7664,3,20,3,4,5000,100,71.0,10.0,15.0,0.35,0.35,0.3,0.1,1.4832,0.0682,4.1439,178.7895,-1.0186,4.3694,4.4866
25,3,478,116,509,102,335.01356679522013,227.27076362788065,335.10233456150803,261.283371074395,0.8074,3,20,3,4,5000,100,71.0,10.0,15.0,0.35,0.35,0.3,0.1,1.5135,0.0696,4.2283,243.0931,5.5293,2.5767,6.1002
25,4,481,87,512,68,329.1169416955696,243.52823244954578,329.03624346792645,279.8856909525744,0.7956,3,20,3,4,5000,100,71.0,10.0,15.0,0.35,0.35,0.3,0.1,1.5101,0.0695,4.2188,260.4442,5.6090,3.3546,6.5356
25,5,243,49,238,26,259.91183021661,165.55965692160635,259.6409475119163,189.08199279677586,0.7132,3,20,3,4,5000,100,71.0,10.0,15.0,0.35,0.35,0.3,0.1,1.442,0.0663,4.0292,176.5407,-0.7760,4.3616,4.4301
26,3,482,116,513,101,335.4328286793987,230.9025768587263,335.2701048385937,265.3337520934719,0.7646,3,20,3,4,5000,100,71.0,10.0,15.0,0.35,0.35,0.3,0.1,1.5084,0.0694,4.2141,246.9237,5.6354,2.5762,6.1963
26,4,485,87,516,69,329.5932682188993,246.969633760914,329.62690068257314,282.81619472724685,0.8317,3,20,3,4,5000,100,71.0,10.0,15.0,0.35,0.35,0.3,0.1,1.471,0.0677,4.1100,263.6802,5.7067,3.3490,6.6168
26,5,247,49,243,25,261.28025349376264,164.90603384958357,261.18477897677684,189.2353032602532,0.8059,3,20,3,4,5000,100,71.0,10.0,15.0,0.35,0.35,0.3,0.1,1.4935,0.0687,4.1727,176.2350,-0.6705,4.3713,4.4225
27,3,483,117,515,102,335.7609648734209,231.40008643040736,335.64493093715845,266.7376988728815,0.7783,3,20,3,4,5000,100,71.0,10.0,15.0,0.35,0.35,0.3,0.1,1.5422,0.0709,4.3081,247.8155,5.6705,2.5531,6.2187
27,4,486,87,518,69,329.710280365911,247.83260479605988,329.8305282837463,284.5434940391363,0.7576,3,20,3,4,5000,100,71.0,10.0,15.0,0.35,0.35,0.3,0.1,1.4991,0.069,4.1882,264.9223,5.7404,3.3531,6.6480
27,5,249,49,245,25,261.96834390551624,164.61470165206995,261.7841255848969,188.939143641544,0.7527,3,20,3,4,5000,100,71.0,10.0,15.0,0.35,0.35,0.3,0.1,1.4957,0.0688,4.1787,175.9402,-0.6169,4.3718,4.4151
28,3,487,117,520,102,336.1612598168283,235.05318547086316,336.08039707992253,271.3005713226568,0.8033,3,20,3,4,5000,100,71.0,10.0,15.0,0.35,0.35,0.3,0.1,1.5563,0.0716,4.3472,251.8795,5.7815,2.5546,6.3207
28,4,491,87,523,69,330.2833015731474,252.1626459252044,330.32892172730556,288.87713651308576,0.8202,3,20,3,4,5000,100,71.0,10.0,15.0,0.35,0.35,0.3,0.1,1.4753,0.0679,4.1219,269.2742,5.8685,3.3496,6.7572
28,5,253,49,250,25,263.3513548167311,164.10362579784763,263.2901631922431,188.28967045486058,0.823,3,20,3,4,5000,100,71.0,10.0,15.0,0.35,0.35,0.3,0.1,1.4921,0.0686,4.1687,175.3667,-0.5095,4.3711,4.4007
29,3,492,117,525,102,336.644435140714,239.63513932643517,336.5014343240479,275.87859648765794,0.7621,3,20,3,4,5000,100,71.0,10.0,15.0,0.35,0.35,0.3,0.1,1.5284,0.0703,4.2698,256.4828,5.9088,2.5515,6.4362
29,4,495,88,527,69,330.9235855557589,255.15681452785068,330.7169753987347,292.35936790190254,0.6925,3,20,3,4,5000,100,71.0,10.0,15.0,0.35,0.35,0.3,0.1,1.4772,0.0679,4.1272,272.4942,5.9762,3.3231,6.8380
29,5,257,49,255,25,264.74219083104526,163.68872899500442,264.8055710922652,187.77113729218343,0.828,3,20,3,4,5000,100,71.0,10.0,15.0,0.35,0.35,0.3,0.1,1.4896,0.0685,4.1619,174.9049,-0.4022,4.3706,4.3891
30,3,496,117,529,102,337.01785230813056,243.31255619059203,336.82832154614493,279.5514263959317,0.7397,3,20,3,4,5000,100,71.0,10.0,15.0,0.35,0.35,0.3,0.1,1.5068,0.0693,4.2095,260.1762,6.0107,2.5492,6.5289
30,4,499,88,532,69,331.35418348600007,258.6600085053737,331.18920625702697,296.73051747334654,0.7353,3,20,3,4,5000,100,71.0,10.0,15.0,0.35,0.35,0.3,0.1,1.4902,0.0685,4.1635,276.3904,6.0868,3.3250,6.9358
30,5,261,49,259,25,266.13926737511673,163.37074401495514,266.02326902492246,187.45132701584163,0.8,3,20,3,4,5000,100,71.0,10.0,15.0,0.35,0.35,0.3,0.1,1.4922,0.0686,4.1691,174.5846,-0.2950,4.3711,4.3810
31,3,500,118,534,103,337.59459111663466,246.61711213944582,337.4111980901268,283.7692724732542,0.7504,3,20,3,4,5000,100,71.0,10.0,15.0,0.35,0.35,0.3,0.1,1.5228,0.07,4.2542,263.8920,6.1222,2.5241,6.6221
31,4,503,88,537,70,331.7732506246543,262.17742084321446,331.8154103319986,300.647634283059,0.8174,3,20,3,4,5000,100,71.0,10.0,15.0,0.35,0.35,0.3,0.1,1.486,0.0684,4.1517,280.0978,6.1930,3.3244,7.0288
31,5,265,49,264,25,267.54095600989535,163.1502375113196,267.550337379873,187.17104476921637,0.8453,3,20,3,4,5000,100,71.0,10.0,15.0,0.35,0.35,0.3,0.1,1.4907,0.0686,4.1647,174.3371,-0.1877,4.3708,4.3748
32,3,505,118,539,103,338.0292021541884,251.24689052802225,337.79276756769815,288.39209420509434,0.6916,3,20,3,4,5000,100,71.0,10.0,15.0,0.35,0.35,0.3,0.1,1.4964,0.0688,4.1808,268.5411,6.2494,2.5212,6.7388
32,4,508,88,543,70,332.28149837181667,266.5933232472261,332.3461250389705,305.94934221207274,0.7941,3,20,3,4,5000,100,71.0,10.0,15.0,0.35,0.35,0.3,0.1,1.4944,0.0687,4.1751,284.9187,6.3293,3.3256,7.1498
32,5,270,49,270,26,269.29701957726445,163.01226947687098,269.3839400916008,186.01075237738274,0.7983,3,20,3,4,5000,100,71.0,10.0,15.0,0.35,0.35,0.3,0.1,1.4325,0.0659,4.0030,173.7538,-0.0535,4.3599,4.3602
33,3,512,118,547,103,338.61137717218116,257.75181861628056,338.37842601698077,295.8141308321832,0.6947,3,20,3,4,5000,100,71.0,10.0,15.0,0.35,0.35,0.3,0.1,1.4948,0.0688,4.1762,275.4744,6.4367,2.5210,6.9128
33,4,515,89,550,70,333.1527058866512,272.35638417338413,332.9424470891587,312.166622174761,0.6882,3,20,3,4,5000,100,71.0,10.0,15.0,0.35,0.35,0.3,0.1,1.4807,0.0681,4.1369,290.9058,6.5132,3.2968,7.3000
33,5,277,49,277,25,271.7569883099082,163.07666908543356,271.531607792011,187.06683297688022,0.7507,3,20,3,4,5000,100,71.0,10.0,15.0,0.35,0.35,0.3,0.1,1.4895,0.0685,4.1615,174.2499,0.1341,4.3706,4.3726
34,3,519,119,555,104,339.3677298415556,263.928020490436,339.11187322358126,302.9075766632456,0.6775,3,20,3,4,5000,100,71.0,10.0,15.0,0.35,0.35,0.3,0.1,1.495,0.0688,4.1768,282.0775,6.6245,2.4942,7.0785
34,4,522,89,559,71,333.8028139415317,278.6198126479881,333.8356120787142,319.7655391063896,0.8315,3,20,3,4,5000,100,71.0,10.0,15.0,0.35,0.35,0.3,0.1,1.4949,0.0688,4.1764,297.7781,6.7049,3.2988,7.4725
34,5,285,49,286,25,274.55995008741183,163.51758315239374,274.2815362350706,187.52333188166213,0.725,3,20,3,4,5000,100,71.0,10.0,15.0,0.35,0.35,0.3,0.1,1.4867,0.0684,4.1536,174.6996,0.3485,4.3701,4.3839
35,7,36,414,4,443,139.4387163677047,310.64449134018133,139.24062420626404,353.8149233709624,0.7059,4,20,3,4,5000,100,71.0,10.0,15.0,0.35,0.35,0.3,0.1,1.4125,0.065,3.9472,330.8273,-6.3070,-5.3983,8.3018
35,3,524,119,562,105,339.7435378254769,268.6131046691505,339.7476781426654,309.1100127786222,0.8569,4,20,3,4,5000,100,71.0,10.0,15.0,0.35,0.35,0.3,0.1,1.5239,0.0701,4.2572,287.4422,6.7670,2.4973,7.2131
35,4,527,90,565,72,334.43208481025675,282.68179990936807,334.46079667514033,324.7291178813505,0.8252,4,20,3,4,5000,100,71.0,10.0,15.0,0.35,0.35,0.3,0.1,1.5049,0.0692,4.2044,302.2501,6.8420,3.2734,7.5847
35,5,290,49,292,26,276.3016087352348,163.99085340347492,276.137255949262,187.0721785835617,0.7599,4,20,3,4,5000,100,71.0,10.0,15.0,0.35,0.35,0.3,0.1,1.4293,0.0657,3.9941,174.7728,0.4814,4.3593,4.3858
36,7,41,415,7,444,138.69138598645128,307.52235691084314,138.79877147474159,352.20590568586437,0.7395,5,20,3,4,5000,100,71.0,10.0,15.0,0.35,0.35,0.3,0.1,1.4725,0.0677,4.1141,328.3509,-6.1894,-5.4391,8.2397
36,8,26,430,17,438,138.4533162505311,328.69438693108225,138.45024677896242,340.7359681630338,0.9263,5,20,3,4,5000,100,71.0,10.0,15.0,0.35,0.35,0.3,0.1,0.3911,0.018,1.1063,334.6069,-6.2842,-5.5689,8.3967
36,3,529,120,567,106,340.30381830093506,272.9706943977686,340.2355189946349,313.4661066207956,0.8059,5,20,3,4,5000,100,71.0,10.0,15.0,0.35,0.35,0.3,0.1,1.5012,0.0691,4.1941,291.8202,6.8945,2.4681,7.3230
36,4,532,91,570,73,335.04345596188784,286.77691678376067,334.9936330291328,328.8236609491476,0.8004,5,20,3,4,5000,100,71.0,10.0,15.0,0.35,0.35,0.3,0.1,1.4849,0.0683,4.1486,306.3644,6.9701,3.2438,7.6879
36,5,295,50,298,26,278.08058138160106,163.62457028209425,277.95752522691714,187.8084130170957,0.7823,5,20,3,4,5000,100,71.0,10.0,15.0,0.35,0.35,0.3,0.1,1.496,0.0688,4.1797,174.8844,0.6169,4.3450,4.3886
37,7,46,416,12,446,137.9288581996931,304.45360894559946,138.01278750418336,349.79422522391644,0.7614,4,20,3,4,5000,100,71.0,10.0,15.0,0.35,0.35,0.3,0.1,1.5066,0.0693,4.2091,325.5528,-6.0643,-5.4740,8.1695
37,3,534,122,573,108,341.0418165948938,277.02707448911923,340.9392036017136,318.4603586005643,0.7899,4,20,3,4,5000,100,71.0,10.0,15.0,0.35,0.35,0.3,0.1,1.5126,0.0696,4.2258,296.3023,7.0321,2.4156,7.4354
37,4,537,92,577,75,335.6375469846878,290.90376415577714,335.81132175598134,334.3560975965595,0.6916,4,20,3,4,5000,100,71.0,10.0,15.0,0.35,0.35,0.3,0.1,1.5108,0.0695,4.2208,311.1201,7.1121,3.2206,7.8073
37,5,300,51,304,28,279.86580694308435,163.41664541900252,279.86580694308435,186.76188047886004,0.839,4,20,3,4,5000,100,71.0,10.0,15.0,0.35,0.35,0.3,0.1,1.4493,0.0667,4.0498,174.3111,0.7495,4.3095,4.3742
38,7,50,417,17,447,137.27989253817822,302.1737910540886,137.33730585912383,346.77081768799405,0.7799,4,20,3,4,5000,100,71.0,10.0,15.0,0.35,0.35,0.3,0.1,1.494,0.0687,4.1741,322.9399,-5.9537,-5.4978,8.1039
38,3,539,123,578,109,341.565051177078,281.44271175498574,341.3966997139301,322.86994285625286,0.7387,4,20,3,4,5000,100,71.0,10.0,15.0,0.35,0.35,0.3,0.1,1.4903,0.0686,4.1638,300.7364,7.1594,2.3865,7.5467
38,4,542,94,582,77,336.39289035198146,294.659125092029,336.467651439099,338.11980125393427,0.7842,4,20,3,4,5000,100,71.0,10.0,15.0,0.35,0.35,0.3,0.1,1.4932,0.0687,4.1716,314.8970,7.2408,3.1645,7.9021
38,5,305,53,310,29,281.72511201516505,162.3884232326923,281.7307753322874,186.90371852908652,0.8416,4,20,3,4,5000,100,71.0,10.0,15.0,0.35,0.35,0.3,0.1,1.5258,0.0702,4.2625,173.7858,0.8862,4.2700,4.3610
39,7,53,418,20,448,136.75203049802155,300.66093860027775,136.87787744728536,345.2535300326414,0.708,5,20,3,4,5000,100,71.0,10.0,15.0,0.35,0.35,0.3,0.1,1.5009,0.069,4.1931,321.4179,-5.8750,-5.5263,8.0657
39,8,39,433,30,441,136.5140733606351,321.1385993617086,136.58101077996065,333.17412864746865,0.7512,5,20,3,4,5000,100,71.0,10.0,15.0,0.35,0.35,0.3,0.1,0.3999,0.0184,1.1309,327.0457,-5.9545,-5.6478,8.2069
39,3,542,124,582,111,341.94786806075984,283.9788724535683,341.9540563118604,326.03834130359576,0.8669,5,20,3,4,5000,100,71.0,10.0,15.0,0.35,0.35,0.3,0.1,1.4989,0.0689,4.1877,303.5586,7.2426,2.3605,7.6175
39,4,545,95,585,78,336.8014094863518,297.0151511286924,336.8235058136455,340.4776057246644,0.8268,5,20,3,4,5000,100,71.0,10.0,15.0,0.35,0.35,0.3,0.1,1.4822,0.0682,4.1411,317.2648,7.3178,3.1362,7.9615
39,5,309,54,314,31,283.179868089381,162.27445886522005,283.0639541273863,185.80904176062046,0.7785,5,20,3,4,5000,100,71.0,10.0,15.0,0.35,0.35,0.3,0.1,1.4699,0.0676,4.1069,173.2461,0.9913,4.2329,4.3475
40,7,56,420,24,451,136.0809241866607,299.866637023861,136.05873372320278,344.41980198589044,0.7983,4,20,3,4,5000,100,71.0,10.0,15.0,0.35,0.35,0.3,0.1,1.5033,0.0692,4.2000,320.6028,-5.7951,-5.5805,8.0452
40,3,545,127,586,113,342.70574561069174,285.9265639985204,342.50063396264244,329.23699670602025,0.6916,4,20,3,4,5000,100,71.0,10.0,15.0,0.35,0.35,0.3,0.1,1.5306,0.0704,4.2758,306.0572,7.3330,2.2832,7.6802
40,4,549,97,589,80,337.4536099789992,299.92332353453276,337.39297012780065,343.3846240005513,0.8068,4,20,3,4,5000,100,71.0,10.0,15.0,0.35,0.35,0.3,0.1,1.4687,0.0676,4.1037,320.1859,7.4207,3.0808,8.0348
40,5,312,56,318,33,284.3813945910906,161.04657711357916,284.412194630867,184.81612483763422,0.8418,4,20,3,4,5000,100,71.0,10.0,15.0,0.35,0.35,0.3,0.1,1.4941,0.0687,4.1742,172.1146,1.0727,4.1837,4.3191
41,7,58,423,26,453,135.40443407940796,300.5278689239985,135.58823168846436,344.379151517626,0.6507,5,20,3,4,5000,100,71.0,10.0,15.0,0.35,0.35,0.3,0.1,1.4782,0.068,4.1302,320.9626,-5.7353,-5.6549,8.0543
41,8,45,439,37,447,135.0,321.02647865869255,135.0,332.34018715767735,0.9,5,20,3,4,5000,100,71.0,10.0,15.0,0.35,0.35,0.3,0.1,0.3765,0.0173,1.0657,326.5854,-5.7950,-5.7950,8.1954
41,3,548,129,589,117,343.26267283408515,288.20999288713085,343.3173392038973,330.9289954053588,0.8222,5,20,3,4,5000,100,71.0,10.0,15.0,0.35,0.35,0.3,0.1,1.5,0.069,4.1907,308.0957,7.4038,2.2265,7.7314
41,4,551,100,593,83,338.1278113285118,300.6409819036653,338.1063268582716,345.950863563021,0.8506,5,20,3,4,5000,100,71.0,10.0,15.0,0.35,0.35,0.3,0.1,1.5234,0.0701,4.2558,321.7084,7.4919,3.0075,8.0730
41,5,315,58,321,36,285.6008378066155,159.89058759038946,285.5576860175306,182.69373278796402,0.8228,5,20,3,4,5000,100,71.0,10.0,15.0,0.35,0.35,0.3,0.1,1.4471,0.0666,4.0434,170.5332,1.1509,4.1217,4.2794
42,7,60,425,28,456,134.86518664993582,300.5212138934621,135.0,345.0681092190352,0.7001,5,20,3,4,5000,100,71.0,10.0,15.0,0.35,0.35,0.3,0.1,1.5001,0.069,4.1910,321.2578,-5.6870,-5.7139,8.0617
42,8,46,441,38,449,134.622231103771,321.74057872764513,134.63506366426938,333.0540496676178,0.9221,5,20,3,4,5000,100,71.0,10.0,15.0,0.35,0.35,0.3,0.1,0.3756,0.0173,1.0634,327.2996,-5.7693,-5.8458,8.2133
42,3,549,131,591,118,343.70008928313575,288.60006930006097,343.5812916151099,332.56127254988667,0.7734,5,20,3,4,5000,100,71.0,10.0,15.0,0.35,0.35,0.3,0.1,1.5386,0.0708,4.2980,309.0250,7.4430,2.1765,7.7547
42,4,553,101,594,85,338.4450981853946,302.12911147388627,338.4752310761536,346.14014502799296,0.8266,5,20,3,4,5000,100,71.0,10.0,15.0,0.35,0.35,0.3,0.1,1.4759,0.0679,4.1237,322.6407,7.5302,2.9745,8.0964
42,5,316,60,322,38,286.1443387802835,158.24032355881985,286.032339353936,181.0414317221337,0.7778,5,20,3,4,5000,100,71.0,10.0,15.0,0.35,0.35,0.3,0.1,1.461,0.0672,4.0822,168.8747,1.1783,4.0706,4.2378
43,7,63,428,32,460,134.0563901294303,300.56114186634306,134.06080905426444,345.1144737619679,0.816,5,20,3,4,5000,100,71.0,10.0,15.0,0.35,0.35,0.3,0.1,1.5001,0.069,4.1910,321.3007,-5.6066,-5.7943,8.0628
43,8,50,445,42,453,133.61509707805797,321.8275935963229,133.66212521331087,333.1381094981479,0.7792,5,20,3,4,5000,100,71.0,10.0,15.0,0.35,0.35,0.3,0.1,0.3754,0.0173,1.0628,327.3852,-5.6671,-5.9479,8.2154
43,3,552,135,594,123,344.6237487511738,290.3945591776816,344.5493333206714,334.07334524023315,0.8106,5,20,3,4,5000,100,71.0,10.0,15.0,0.35,0.35,0.3,0.1,1.5206,0.0699,4.2480,310.7064,7.5178,2.0674,7.7969
43,4,555,105,597,90,339.2888021783813,302.5524747874325,339.4246372560261,347.1440623141925,0.7271,5,20,3,4,5000,100,71.0,10.0,15.0,0.35,0.35,0.3,0.1,1.4921,0.0686,4.1687,323.3180,7.5890,2.8694,8.1134
43,5,319,63,325,42,287.5071630484603,156.236999459155,287.31563551000386,178.07021087200408,0.7449,5,20,3,4,5000,100,71.0,10.0,15.0,0.35,0.35,0.3,0.1,1.4198,0.0653,3.9677,166.4407,1.2564,3.9832,4.1767
44,7,66,433,34,465,132.98809501214686,302.1208367524491,133.2501640068661,347.3514070793438,0.6022,5,20,3,4,5000,100,71.0,10.0,15.0,0.35,0.35,0.3,0.1,1.514,0.0696,4.2297,323.1611,-5.5294,-5.9320,8.1094
44,8,53,450,45,458,132.61927083985375,323.4269623887285,132.69971488492504,334.73123547108656,0.6535,5,20,3,4,5000,100,71.0,10.0,15.0,0.35,0.35,0.3,0.1,0.3734,0.0172,1.0572,328.9820,-5.5900,-6.0750,8.2555
44,3,555,139,597,128,345.53582920647415,292.26357966739545,345.50838058985045,335.6799070543246,0.8482,5,20,3,4,5000,100,71.0,10.0,15.0,0.35,0.35,0.3,0.1,1.5031,0.0691,4.1993,312.4708,7.5926,1.9585,7.8412
44,4,559,109,601,94,340.2576980822979,304.9229410851207,340.26898767906084,349.521100936696,0.8412,5,20,3,4,5000,100,71.0,10.0,15.0,0.35,0.35,0.3,0.1,1.4815,0.0681,4.1392,325.7024,7.6928,2.7608,8.1732
44,5,322,68,329,47,289.1481374579396,152.43359209832983,289.05770451012836,174.56803831171388,0.7931,5,20,3,4,5000,100,71.0,10.0,15.0,0.35,0.35,0.3,0.1,1.4716,0.0677,4.1116,162.7517,1.3396,3.8581,4.0841
45,7,67,437,36,470,132.33699923393286,304.38462510448846,132.45005098703982,349.6569747624091,0.7306,4,20,3,4,5000,100,71.0,10.0,15.0,0.35,0.35,0.3,0.1,1.5048,0.0692,4.2041,325.4539,-5.5004,-6.0370,8.1670
45,3,557,143,599,132,346.3902681041878,293.23369519889764,346.2527097426994,336.64372859151854,0.759,4,20,3,4,5000,100,71.0,10.0,15.0,0.35,0.35,0.3,0.1,1.4983,0.0689,4.1859,313.4428,7.6447,1.8508,7.8656
45,4,560,113,602,99,341.0295921915135,304.54063768239536,341.09755292497096,348.81083698761427,0.799,4,20,3,4,5000,100,71.0,10.0,15.0,0.35,0.35,0.3,0.1,1.4731,0.0678,4.1158,325.1759,7.7168,2.6527,8.1600
45,5,324,72,331,52,290.3764352138364,149.34523762075577,290.2414524742933,170.53152201279386,0.7672,4,20,3,4,5000,100,71.0,10.0,15.0,0.35,0.35,0.3,0.1,1.4399,0.0662,4.0235,159.2368,1.3913,3.7459,3.9959
46,7,69,441,38,474,131.55579748534672,306.0228749619871,131.7689900996318,351.2833614050059,0.648,5,20,3,4,5000,100,71.0,10.0,15.0,0.35,0.35,0.3,0.1,1.497,0.0689,4.1822,327.0949,-5.4449,-6.1422,8.2082
46,8,56,458,48,467,131.28471089457122,327.37134877688976,131.29708646098888,339.4127281054734,0.9208,5,20,3,4,5000,100,71.0,10.0,15.0,0.35,0.35,0.3,0.1,0.3926,0.0181,1.1106,333.2833,-5.5182,-6.2846,8.3634
46,3,558,147,601,137,347.19573393471325,293.29336848964044,347.15810371582785,337.4403651017465,0.8544,5,20,3,4,5000,100,71.0,10.0,15.0,0.35,0.35,0.3,0.1,1.5216,0.07,4.2509,313.8219,7.6792,1.7453,7.8751
46,4,562,117,604,103,341.8619178444027,305.16389039334257,341.8243063285794,349.4352586674676,0.8282,5,20,3,4,5000,100,71.0,10.0,15.0,0.35,0.35,0.3,0.1,1.4703,0.0676,4.1081,325.8025,7.7695,2.5452,8.1757
46,5,325,76,332,56,291.2911552197262,145.96232390586277,291.0375110254218,167.14065932620943,0.7247,5,20,3,4,5000,100,71.0,10.0,15.0,0.35,0.35,0.3,0.1,1.4705,0.0676,4.1086,155.8352,1.4199,3.6436,3.9105
47,8,58,464,50,473,130.33812690476117,330.6055050963308,130.383647906449,342.64413025761877,0.8489,4,20,3,4,5000,100,71.0,10.0,15.0,0.35,0.35,0.3,0.1,0.3887,0.0179,1.0998,336.5172,-5.4662,-6.4368,8.4446
47,3,560,152,603,142,348.23171106797935,294.1836161311503,348.05900909669737,338.3208536286228,0.7463,4,20,3,4,5000,100,71.0,10.0,15.0,0.35,0.35,0.3,0.1,1.5171,0.0698,4.2381,314.7122,7.7314,1.6107,7.8974
47,4,563,122,606,108,342.81429385577525,304.59973736035954,342.70459994714764,349.817095065407,0.7829,4,20,3,4,5000,100,71.0,10.0,15.0,0.35,0.35,0.3,0.1,1.5021,0.0691,4.1966,325.6463,7.8069,2.4145,8.1718
47,5,327,80,335,63,292.61986494804046,143.0,292.91955483246664,161.7714437099453,0.7006,4,20,3,4,5000,100,71.0,10.0,15.0,0.35,0.35,0.3,0.1,1.339,0.0616,3.7429,151.8076,1.4652,3.5164,3.8095
48,3,560,157,603,148,349.18827913859343,293.2047066470796,349.0567021811839,337.13053851586926,0.7727,3,20,3,4,5000,100,71.0,10.0,15.0,0.35,0.35,0.3,0.1,1.515,0.0697,4.2324,313.6371,7.7307,1.4764,7.8704
48,4,563,127,606,115,343.7171158709779,303.1600237498341,343.80569035120664,347.80023001717524,0.7847,3,20,3,4,5000,100,71.0,10.0,15.0,0.35,0.35,0.3,0.1,1.4908,0.0686,4.1652,323.9495,7.8032,2.2793,8.1292
48,5,327,85,335,69,293.4160307582304,138.3979768638256,293.77634349723377,156.26259949200897,0.6552,3,20,3,4,5000,100,71.0,10.0,15.0,0.35,0.35,0.3,0.1,1.318,0.0606,3.6846,146.7887,1.4639,3.3802,3.6835
49,3,558,161,600,152,349.8891963776154,290.5116176678654,349.6336773965495,333.4426487418788,0.6846,3,20,3,4,5000,100,71.0,10.0,15.0,0.35,0.35,0.3,0.1,1.4958,0.0688,4.1790,310.5002,7.6707,1.3679,7.7917
49,4,561,131,604,119,344.3430472342043,300.13663555121025,344.3513524949447,344.7796397701001,0.8446,3,20,3,4,5000,100,71.0,10.0,15.0,0.35,0.35,0.3,0.1,1.5049,0.0692,4.2043,320.9130,7.7542,2.1733,8.0530
49,5,325,90,332,74,293.4813906826077,133.01503674397117,293.4985656759521,150.47923444781344,0.8252,3,20,3,4,5000,100,71.0,10.0,15.0,0.35,0.35,0.3,0.1,1.3393,0.0616,3.7436,141.2092,1.4119,3.2501,3.5435
50,3,556,165,599,158,350.603121258104,287.862814548875,350.62293930569564,331.42872536942235,0.8544,3,20,3,4,5000,100,71.0,10.0,15.0,0.35,0.35,0.3,0.1,1.5294,0.0703,4.2724,308.1134,7.6281,1.2624,7.7318
50,4,560,136,602,125,345.21727395738435,297.85902705810344,345.23080146970835,341.275548494175,0.8465,3,20,3,4,5000,100,71.0,10.0,15.0,0.35,0.35,0.3,0.1,1.4768,0.0679,4.1262,318.0926,7.7180,2.0367,7.9822
50,5,323,94,330,79,293.3741643650482,128.5496013218244,293.561545347771,145.09651959988565,0.7643,3,20,3,4,5000,100,71.0,10.0,15.0,0.35,0.35,0.3,0.1,1.3146,0.0605,3.6750,136.3228,1.3572,3.1402,3.4209
51,3,554,169,596,162,351.3301913429835,285.2595309538316,351.22726270247057,327.8353245152206,0.7956,3,20,3,4,5000,100,71.0,10.0,15.0,0.35,0.35,0.3,0.1,1.5097,0.0694,4.2177,305.0691,7.5680,1.1540,7.6554
51,4,558,139,600,129,345.68128168260245,295.16944286290885,345.79946800881225,338.33858780813046,0.7354,3,20,3,4,5000,100,71.0,10.0,15.0,0.35,0.35,0.3,0.1,1.4814,0.0681,4.1390,315.2832,7.6660,1.9567,7.9117
51,5,321,99,328,84,293.44292071496227,123.1665539016173,293.6293777306568,139.71399357258383,0.7571,3,20,3,4,5000,100,71.0,10.0,15.0,0.35,0.35,0.3,0.1,1.3685,0.0629,3.8248,130.9195,1.3070,3.0141,3.2853
52,3,553,173,595,167,352.09839405965755,283.69349657685143,352.0686679828955,326.11960995929087,0.8464,3,20,3,4,5000,100,71.0,10.0,15.0,0.35,0.35,0.3,0.1,1.5125,0.0696,4.2255,303.4307,7.5420,1.0468,7.6143
52,4,556,144,598,134,346.5347919051883,292.0273959751037,346.5441570210763,335.2014319778482,0.8401,3,20,3,4,5000,100,71.0,10.0,15.0,0.35,0.35,0.3,0.1,1.4964,0.0688,4.1807,312.1285,7.6173,1.8239,7.8326
52,5,320,103,326,89,293.7671077045816,119.10079764636339,293.70264595096626,134.33167906342868,0.7887,3,20,3,4,5000,100,71.0,10.0,15.0,0.35,0.35,0.3,0.1,1.3065,0.0601,3.6526,126.2586,1.2769,2.8996,3.1683
53,3,553,177,595,171,352.90008035536835,283.1713262320181,352.7658489649624,325.59176893772974,0.768,3,20,3,4,5000,100,71.0,10.0,15.0,0.35,0.35,0.3,0.1,1.5149,0.0697,4.2321,302.9036,7.5428,0.9395,7.6011
53,4,557,147,598,138,347.1522951412823,292.31831964486935,347.21092772367376,334.2932844075693,0.7906,3,20,3,4,5000,100,71.0,10.0,15.0,0.35,0.35,0.3,0.1,1.4563,0.067,4.0691,311.8999,7.6309,1.7404,7.8268
53,5,320,107,327,93,294.5671713206013,115.45128842936315,294.805665754816,131.0953851209111,0.7256,3,20,3,4,5000,100,71.0,10.0,15.0,0.35,0.35,0.3,0.1,1.3795,0.0635,3.8554,122.7770,1.2809,2.8021,3.0810
54,3,554,180,596,175,353.5260440313277,283.8097954616789,353.48518569431866,326.1058110491133,0.839,3,20,3,4,5000,100,71.0,10.0,15.0,0.35,0.35,0.3,0.1,1.5076,0.0693,4.2118,303.4912,7.5673,0.8587,7.6158
54,4,557,150,599,142,347.726880200861,291.6659047609096,347.91720945988845,334.4084329080234,0.7012,3,20,3,4,5000,100,71.0,10.0,15.0,0.35,0.35,0.3,0.1,1.4842,0.0683,4.1467,311.5781,7.6401,1.6621,7.8188
54,5,321,110,327,97,295.65926451696737,113.1591799192624,295.5599651718238,127.47548783981962,0.7873,3,20,3,4,5000,100,71.0,10.0,15.0,0.35,0.35,0.3,0.1,1.2934,0.0595,3.6160,119.8915,1.3028,2.7119,3.0086
55,3,554,183,596,178,354.1285205755964,283.4872131155125,354.0094052820752,325.77906623968335,0.7809,3,20,3,4,5000,100,71.0,10.0,15.0,0.35,0.35,0.3,0.1,1.5091,0.0694,4.2159,303.1653,7.5678,0.7782,7.6077
55,4,557,153,599,145,348.3039832112349,291.04295215655026,348.4207591472843,333.79334924470857,0.7545,3,20,3,4,5000,100,71.0,10.0,15.0,0.35,0.35,0.3,0.1,1.4874,0.0684,4.1557,310.9557,7.6411,1.5818,7.8032
55,5,321,113,327,100,296.33308572577977,110.46266337545913,296.15433577831294,124.77579893553076,0.7493,3,20,3,4,5000,100,71.0,10.0,15.0,0.35,0.35,0.3,0.1,1.3228,0.0608,3.6977,117.1838,1.3044,2.6355,2.9406
56,3,554,185,596,180,354.53090502988806,283.28960446864266,354.35945056784317,325.5764119219941,0.745,3,20,3,4,5000,100,71.0,10.0,15.0,0.35,0.35,0.3,0.1,1.5099,0.0695,4.2182,302.9646,7.5680,0.7246,7.6026
56,4,557,155,599,147,348.69006752597977,290.6441122747887,348.7574742943081,333.3976604596979,0.7963,3,20,3,4,5000,100,71.0,10.0,15.0,0.35,0.35,0.3,0.1,1.4894,0.0685,4.1613,310.5563,7.6418,1.5284,7.7931
56,5,321,114,327,102,296.565051177078,109.5673308974897,296.565051177078,122.98373876248843,0.8413,3,20,3,4,5000,100,71.0,10.0,15.0,0.35,0.35,0.3,0.1,1.2542,0.0577,3.5071,115.8885,1.3006,2.6011,2.9081
57,3,555,190,596,186,355.5548511700267,283.8538356267183,355.4120218759275,325.0415358073488,0.7541,2,20,3,4,5000,100,71.0,10.0,15.0,0.35,0.35,0.3,0.1,1.4706,0.0676,4.1088,303.0546,7.5820,0.5894,7.6049
57,4,558,160,600,153,349.695153531234,290.68883707497264,349.8027944289087,333.2641594891356,0.7788,2,20,3,4,5000,100,71.0,10.0,15.0,0.35,0.35,0.3,0.1,1.4834,0.0682,4.1446,310.5239,7.6666,1.3939,7.7923
58,3,554,194,596,191,356.3477772196937,282.57388414359883,356.29157184286953,324.6798423062325,0.8196,2,20,3,4,5000,100,71.0,10.0,15.0,0.35,0.35,0.3,0.1,1.5074,0.0693,4.2113,302.1671,7.5672,0.4830,7.5826
58,4,557,164,599,157,350.4399035191137,289.01384049903214,350.4524585496403,331.59312417479345,0.8453,2,20,3,4,5000,100,71.0,10.0,15.0,0.35,0.35,0.3,0.1,1.4916,0.0686,4.1672,308.8428,7.6425,1.2872,7.7501
59,3,552,196,594,193,356.72951207681643,280.4567702873297,356.623108646805,322.56007192459515,0.7872,2,20,3,4,5000,100,71.0,10.0,15.0,0.35,0.35,0.3,0.1,1.5179,0.0698,4.2405,300.0386,7.5169,0.4295,7.5292
59,4,555,166,597,160,350.76764814909967,286.7141433553636,350.9097230791777,329.13371143047624,0.7447,2,20,3,4,5000,100,71.0,10.0,15.0,0.35,0.35,0.3,0.1,1.4975,0.0689,4.1836,306.4630,7.5908,1.2338,7.6904
60,3,548,197,589,195,356.88915934650925,276.40730815229904,356.93029617727365,317.45550869373807,0.8263,3,20,3,4,5000,100,71.0,10.0,15.0,0.35,0.35,0.3,0.1,1.5027,0.0691,4.1981,295.5128,7.4047,0.4024,7.4156
60,4,552,167,592,161,350.86982351772133,283.59301824974466,350.9446424919148,324.0385779502188,0.7915,3,20,3,4,5000,100,71.0,10.0,15.0,0.35,0.35,0.3,0.1,1.4471,0.0666,4.0435,302.4697,7.4940,1.2044,7.5902
60,5,315,128,321,117,297.10812287080176,94.36630754670864,297.28420729362307,106.89246933250256,0.794,3,20,3,4,5000,100,71.0,10.0,15.0,0.35,0.35,0.3,0.1,1.3531,0.0622,3.7820,100.2396,1.1462,2.2391,2.5154
61,3,546,198,586,195,357.07502205084364,274.35743110038044,356.90102469259574,314.45985435346114,0.708,2,20,3,4,5000,100,71.0,10.0,15.0,0.35,0.35,0.3,0.1,1.4806,0.0681,4.1368,293.0430,7.3441,0.3752,7.3537
61,4,549,168,590,162,350.97427258518815,280.4728150819612,351.06438615741826,321.9068188156318,0.7702,2,20,3,4,5000,100,71.0,10.0,15.0,0.35,0.35,0.3,0.1,1.4954,0.0688,4.1778,299.7648,7.4292,1.1801,7.5223
62,3,545,198,587,195,357.06432655357884,273.3587386567329,356.91084362466347,315.45839662307293,0.7395,2,20,3,4,5000,100,71.0,10.0,15.0,0.35,0.35,0.3,0.1,1.5544,0.0715,4.3419,292.9035,7.3405,0.3764,7.3502
62,4,548,168,589,162,350.94211187138234,279.48524111301475,351.03665505998,320.9189928938454,0.7788,2,20,3,4,5000,100,71.0,10.0,15.0,0.35,0.35,0.3,0.1,1.5003,0.069,4.1914,298.7725,7.4039,1.1803,7.4974
63,3,545,198,585,195,357.06432655357884,273.3587386567329,356.89114320369873,313.4613213779333,0.7264,2,20,3,4,5000,100,71.0,10.0,15.0,0.35,0.35,0.3,0.1,1.4857,0.0683,4.1509,292.0397,7.3189,0.3753,7.3285
63,4,548,168,588,162,350.94211187138234,279.48524111301475,351.008752722934,319.931242613159,0.7898,2,20,3,4,5000,100,71.0,10.0,15.0,0.35,0.35,0.3,0.1,1.4669,0.0675,4.0987,298.3437,7.3933,1.1786,7.4867
64,3,536,197,575,194,356.74805439963615,264.42579299304373,356.6002858408767,303.5341825890455,0.7548,2,20,3,4,5000,100,71.0,10.0,15.0,0.35,0.35,0.3,0.1,1.497,0.0689,4.1822,282.6335,7.0810,0.4023,7.0924
64,4,539,167,578,160,350.4333140102856,270.7655812691118,350.35559435989194,310.3868553917836,0.779,2,20,3,4,5000,100,71.0,10.0,15.0,0.35,0.35,0.3,0.1,1.4822,0.0682,4.1411,289.2256,7.1569,1.2062,7.2579
65,3,527,195,565,192,356.18592516570965,255.56603843233944,356.0950825563056,293.6818005937719,0.8033,2,20,3,4,5000,100,71.0,10.0,15.0,0.35,0.35,0.3,0.1,1.5087,0.0694,4.2148,273.3014,6.8431,0.4562,6.8583
65,4,530,166,568,159,349.89070150750484,262.0686932847951,349.848532705488,300.70749907509787,0.8065,2,20,3,4,5000,100,71.0,10.0,15.0,0.35,0.35,0.3,0.1,1.4926,0.0687,4.1701,280.0617,6.9188,1.2336,7.0279
66,3,519,194,556,191,355.8319670232525,247.65500196846418,355.77103656011,284.77535005684746,0.8177,2,20,3,4,5000,100,71.0,10.0,15.0,0.35,0.35,0.3,0.1,1.5157,0.0697,4.2343,264.9212,6.6304,0.4832,6.6480
66,4,522,165,559,158,349.3526722896222,254.37963754986365,349.34418836799233,292.0359566902678,0.8293,2,20,3,4,5000,100,71.0,10.0,15.0,0.35,0.35,0.3,0.1,1.4982,0.0689,4.1857,271.9103,6.7059,1.2607,6.8233
67,3,513,194,546,190,355.7285779826161,241.67126432408136,355.409456814394,274.8817927764587,0.6329,3,20,3,4,5000,100,71.0,10.0,15.0,0.35,0.35,0.3,0.1,1.3977,0.0643,3.9062,257.2089,6.4365,0.4807,6.4544
67,4,516,164,552,157,348.8708107103888,248.67649667791284,348.8869594640517,285.3506614676055,0.8287,3,20,3,4,5000,100,71.0,10.0,15.0,0.35,0.35,0.3,0.1,1.493,0.0687,4.1712,265.7543,6.5435,1.2872,6.6689
67,9,279,127,279,115,274.70785224437225,85.28774824088158,274.1275917025117,97.25224933131366,0.7084,3,20,3,4,5000,100,71.0,10.0,15.0,0.35,0.35,0.3,0.1,1.4249,0.0655,3.9819,90.8779,0.1872,2.2728,2.2805
68,3,510,194,546,190,355.6749395652615,238.67970169245646,355.409456814394,274.8817927764587,0.6936,2,20,3,4,5000,100,71.0,10.0,15.0,0.35,0.35,0.3,0.1,1.5325,0.0705,4.2811,255.5048,6.3934,0.4835,6.4117
68,4,513,164,549,157,348.735794395372,245.73359558676546,348.7696449463572,282.4075069823747,0.8186,2,20,3,4,5000,100,71.0,10.0,15.0,0.35,0.35,0.3,0.1,1.5096,0.0694,4.2174,262.7972,6.4676,1.2882,6.5947
69,3,510,194,545,191,355.6749395652615,238.67970169245646,355.6012946450045,273.80650101851126,0.8083,2,20,3,4,5000,100,71.0,10.0,15.0,0.35,0.35,0.3,0.1,1.4901,0.0685,4.1631,255.0393,6.3818,0.4827,6.4000
69,4,513,164,548,157,348.735794395372,245.73359558676546,348.7299948919996,281.42672225643395,0.8242,2,20,3,4,5000,100,71.0,10.0,15.0,0.35,0.35,0.3,0.1,1.472,0.0677,4.1127,262.3718,6.4572,1.2861,6.5840
70,3,508,194,543,191,355.6384273549794,236.6854452643846,355.5689606870865,271.8124353299532,0.8121,2,20,3,4,5000,100,71.0,10.0,15.0,0.35,0.35,0.3,0.1,1.5018,0.0691,4.1957,253.0357,6.3313,0.4829,6.3497
70,4,511,165,545,158,348.87459435824127,243.57750306627253,348.8112000717482,278.28941769316344,0.7955,2,20,3,4,5000,100,71.0,10.0,15.0,0.35,0.35,0.3,0.1,1.446,0.0665,4.0406,259.7790,6.3964,1.2579,6.5189
71,3,504,195,535,192,355.8090924726747,232.62201099638014,355.65127641148825,263.75936002348806,0.743,2,20,3,4,5000,100,71.0,10.0,15.0,0.35,0.35,0.3,0.1,1.3637,0.0627,3.8116,247.2141,6.1870,0.4534,6.2036
71,4,507,165,538,159,348.69006752597977,239.6539171388609,348.73149613735205,271.22868579853423,0.8044,2,20,3,4,5000,100,71.0,10.0,15.0,0.35,0.35,0.3,0.1,1.3436,0.0618,3.7557,254.4656,6.2616,1.2523,6.3856
72,3,498,197,530,194,356.2027521195616,226.497240601293,356.00908690157024,258.62714474702767,0.7185,2,20,3,4,5000,100,71.0,10.0,15.0,0.35,0.35,0.3,0.1,1.4398,0.0662,4.0234,241.4982,6.0469,0.4013,6.0602
72,4,502,167,533,161,348.92979742206063,234.3608329051593,348.9435870197518,265.93608254616373,0.8132,2,20,3,4,5000,100,71.0,10.0,15.0,0.35,0.35,0.3,0.1,1.3721,0.0631,3.8349,249.1521,6.1359,1.2005,6.2522
73,3,496,197,527,194,356.16894863894333,224.50167037240502,355.9622893790229,255.63450471327224,0.7066,2,20,3,4,5000,100,71.0,10.0,15.0,0.35,0.35,0.3,0.1,1.4097,0.0648,3.9394,239.0587,5.9856,0.4008,5.9990
73,4,499,167,530,161,348.78717892368815,231.4173718630475,348.8182457898033,262.9923953273174,0.8019,2,20,3,4,5000,100,71.0,10.0,15.0,0.35,0.35,0.3,0.1,1.3884,0.0639,3.8803,246.1966,6.0602,1.2014,6.1781
74,3,491,198,522,195,356.3422333610256,219.44703233354514,356.1098755959382,250.57733337235433,0.6942,2,20,3,4,5000,100,71.0,10.0,15.0,0.35,0.35,0.3,0.1,1.4399,0.0662,4.0234,233.9813,5.8596,0.3746,5.8716
74,4,494,168,524,162,348.7893668711233,226.3183598385248,348.7775419305552,256.9124364447934,0.8197,2,20,3,4,5000,100,71.0,10.0,15.0,0.35,0.35,0.3,0.1,1.3764,0.0633,3.8469,240.6469,5.9236,1.1740,6.0388
75,3,486,199,515,196,356.52368725079884,214.39449619801343,356.23287608077806,243.52617929085162,0.6595,2,20,3,4,5000,100,71.0,10.0,15.0,0.35,0.35,0.3,0.1,1.383,0.0636,3.8654,228.0337,5.7118,0.3470,5.7223
75,4,489,169,518,163,348.7916556810735,221.21934815924217,348.73486484250674,250.83261350948763,0.7923,2,20,3,4,5000,100,71.0,10.0,15.0,0.35,0.35,0.3,0.1,1.3638,0.0627,3.8119,235.0971,5.7870,1.1467,5.8996
76,3,481,200,510,198,356.7138980209247,209.34421415458323,356.6335393365702,238.41140912296962,0.795,2,20,3,4,5000,100,71.0,10.0,15.0,0.35,0.35,0.3,0.1,1.4113,0.0649,3.9440,222.9343,5.5851,0.3207,5.5943
76,4,484,170,513,164,348.7940524925974,216.1203368496357,348.735794395372,245.73359558676546,0.7921,2,20,3,4,5000,100,71.0,10.0,15.0,0.35,0.35,0.3,0.1,1.3939,0.0641,3.8957,229.9776,5.6611,1.1215,5.7711
77,3,478,201,507,198,356.9434195518506,206.29348026537338,356.5906639795098,235.41665191740367,0.6331,2,20,3,4,5000,100,71.0,10.0,15.0,0.35,0.35,0.3,0.1,1.4334,0.0659,4.0054,219.8950,5.5102,0.2942,5.5181
77,4,481,171,509,165,348.90110075035767,212.98356744124652,348.7830800733526,241.61539686038222,0.7312,2,20,3,4,5000,100,71.0,10.0,15.0,0.35,0.35,0.3,0.1,1.3692,0.063,3.8270,226.3978,5.5750,1.0937,5.6813
78,3,474,202,502,199,357.1658889836935,202.2473732833136,356.76498494221545,230.3670983452281,0.6104,2,20,3,4,5000,100,71.0,10.0,15.0,0.35,0.35,0.3,0.1,1.4131,0.065,3.9489,215.3934,5.3985,0.2673,5.4051
78,4,477,172,505,166,348.95905981967627,208.86598574205422,348.8320055828897,237.49736840647307,0.7396,2,20,3,4,5000,100,71.0,10.0,15.0,0.35,0.35,0.3,0.1,1.3945,0.0641,3.8972,222.2634,5.4743,1.0681,5.5775
79,3,470,202,497,200,357.1087304037794,198.25236442474022,356.94711748520757,225.31977276750482,0.7422,2,20,3,4,5000,100,71.0,10.0,15.0,0.35,0.35,0.3,0.1,1.3892,0.0639,3.8826,210.9212,5.2861,0.2670,5.2929
79,4,473,172,501,167,348.7448960063855,204.94145505485218,348.8826576561528,233.37951923851415,0.7465,2,20,3,4,5000,100,71.0,10.0,15.0,0.35,0.35,0.3,0.1,1.4105,0.0649,3.9417,218.2380,5.3712,1.0689,5.4765
80,3,465,202,493,200,357.03395911001286,193.25889371514057,356.8919690650002,221.32555207205516,0.765,2,20,3,4,5000,100,71.0,10.0,15.0,0.35,0.35,0.3,0.1,1.4718,0.0677,4.1121,206.3422,5.1710,0.2679,5.1780
80,4,468,172,496,167,348.4653793463553,200.0399960007998,348.6408866114379,228.47538160598398,0.721,2,20,3,4,5000,100,71.0,10.0,15.0,0.35,0.35,0.3,0.1,1.4426,0.0664,4.0311,213.3142,5.2448,1.0704,5.3529
81,10,595,323,637,339,18.965450139595823,341.5406271587613,19.185096197024986,386.46345234704927,0.6104,3,20,3,4,5000,100,71.0,10.0,15.0,0.35,0.35,0.3,0.1,1.3415,0.0617,3.7498,362.6160,8.6056,-2.9573,9.0995
81,3,462,202,490,200,356.98721249581666,190.26297590440447,356.84928358673227,218.33002542023394,0.7723,3,20,3,4,5000,100,71.0,10.0,15.0,0.35,0.35,0.3,0.1,1.4934,0.0687,4.1722,203.3325,5.0954,0.2682,5.1024
81,4,465,173,492,167,348.5759326579989,196.9009903479411,348.43986920578226,224.5551157288562,0.7371,3,20,3,4,5000,100,71.0,10.0,15.0,0.35,0.35,0.3,0.1,1.4265,0.0656,3.9862,209.8208,5.1609,1.0429,5.2653
82,10,594,324,637,340,19.17900802581072,340.92227853280576,19.324999716263676,386.79322641432077,0.7677,3,20,3,4,5000,100,71.0,10.0,15.0,0.35,0.35,0.3,0.1,1.3704,0.063,3.8301,362.4120,8.5896,-2.9877,9.0944
82,3,462,203,489,201,357.28801653255505,190.21303845951255,357.09808953111633,217.27862297059966,0.73,3,20,3,4,5000,100,71.0,10.0,15.0,0.35,0.35,0.3,0.1,1.444,0.0664,4.0348,202.8470,5.0846,0.2408,5.0903
82,4,464,173,491,167,348.5180086452519,195.92090240706835,348.3885135761115,223.5754906066405,0.7543,3,20,3,4,5000,100,71.0,10.0,15.0,0.35,0.35,0.3,0.1,1.4332,0.0659,4.0048,208.8367,5.1357,1.0432,5.2406
83,10,594,324,637,340,19.17900802581072,340.92227853280576,19.324999716263676,386.79322641432077,0.7656,3,20,3,4,5000,100,71.0,10.0,15.0,0.35,0.35,0.3,0.1,1.3704,0.063,3.8301,362.4120,8.5896,-2.9877,9.0944
83,3,462,203,488,201,357.28801653255505,190.21303845951255,357.0846778833575,216.27991122617004,0.7195,3,20,3,4,5000,100,71.0,10.0,15.0,0.35,0.35,0.3,0.1,1.3941,0.0641,3.8961,202.4107,5.0736,0.2403,5.0793
83,4,464,173,490,168,348.5180086452519,195.92090240706835,348.5890168732346,222.39604313026794,0.7874,3,20,3,4,5000,100,71.0,10.0,15.0,0.35,0.35,0.3,0.1,1.3759,0.0633,3.8456,208.3207,5.1230,1.0406,5.2276
84,10,592,326,636,343,19.608441271890275,339.69986753014786,19.793302292910735,386.855270094644,0.768,3,20,3,4,5000,100,71.0,10.0,15.0,0.35,0.35,0.3,0.1,1.411,0.0649,3.9431,361.7473,8.5513,-3.0464,9.0777
84,3,460,205,487,203,357.86763156344597,188.13027401245128,357.6029714699404,215.18828964420902,0.6871,3,20,3,4,5000,100,71.0,10.0,15.0,0.35,0.35,0.3,0.1,1.4585,0.0671,4.0753,200.7516,5.0342,0.1874,5.0377
84,4,463,175,489,170,349.03661035367037,194.5507645834372,349.04593735660166,221.0271476538572,0.82,3,20,3,4,5000,100,71.0,10.0,15.0,0.35,0.35,0.3,0.1,1.3851,0.0637,3.8710,206.9456,5.0983,0.9876,5.1931
85,10,591,327,635,345,19.824312880939534,339.09585665413255,20.12238880547148,386.59798240549577,0.6198,3,20,3,4,5000,100,71.0,10.0,15.0,0.35,0.35,0.3,0.1,1.423,0.0655,3.9766,361.2922,8.5290,-3.0747,9.0663
85,3,459,207,485,205,358.468392207989,187.06683297688022,358.11771755698925,213.11499243366245,0.6518,3,20,3,4,5000,100,71.0,10.0,15.0,0.35,0.35,0.3,0.1,1.4151,0.0651,3.9545,199.2432,4.9980,0.1336,4.9998
85,4,461,177,488,172,349.5085229876684,192.21342304844373,349.5085229876684,219.6724834839357,0.8275,3,20,3,4,5000,100,71.0,10.0,15.0,0.35,0.35,0.3,0.1,1.4493,0.0667,4.0498,205.0277,5.0590,0.9368,5.1450
86,10,591,328,635,346,19.98310652189998,339.43629741086914,20.261423420788482,386.9431482789171,0.6225,3,20,3,4,5000,100,71.0,10.0,15.0,0.35,0.35,0.3,0.1,1.4218,0.0654,3.9733,361.6362,8.5286,-3.1013,9.0749
86,3,458,207,485,206,358.4601617113764,186.06719216455113,358.38646106711883,213.08449028495716,0.8072,3,20,3,4,5000,100,71.0,10.0,15.0,0.35,0.35,0.3,0.1,1.4715,0.0677,4.1114,198.6615,4.9834,0.1340,4.9852
86,4,461,177,487,173,349.5085229876684,192.21342304844373,349.71860657106737,218.50858106719744,0.7113,3,20,3,4,5000,100,71.0,10.0,15.0,0.35,0.35,0.3,0.1,1.3918,0.064,3.8898,204.5193,5.0464,0.9345,5.1322
87,10,589,331,634,349,20.57585018924511,338.60005906674024,20.729300752931987,387.05684337058295,0.7009,3,20,3,4,5000,100,71.0,10.0,15.0,0.35,0.35,0.3,0.1,1.4517,0.0668,4.0564,361.2106,8.4860,-3.1856,9.0643
87,3,457,210,483,209,359.38061029678187,185.0108104949546,359.1854229502403,211.0213259365034,0.7289,3,20,3,4,5000,100,71.0,10.0,15.0,0.35,0.35,0.3,0.1,1.4278,0.0657,3.9900,197.1619,4.9473,0.0535,4.9476
87,4,459,180,485,176,350.28943073398653,189.71821209362056,350.40686573726964,216.0208323287363,0.7665,3,20,3,4,5000,100,71.0,10.0,15.0,0.35,0.35,0.3,0.1,1.4093,0.0648,3.9385,202.0170,4.9968,0.8551,5.0694
88,10,587,335,633,353,21.329461515279547,338.1626827430845,21.334707660896267,387.5590277622236,0.8419,3,20,3,4,5000,100,71.0,10.0,15.0,0.35,0.35,0.3,0.1,1.4797,0.0681,4.1343,361.1798,8.4427,-3.2967,9.0635
88,3,455,214,481,213,0.6261584535352005,183.0109286354233,0.2741403937332208,209.00239233080563,0.6418,3,20,3,4,5000,100,71.0,10.0,15.0,0.35,0.35,0.3,0.1,1.4414,0.0663,4.0277,195.1450,4.8967,-0.0535,4.8970
88,4,457,184,483,180,351.3935264802111,187.1069213043708,351.37630804507404,213.41274563624359,0.8253,3,20,3,4,5000,100,71.0,10.0,15.0,0.35,0.35,0.3,0.1,1.4279,0.0657,3.9900,199.3960,4.9473,0.7488,5.0037
89,10,584,339,629,358,22.14884380261469,336.857536653108,22.242774117586944,385.700661135031,0.7509,3,20,3,4,5000,100,71.0,10.0,15.0,0.35,0.35,0.3,0.1,1.4696,0.0676,4.1060,359.6283,8.3586,-3.4024,9.0245
89,3,452,218,477,218,1.9091524329963763,180.0999722376436,1.6764710468067516,205.08778608196053,0.7127,3,20,3,4,5000,100,71.0,10.0,15.0,0.35,0.35,0.3,0.1,1.4103,0.0649,3.9412,191.7834,4.8100,-0.1603,4.8126
89,4,455,188,480,185,352.5284408234076,184.5670609832643,352.60392344028736,209.74508337503408,0.7944,3,20,3,4,5000,100,71.0,10.0,15.0,0.35,0.35,0.3,0.1,1.3882,0.0639,3.8796,196.3522,4.8854,0.6407,4.9273
90,10,581,341,626,360,22.659352040005864,334.8462333668993,22.688785259041204,383.6925852814985,0.7969,3,20,3,4,5000,100,71.0,10.0,15.0,0.35,0.35,0.3,0.1,1.4779,0.068,4.1292,357.6091,8.2812,-3.4572,8.9739
90,3,449,220,474,221,2.587878507405314,177.18069872308325,2.5510950890009365,202.20039564748632,0.8103,3,20,3,4,5000,100,71.0,10.0,15.0,0.35,0.35,0.3,0.1,1.4337,0.0659,4.0063,188.8655,4.7346,-0.2140,4.7394
90,4,451,191,476,188,353.30873556744774,180.22763384120648,353.2901631922431,205.40691322348428,0.8221,3,20,3,4,5000,100,71.0,10.0,15.0,0.35,0.35,0.3,0.1,1.4195,0.0653,3.9667,191.9953,4.7851,0.5614,4.8179
91,10,578,344,623,364,23.334041276709776,333.2566578479716,23.414948419232996,382.4983660095818,0.7491,3,20,3,4,5000,100,71.0,10.0,15.0,0.35,0.35,0.3,0.1,1.4956,0.0688,4.1786,356.1837,8.2071,-3.5403,8.9381
91,3,446,223,471,224,3.617333136882153,174.34735443934903,3.450843193751159,199.36148073286373,0.7586,3,20,3,4,5000,100,71.0,10.0,15.0,0.35,0.35,0.3,0.1,1.4552,0.0669,4.0660,186.0173,4.6586,-0.2945,4.6679
91,4,448,193,473,191,353.8385218963294,177.02259742756007,354.0355128987469,202.09403751719148,0.749,3,20,3,4,5000,100,71.0,10.0,15.0,0.35,0.35,0.3,0.1,1.4377,0.0661,4.0174,188.7293,4.7086,0.5083,4.7360
92,10,575,348,619,368,24.17268349297843,332.12196554880256,24.207145206361087,380.4536765494585,0.7966,3,20,3,4,5000,100,71.0,10.0,15.0,0.35,0.35,0.3,0.1,1.4746,0.0678,4.1199,354.6487,8.1192,-3.6443,8.8996
92,3,442,227,466,229,5.042451069170913,170.66048165876012,5.0079718920402705,194.74342094150447,0.8054,3,20,3,4,5000,100,71.0,10.0,15.0,0.35,0.35,0.3,0.1,1.4328,0.0659,4.0039,181.9083,4.5472,-0.4012,4.5648
92,4,447,197,468,195,355.1009075462122,175.64168070250295,355.04287393031933,196.73586353280888,0.8179,3,20,3,4,5000,100,71.0,10.0,15.0,0.35,0.35,0.3,0.1,1.2315,0.0566,3.4439,185.5913,4.6402,0.3977,4.6572
93,10,571,352,614,373,25.090282359573607,330.1529948372421,25.209191200971333,378.00132274900835,0.7196,3,20,3,4,5000,100,71.0,10.0,15.0,0.35,0.35,0.3,0.1,1.4689,0.0676,4.1042,352.4607,8.0101,-3.7506,8.8447
93,3,438,231,462,234,6.529535998847237,167.08381130438698,6.604835496753972,191.2694434560837,0.8023,3,20,3,4,5000,100,71.0,10.0,15.0,0.35,0.35,0.3,0.1,1.4673,0.0675,4.0996,178.3605,4.4468,-0.5090,4.4758
93,4,442,202,464,200,356.6335393365702,170.29386365926402,356.4236656250026,192.37463450257678,0.7387,3,20,3,4,5000,100,71.0,10.0,15.0,0.35,0.35,0.3,0.1,1.3236,0.0609,3.7001,180.6621,4.5257,0.2662,4.5336
94,10,570,355,613,376,25.63475492104478,330.53441575727027,25.68468886512227,378.387367653837,0.7794,3,20,3,4,5000,100,71.0,10.0,15.0,0.35,0.35,0.3,0.1,1.4675,0.0675,4.1002,352.8458,7.9828,-3.8307,8.8543
94,3,437,234,461,237,7.594643368591445,166.4602054546371,7.535063723328119,190.64626930522402,0.8063,3,20,3,4,5000,100,71.0,10.0,15.0,0.35,0.35,0.3,0.1,1.4724,0.0677,4.1139,177.7342,4.4210,-0.5895,4.4601
94,4,441,205,463,204,357.6281578102108,169.14490828872147,357.6015786659075,191.1674658512792,0.8406,3,20,3,4,5000,100,71.0,10.0,15.0,0.35,0.35,0.3,0.1,1.3288,0.0611,3.7144,179.4832,4.5001,0.1864,4.5040
95,10,569,359,612,381,26.333085725779785,331.3879901263774,26.430079036847015,379.68539608470587,0.7325,3,20,3,4,5000,100,71.0,10.0,15.0,0.35,0.35,0.3,0.1,1.4766,0.0679,4.1257,353.8965,7.9592,-3.9394,8.8807
95,3,437,238,465,242,8.95479412885125,167.0359242797788,8.835373213449493,195.3176899310454,0.9341,3,20,3,4,5000,100,71.0,10.0,15.0,0.35,0.35,0.3,0.1,1.6968,0.0781,4.7381,180.0731,4.4637,-0.7034,4.5188
95,4,440,209,462,209,358.97696981133214,168.02678357928536,359.0954049662673,190.02368273454758,0.788,3,20,3,4,5000,100,71.0,10.0,15.0,0.35,0.35,0.3,0.1,1.3356,0.0614,3.7334,178.3495,4.4748,0.0799,4.4755
96,10,570,362,613,384,26.718658797027373,333.6225412048772,26.766323579297737,381.9227670616142,0.7873,3,20,3,4,5000,100,71.0,10.0,15.0,0.35,0.35,0.3,0.1,1.4675,0.0675,4.1002,356.1425,7.9828,-4.0182,8.9371
96,3,437,241,465,245,9.96835617047384,167.5291019494822,9.702857232852375,195.80091930325557,0.8198,3,20,3,4,5000,100,71.0,10.0,15.0,0.35,0.35,0.3,0.1,1.6917,0.0778,4.7237,180.5651,4.4627,-0.7844,4.5311
96,4,441,212,462,212,0.0,169.0,0.0,190.0,0.8493,3,20,3,4,5000,100,71.0,10.0,15.0,0.35,0.35,0.3,0.1,1.2717,0.0585,3.5557,178.8858,4.4890,-0.0000,4.4890
97,10,569,366,612,388,27.407575437818405,334.55193916640206,27.368210428888244,382.85245199684954,0.7908,3,20,3,4,5000,100,71.0,10.0,15.0,0.35,0.35,0.3,0.1,1.4637,0.0673,4.0897,357.0762,7.9547,-4.1247,8.9605
97,3,436,245,455,249,11.377102173040933,167.28717822953436,11.430301581627544,186.70297265978385,0.8224,3,20,3,4,5000,100,71.0,10.0,15.0,0.35,0.35,0.3,0.1,1.1924,0.0548,3.3351,176.4626,4.3412,-0.8735,4.4282
97,4,441,215,461,215,1.0169780307191734,169.0266251216062,0.9093804491991415,189.02380802428036,0.7804,3,20,3,4,5000,100,71.0,10.0,15.0,0.35,0.35,0.3,0.1,1.2142,0.0559,3.3957,178.4668,4.4778,-0.0795,4.4785
98,10,565,370,608,393,28.33572775322778,332.8858663265835,28.31092360609717,381.6503635528204,0.8007,3,20,3,4,5000,100,71.0,10.0,15.0,0.35,0.35,0.3,0.1,1.4837,0.0682,4.1453,355.6041,7.8544,-4.2355,8.9236
98,3,433,249,460,254,12.942624265794574,165.19685227025363,12.59332995610312,192.634368688456,0.7807,3,20,3,4,5000,100,71.0,10.0,15.0,0.35,0.35,0.3,0.1,1.667,0.0767,4.6551,177.8637,4.3499,-0.9997,4.4633
98,4,436,219,458,220,2.4440680576354086,164.14932226482082,2.462816675916847,186.17196351760379,0.8276,3,20,3,4,5000,100,71.0,10.0,15.0,0.35,0.35,0.3,0.1,1.3667,0.0629,3.8198,174.4684,4.3741,-0.1867,4.3781
99,10,562,373,603,396,29.037826418879362,331.6941362158819,29.069299092218152,378.7043701886737,0.7848,3,20,3,4,5000,100,71.0,10.0,15.0,0.35,0.35,0.3,0.1,1.4386,0.0662,4.0200,353.6438,7.7589,-4.3075,8.8744
99,3,429,252,447,257,14.29355811304739,162.0154313638056,14.420773127510985,180.6931099959265,0.8128,3,20,3,4,5000,100,71.0,10.0,15.0,0.35,0.35,0.3,0.1,1.1848,0.0545,3.3141,170.8453,4.1545,-1.0585,4.2872
99,4,433,222,453,224,3.5541782355320866,161.31026005806325,3.7930642816886424,181.39735389470266,0.7081,3,20,3,4,5000,100,71.0,10.0,15.0,0.35,0.35,0.3,0.1,1.2742,0.0586,3.5628,170.7651,4.2770,-0.2656,4.2852
100,10,559,375,601,398,29.594159939761067,330.0575707357733,29.481627188455708,377.9378255745249,0.7171,3,20,3,4,5000,100,71.0,10.0,15.0,0.35,0.35,0.3,0.1,1.4702,0.0676,4.1079,352.3787,7.6891,-4.3670,8.8426
100,3,427,254,444,259,15.161242578137994,160.58953888718904,15.28330157314739,178.30591689565435,0.7713,3,20,3,4,5000,100,71.0,10.0,15.0,0.35,0.35,0.3,0.1,1.1365,0.0523,3.1796,168.9846,4.0929,-1.1090,4.2405
100,4,430,224,451,226,4.343239951689387,158.45504094221806,4.472130064284408,179.5466513193716,0.7628,3,20,3,4,5000,100,71.0,10.0,15.0,0.35,0.35,0.3,0.1,1.3566,0.0624,3.7918,168.3428,4.2123,-0.3199,4.2244
101,10,557,377,599,401,30.068582821862453,329.31747600150226,30.027124233213083,377.69034936042516,0.7812,4,20,3,4,5000,100,71.0,10.0,15.0,0.35,0.35,0.3,0.1,1.4874,0.0684,4.1557,351.8491,7.6411,-4.4238,8.8293
101,3,425,256,451,262,16.044266863203628,159.20113064925135,15.60662214293113,185.85209172887994,0.7168,4,20,3,4,5000,100,71.0,10.0,15.0,0.35,0.35,0.3,0.1,1.6791,0.0772,4.6889,171.4974,4.1359,-1.1894,4.3036
101,4,428,227,449,229,5.492324557127438,156.71949463930773,5.486156425004309,177.81451009408653,0.8323,4,20,3,4,5000,100,71.0,10.0,15.0,0.35,0.35,0.3,0.1,1.3709,0.0631,3.8315,166.6019,4.1615,-0.4001,4.1807
101,11,198,194,181,191,193.67130713219584,76.15773105863909,192.9946167919165,93.39164844888434,0.5392,4,20,3,4,5000,100,71.0,10.0,15.0,0.35,0.35,0.3,0.1,2.2098,0.1016,6.1648,83.8988,-2.0457,0.4976,2.1054
102,10,555,381,596,405,30.844514707323214,329.6209944769902,30.781369491648846,377.12729946266154,0.7771,3,20,3,4,5000,100,71.0,10.0,15.0,0.35,0.35,0.3,0.1,1.4613,0.0672,4.0831,351.7775,7.5790,-4.5260,8.8275
102,3,422,260,444,267,17.744671625056935,157.49285698088025,17.732583908039416,180.5796223276591,0.8332,3,20,3,4,5000,100,71.0,10.0,15.0,0.35,0.35,0.3,0.1,1.4846,0.0683,4.1479,168.2479,4.0212,-1.2868,4.2220
102,4,426,230,446,233,6.666659890901367,155.04837954651444,6.88172363063695,175.26266002774236,0.6914,3,20,3,4,5000,100,71.0,10.0,15.0,0.35,0.35,0.3,0.1,1.3304,0.0612,3.7191,164.5370,4.1010,-0.4793,4.1289
103,10,555,383,595,408,31.1420623242386,330.65087327875,31.24984293103123,377.8160928282436,0.7284,4,20,3,4,5000,100,71.0,10.0,15.0,0.35,0.35,0.3,0.1,1.4473,0.0666,4.0441,352.6635,7.5744,-4.5768,8.8498
103,3,422,262,444,269,18.43494882292201,158.11388300841898,18.334956290035244,181.19878586789702,0.8083,4,20,3,4,5000,100,71.0,10.0,15.0,0.35,0.35,0.3,0.1,1.4791,0.068,4.1325,168.8711,4.0202,-1.3401,4.2377
103,4,425,233,446,235,7.815293546766876,154.434452114805,7.529926777687562,175.5135322418189,0.7282,4,20,3,4,5000,100,71.0,10.0,15.0,0.35,0.35,0.3,0.1,1.3889,0.0639,3.8816,164.3007,4.0847,-0.5606,4.1230
103,11,195,199,178,197,189.58294472353256,78.08969202141856,189.06650273981617,95.1892851112981,0.5653,4,20,3,4,5000,100,71.0,10.0,15.0,0.35,0.35,0.3,0.1,2.1454,0.0987,5.9857,85.7958,-2.1229,0.3584,2.1530
104,10,554,385,595,410,31.528082404719747,330.83681778181824,31.508426122428325,378.85749299703707,0.7995,3,20,3,4,5000,100,71.0,10.0,15.0,0.35,0.35,0.3,0.1,1.471,0.0677,4.1101,353.2225,7.5554,-4.6350,8.8638
104,3,421,265,443,272,19.580711661097116,158.14550262337528,19.334808537826415,181.22085972646747,0.7111,3,20,3,4,5000,100,71.0,10.0,15.0,0.35,0.35,0.3,0.1,1.4782,0.068,4.1301,168.8987,3.9933,-1.4204,4.2384
104,4,425,235,445,238,8.549076820418694,154.719100307622,8.546960007344211,174.94284781036347,0.8482,3,20,3,4,5000,100,71.0,10.0,15.0,0.35,0.35,0.3,0.1,1.3337,0.0613,3.7281,164.2106,4.0749,-0.6126,4.1207
105,10,554,388,595,413,31.968842537327703,332.41540277189324,31.893633431537033,380.4339627320358,0.7706,3,20,3,4,5000,100,71.0,10.0,15.0,0.35,0.35,0.3,0.1,1.4644,0.0674,4.0918,354.8074,7.5532,-4.7141,8.9036
105,3,421,267,442,275,20.260491130251875,158.826949854236,20.33411303250052,181.29809706668186,0.7794,3,20,3,4,5000,100,71.0,10.0,15.0,0.35,0.35,0.3,0.1,1.4363,0.0661,4.0135,169.3202,3.9860,-1.4714,4.2489
105,4,424,238,444,241,9.70665240933971,154.20765220960988,9.570325434511217,174.42763542512407,0.7721,3,20,3,4,5000,100,71.0,10.0,15.0,0.35,0.35,0.3,0.1,1.3376,0.0615,3.7390,163.6956,4.0490,-0.6926,4.1078
106,10,553,392,593,418,32.642381193918084,333.7079561532808,32.69009728056343,381.4144727196387,0.7985,3,20,3,4,5000,100,71.0,10.0,15.0,0.35,0.35,0.3,0.1,1.4503,0.0667,4.0524,355.9699,7.5219,-4.8183,8.9327
106,3,420,271,441,279,21.73463121878805,159.3267083699403,21.625835634951795,181.79658962697843,0.7841,3,20,3,4,5000,100,71.0,10.0,15.0,0.35,0.35,0.3,0.1,1.432,0.0659,4.0016,169.8216,3.9586,-1.5781,4.2615
106,4,424,241,443,245,10.80161823569071,154.74172029546526,10.922804719869262,174.1551032843999,0.7965,3,20,3,4,5000,100,71.0,10.0,15.0,0.35,0.35,0.3,0.1,1.2832,0.059,3.5877,163.8755,4.0394,-0.7707,4.1123
107,10,552,396,592,422,33.31063082456081,335.0462654619508,33.274887984834926,382.7531841800928,0.8064,3,20,3,4,5000,100,71.0,10.0,15.0,0.35,0.35,0.3,0.1,1.4449,0.0665,4.0374,357.3144,7.4933,-4.9242,8.9665
107,3,419,275,441,283,23.19859051364819,159.93123522314207,22.788169313553798,183.30848316430968,0.6336,3,20,3,4,5000,100,71.0,10.0,15.0,0.35,0.35,0.3,0.1,1.4807,0.0681,4.1369,170.8238,3.9401,-1.6886,4.2867
107,4,423,245,442,250,12.327770711316907,154.5639026422405,12.600159826080674,174.1952927033334,0.7191,3,20,3,4,5000,100,71.0,10.0,15.0,0.35,0.35,0.3,0.1,1.2982,0.0597,3.6293,163.7935,4.0155,-0.8776,4.1103
108,10,552,399,593,426,33.737263379813655,336.70313333855387,33.690067525979785,385.79398647464683,0.7831,5,20,3,4,5000,100,71.0,10.0,15.0,0.35,0.35,0.3,0.1,1.4771,0.0679,4.1271,359.5808,7.5038,-5.0114,9.0234
108,12,570,413,581,420,33.99953246152938,359.4509702309899,33.94604101064945,372.4848990227658,0.8064,5,20,3,4,5000,100,71.0,10.0,15.0,0.35,0.35,0.3,0.1,0.3871,0.0178,1.0954,365.8519,7.6112,-5.1337,9.1807
108,3,420,278,441,287,24.034288159442582,162.04937519163718,23.931025068068777,184.89456454963732,0.7758,5,20,3,4,5000,100,71.0,10.0,15.0,0.35,0.35,0.3,0.1,1.4315,0.0658,4.0002,172.7198,3.9585,-1.7653,4.3342
108,4,423,248,443,253,13.409595867094065,155.23208431248997,13.48306002740526,175.8465239918037,0.8195,5,20,3,4,5000,100,71.0,10.0,15.0,0.35,0.35,0.3,0.1,1.3536,0.0623,3.7836,164.8975,4.0251,-0.9596,4.1380
108,11,194,214,176,215,178.53119928561418,78.02563681252464,178.21008939175394,96.04686356149273,0.6095,5,20,3,4,5000,100,71.0,10.0,15.0,0.35,0.35,0.3,0.1,2.2507,0.1035,6.2786,86.1034,-2.1600,-0.0554,2.1607
109,12,554,402,595,430,33.97046877601952,340.03529228596256,34.01630331432614,389.6832046675864,0.7815,3,20,3,4,5000,100,71.0,10.0,15.0,0.35,0.35,0.3,0.1,1.4791,0.068,4.1326,363.1703,7.5580,-5.0923,9.1134
109,3,421,281,443,290,24.848252965788117,164.20109622045769,24.51964268819076,187.94946129212502,0.6545,3,20,3,4,5000,100,71.0,10.0,15.0,0.35,0.35,0.3,0.1,1.4661,0.0674,4.0964,175.2745,3.9912,-1.8483,4.3984
109,4,425,251,445,257,14.300277449185588,157.8923684032892,14.580420397203778,178.7568180517879,0.714,3,20,3,4,5000,100,71.0,10.0,15.0,0.35,0.35,0.3,0.1,1.3474,0.062,3.7662,167.6780,4.0774,-1.0393,4.2077
110,10,555,403,597,431,34.015872671173625,341.42349069740357,33.97390841458739,391.9004975755964,0.7677,3,20,3,4,5000,100,71.0,10.0,15.0,0.35,0.35,0.3,0.1,1.4964,0.0688,4.1808,364.9247,7.5905,-5.1229,9.1575
110,3,422,283,444,293,25.329754108199438,165.9548131269473,25.21716389687939,190.11838417154718,0.7617,3,20,3,4,5000,100,71.0,10.0,15.0,0.35,0.35,0.3,0.1,1.4753,0.0679,4.1220,177.2167,4.0196,-1.9026,4.4471
110,4,426,253,447,259,14.908258012255281,159.3643623900902,15.033258129388296,181.2015452472743,0.8007,3,20,3,4,5000,100,71.0,10.0,15.0,0.35,0.35,0.3,0.1,1.394,0.0641,3.8958,169.5829,4.1123,-1.0948,4.2555
111,10,557,405,598,433,34.10558160780973,344.200522951375,34.13389919383844,393.8489558193598,0.7937,3,20,3,4,5000,100,71.0,10.0,15.0,0.35,0.35,0.3,0.1,1.4624,0.0673,4.0862,367.3548,7.6329,-5.1690,9.2184
111,3,424,284,446,294,25.34617594194669,168.1903683330291,25.23283132320835,192.35384061671346,0.7946,3,20,3,4,5000,100,71.0,10.0,15.0,0.35,0.35,0.3,0.1,1.457,0.067,4.0711,179.4624,4.0699,-1.9279,4.5034
111,4,427,254,448,260,15.161242578137994,160.58953888718904,15.255118703057777,182.42806801586207,0.8201,3,20,3,4,5000,100,71.0,10.0,15.0,0.35,0.35,0.3,0.1,1.3841,0.0637,3.8683,170.8136,4.1372,-1.1211,4.2864
112,10,560,407,602,436,34.10127419424714,347.80598039711737,34.16818532502534,398.84332763630385,0.7557,3,20,3,4,5000,100,71.0,10.0,15.0,0.35,0.35,0.3,0.1,1.486,0.0684,4.1519,371.5803,7.7211,-5.2278,9.3245
112,3,428,286,450,297,25.377743861349163,172.66151858477326,25.52578594769377,197.25364381932212,0.7477,3,20,3,4,5000,100,71.0,10.0,15.0,0.35,0.35,0.3,0.1,1.4453,0.0665,4.0385,184.1401,4.1749,-1.9804,4.6208
112,4,431,257,452,263,15.802513953935529,165.24527224704494,15.81919394750014,187.0855419320264,0.8452,3,20,3,4,5000,100,71.0,10.0,15.0,0.35,0.35,0.3,0.1,1.3476,0.062,3.7668,175.4885,4.2373,-1.1992,4.4037
113,10,561,408,603,437,34.145147547121205,349.1947880481609,34.206231755744625,400.23243246893423,0.7729,3,20,3,4,5000,100,71.0,10.0,15.0,0.35,0.35,0.3,0.1,1.4805,0.0681,4.1366,372.9757,7.7461,-5.2534,9.3595
113,3,429,287,451,297,25.534132991647578,173.99425277864785,25.401188675413994,198.15650380444242,0.7535,3,20,3,4,5000,100,71.0,10.0,15.0,0.35,0.35,0.3,0.1,1.4115,0.0649,3.9445,185.2910,4.1956,-2.0043,4.6497
113,4,433,257,453,264,15.615842874048713,167.17057157286985,16.028978306276713,188.32153355365392,0.6149,3,20,3,4,5000,100,71.0,10.0,15.0,0.35,0.35,0.3,0.1,1.2935,0.0595,3.6163,177.1168,4.2805,-1.1964,4.4446
114,10,562,409,605,438,34.18867327345879,350.5837988270422,34.16390190206612,402.44875450173777,0.805,4,20,3,4,5000,100,71.0,10.0,15.0,0.35,0.35,0.3,0.1,1.4973,0.0689,4.1833,374.7302,7.7785,-5.2840,9.4035
114,3,430,288,453,299,25.688143435647348,175.32826355154492,25.671870848890016,200.8233054204616,0.8251,4,20,3,4,5000,100,71.0,10.0,15.0,0.35,0.35,0.3,0.1,1.4735,0.0678,4.1170,187.2118,4.2336,-2.0364,4.6979
114,4,435,258,455,265,15.759522166892863,169.36646657470303,16.15194071463095,190.5203401214684,0.6185,4,20,3,4,5000,100,71.0,10.0,15.0,0.35,0.35,0.3,0.1,1.2779,0.0588,3.5728,179.3217,4.3308,-1.2222,4.4999
114,11,204,222,188,224,171.63411387596742,68.73136110975832,171.86989764584402,84.8528137423857,0.6274,4,20,3,4,5000,100,71.0,10.0,15.0,0.35,0.35,0.3,0.1,2.282,0.105,6.3657,75.9460,-1.8855,-0.2773,1.9058
115,10,564,410,606,439,34.140496764678005,352.80022675729674,34.20162339256683,403.83783874223576,0.7383,3,20,3,4,5000,100,71.0,10.0,15.0,0.35,0.35,0.3,0.1,1.4664,0.0675,4.0973,376.5977,7.8217,-5.3038,9.4504
115,3,432,289,455,300,25.699185921604627,177.56407294269863,25.68170606928905,203.05910469614506,0.8086,3,20,3,4,5000,100,71.0,10.0,15.0,0.35,0.35,0.3,0.1,1.4562,0.067,4.0688,189.4577,4.2840,-2.0617,4.7543
115,4,436,259,457,267,15.991527758517073,170.60187572239644,16.557071375636653,193.00259065618783,0.5489,3,20,3,4,5000,100,71.0,10.0,15.0,0.35,0.35,0.3,0.1,1.3393,0.0616,3.7438,181.1122,4.3690,-1.2521,4.5448
116,10,564,411,607,439,34.27469804668497,353.3624201864143,34.12203574618344,404.6652937922895,0.6627,3,20,3,4,5000,100,71.0,10.0,15.0,0.35,0.35,0.3,0.1,1.4714,0.0677,4.1110,377.2778,7.8234,-5.3317,9.4674
116,3,432,289,455,300,25.699185921604627,177.56407294269863,25.68170606928905,203.05910469614506,0.8146,3,20,3,4,5000,100,71.0,10.0,15.0,0.35,0.35,0.3,0.1,1.4562,0.067,4.0688,189.4577,4.2840,-2.0617,4.7543
116,11,206,223,190,225,170.53767779197437,66.91038783328041,170.99149625797486,83.02409288875127,0.5913,3,20,3,4,5000,100,71.0,10.0,15.0,0.35,0.35,0.3,0.1,2.3364,0.1075,6.5171,74.1014,-1.8342,-0.3057,1.8595
117,10,568,416,611,445,34.57419147411522,359.4885255470611,34.501349358118674,411.3514312604248,0.7645,3,20,3,4,5000,100,71.0,10.0,15.0,0.35,0.35,0.3,0.1,1.4627,0.0673,4.0869,383.6753,7.9276,-5.4636,9.6280
117,3,436,294,460,305,26.56505117707799,183.35757415498276,26.320720975763898,209.74508337503408,0.7006,3,20,3,4,5000,100,71.0,10.0,15.0,0.35,0.35,0.3,0.1,1.4593,0.0671,4.0775,195.6657,4.3917,-2.1958,4.9101
117,4,441,264,462,272,17.102728969052375,176.81911661356077,17.52556837372287,199.24858845171275,0.5817,3,20,3,4,5000,100,71.0,10.0,15.0,0.35,0.35,0.3,0.1,1.2966,0.0596,3.6250,187.3650,4.4938,-1.3827,4.7018
118,10,571,422,614,452,35.08194623606231,365.37788657771836,35.05942696688698,417.80856860528843,0.8251,3,20,3,4,5000,100,71.0,10.0,15.0,0.35,0.35,0.3,0.1,1.4554,0.0669,4.0666,389.8382,8.0054,-5.6225,9.7826
118,3,439,300,464,312,27.786813867708183,188.76705220985997,27.512002623851455,216.48094604375694,0.6716,3,20,3,4,5000,100,71.0,10.0,15.0,0.35,0.35,0.3,0.1,1.4867,0.0684,4.1538,201.6764,4.4773,-2.3593,5.0609
118,4,442,270,465,279,18.83843355798076,179.62182495454164,19.14445781119666,204.29880077964236,0.6483,3,20,3,4,5000,100,71.0,10.0,15.0,0.35,0.35,0.3,0.1,1.3974,0.0643,3.9052,191.1672,4.5402,-1.5490,4.7972
119,10,573,425,617,457,35.28479768331532,368.7411015875502,35.38027220030115,423.14300183271376,0.7361,3,20,3,4,5000,100,71.0,10.0,15.0,0.35,0.35,0.3,0.1,1.4935,0.0687,4.1727,394.0734,8.0722,-5.7122,9.8889
119,3,441,304,466,317,28.562931033554666,192.41881404893857,28.42389664382663,220.592384274707,0.7583,3,20,3,4,5000,100,71.0,10.0,15.0,0.35,0.35,0.3,0.1,1.483,0.0682,4.1434,205.5447,4.5302,-2.4661,5.1580
119,4,444,274,468,283,19.822464570365216,182.8332573685652,19.912660926848403,208.4634260487916,0.7562,3,20,3,4,5000,100,71.0,10.0,15.0,0.35,0.35,0.3,0.1,1.424,0.0655,3.9792,194.8089,4.5989,-1.6577,4.8886
120,10,576,429,620,461,35.519845305929245,373.503681374093,35.58437360845967,427.907700328003,0.7818,3,20,3,4,5000,100,71.0,10.0,15.0,0.35,0.35,0.3,0.1,1.4758,0.0679,4.1234,398.8591,8.1465,-5.8151,10.0090
120,3,444,307,470,320,28.912993464262307,196.49173010587495,28.61045966596522,225.53935355055003,0.6781,3,20,3,4,5000,100,71.0,10.0,15.0,0.35,0.35,0.3,0.1,1.4963,0.0688,4.1805,210.0159,4.6133,-2.5480,5.2702
120,4,447,277,471,287,20.37643521383639,186.6815470259447,20.650644659511237,212.66405432042342,0.6531,3,20,3,4,5000,100,71.0,10.0,15.0,0.35,0.35,0.3,0.1,1.4145,0.0651,3.9528,198.8276,4.6772,-1.7372,4.9894
121,10,578,431,623,464,35.59077859188982,376.2937682183961,35.67640822186198,432.09373982968094,0.7358,3,20,3,4,5000,100,71.0,10.0,15.0,0.35,0.35,0.3,0.1,1.5006,0.069,4.1924,402.2679,8.2088,-5.8749,10.0946
121,3,447,310,473,324,29.248826336546973,200.57168294652163,29.127160978206046,230.09780529157595,0.7788,3,20,3,4,5000,100,71.0,10.0,15.0,0.35,0.35,0.3,0.1,1.4905,0.0686,4.1642,214.3226,4.6925,-2.6278,5.3782
121,4,450,280,474,290,20.907980471009658,190.5465822312224,21.113500078365256,216.53637107885595,0.6879,3,20,3,4,5000,100,71.0,10.0,15.0,0.35,0.35,0.3,0.1,1.388,0.0638,3.8791,202.7118,4.7519,-1.8153,5.0869
122,10,582,434,627,467,35.60755065918108,381.29253861044805,35.69005982501396,437.0926675202868,0.7405,3,20,3,4,5000,100,71.0,10.0,15.0,0.35,0.35,0.3,0.1,1.4823,0.0682,4.1415,407.2903,8.3096,-5.9507,10.2206
122,3,451,313,477,327,29.433682175143183,205.52858681944952,29.291362170984254,235.05318547086316,0.7586,3,20,3,4,5000,100,71.0,10.0,15.0,0.35,0.35,0.3,0.1,1.4569,0.067,4.0707,219.3016,4.7929,-2.7043,5.5032
122,4,454,282,478,293,21.037511025421818,194.99743588057768,21.464944850244034,221.35265979879256,0.5503,3,20,3,4,5000,100,71.0,10.0,15.0,0.35,0.35,0.3,0.1,1.3762,0.0633,3.8462,207.3409,4.8562,-1.8678,5.2030
123,10,582,435,627,468,35.72953508848003,381.8756342056927,35.79638207681108,437.6768214105015,0.7629,3,20,3,4,5000,100,71.0,10.0,15.0,0.35,0.35,0.3,0.1,1.4802,0.0681,4.1357,407.8765,8.3088,-5.9770,10.2353
123,3,452,313,477,328,29.29726712608167,206.40009689920205,29.503510299280375,235.54405108174564,0.7187,3,20,3,4,5000,100,71.0,10.0,15.0,0.35,0.35,0.3,0.1,1.4336,0.0659,4.0061,220.0111,4.8148,-2.7016,5.5210
123,4,455,283,480,294,21.205164620122204,196.29060089571277,21.51588470949513,223.5799633240868,0.6317,3,20,3,4,5000,100,71.0,10.0,15.0,0.35,0.35,0.3,0.1,1.413,0.065,3.9487,209.0485,4.8907,-1.8975,5.2459
124,10,586,437,631,470,35.62388865004486,386.29134082969034,35.70340269784487,442.0916194636582,0.7538,3,20,3,4,5000,100,71.0,10.0,15.0,0.35,0.35,0.3,0.1,1.4644,0.0674,4.0917,412.3121,8.4103,-6.0265,10.3466
124,3,455,315,481,330,29.372616260878935,209.99523804124703,29.448781713273423,240.01041644062033,0.8127,3,20,3,4,5000,100,71.0,10.0,15.0,0.35,0.35,0.3,0.1,1.45,0.0667,4.0517,224.0018,4.8985,-2.7571,5.6211
124,4,458,285,483,296,21.42867268465026,199.81241202688085,21.70771246519375,227.1057022621845,0.6366,3,20,3,4,5000,100,71.0,10.0,15.0,0.35,0.35,0.3,0.1,1.3899,0.0639,3.8843,212.5866,4.9659,-1.9490,5.3347
125,3,463,320,492,335,29.485772698078375,219.4196891803468,29.209158813451737,252.04959829366916,0.681,2,20,3,4,5000,100,71.0,10.0,15.0,0.35,0.35,0.3,0.1,1.5046,0.0692,4.2035,234.6055,5.1247,-2.8977,5.8872
125,4,466,290,492,302,21.903178081839158,209.093280618962,22.249023657212366,237.69728648009425,0.5888,2,20,3,4,5000,100,71.0,10.0,15.0,0.35,0.35,0.3,0.1,1.3918,0.064,3.8898,222.4797,5.1799,-2.0827,5.5829
126,3,467,322,496,338,29.427456403189737,223.8861317723811,29.357753542791276,257.00583650960147,0.7846,2,20,3,4,5000,100,71.0,10.0,15.0,0.35,0.35,0.3,0.1,1.4973,0.0689,4.1831,239.3055,5.2304,-2.9505,6.0052
126,4,470,292,497,304,22.000698350540596,213.55093069335942,22.239107461480103,243.08229059312404,0.6688,2,20,3,4,5000,100,71.0,10.0,15.0,0.35,0.35,0.3,0.1,1.406,0.0647,3.9291,227.3617,5.2900,-2.1374,5.7054
127,3,473,325,503,341,29.344218041150075,230.58620947489467,29.18080605249986,264.5789107241921,0.7416,2,20,3,4,5000,100,71.0,10.0,15.0,0.35,0.35,0.3,0.1,1.4924,0.0686,4.1696,246.4158,5.3902,-3.0303,6.1836
127,4,477,295,505,308,22.041944511178574,221.16509670379727,22.392501937049865,252.00198411917316,0.5806,2,20,3,4,5000,100,71.0,10.0,15.0,0.35,0.35,0.3,0.1,1.4168,0.0652,3.9593,235.5787,5.4796,-2.2185,5.9116
128,3,484,330,515,347,29.100477411543444,242.62728618191318,29.054604099077146,277.98201380664904,0.8161,2,20,3,4,5000,100,71.0,10.0,15.0,0.35,0.35,0.3,0.1,1.4764,0.0679,4.1250,259.1042,5.6812,-3.1622,6.5020
128,4,487,300,517,313,22.25939956791261,232.31228981696168,22.403655485578064,265.0018867857359,0.7195,2,20,3,4,5000,100,71.0,10.0,15.0,0.35,0.35,0.3,0.1,1.429,0.0657,3.9933,247.5827,5.7499,-2.3534,6.2129
129,3,489,333,522,350,29.14419867736141,248.4552273549502,28.898697600841576,285.5591007129697,0.6762,2,20,3,4,5000,100,71.0,10.0,15.0,0.35,0.35,0.3,0.1,1.5105,0.0695,4.2199,265.7182,5.8238,-3.2474,6.6680
129,4,492,303,522,317,22.4717663324389,238.07771840304585,22.78240573048169,271.15493725912495,0.5887,2,20,3,4,5000,100,71.0,10.0,15.0,0.35,0.35,0.3,0.1,1.4121,0.065,3.9463,253.5421,5.8793,-2.4319,6.3624
130,3,494,337,527,355,29.38225462297971,254.77244748991205,29.283024601265303,292.35936790190254,0.7779,2,20,3,4,5000,100,71.0,10.0,15.0,0.35,0.35,0.3,0.1,1.4935,0.0687,4.1726,272.2748,5.9536,-3.3523,6.8325
130,4,497,307,528,321,22.890551656248327,244.23349483639626,23.063395437721702,278.23910580649874,0.6936,2,20,3,4,5000,100,71.0,10.0,15.0,0.35,0.35,0.3,0.1,1.415,0.0651,3.9542,260.1297,6.0137,-2.5391,6.5277
131,3,498,342,532,360,29.908427321405124,260.72207424765554,29.64986350757558,299.17219122104245,0.6623,2,20,3,4,5000,100,71.0,10.0,15.0,0.35,0.35,0.3,0.1,1.493,0.0687,4.1711,278.6269,6.0607,-3.4863,6.9919
131,4,501,312,532,327,23.58999017074331,249.88197213884797,23.860175191342343,284.29737951659,0.6168,2,20,3,4,5000,100,71.0,10.0,15.0,0.35,0.35,0.3,0.1,1.4006,0.0644,3.9143,265.9810,6.1168,-2.6711,6.6746
132,3,500,344,534,362,30.068582821862453,263.4539808012018,29.791960809364674,301.90064590855053,0.6364,2,20,3,4,5000,100,71.0,10.0,15.0,0.35,0.35,0.3,0.1,1.4784,0.068,4.1307,281.3700,6.1105,-3.5377,7.0607
132,4,503,314,535,328,23.82426058289542,252.5173261382276,23.800579749561845,287.4456470360962,0.8048,2,20,3,4,5000,100,71.0,10.0,15.0,0.35,0.35,0.3,0.1,1.4063,0.0647,3.9300,268.8518,6.1717,-2.7252,6.7466
133,3,505,347,540,367,30.08796569646575,269.2842364491468,30.043294116937105,309.594896598765,0.8148,2,20,3,4,5000,100,71.0,10.0,15.0,0.35,0.35,0.3,0.1,1.5139,0.0696,4.2293,288.0360,6.2541,-3.6236,7.2280
133,4,508,318,540,333,24.187353516740625,258.7121953059036,24.29882083369095,294.0493155917898,0.7384,2,20,3,4,5000,100,71.0,10.0,15.0,0.35,0.35,0.3,0.1,1.3898,0.0639,3.8842,275.2512,6.3008,-2.8300,6.9072
134,3,509,350,544,370,30.211322385834826,274.2498860528478,30.1515479818221,314.5600101729398,0.7911,2,20,3,4,5000,100,71.0,10.0,15.0,0.35,0.35,0.3,0.1,1.4883,0.0685,4.1582,293.0251,6.3545,-3.7001,7.3532
134,4,512,321,545,337,24.42596552527356,263.592488512097,24.601881005372274,300.2565569642069,0.6868,2,20,3,4,5000,100,71.0,10.0,15.0,0.35,0.35,0.3,0.1,1.4136,0.065,3.9505,280.7325,6.4142,-2.9131,7.0447
135,3,512,353,548,373,30.43423575344341,278.3540910423269,30.256437163529263,319.5262117573455,0.6965,2,20,3,4,5000,100,71.0,10.0,15.0,0.35,0.35,0.3,0.1,1.4971,0.0689,4.1826,297.5225,6.4373,-3.7819,7.4661
135,4,516,323,549,339,24.46164412209379,268.06156009394556,24.630686697812834,304.72610652846924,0.6845,2,20,3,4,5000,100,71.0,10.0,15.0,0.35,0.35,0.3,0.1,1.3916,0.064,3.8892,285.2204,6.5149,-2.9637,7.1573
136,3,520,358,557,379,30.485733706331562,287.7846417027844,30.368806166466776,330.32408328791286,0.7569,2,20,3,4,5000,100,71.0,10.0,15.0,0.35,0.35,0.3,0.1,1.4962,0.0688,4.1801,307.5905,6.6516,-3.9159,7.7187
136,4,523,329,559,346,24.991895321085398,276.92959394040935,25.027821530516256,316.7412192942371,0.8006,2,20,3,4,5000,100,71.0,10.0,15.0,0.35,0.35,0.3,0.1,1.4579,0.0671,4.0735,295.5005,6.7210,-3.1329,7.4153
137,3,541,370,580,394,30.42829754650899,311.96954979612997,30.579226872489016,357.7541054970579,0.7194,2,20,3,4,5000,100,71.0,10.0,15.0,0.35,0.35,0.3,0.1,1.4862,0.0684,4.1523,333.2968,7.2118,-4.2359,8.3638
137,4,543,341,581,360,25.455137673371233,300.13663555121025,25.592761836537818,342.6149442158062,0.6945,2,20,3,4,5000,100,71.0,10.0,15.0,0.35,0.35,0.3,0.1,1.4368,0.0661,4.0148,319.9721,7.2499,-3.4511,8.0294
138,3,549,377,590,401,30.780898282125996,322.4189820714655,30.724693470790633,369.92566820916875,0.7944,3,20,3,4,5000,100,71.0,10.0,15.0,0.35,0.35,0.3,0.1,1.4917,0.0686,4.1677,344.5424,7.4280,-4.4246,8.6460
138,4,570,358,591,368,26.10175308473619,331.84333653096,26.059937743646806,355.1013939707925,0.587,3,20,3,4,5000,100,71.0,10.0,15.0,0.35,0.35,0.3,0.1,0.7361,0.0339,2.0659,343.0786,7.7312,-3.7878,8.6093
138,13,316,306,322,319,64.91640599380908,103.78824596263297,64.95379922035721,118.10588469674151,0.8026,3,20,3,4,5000,100,71.0,10.0,15.0,0.35,0.35,0.3,0.1,1.4028,0.0645,3.9202,110.4851,1.1754,-2.5110,2.7725
139,3,555,381,596,406,30.844514707323214,329.6209944769902,30.91171678297471,377.6400402499714,0.8001,4,20,3,4,5000,100,71.0,10.0,15.0,0.35,0.35,0.3,0.1,1.476,0.0679,4.1240,352.0004,7.5838,-4.5288,8.8331
139,4,558,352,600,373,26.08223300313469,318.4273857569415,26.144281902955935,365.3833603217311,0.7906,4,20,3,4,5000,100,71.0,10.0,15.0,0.35,0.35,0.3,0.1,1.4928,0.0687,4.1708,340.2932,7.6697,-3.7544,8.5394
139,14,576,362,587,368,26.262701585101322,338.9926252885157,26.34636605765501,351.5124464368225,0.6493,4,20,3,4,5000,100,71.0,10.0,15.0,0.35,0.35,0.3,0.1,0.3942,0.0181,1.1150,345.1390,7.7669,-3.8324,8.6610
139,13,322,310,328,323,62.96913974015701,110.01818031580054,63.22884978553789,124.32618388738553,0.7146,4,20,3,4,5000,100,71.0,10.0,15.0,0.35,0.35,0.3,0.1,1.3273,0.0611,3.7105,116.7354,1.3313,-2.6094,2.9294
140,3,559,385,601,410,31.08104557911488,335.1089375113711,31.040526177306614,383.98567681620625,0.8112,4,20,3,4,5000,100,71.0,10.0,15.0,0.35,0.35,0.3,0.1,1.4777,0.068,4.1286,357.8862,7.6915,-4.6364,8.9808
140,14,562,356,604,377,26.406775945663863,323.7838785362854,26.426822785395228,370.7411495909242,0.8295,4,20,3,4,5000,100,71.0,10.0,15.0,0.35,0.35,0.3,0.1,1.4699,0.0676,4.1068,345.6751,7.7693,-3.8579,8.6744
140,4,580,366,592,372,26.56505117707799,344.3544685349676,26.56505117707799,357.77087639996637,0.9533,4,20,3,4,5000,100,71.0,10.0,15.0,0.35,0.35,0.3,0.1,0.4154,0.0191,1.1740,350.9345,7.8767,-3.9383,8.8064
140,13,326,314,333,327,62.10272896905237,115.41230437002807,62.05696557661706,130.17680284904833,0.7863,4,20,3,4,5000,100,71.0,10.0,15.0,0.35,0.35,0.3,0.1,1.307,0.0601,3.6538,122.3507,1.4365,-2.7135,3.0703
141,3,559,386,602,410,31.22725085006294,335.6262802582658,30.96375653207352,384.84282505978985,0.6048,4,20,3,4,5000,100,71.0,10.0,15.0,0.35,0.35,0.3,0.1,1.4851,0.0683,4.1492,358.5535,7.6940,-4.6646,8.9976
141,4,562,356,604,378,26.406775945663863,323.7838785362854,26.56505117707799,371.1872842649651,0.7011,4,20,3,4,5000,100,71.0,10.0,15.0,0.35,0.35,0.3,0.1,1.4829,0.0682,4.1430,345.8689,7.7737,-3.8600,8.6793
141,14,580,367,592,373,26.71367802791835,344.8028422156639,26.7081115027838,358.2192066319169,0.8725,4,20,3,4,5000,100,71.0,10.0,15.0,0.35,0.35,0.3,0.1,0.4149,0.0191,1.1726,351.3830,7.8765,-3.9638,8.8176
141,13,326,315,333,328,62.33324270771564,116.29703349613007,62.26182037161277,131.06105447462264,0.786,4,20,3,4,5000,100,71.0,10.0,15.0,0.35,0.35,0.3,0.1,1.2976,0.0597,3.6277,123.2384,1.4360,-2.7390,3.0926
142,3,558,386,600,411,31.3159802477525,334.77156390589687,31.2454947953313,383.6469731406726,0.7787,4,20,3,4,5000,100,71.0,10.0,15.0,0.35,0.35,0.3,0.1,1.479,0.068,4.1323,357.5467,7.6652,-4.6634,8.9723
142,14,561,356,603,378,26.485694192485845,322.88852565552713,26.63424894477811,370.2931271303857,0.6982,4,20,3,4,5000,100,71.0,10.0,15.0,0.35,0.35,0.3,0.1,1.4867,0.0684,4.1538,344.9699,7.7482,-3.8607,8.6567
142,4,579,367,590,373,26.78857063943857,343.9098719141397,26.852605999935168,356.4337245547901,0.6391,4,20,3,4,5000,100,71.0,10.0,15.0,0.35,0.35,0.3,0.1,0.3888,0.0179,1.0999,350.0598,7.8417,-3.9591,8.7844
142,13,325,315,332,329,62.77132082290876,115.83609109426992,62.850318302216834,131.48764200486676,0.801,4,20,3,4,5000,100,71.0,10.0,15.0,0.35,0.35,0.3,0.1,1.3758,0.0633,3.8452,123.1666,1.4142,-2.7483,3.0908
143,3,551,387,592,413,32.09758747273206,329.34176777323586,32.133956971535625,377.8901956918173,0.8177,3,20,3,4,5000,100,71.0,10.0,15.0,0.35,0.35,0.3,0.1,1.4924,0.0686,4.1694,351.9497,7.4819,-4.6929,8.8319
143,14,554,358,592,379,27.371980632180367,317.5531451584128,27.55893030581811,360.95567594927775,0.656,3,20,3,4,5000,100,71.0,10.0,15.0,0.35,0.35,0.3,0.1,1.3907,0.064,3.8865,337.8662,7.5292,-3.8981,8.4785
143,13,319,317,325,331,65.88580146069305,115.03912377969506,65.99285337311419,130.26895255585654,0.7747,3,20,3,4,5000,100,71.0,10.0,15.0,0.35,0.35,0.3,0.1,1.3497,0.0621,3.7727,122.1813,1.2526,-2.7985,3.0660
144,3,541,390,581,415,33.49300629264904,322.56007192459515,33.30323018142022,369.7161073039691,0.6809,3,20,3,4,5000,100,71.0,10.0,15.0,0.35,0.35,0.3,0.1,1.4809,0.0681,4.1375,344.5320,7.2101,-4.7710,8.6457
144,14,545,360,584,382,28.463207922541923,310.53663229963706,28.584720323800468,355.30831681794336,0.7247,3,20,3,4,5000,100,71.0,10.0,15.0,0.35,0.35,0.3,0.1,1.4618,0.0672,4.0844,331.4172,7.3113,-3.9637,8.3166
144,13,309,320,314,335,71.08891992543614,114.16216536138407,71.1468412355809,129.9730741346068,0.7903,3,20,3,4,5000,100,71.0,10.0,15.0,0.35,0.35,0.3,0.1,1.4079,0.0648,3.9346,121.5556,0.9886,-2.8857,3.0503
145,3,531,394,569,420,35.09581678702612,316.55173352866035,35.00496547161292,362.59205727649356,0.7637,4,20,3,4,5000,100,71.0,10.0,15.0,0.35,0.35,0.3,0.1,1.4738,0.0678,4.1178,338.0113,6.9400,-4.8767,8.4821
145,14,534,364,573,387,30.12027824799681,302.89932320822373,30.173520029644333,348.1752432324849,0.7948,4,20,3,4,5000,100,71.0,10.0,15.0,0.35,0.35,0.3,0.1,1.5118,0.0695,4.2235,323.9630,7.0319,-4.0796,8.1296
145,15,550,375,560,381,30.384415015277725,322.2623155133098,30.404647515031463,333.92364396670087,0.8803,4,20,3,4,5000,100,71.0,10.0,15.0,0.35,0.35,0.3,0.1,0.3863,0.0178,1.0932,327.9894,7.1001,-4.1630,8.2306
145,13,298,325,301,339,77.04241990590687,115.95257651298655,77.1372489810418,130.26895255585654,0.779,4,20,3,4,5000,100,71.0,10.0,15.0,0.35,0.35,0.3,0.1,1.2641,0.0581,3.5344,122.6946,0.6904,-3.0005,3.0789
146,3,526,395,564,422,35.77171049510399,313.05750270517393,35.722860662065294,359.672072866382,0.7864,3,20,3,4,5000,100,71.0,10.0,15.0,0.35,0.35,0.3,0.1,1.5064,0.0693,4.2085,334.7498,6.8156,-4.9104,8.4002
146,15,529,366,566,389,30.930959867359515,299.60807732769825,31.049657186622614,343.16905454892054,0.7395,3,20,3,4,5000,100,71.0,10.0,15.0,0.35,0.35,0.3,0.1,1.4733,0.0678,4.1165,319.9125,6.8862,-4.1264,8.0279
146,13,293,327,295,342,79.65131591200455,116.90166808048549,79.96687944566884,132.01893803541975,0.6897,3,20,3,4,5000,100,71.0,10.0,15.0,0.35,0.35,0.3,0.1,1.3203,0.0607,3.6909,124.0013,0.5590,-3.0611,3.1117
147,3,523,396,561,423,36.24394038402569,311.218572710563,36.13332395585573,357.8295683701949,0.7474,3,20,3,4,5000,100,71.0,10.0,15.0,0.35,0.35,0.3,0.1,1.5146,0.0697,4.2312,332.9004,6.7374,-4.9390,8.3538
147,14,526,367,564,390,31.393054050870088,297.5583976297762,31.366027210595636,341.9766073871135,0.8071,3,20,3,4,5000,100,71.0,10.0,15.0,0.35,0.35,0.3,0.1,1.5099,0.0695,4.2183,318.2250,6.8166,-4.1597,7.9856
147,13,290,328,293,343,81.17962044797895,117.38824472663352,80.89266568774559,132.67252918370102,0.706,3,20,3,4,5000,100,71.0,10.0,15.0,0.35,0.35,0.3,0.1,1.3288,0.0611,3.7145,124.5633,0.4793,-3.0888,3.1258
148,3,521,397,558,424,36.61131109943993,310.20315923600776,36.5480146304453,356.0056179332006,0.7876,4,20,3,4,5000,100,71.0,10.0,15.0,0.35,0.35,0.3,0.1,1.4946,0.0688,4.1758,331.5299,6.6780,-4.9616,8.3194
148,14,524,367,561,390,31.594814961355944,295.8530040408581,31.629619897925064,339.418620585259,0.8062,4,20,3,4,5000,100,71.0,10.0,15.0,0.35,0.35,0.3,0.1,1.4909,0.0686,4.1653,316.1420,6.7574,-4.1563,7.9333
148,15,540,379,549,385,31.928450351313195,315.77365311247866,31.986786720741357,326.58536403213174,0.723,4,20,3,4,5000,100,71.0,10.0,15.0,0.35,0.35,0.3,0.1,0.3659,0.0168,1.0363,321.0885,6.8384,-4.2613,8.0574
148,13,288,329,289,344,82.21298204536755,118.0889495253472,82.66139366376377,133.09019498069722,0.6384,4,20,3,4,5000,100,71.0,10.0,15.0,0.35,0.35,0.3,0.1,1.2984,0.0597,3.6299,125.1416,0.4255,-3.1114,3.1403
149,3,516,400,551,426,37.61395684873273,308.0259729308553,37.48911119961149,351.6205340989061,0.7342,4,20,3,4,5000,100,71.0,10.0,15.0,0.35,0.35,0.3,0.1,1.4367,0.0661,4.0148,328.3827,6.5276,-5.0295,8.2405
149,15,519,370,555,393,32.60607616816985,293.21152774063984,32.60200434555321,335.9315406448165,0.8221,4,20,3,4,5000,100,71.0,10.0,15.0,0.35,0.35,0.3,0.1,1.4762,0.0679,4.1244,313.1211,6.6191,-4.2341,7.8575
149,14,534,381,544,388,32.82356041605445,311.77716401301745,32.9052429229879,323.9753077010654,0.732,4,20,3,4,5000,100,71.0,10.0,15.0,0.35,0.35,0.3,0.1,0.4171,0.0192,1.1788,317.7592,6.7008,-4.3223,7.9739
149,13,282,332,283,347,85.23635830927383,120.41594578792295,85.34174589032439,135.44740676735012,0.7744,4,20,3,4,5000,100,71.0,10.0,15.0,0.35,0.35,0.3,0.1,1.2772,0.0587,3.5709,127.4901,0.2657,-3.1882,3.1993
150,3,508,404,543,431,39.130399556985296,304.2367499169027,38.942304205479,348.427897849756,0.6706,4,20,3,4,5000,100,71.0,10.0,15.0,0.35,0.35,0.3,0.1,1.472,0.0677,4.1128,324.8363,6.3232,-5.1443,8.1515
150,14,511,374,545,398,34.13037224551028,288.7299776607895,34.267335443344216,330.3407331831786,0.7023,4,20,3,4,5000,100,71.0,10.0,15.0,0.35,0.35,0.3,0.1,1.4613,0.0672,4.0829,308.1369,6.4006,-4.3385,7.7324
150,15,525,386,534,392,34.5181331485164,307.05862632402955,34.48995663073138,317.8741889490243,0.8519,4,20,3,4,5000,100,71.0,10.0,15.0,0.35,0.35,0.3,0.1,0.3762,0.0173,1.0651,312.3728,6.4587,-4.4419,7.8387
150,13,274,336,274,353,89.07595464722729,124.01612798341996,89.18734840574626,141.01418368376991,0.7737,4,20,3,4,5000,100,71.0,10.0,15.0,0.35,0.35,0.3,0.1,1.3943,0.0641,3.8967,131.9701,0.0534,-3.3112,3.3117
151,3,498,408,531,436,40.93368122519403,299.1521352088265,40.85537625889571,342.4280946417802,0.7808,4,20,3,4,5000,100,71.0,10.0,15.0,0.35,0.35,0.3,0.1,1.4664,0.0675,4.0973,319.3306,6.0538,-5.2502,8.0133
151,15,501,378,534,403,35.93801170110789,282.83740912404073,36.09233455853035,324.2298567374695,0.7003,4,20,3,4,5000,100,71.0,10.0,15.0,0.35,0.35,0.3,0.1,1.4823,0.0682,4.1415,302.1225,6.1384,-4.4497,7.5815
151,14,515,390,524,397,36.22316000727996,301.21918929576844,36.28339703637676,312.61637832973497,0.7606,4,20,3,4,5000,100,71.0,10.0,15.0,0.35,0.35,0.3,0.1,0.4037,0.0186,1.1413,306.8120,6.2111,-4.5497,7.6992
151,13,264,341,263,358,93.54868197390445,129.24782396620841,93.52746805037413,146.27713423498562,0.8039,4,20,3,4,5000,100,71.0,10.0,15.0,0.35,0.35,0.3,0.1,1.3437,0.0618,3.7559,137.2362,-0.2132,-3.4372,3.4438
152,3,493,410,526,438,41.85803886306377,296.7237772744207,41.66152945623565,339.988235090569,0.6674,3,20,3,4,5000,100,71.0,10.0,15.0,0.35,0.35,0.3,0.1,1.4772,0.0679,4.1273,316.8861,5.9226,-5.3062,7.9520
152,14,496,380,529,405,36.86989764584402,280.0,36.905551517728,321.4000622277475,0.7867,3,20,3,4,5000,100,71.0,10.0,15.0,0.35,0.35,0.3,0.1,1.4966,0.0688,4.1811,299.2751,6.0080,-4.5060,7.5100
152,13,259,343,257,362,95.66728567823912,131.64345787011217,95.71059313749964,150.74813431681335,0.8038,3,20,3,4,5000,100,71.0,10.0,15.0,0.35,0.35,0.3,0.1,1.4708,0.0677,4.1094,140.5496,-0.3483,-3.5097,3.5270
153,3,488,411,520,439,42.65425546753451,293.6954204614025,42.46857185833234,336.2038072360276,0.6799,3,20,3,4,5000,100,71.0,10.0,15.0,0.35,0.35,0.3,0.1,1.4671,0.0675,4.0992,313.5153,5.7861,-5.3307,7.8674
153,15,491,381,521,406,37.656991882993175,276.62610144380807,37.92274338956123,315.65329081129505,0.6083,3,20,3,4,5000,100,71.0,10.0,15.0,0.35,0.35,0.3,0.1,1.4325,0.0659,4.0030,294.8539,5.8577,-4.5204,7.3991
153,13,254,344,251,364,97.76516601842535,133.2216198670471,97.86606837289688,153.44380078712857,0.7691,3,20,3,4,5000,100,71.0,10.0,15.0,0.35,0.35,0.3,0.1,1.5336,0.0705,4.2841,142.6194,-0.4836,-3.5461,3.5789
154,3,483,412,514,441,43.46690230317569,290.7249559291393,43.418989220039336,333.17412864746865,0.7949,5,20,3,4,5000,100,71.0,10.0,15.0,0.35,0.35,0.3,0.1,1.4792,0.068,4.1327,310.5055,5.6551,-5.3603,7.7919
154,15,486,382,517,408,38.463366351202936,273.30568965903365,38.65980825409009,313.7530876342096,0.6728,5,20,3,4,5000,100,71.0,10.0,15.0,0.35,0.35,0.3,0.1,1.4979,0.0689,4.1847,292.1360,5.7401,-4.5599,7.3309
154,14,498,395,506,402,38.998286365173634,290.80061898145954,39.07541801801751,301.4232904073605,0.7753,5,20,3,4,5000,100,71.0,10.0,15.0,0.35,0.35,0.3,0.1,0.3899,0.0179,1.1032,296.0167,5.7730,-4.6746,7.4283
154,16,47,376,14,400,143.91210825397147,278.4259327002426,143.9198437836623,319.2303243741108,0.8438,5,20,3,4,5000,100,71.0,10.0,15.0,0.35,0.35,0.3,0.1,1.4843,0.0683,4.1469,297.4352,-6.0317,-4.3964,7.4639
154,13,248,345,245,366,100.22900828735952,135.14806694880988,99.94429426318594,156.348968656656,0.6846,5,20,3,4,5000,100,71.0,10.0,15.0,0.35,0.35,0.3,0.1,1.5812,0.0727,4.4165,144.9775,-0.6461,-3.5803,3.6381
155,3,480,413,510,442,44.01948336695901,289.2490276561012,44.020680345660516,330.9743192454665,0.8442,3,20,3,4,5000,100,71.0,10.0,15.0,0.35,0.35,0.3,0.1,1.4626,0.0673,4.0865,308.7081,5.5707,-5.3832,7.7468
155,15,483,383,511,408,39.022226407639344,271.5916051721776,39.35461942199501,309.09060160412514,0.5432,3,20,3,4,5000,100,71.0,10.0,15.0,0.35,0.35,0.3,0.1,1.4039,0.0646,3.9234,289.1303,5.6368,-4.5682,7.2555
155,13,246,347,241,367,100.90126765303008,137.48090776540573,101.30993247402021,158.06960492137634,0.6522,3,20,3,4,5000,100,71.0,10.0,15.0,0.35,0.35,0.3,0.1,1.5145,0.0697,4.2309,147.0581,-0.6979,-3.6237,3.6903
156,3,475,414,505,442,44.8585292269718,286.379119350556,44.6287582438185,327.3973121453504,0.641,3,20,3,4,5000,100,71.0,10.0,15.0,0.35,0.35,0.3,0.1,1.4529,0.0668,4.0596,305.5176,5.4345,-5.4078,7.6667
156,15,478,384,506,409,39.8602426210094,268.36542251191753,40.093366643450686,305.88396492787916,0.6309,3,20,3,4,5000,100,71.0,10.0,15.0,0.35,0.35,0.3,0.1,1.4204,0.0653,3.9692,285.8991,5.5071,-4.5982,7.1744
156,13,241,348,236,368,102.84067901209279,139.48835076808385,102.9946167919165,160.099968769516,0.7552,3,20,3,4,5000,100,71.0,10.0,15.0,0.35,0.35,0.3,0.1,1.4957,0.0688,4.1787,149.0851,-0.8314,-3.6476,3.7412
157,3,469,415,498,444,45.85937224364468,282.8745304901097,45.750556796364265,323.88269481403296,0.7415,3,20,3,4,5000,100,71.0,10.0,15.0,0.35,0.35,0.3,0.1,1.4693,0.0676,4.1053,301.9928,5.2777,-5.4384,7.5782
157,15,472,385,500,410,40.8598054317002,264.4409196777231,40.97173633351486,301.97350877187887,0.7258,3,20,3,4,5000,100,71.0,10.0,15.0,0.35,0.35,0.3,0.1,1.4406,0.0663,4.0254,281.9637,5.3514,-4.6289,7.0756
157,13,234,349,229,370,105.50253879163162,142.1724305201258,105.22443001851897,163.74675569305182,0.6936,3,20,3,4,5000,100,71.0,10.0,15.0,0.35,0.35,0.3,0.1,1.5332,0.0705,4.2829,152.1989,-1.0208,-3.6803,3.8193
158,3,458,416,485,445,47.642545294064725,276.06520968785617,47.56759732918779,315.6865534038471,0.79,3,20,3,4,5000,100,71.0,10.0,15.0,0.35,0.35,0.3,0.1,1.4556,0.067,4.0673,294.5494,4.9800,-5.4620,7.3915
158,15,461,386,488,412,42.633752008544214,256.8988127648705,42.797401838234194,294.37391188758556,0.7018,3,20,3,4,5000,100,71.0,10.0,15.0,0.35,0.35,0.3,0.1,1.4779,0.068,4.1291,274.3626,5.0652,-4.6632,6.8849
158,13,224,350,216,372,109.17900802581072,146.10954794263105,109.29004621918874,169.51696080333673,0.763,3,20,3,4,5000,100,71.0,10.0,15.0,0.35,0.35,0.3,0.1,1.6123,0.0742,4.5030,156.9453,-1.2938,-3.7198,3.9384
159,3,446,418,472,447,49.813550893706534,269.65162710430656,49.60009566626328,308.58548248418947,0.6866,3,20,3,4,5000,100,71.0,10.0,15.0,0.35,0.35,0.3,0.1,1.4638,0.0673,4.0900,287.8078,4.6604,-5.5175,7.2223
159,15,449,388,474,414,44.83768944406331,249.6096953245206,45.0,285.6711395993652,0.6975,3,20,3,4,5000,100,71.0,10.0,15.0,0.35,0.35,0.3,0.1,1.4646,0.0674,4.0922,266.4257,4.7409,-4.7141,6.6857
159,13,212,353,202,374,113.05130091647302,153.2351134694656,113.36911316348207,176.47662734764623,0.669,3,20,3,4,5000,100,71.0,10.0,15.0,0.35,0.35,0.3,0.1,1.5325,0.0705,4.2810,164.0367,-1.6118,-3.7877,4.1164
160,3,436,418,461,447,51.47612453835119,263.30970358116315,51.19183428484205,301.57254516948325,0.6244,3,20,3,4,5000,100,71.0,10.0,15.0,0.35,0.35,0.3,0.1,1.4726,0.0677,4.1144,281.1452,4.3942,-5.5195,7.0551
160,15,439,389,462,415,46.66510605810368,243.34748817277733,46.89458941216797,278.044960393099,0.6485,3,20,3,4,5000,100,71.0,10.0,15.0,0.35,0.35,0.3,0.1,1.4467,0.0665,4.0426,259.5417,4.4696,-4.7372,6.5130
160,13,202,354,190,375,116.24134965215777,158.3161394173064,116.70548172801531,182.4636950190366,0.612,3,20,3,4,5000,100,71.0,10.0,15.0,0.35,0.35,0.3,0.1,1.5405,0.0709,4.3033,169.5344,-1.8811,-3.8159,4.2543
161,3,427,418,449,448,53.04120284518069,257.8003103178893,53.13010235415598,295.0,0.7612,3,20,3,4,5000,100,71.0,10.0,15.0,0.35,0.35,0.3,0.1,1.463,0.0673,4.0876,275.1485,4.1513,-5.5172,6.9046
161,15,429,389,452,415,48.42679315729048,236.59670327373541,48.43661156747999,271.309786038027,0.8178,3,20,3,4,5000,100,71.0,10.0,15.0,0.35,0.35,0.3,0.1,1.4858,0.0683,4.1513,252.7670,4.2090,-4.7452,6.3430
161,13,192,354,179,376,119.39605285494326,162.9846618550347,119.55640901781237,188.53381659532593,0.7348,3,20,3,4,5000,100,71.0,10.0,15.0,0.35,0.35,0.3,0.1,1.5801,0.0727,4.4135,174.8308,-2.1534,-3.8224,4.3872
162,3,419,418,440,448,54.488640892216374,253.07113624433742,54.554289672401765,289.6894889359985,0.7831,3,20,3,4,5000,100,71.0,10.0,15.0,0.35,0.35,0.3,0.1,1.4667,0.0675,4.0981,270.1451,3.9377,-5.5181,6.7790
162,15,421,389,442,415,49.90906213865549,231.36551169091732,50.05589973010375,264.78104161740885,0.7109,3,20,3,4,5000,100,71.0,10.0,15.0,0.35,0.35,0.3,0.1,1.4642,0.0674,4.0911,246.9480,3.9908,-4.7408,6.1969
162,13,184,355,170,376,121.60750224624891,167.90771274721124,121.87959684702274,193.13207915827965,0.6975,3,20,3,4,5000,100,71.0,10.0,15.0,0.35,0.35,0.3,0.1,1.5189,0.0699,4.2432,179.6387,-2.3626,-3.8392,4.5079
163,3,412,419,433,448,55.92839019260582,249.897979183506,55.69805906112602,285.68689154387187,0.6706,3,20,3,4,5000,100,71.0,10.0,15.0,0.35,0.35,0.3,0.1,1.4527,0.0668,4.0592,266.5967,3.7479,-5.5416,6.6900
163,15,415,389,434,415,51.064922445447955,227.547797176769,51.40909824247001,259.71715384240605,0.5893,3,20,3,4,5000,100,71.0,10.0,15.0,0.35,0.35,0.3,0.1,1.4353,0.066,4.0107,242.5706,3.8254,-4.7349,6.0871
163,13,177,355,162,376,123.59750576561092,171.67993476233616,123.8510103035582,197.47404892795407,0.6769,3,20,3,4,5000,100,71.0,10.0,15.0,0.35,0.35,0.3,0.1,1.5191,0.0699,4.2437,183.6758,-2.5505,-3.8392,4.6092
164,3,407,418,428,448,56.7615790386782,246.29453911932356,56.534620653644716,282.8992753613908,0.6752,3,20,3,4,5000,100,71.0,10.0,15.0,0.35,0.35,0.3,0.1,1.5038,0.0692,4.2012,263.3309,3.6220,-5.5270,6.6081
164,15,410,389,429,415,52.05784664988108,224.43930137121706,52.28166880753508,256.62813563598206,0.6733,3,20,3,4,5000,100,71.0,10.0,15.0,0.35,0.35,0.3,0.1,1.4547,0.0669,4.0645,239.4568,3.6947,-4.7389,6.0090
164,13,172,355,157,377,124.96512077353357,174.49641830135081,124.87532834460218,201.12185361118767,0.7635,3,20,3,4,5000,100,71.0,10.0,15.0,0.35,0.35,0.3,0.1,1.541,0.0709,4.3048,186.8655,-2.6873,-3.8428,4.6892
165,3,402,419,422,448,57.87038502755309,244.43608571567333,57.56023709684556,279.6354770053328,0.6069,3,20,3,4,5000,100,71.0,10.0,15.0,0.35,0.35,0.3,0.1,1.4602,0.0672,4.0799,260.8537,3.4813,-5.5434,6.5459
165,15,404,389,423,415,53.285797023953755,220.8008152158864,53.35656670649716,253.00197627686626,0.7722,3,20,3,4,5000,100,71.0,10.0,15.0,0.35,0.35,0.3,0.1,1.4775,0.068,4.1282,235.8071,3.5375,-4.7435,5.9174
165,13,166,356,151,377,126.35719741999546,178.80715869338118,126.2538377374448,204.61182761512103,0.7676,3,20,3,4,5000,100,71.0,10.0,15.0,0.35,0.35,0.3,0.1,1.4631,0.0673,4.0881,190.8411,-2.8390,-3.8567,4.7890
166,3,399,420,418,449,58.59272412514306,243.70679104202247,58.36552869030952,278.36127604248406,0.6758,4,20,3,4,5000,100,71.0,10.0,15.0,0.35,0.35,0.3,0.1,1.4431,0.0664,4.0324,259.8839,3.3985,-5.5660,6.5216
166,15,401,390,420,416,54.06843886590989,219.82947936980608,54.03948280335512,252.03174403237384,0.7903,4,20,3,4,5000,100,71.0,10.0,15.0,0.35,0.35,0.3,0.1,1.4837,0.0682,4.1452,234.8318,3.4581,-4.7716,5.8929
166,13,163,357,148,378,126.93306827020692,181.40011025354974,126.75928817029212,207.20038610002638,0.7108,4,20,3,4,5000,100,71.0,10.0,15.0,0.35,0.35,0.3,0.1,1.4434,0.0664,4.0332,193.4438,-2.9169,-3.8802,4.8543
166,17,594,27,638,2,330.1211608788076,371.36101033899615,330.1540680503126,421.96682334041384,0.6743,4,20,3,4,5000,100,71.0,10.0,15.0,0.35,0.35,0.3,0.1,1.3868,0.0638,3.8758,395.0499,8.5957,4.9385,9.9134
167,3,396,420,415,449,59.19855402386317,242.15697388264496,58.89424678339336,276.79956647364895,0.6233,4,20,3,4,5000,100,71.0,10.0,15.0,0.35,0.35,0.3,0.1,1.4512,0.0668,4.0551,258.3220,3.3194,-5.5680,6.4824
167,15,398,390,416,416,54.70665240933972,218.08255317654368,54.78240703180729,249.70382456021773,0.7642,4,20,3,4,5000,100,71.0,10.0,15.0,0.35,0.35,0.3,0.1,1.4696,0.0676,4.1061,232.8244,3.3756,-4.7687,5.8425
167,13,160,357,144,378,127.68299276767524,183.2184488527288,127.63525375501736,209.61870145576228,0.7991,4,20,3,4,5000,100,71.0,10.0,15.0,0.35,0.35,0.3,0.1,1.461,0.0672,4.0823,195.5315,-2.9994,-3.8832,4.9067
167,17,591,27,636,2,329.888954898723,368.7627963881389,330.01836063115064,420.23326855450176,0.6464,4,20,3,4,5000,100,71.0,10.0,15.0,0.35,0.35,0.3,0.1,1.4182,0.0652,3.9632,392.8192,8.5272,4.9453,9.8574
168,3,393,420,411,449,59.81211892641385,240.63457773146402,59.60846693392887,274.7544358149655,0.6754,4,20,3,4,5000,100,71.0,10.0,15.0,0.35,0.35,0.3,0.1,1.4392,0.0662,4.0217,256.5651,3.2374,-5.5651,6.4383
168,15,396,390,413,416,55.13780385308514,216.9331694324314,55.34868408799547,247.98588669519077,0.6792,4,20,3,4,5000,100,71.0,10.0,15.0,0.35,0.35,0.3,0.1,1.4521,0.0668,4.0573,231.4225,3.3195,-4.7651,5.8073
168,13,157,357,141,378,128.418055344822,185.06755523321746,128.2789704243618,211.463944917331,0.7098,4,20,3,4,5000,100,71.0,10.0,15.0,0.35,0.35,0.3,0.1,1.4472,0.0666,4.0438,197.3872,-3.0779,-3.8809,4.9533
168,17,588,27,634,2,329.65345749771893,366.17072520888394,329.88152970314053,418.5020907952552,0.6258,4,20,3,4,5000,100,71.0,10.0,15.0,0.35,0.35,0.3,0.1,1.4499,0.0667,4.0513,390.5914,8.4586,4.9520,9.8015
169,3,390,420,407,449,60.43342449522286,239.14012628582432,60.333284793053544,272.75263518433695,0.7716,4,20,3,4,5000,100,71.0,10.0,15.0,0.35,0.35,0.3,0.1,1.4275,0.0657,3.9891,254.8428,3.1555,-5.5623,6.3951
169,15,392,390,409,416,56.013832890351416,214.67184258770408,56.11592944733158,245.73359558676546,0.7544,4,20,3,4,5000,100,71.0,10.0,15.0,0.35,0.35,0.3,0.1,1.4667,0.0675,4.0981,229.1549,3.2145,-4.7681,5.7504
169,13,154,357,137,379,129.13845860180353,186.94651641579205,128.9514933389994,214.74170531128786,0.7009,4,20,3,4,5000,100,71.0,10.0,15.0,0.35,0.35,0.3,0.1,1.5043,0.0692,4.2027,199.8825,-3.1660,-3.8904,5.0159
169,17,585,27,630,2,329.4146063231528,363.5849281804734,329.6044474467901,415.04698529202693,0.6914,4,20,3,4,5000,100,71.0,10.0,15.0,0.35,0.35,0.3,0.1,1.4369,0.0661,4.0151,387.6153,8.3736,4.9492,9.7269
170,3,386,420,403,449,61.27386933469565,237.19190542680835,61.06870083146623,270.79512551004314,0.6938,4,20,3,4,5000,100,71.0,10.0,15.0,0.35,0.35,0.3,0.1,1.4381,0.0661,4.0185,252.8821,3.0500,-5.5648,6.3458
170,15,388,390,404,416,56.90830006131757,212.46176126540982,57.094757077012105,242.98148077579904,0.7052,4,20,3,4,5000,100,71.0,10.0,15.0,0.35,0.35,0.3,0.1,1.4568,0.067,4.0706,226.6990,3.1060,-4.7661,5.6888
170,13,150,357,132,379,130.07656262330377,189.49670181826386,129.97388958430176,217.91970998512272,0.7526,4,20,3,4,5000,100,71.0,10.0,15.0,0.35,0.35,0.3,0.1,1.5167,0.0698,4.2370,202.7168,-3.2751,-3.8925,5.0870
170,17,581,27,626,2,329.0908108604885,360.14719213121737,329.32271997820357,411.6017492674199,0.6344,4,20,3,4,5000,100,71.0,10.0,15.0,0.35,0.35,0.3,0.1,1.4495,0.0667,4.0501,384.1592,8.2711,4.9519,9.6401
171,13,143,357,123,379,131.65805614273887,194.07730418572905,131.73983936212514,223.80795338861395,0.7565,2,20,3,4,5000,100,71.0,10.0,15.0,0.35,0.35,0.3,0.1,1.5467,0.0711,4.3206,207.8850,-3.4674,-3.8975,5.2167
171,17,574,27,618,2,328.5090816799128,354.1595685563218,328.7449115065697,404.74189306272706,0.6288,2,20,3,4,5000,100,71.0,10.0,15.0,0.35,0.35,0.3,0.1,1.449,0.0667,4.0489,377.7650,8.0835,4.9518,9.4797
172,13,129,357,108,379,134.60211903816543,203.6516633862832,134.48071712341084,234.06195760951843,0.7359,2,20,3,4,5000,100,71.0,10.0,15.0,0.35,0.35,0.3,0.1,1.5104,0.0695,4.2196,217.8004,-3.8378,-3.8914,5.4655
172,17,560,26,602,1,327.144278049567,342.8410710518797,327.4053981536397,391.68992838723847,0.4862,2,20,3,4,5000,100,71.0,10.0,15.0,0.35,0.35,0.3,0.1,1.4458,0.0665,4.0399,365.6412,7.7077,4.9779,9.1754
173,13,123,357,101,379,135.77948632111847,207.90863377935992,135.6780249107513,239.0188277102873,0.7497,2,20,3,4,5000,100,71.0,10.0,15.0,0.35,0.35,0.3,0.1,1.5133,0.0696,4.2277,222.3810,-3.9993,-3.8919,5.5805
173,17,553,26,594,1,326.4985598732471,336.98219537536403,326.7639961486681,384.974025097798,0.4769,2,20,3,4,5000,100,71.0,10.0,15.0,0.35,0.35,0.3,0.1,1.4452,0.0665,4.0381,359.3830,7.5202,4.9778,9.0184
174,13,116,357,94,379,137.09293430528817,212.9812198293549,136.82620328790867,244.07580789582568,0.6388,1,20,3,4,5000,100,71.0,10.0,15.0,0.35,0.35,0.3,0.1,1.479,0.068,4.1323,227.4708,-4.1810,-3.8862,5.7082
175,13,113,358,91,379,137.4406379257615,215.8633827215723,137.3037603246002,246.272207120495,0.736,1,20,3,4,5000,100,71.0,10.0,15.0,0.35,0.35,0.3,0.1,1.4305,0.0658,3.9974,230.0673,-4.2525,-3.9048,5.7733
176,13,110,358,87,379,137.97373108248013,218.08255317654368,137.92734799174087,249.22680433693324,0.7944,1,20,3,4,5000,100,71.0,10.0,15.0,0.35,0.35,0.3,0.1,1.4489,0.0666,4.0485,232.6169,-4.3362,-3.9079,5.8373
177,13,107,358,84,379,138.49604004185736,220.32022149589446,138.38538265069204,251.46172671005024,0.7467,1,20,3,4,5000,100,71.0,10.0,15.0,0.35,0.35,0.3,0.1,1.435,0.066,4.0099,234.8632,-4.4138,-3.9056,5.8937
178,13,105,358,82,379,138.83837329742784,221.82200071228283,138.68623024278546,252.96047122030745,0.7275,1,20,3,4,5000,100,71.0,10.0,15.0,0.35,0.35,0.3,0.1,1.4258,0.0656,3.9843,236.3701,-4.4656,-3.9040,5.9315
179,13,104,358,81,379,139.00780454237233,222.5758297749331,138.8353190971333,253.71243564319033,0.7098,1,20,3,4,5000,100,71.0,10.0,15.0,0.35,0.35,0.3,0.1,1.4212,0.0654,3.9716,237.1264,-4.4914,-3.9033,5.9505
180,13,104,358,81,379,139.00780454237233,222.5758297749331,138.8353190971333,253.71243564319033,0.7292,2,20,3,4,5000,100,71.0,10.0,15.0,0.35,0.35,0.3,0.1,1.4212,0.0654,3.9716,237.1264,-4.4914,-3.9033,5.9505
180,17,533,25,570,1,324.3793450328532,321.0763149159402,324.699457158905,365.1369606051954,0.3834,2,20,3,4,5000,100,71.0,10.0,15.0,0.35,0.35,0.3,0.1,1.3959,0.0642,3.9011,341.6921,6.9701,4.9939,8.5745
181,13,104,358,81,379,139.00780454237233,222.5758297749331,138.8353190971333,253.71243564319033,0.6907,1,20,3,4,5000,100,71.0,10.0,15.0,0.35,0.35,0.3,0.1,1.4212,0.0654,3.9716,237.1264,-4.4914,-3.9033,5.9505
182,13,100,358,76,379,139.67416371113077,225.61028345356956,139.56764777043583,257.4975728040946,0.755,1,20,3,4,5000,100,71.0,10.0,15.0,0.35,0.35,0.3,0.1,1.4349,0.066,4.0097,240.5016,-4.6011,-3.9056,6.0352
183,13,100,358,75,379,139.67416371113077,225.61028345356956,139.71153094610156,258.25955935840983,0.8061,2,20,3,4,5000,100,71.0,10.0,15.0,0.35,0.35,0.3,0.1,1.4669,0.0675,4.0987,240.8334,-4.6074,-3.9110,6.0435
183,17,528,25,564,1,323.8530391225935,317.02523558858843,324.148021310425,360.25685281476603,0.4054,2,20,3,4,5000,100,71.0,10.0,15.0,0.35,0.35,0.3,0.1,1.3877,0.0638,3.8783,337.2613,6.8341,4.9921,8.4633
184,13,99,355,75,377,140.42321859677338,224.4504399639261,140.0516893437624,256.9708154635464,0.5786,1,20,3,4,5000,100,71.0,10.0,15.0,0.35,0.35,0.3,0.1,1.4686,0.0676,4.1032,239.6122,-4.6345,-3.8309,6.0129
185,18,339,397,343,411,70.09152970967384,196.7587355112855,70.36441719555296,211.28653530218153,0.375,2,20,3,4,5000,100,71.0,10.0,15.0,0.35,0.35,0.3,0.1,0.774,0.0356,2.1714,203.7640,1.7412,-4.8077,5.1133
185,13,100,352,76,373,140.85601358542894,221.7746604100658,140.5993393365206,253.64739304790814,0.6516,2,20,3,4,5000,100,71.0,10.0,15.0,0.35,0.35,0.3,0.1,1.4575,0.067,4.0724,236.6426,-4.6055,-3.7487,5.9383
186,18,340,396,344,409,69.71744091108339,196.16319736382766,69.92353994846752,209.74508337503408,0.4322,2,20,3,4,5000,100,71.0,10.0,15.0,0.35,0.35,0.3,0.1,0.7274,0.0335,2.0419,202.7269,1.7635,-4.7718,5.0872
186,13,102,351,77,371,140.72895128474488,219.59280498231266,140.80672690553158,251.60683615514105,0.7924,2,20,3,4,5000,100,71.0,10.0,15.0,0.35,0.35,0.3,0.1,1.477,0.0679,4.1268,234.5123,-4.5558,-3.7251,5.8849
187,13,103,348,80,369,141.17519355691684,216.92625475031832,140.7268472589113,248.0181444975347,0.5223,1,20,3,4,5000,100,71.0,10.0,15.0,0.35,0.35,0.3,0.1,1.4538,0.0669,4.0622,231.4326,-4.5245,-3.6410,5.8076
188,13,104,346,81,366,141.42347043655656,214.89532335534898,141.12136742661835,245.3507693079441,0.6327,1,20,3,4,5000,100,71.0,10.0,15.0,0.35,0.35,0.3,0.1,1.4386,0.0662,4.0198,229.1154,-4.4948,-3.5851,5.7494
189,13,103,343,80,362,142.21902082486966,213.82703290276467,142.00126755749537,243.64728605096343,0.6619,1,20,3,4,5000,100,71.0,10.0,15.0,0.35,0.35,0.3,0.1,1.4171,0.0652,3.9601,227.7652,-4.5173,-3.5016,5.7156
190,13,102,338,78,357,143.45502767717747,211.60340261914504,143.2247278329684,242.20033030530738,0.6763,1,20,3,4,5000,100,71.0,10.0,15.0,0.35,0.35,0.3,0.1,1.4658,0.0674,4.0955,225.8704,-4.5536,-3.3750,5.6680
191,13,100,333,76,351,144.87405925175742,210.2974084481309,144.65635652023974,240.28524715429367,0.6997,1,20,3,4,5000,100,71.0,10.0,15.0,0.35,0.35,0.3,0.1,1.4469,0.0666,4.0429,224.2934,-4.6034,-3.2385,5.6284
192,13,98,327,74,344,146.53850484993143,208.568933448872,146.30993247402023,237.9663841806233,0.6611,1,20,3,4,5000,100,71.0,10.0,15.0,0.35,0.35,0.3,0.1,1.4312,0.0658,3.9994,222.3000,-4.6538,-3.0758,5.5784
193,13,98,324,73,340,147.23150092123018,206.92993983471797,147.25022426667311,236.61149591682988,0.8122,1,20,3,4,5000,100,71.0,10.0,15.0,0.35,0.35,0.3,0.1,1.4548,0.0669,4.0650,220.7776,-4.6586,-2.9986,5.5402
194,13,98,319,74,336,148.41087356438248,204.26698215815497,147.9426242657946,233.62362894193728,0.5346,1,20,3,4,5000,100,71.0,10.0,15.0,0.35,0.35,0.3,0.1,1.4575,0.067,4.0724,217.9613,-4.6591,-2.8651,5.4695
195,13,97,315,73,330,149.52014901853704,203.0615670184784,149.33355025584783,231.3547060251855,0.7193,1,20,3,4,5000,100,71.0,10.0,15.0,0.35,0.35,0.3,0.1,1.4159,0.0651,3.9568,216.2868,-4.6775,-2.7530,5.4275
196,19,527,446,564,478,42.54095600989538,346.0939178893498,42.33223371955367,394.9936708353692,0.7573,2,20,3,4,5000,100,71.0,10.0,15.0,0.35,0.35,0.3,0.1,1.4345,0.066,4.0085,368.9305,6.8212,-6.2595,9.2580
196,13,97,311,73,326,150.50253879163162,201.06217943710845,150.19314384403373,229.34035841953332,0.6336,2,20,3,4,5000,100,71.0,10.0,15.0,0.35,0.35,0.3,0.1,1.4284,0.0657,3.9914,214.2723,-4.6800,-2.6475,5.3770
197,13,97,306,73,320,151.75784882949173,198.64792976520042,151.51071557708366,226.41775548750587,0.668,1,20,3,4,5000,100,71.0,10.0,15.0,0.35,0.35,0.3,0.1,1.4203,0.0653,3.9690,211.6257,-4.6784,-2.5130,5.3106
198,13,98,301,75,315,152.91051697439426,195.4405280385826,152.39751288560507,222.3015969353347,0.4887,1,20,3,4,5000,100,71.0,10.0,15.0,0.35,0.35,0.3,0.1,1.3979,0.0643,3.9067,208.0075,-4.6471,-2.3770,5.2198
199,20,335,361,345,382,67.08044516753337,161.7714437099453,66.76074534874147,185.0108104949546,0.6947,3,20,3,4,5000,100,71.0,10.0,15.0,0.35,0.35,0.3,0.1,1.4569,0.067,4.0708,172.6124,1.6869,-3.9896,4.3316
199,21,337,331,346,347,61.35581710101725,135.5949851580065,61.270731215544814,153.95129099815955,0.7781,3,20,3,4,5000,100,71.0,10.0,15.0,0.35,0.35,0.3,0.1,1.3782,0.0634,3.8520,144.1913,1.7345,-3.1755,3.6184
199,13,99,298,75,310,153.56757770527415,193.19679086361657,153.55140349896743,220.0295434708712,0.8069,3,20,3,4,5000,100,71.0,10.0,15.0,0.35,0.35,0.3,0.1,1.4117,0.0649,3.9450,205.7420,-4.6232,-2.2982,5.1629
200,19,531,441,560,468,41.48214560419822,345.71953951143695,41.6335393365702,385.33102652135346,0.5822,5,20,3,4,5000,100,71.0,10.0,15.0,0.35,0.35,0.3,0.1,1.178,0.0542,3.2950,364.4521,6.8515,-6.0579,9.1456
200,22,528,429,565,459,40.286485837615366,335.5964838909967,40.13100302590743,383.22056312259656,0.7814,5,20,3,4,5000,100,71.0,10.0,15.0,0.35,0.35,0.3,0.1,1.4403,0.0663,4.0248,357.8309,6.8497,-5.8062,8.9794
200,20,334,356,344,377,66.70543674610558,156.7801007781281,66.4252937980874,180.02499826412998,0.708,5,20,3,4,5000,100,71.0,10.0,15.0,0.35,0.35,0.3,0.1,1.5004,0.069,4.1918,167.6004,1.6632,-3.8629,4.2058
200,21,337,327,345,342,60.52411099675425,132.09844813622905,60.684114027040785,149.093930124603,0.7497,5,20,3,4,5000,100,71.0,10.0,15.0,0.35,0.35,0.3,0.1,1.314,0.0604,3.6733,140.0826,1.7297,-3.0602,3.5152
200,13,98,293,74,305,155.037210169193,191.92967462067975,154.84069808396833,218.7532856896097,0.7147,5,20,3,4,5000,100,71.0,10.0,15.0,0.35,0.35,0.3,0.1,1.4199,0.0653,3.9680,204.4655,-4.6516,-2.1654,5.1309
201,22,529,433,560,460,40.69296781399768,338.9542742022882,40.73210669970919,380.0631526470305,0.6832,3,20,3,4,5000,100,71.0,10.0,15.0,0.35,0.35,0.3,0.1,1.243,0.0572,3.4757,358.3335,6.8179,-5.8629,8.9921
201,20,332,350,342,369,66.5014343240479,150.47923444781344,65.96982555246255,171.89822570346675,0.577,3,20,3,4,5000,100,71.0,10.0,15.0,0.35,0.35,0.3,0.1,1.4444,0.0664,4.0361,160.4772,1.6057,-3.6931,4.0270
201,13,97,287,72,298,156.80140948635182,190.3943276465977,156.73229518994304,217.70622407271685,0.7673,3,20,3,4,5000,100,71.0,10.0,15.0,0.35,0.35,0.3,0.1,1.4549,0.0669,4.0653,203.1364,-4.6854,-2.0080,5.0975
202,20,331,346,340,365,66.23617798067193,146.4137971640651,66.03751102542182,167.4305826305338,0.7378,2,20,3,4,5000,100,71.0,10.0,15.0,0.35,0.35,0.3,0.1,1.4558,0.067,4.0678,156.2185,1.5797,-3.5878,3.9202
202,13,95,282,71,293,158.42218266452699,190.33917095542893,158.05130091647302,216.7071757002984,0.59,2,20,3,4,5000,100,71.0,10.0,15.0,0.35,0.35,0.3,0.1,1.4083,0.0648,3.9356,202.6691,-4.7294,-1.8704,5.0858
203,22,527,428,558,452,40.26656166942452,334.1870733586205,40.00205790607209,373.35773729762184,0.4839,3,20,3,4,5000,100,71.0,10.0,15.0,0.35,0.35,0.3,0.1,1.2036,0.0554,3.3662,352.6881,6.7533,-5.7204,8.8504
203,20,331,343,340,361,65.75407131879939,143.67324037551322,65.46918963248217,163.783393541592,0.7048,3,20,3,4,5000,100,71.0,10.0,15.0,0.35,0.35,0.3,0.1,1.422,0.0654,3.9737,153.0706,1.5774,-3.5023,3.8412
203,13,95,279,70,289,159.2667884325332,189.25643978475344,159.1337478520018,216.17816726024856,0.7148,3,20,3,4,5000,100,71.0,10.0,15.0,0.35,0.35,0.3,0.1,1.4436,0.0664,4.0338,201.8235,-4.7366,-1.7929,5.0646
204,22,525,424,555,449,39.961144975480934,330.0802932621092,39.94468648194581,369.13141291415445,0.7822,4,20,3,4,5000,100,71.0,10.0,15.0,0.35,0.35,0.3,0.1,1.2142,0.0559,3.3957,348.5153,6.7034,-5.6171,8.7457
204,19,523,411,560,439,38.40839006496882,320.31546949843056,38.244982345846694,366.705603993176,0.7449,4,20,3,4,5000,100,71.0,10.0,15.0,0.35,0.35,0.3,0.1,1.468,0.0675,4.1016,341.9443,6.7239,-5.3309,8.5808
204,20,329,339,338,356,65.82855579020683,139.20488497175666,65.37643521383639,158.40454538932903,0.6504,4,20,3,4,5000,100,71.0,10.0,15.0,0.35,0.35,0.3,0.1,1.4025,0.0645,3.9195,148.1854,1.5226,-3.3926,3.7186
204,13,94,275,69,285,160.50946949202458,188.8200201249857,160.2211151936914,215.72667892497674,0.6412,4,20,3,4,5000,100,71.0,10.0,15.0,0.35,0.35,0.3,0.1,1.4459,0.0665,4.0403,201.3786,-4.7638,-1.6861,5.0534
205,20,329,335,338,352,65.13630342824813,135.56548233234005,64.75947073521321,154.77725931156684,0.6731,2,20,3,4,5000,100,71.0,10.0,15.0,0.35,0.35,0.3,0.1,1.4385,0.0662,4.0197,144.5358,1.5250,-3.2908,3.6270
205,13,94,271,69,281,161.66167128703017,187.52333188166213,161.22702690114045,214.40615662802222,0.545,2,20,3,4,5000,100,71.0,10.0,15.0,0.35,0.35,0.3,0.1,1.4541,0.0669,4.0629,200.0657,-4.7655,-1.5796,5.0205
206,20,332,333,340,349,63.62466925374733,135.05924625881784,63.60247986452388,152.9477034806342,0.8196,2,20,3,4,5000,100,71.0,10.0,15.0,0.35,0.35,0.3,0.1,1.3503,0.0621,3.7743,143.4479,1.5992,-3.2250,3.5997
206,13,96,269,71,278,162.05474677020723,185.0,161.8219812015815,211.5585025471678,0.6632,2,20,3,4,5000,100,71.0,10.0,15.0,0.35,0.35,0.3,0.1,1.456,0.067,4.0682,197.3899,-4.7124,-1.5262,4.9533
207,20,333,331,343,347,62.86009407067906,133.7235955244997,62.25895429290408,152.5319638633162,0.5722,2,20,3,4,5000,100,71.0,10.0,15.0,0.35,0.35,0.3,0.1,1.4284,0.0657,3.9916,142.5099,1.6313,-3.1824,3.5762
207,13,98,267,73,276,162.45867371151684,182.48561587149823,162.1717916679418,209.03827400741713,0.6434,2,20,3,4,5000,100,71.0,10.0,15.0,0.35,0.35,0.3,0.1,1.4744,0.0678,4.1194,194.8616,-4.6625,-1.4738,4.8899
208,20,336,330,345,346,61.525796389925645,134.23859355639868,61.41950674318165,152.59423318068085,0.7914,2,20,3,4,5000,100,71.0,10.0,15.0,0.35,0.35,0.3,0.1,1.3912,0.064,3.8882,142.8291,1.7088,-3.1506,3.5842
208,13,100,265,75,274,162.87386589355953,179.98055450520204,162.530126169623,206.52602741543257,0.6036,2,20,3,4,5000,100,71.0,10.0,15.0,0.35,0.35,0.3,0.1,1.4931,0.0687,4.1715,192.3417,-4.6126,-1.4213,4.8266
209,19,541,410,573,434,36.355278734726845,334.0134727821619,36.41031568831405,374.0120318920235,0.6651,3,20,3,4,5000,100,71.0,10.0,15.0,0.35,0.35,0.3,0.1,1.2282,0.0565,3.4346,352.8829,7.1317,-5.2493,8.8553
209,21,344,326,355,341,57.724355685422374,134.8332303254654,57.24233119887444,153.39491516996253,0.6414,3,20,3,4,5000,100,71.0,10.0,15.0,0.35,0.35,0.3,0.1,1.4,0.0644,3.9127,143.5164,1.9231,-3.0450,3.6014
209,13,107,261,85,268,163.4601759987711,172.12204972053988,163.32886949265745,195.2050204272421,0.7576,3,20,3,4,5000,100,71.0,10.0,15.0,0.35,0.35,0.3,0.1,1.3661,0.0628,3.8184,182.9383,-4.4007,-1.3069,4.5907
210,19,546,407,579,431,35.438653038319615,336.304921165302,35.50235364138641,377.107411754264,0.6641,3,20,3,4,5000,100,71.0,10.0,15.0,0.35,0.35,0.3,0.1,1.2434,0.0572,3.4769,355.5393,7.2690,-5.1732,8.9219
210,21,349,322,361,338,55.00797980144134,134.27211177307072,54.764557879888415,154.26276284314372,0.7255,3,20,3,4,5000,100,71.0,10.0,15.0,0.35,0.35,0.3,0.1,1.5062,0.0693,4.2080,143.5749,2.0661,-2.9516,3.6029
210,13,114,257,91,264,164.10251025807491,164.28329190760695,163.9710216937233,188.32153355365392,0.7446,3,20,3,4,5000,100,71.0,10.0,15.0,0.35,0.35,0.3,0.1,1.4821,0.0682,4.1409,175.4830,-4.2352,-1.2062,4.4036
211,23,486,440,517,473,46.81419190902995,312.697937313312,46.81112079219073,357.97485945244813,0.8009,3,20,3,4,5000,100,71.0,10.0,15.0,0.35,0.35,0.3,0.1,1.4677,0.0675,4.1007,333.8081,5.7327,-6.1077,8.3766
211,21,354,319,366,334,52.53506372332812,134.80726983364065,52.38604315126727,154.01298646542764,0.7806,3,20,3,4,5000,100,71.0,10.0,15.0,0.35,0.35,0.3,0.1,1.4456,0.0665,4.0395,143.7716,2.1945,-2.8636,3.6078
211,13,117,254,96,260,164.838757421862,160.58953888718904,164.74488129694222,182.42806801586207,0.7662,3,20,3,4,5000,100,71.0,10.0,15.0,0.35,0.35,0.3,0.1,1.3841,0.0637,3.8683,170.8136,-4.1372,-1.1211,4.2864
212,23,490,435,522,466,45.64958417948488,311.8541325684173,45.454718861693145,356.39304145844375,0.6287,4,20,3,4,5000,100,71.0,10.0,15.0,0.35,0.35,0.3,0.1,1.449,0.0667,4.0488,332.6393,5.8351,-5.9690,8.3473
212,19,555,399,588,421,33.45582606932617,339.2020047110571,33.48034745411672,378.8627719900703,0.7004,4,20,3,4,5000,100,71.0,10.0,15.0,0.35,0.35,0.3,0.1,1.2008,0.0552,3.3584,357.9371,7.4939,-4.9518,8.9821
212,21,358,313,371,327,49.58609889617086,132.6536844569347,49.275841112628946,151.74320413119,0.7006,4,20,3,4,5000,100,71.0,10.0,15.0,0.35,0.35,0.3,0.1,1.4592,0.0671,4.0773,141.5578,2.3030,-2.7046,3.5523
212,13,122,248,102,253,166.5042667192042,154.2595215861893,166.44054812946595,174.8742405273001,0.7879,4,20,3,4,5000,100,71.0,10.0,15.0,0.35,0.35,0.3,0.1,1.3616,0.0626,3.8059,163.9213,-3.9999,-0.9600,4.1135
213,23,494,429,526,460,44.3474566946081,310.4400103079498,44.315222492990856,354.9929576766277,0.794,4,20,3,4,5000,100,71.0,10.0,15.0,0.35,0.35,0.3,0.1,1.4556,0.067,4.0671,331.2250,5.9439,-5.8100,8.3118
213,19,559,393,593,414,32.238073317003305,339.3081195609678,32.181529543752355,379.26903380054637,0.6525,4,20,3,4,5000,100,71.0,10.0,15.0,0.35,0.35,0.3,0.1,1.209,0.0556,3.3813,358.1774,7.6025,-4.7946,8.9881
213,21,362,308,375,321,46.8476102659946,131.59027319676784,46.621145913653415,149.96666296213968,0.738,4,20,3,4,5000,100,71.0,10.0,15.0,0.35,0.35,0.3,0.1,1.4189,0.0653,3.9651,140.1788,2.4059,-2.5663,3.5177
213,13,126,242,106,247,168.3885135761115,149.05032707109368,168.0939479780548,169.64963896218583,0.742,4,20,3,4,5000,100,71.0,10.0,15.0,0.35,0.35,0.3,0.1,1.4052,0.0646,3.9269,158.6843,-3.9005,-0.8015,3.9820
214,23,497,425,529,454,43.43064519525102,309.82898508693467,43.2782004658922,353.0056656769123,0.6779,4,20,3,4,5000,100,71.0,10.0,15.0,0.35,0.35,0.3,0.1,1.4161,0.0651,3.9574,330.0111,6.0140,-5.6932,8.2813
214,19,558,377,599,401,29.981639368849336,330.18328243568,30.027124233213083,377.69034936042516,0.9567,4,20,3,4,5000,100,71.0,10.0,15.0,0.35,0.35,0.3,0.1,1.459,0.0671,4.0767,352.3427,7.6586,-4.4184,8.8417
214,21,365,303,378,315,44.377244312793685,130.11533345459327,44.177629020001824,147.80054127099805,0.7458,4,20,3,4,5000,100,71.0,10.0,15.0,0.35,0.35,0.3,0.1,1.3834,0.0636,3.8664,138.3952,2.4823,-2.4289,3.4729
214,13,128,236,110,240,170.53767779197437,145.98630072715727,170.19390724010293,164.40194646049662,0.6696,4,20,3,4,5000,100,71.0,10.0,15.0,0.35,0.35,0.3,0.1,1.2899,0.0593,3.6062,154.6478,-3.8279,-0.6380,3.8807
215,23,497,421,529,451,42.88866937442398,307.09281984442424,42.92162975463803,350.9558376776201,0.7829,4,20,3,4,5000,100,71.0,10.0,15.0,0.35,0.35,0.3,0.1,1.4491,0.0667,4.0491,327.5625,6.0225,-5.5943,8.2199
215,19,558,374,600,397,29.528671834479855,328.69438693108225,29.424058480081808,376.575357664306,0.8047,4,20,3,4,5000,100,71.0,10.0,15.0,0.35,0.35,0.3,0.1,1.4759,0.0679,4.1237,351.0095,7.6642,-4.3412,8.8083
215,21,365,299,379,311,43.09084756700362,127.34991166074674,42.77603875961452,145.7737973711325,0.7272,4,20,3,4,5000,100,71.0,10.0,15.0,0.35,0.35,0.3,0.1,1.4665,0.0675,4.0975,135.9405,2.4912,-2.3305,3.4113
215,13,129,233,110,236,171.64564916462032,144.53373308677806,171.57303097851934,163.76812876747417,0.8045,4,20,3,4,5000,100,71.0,10.0,15.0,0.35,0.35,0.3,0.1,1.3563,0.0624,3.7910,153.5509,-3.8123,-0.5599,3.8532
216,23,496,418,529,448,42.60297146994041,304.32219767871027,42.56088349060091,348.919761549844,0.7783,4,20,3,4,5000,100,71.0,10.0,15.0,0.35,0.35,0.3,0.1,1.4842,0.0683,4.1468,325.0986,6.0048,-5.5223,8.1581
216,19,558,371,599,394,29.0716108600835,327.22622144320894,29.099215389968467,374.236556204762,0.935,4,20,3,4,5000,100,71.0,10.0,15.0,0.35,0.35,0.3,0.1,1.457,0.067,4.0710,349.1561,7.6579,-4.2574,8.7618
216,21,365,297,379,308,42.42664053682318,125.99206324209474,41.89833597013154,143.75326083258076,0.6379,4,20,3,4,5000,100,71.0,10.0,15.0,0.35,0.35,0.3,0.1,1.4315,0.0658,4.0000,134.2879,2.4874,-2.2734,3.3698
216,13,128,230,110,233,172.8749836510982,145.12063946937388,172.61395684873276,163.35544068074378,0.6967,4,20,3,4,5000,100,71.0,10.0,15.0,0.35,0.35,0.3,0.1,1.2851,0.0591,3.5930,153.6991,-3.8272,-0.4784,3.8569
217,23,495,410,528,439,41.60162857433747,298.21636440678435,41.564005657705415,342.14762895568924,0.7945,4,20,3,4,5000,100,71.0,10.0,15.0,0.35,0.35,0.3,0.1,1.4914,0.0686,4.1669,318.6751,5.9799,-5.3095,7.9969
217,19,556,364,598,385,28.156191448272576,322.11799080461185,27.953767766629316,369.0596157804319,0.7265,4,20,3,4,5000,100,71.0,10.0,15.0,0.35,0.35,0.3,0.1,1.4765,0.0679,4.1253,343.9948,7.6107,-4.0734,8.6322
217,21,363,288,377,299,39.86744556012703,118.56221995222593,39.644174957144806,136.35981812836215,0.7641,4,20,3,4,5000,100,71.0,10.0,15.0,0.35,0.35,0.3,0.1,1.5178,0.0698,4.2402,126.8397,2.4430,-2.0403,3.1829
217,13,128,223,108,224,175.63172256541162,144.4195277654653,175.8150838748816,164.43843832875572,0.7746,4,20,3,4,5000,100,71.0,10.0,15.0,0.35,0.35,0.3,0.1,1.4091,0.0648,3.9378,153.7802,-3.8478,-0.2939,3.8590
218,23,493,406,525,433,41.277569008723134,294.0697196244455,41.137790946134835,335.9315406448165,0.6939,3,20,3,4,5000,100,71.0,10.0,15.0,0.35,0.35,0.3,0.1,1.4446,0.0664,4.0365,313.6098,5.9143,-5.1917,7.8698
218,19,554,359,595,379,27.531976748722293,318.014150628553,27.34022352620009,363.61793135102675,0.7001,3,20,3,4,5000,100,71.0,10.0,15.0,0.35,0.35,0.3,0.1,1.4545,0.0669,4.0641,339.2905,7.5500,-3.9356,8.5142
218,13,124,218,105,219,177.67846941016728,148.12157169028418,177.59978553914337,167.14664220378464,0.7796,3,20,3,4,5000,100,71.0,10.0,15.0,0.35,0.35,0.3,0.1,1.3119,0.0603,3.6675,157.0601,-3.9380,-0.1597,3.9413
219,23,490,403,522,430,41.223118136475804,289.836160614924,41.08842818747134,331.6986584235758,0.7066,3,20,3,4,5000,100,71.0,10.0,15.0,0.35,0.35,0.3,0.1,1.4643,0.0674,4.0913,309.3576,5.8390,-5.1158,7.7631
219,19,551,356,592,376,27.299572211332805,313.9697437652233,27.135139622076878,359.57752988750565,0.7772,3,20,3,4,5000,100,71.0,10.0,15.0,0.35,0.35,0.3,0.1,1.4721,0.0677,4.1130,335.2295,7.4753,-3.8582,8.4123
219,13,122,215,102,216,178.8542371618249,150.02999700059985,178.6521127198014,170.0470523119998,0.7295,3,20,3,4,5000,100,71.0,10.0,15.0,0.35,0.35,0.3,0.1,1.3596,0.0625,3.8001,159.4126,-3.9995,-0.0800,4.0003
220,23,488,400,519,427,41.03534527714388,286.35642126552705,41.03778932353207,327.46602877245147,0.8112,3,20,3,4,5000,100,71.0,10.0,15.0,0.35,0.35,0.3,0.1,1.456,0.067,4.0683,305.5346,5.7833,-5.0336,7.6671
220,19,549,353,590,373,26.977243918480312,310.82149217838844,26.852605999935168,356.4337245547901,0.84,3,20,3,4,5000,100,71.0,10.0,15.0,0.35,0.35,0.3,0.1,1.4861,0.0684,4.1520,332.0686,7.4262,-3.7801,8.3330
220,13,119,213,100,213,179.62552311327718,153.00326793895613,179.66688875607863,172.00290695217916,0.8163,3,20,3,4,5000,100,71.0,10.0,15.0,0.35,0.35,0.3,0.1,1.2709,0.0585,3.5535,161.9477,-4.0638,-0.0266,4.0639
221,23,490,398,522,424,40.471175763067464,286.5658737533135,40.29794457668378,327.7865158910598,0.6688,3,20,3,4,5000,100,71.0,10.0,15.0,0.35,0.35,0.3,0.1,1.4587,0.0671,4.0757,305.7933,5.8376,-4.9807,7.6736
221,19,552,351,592,370,26.40111520236966,312.60358283295477,26.27785669257082,356.88093252512107,0.7901,3,20,3,4,5000,100,71.0,10.0,15.0,0.35,0.35,0.3,0.1,1.4378,0.0661,4.0177,333.2781,7.4910,-3.7188,8.3633
221,13,120,210,101,210,180.75384833307078,152.0131573252789,180.67009552222453,171.011695506477,0.7924,3,20,3,4,5000,100,71.0,10.0,15.0,0.35,0.35,0.3,0.1,1.2786,0.0588,3.5750,160.9537,-4.0386,0.0531,4.0390
222,23,496,394,528,420,39.0938588862295,288.61739379323626,39.0938588862295,329.84845004941286,0.8169,3,20,3,4,5000,100,71.0,10.0,15.0,0.35,0.35,0.3,0.1,1.4493,0.0667,4.0498,307.8586,5.9958,-4.8716,7.7254
222,19,557,347,598,366,25.34617594194669,315.35694062442957,25.28570548470194,360.5440333717922,0.883,3,20,3,4,5000,100,71.0,10.0,15.0,0.35,0.35,0.3,0.1,1.4534,0.0669,4.0611,336.4400,7.6300,-3.6142,8.4427
222,13,127,206,108,205,182.36950806425529,145.1240848377691,182.4440680576354,164.14932226482082,0.8072,3,20,3,4,5000,100,71.0,10.0,15.0,0.35,0.35,0.3,0.1,1.3374,0.0615,3.7383,154.0515,-3.8625,0.1598,3.8658
223,23,498,391,531,417,38.380470263849,288.3001907734367,38.36181870705259,330.311973746033,0.8073,3,20,3,4,5000,100,71.0,10.0,15.0,0.35,0.35,0.3,0.1,1.4764,0.0679,4.1251,307.8795,6.0564,-4.7969,7.7260
223,19,560,344,601,363,24.623564786163612,316.80909077865806,24.65354060194552,361.9972375585206,0.9312,3,20,3,4,5000,100,71.0,10.0,15.0,0.35,0.35,0.3,0.1,1.4472,0.0666,4.0439,337.8991,7.7082,-3.5329,8.4793
223,13,131,202,112,201,184.05673786129486,141.35416513141735,183.93289627223052,160.37767924496225,0.7727,3,20,3,4,5000,100,71.0,10.0,15.0,0.35,0.35,0.3,0.1,1.3707,0.063,3.8309,150.2662,-3.7613,0.2668,3.7708
224,23,501,386,533,412,37.228489636620736,287.6056327682057,37.462351135359626,328.8175786055241,0.6157,4,20,3,4,5000,100,71.0,10.0,15.0,0.35,0.35,0.3,0.1,1.4535,0.0669,4.0612,306.8340,6.1307,-4.6583,7.6997
224,19,562,340,604,358,23.815671154953908,316.9921134665656,23.737926598916715,362.6844358392017,0.8878,4,20,3,4,5000,100,71.0,10.0,15.0,0.35,0.35,0.3,0.1,1.4615,0.0672,4.0836,338.3024,7.7665,-3.4280,8.4894
224,24,367,234,383,238,13.03865658302297,97.51410154434076,13.182965158540851,114.00438588054409,0.676,4,20,3,4,5000,100,71.0,10.0,15.0,0.35,0.35,0.3,0.1,1.6949,0.078,4.7327,105.1164,2.5698,-0.5951,2.6378
224,13,133,198,114,196,185.75140209036599,139.70325694127536,185.78239232236405,158.80806024884254,0.8289,4,20,3,4,5000,100,71.0,10.0,15.0,0.35,0.35,0.3,0.1,1.3914,0.064,3.8885,148.6443,-3.7113,0.3738,3.7301
225,23,502,382,536,407,36.46923439005187,286.0069929215018,36.45092317958131,328.2087750198035,0.7823,3,20,3,4,5000,100,71.0,10.0,15.0,0.35,0.35,0.3,0.1,1.4937,0.0687,4.1732,305.6581,6.1682,-4.5591,7.6702
225,19,563,336,605,353,23.079670428056,316.3178780910115,22.948937280923275,361.62134892729995,0.7869,3,20,3,4,5000,100,71.0,10.0,15.0,0.35,0.35,0.3,0.1,1.4528,0.0668,4.0593,337.4559,7.7904,-3.3196,8.4682
225,13,134,194,115,191,187.43140797117252,139.16896205691842,187.61854648756895,158.39823231336896,0.7362,3,20,3,4,5000,100,71.0,10.0,15.0,0.35,0.35,0.3,0.1,1.4049,0.0646,3.9261,148.1623,-3.6868,0.4809,3.7180
226,23,503,379,536,403,35.86481164058984,285.0438562747845,35.88516844816483,325.84812413147324,0.7983,3,20,3,4,5000,100,71.0,10.0,15.0,0.35,0.35,0.3,0.1,1.4521,0.0668,4.0575,304.0832,6.1839,-4.4706,7.6307
226,19,564,332,607,349,22.34064795999414,315.69605635801025,22.242363680546664,361.93093263770646,0.8618,3,20,3,4,5000,100,71.0,10.0,15.0,0.35,0.35,0.3,0.1,1.4833,0.0682,4.1443,337.2362,7.8274,-3.2168,8.4626
226,13,135,190,117,187,189.12289620537845,138.75518008348374,189.1623470457217,157.00318468107582,0.8126,3,20,3,4,5000,100,71.0,10.0,15.0,0.35,0.35,0.3,0.1,1.3413,0.0617,3.7494,147.3162,-3.6500,0.5861,3.6968
227,23,505,373,539,397,34.64397375072999,283.21370023358685,34.71746497072657,324.82918588082566,0.7679,5,20,3,4,5000,100,71.0,10.0,15.0,0.35,0.35,0.3,0.1,1.4879,0.0684,4.1571,302.5973,6.2471,-4.3167,7.5934
227,25,568,339,603,354,23.22194794387203,322.09470656935673,23.21947851108703,360.17356926904006,0.7965,5,20,3,4,5000,100,71.0,10.0,15.0,0.35,0.35,0.3,0.1,1.2134,0.0558,3.3934,340.0715,7.8424,-3.3648,8.5338
227,19,566,327,609,343,21.363273830302663,315.69130491668597,21.24230046930975,361.56603822815,0.7332,5,20,3,4,5000,100,71.0,10.0,15.0,0.35,0.35,0.3,0.1,1.4726,0.0677,4.1144,337.0750,7.8774,-3.0813,8.4586
227,24,373,251,388,257,21.113500078365256,108.26818553942798,21.202818643809668,124.42266674525185,0.8175,5,20,3,4,5000,100,71.0,10.0,15.0,0.35,0.35,0.3,0.1,1.5093,0.0694,4.2165,115.7847,2.7105,-1.0466,2.9055
227,13,137,185,119,181,191.3099324740202,137.6735268670052,191.4538914160922,156.1089363233252,0.7747,5,20,3,4,5000,100,71.0,10.0,15.0,0.35,0.35,0.3,0.1,1.3642,0.0628,3.8130,146.3128,-3.6003,0.7201,3.6716
228,23,510,366,544,389,32.9052429229879,283.4783942384322,33.0534739500163,324.5196450139806,0.6907,4,20,3,4,5000,100,71.0,10.0,15.0,0.35,0.35,0.3,0.1,1.4675,0.0675,4.1003,302.6138,6.3755,-4.1254,7.5938
228,19,571,320,614,335,19.859923095437434,317.90721916936707,19.781077107035046,363.4460069941614,0.8837,4,20,3,4,5000,100,71.0,10.0,15.0,0.35,0.35,0.3,0.1,1.453,0.0668,4.0600,339.1548,8.0046,-2.8913,8.5108
228,24,378,244,393,248,16.798371781305296,110.72488428533127,16.568829179599057,126.24183141890805,0.7533,4,20,3,4,5000,100,71.0,10.0,15.0,0.35,0.35,0.3,0.1,1.4236,0.0655,3.9781,117.9753,2.8342,-0.8556,2.9605
228,13,142,177,124,172,195.0684881594922,134.6291201783626,195.12400730831058,153.3101431738944,0.8029,4,20,3,4,5000,100,71.0,10.0,15.0,0.35,0.35,0.3,0.1,1.4105,0.0649,3.9416,143.3636,-3.4739,0.9353,3.5976
229,23,512,362,546,385,32.005383208083494,283.0194339616981,32.26777617681975,324.04474999604605,0.5958,5,20,3,4,5000,100,71.0,10.0,15.0,0.35,0.35,0.3,0.1,1.4692,0.0676,4.1050,302.1458,6.4296,-4.0185,7.5821
229,19,573,316,617,331,19.060796398286413,318.4603586005643,19.03072401696669,364.9465714320385,0.8852,5,20,3,4,5000,100,71.0,10.0,15.0,0.35,0.35,0.3,0.1,1.4788,0.068,4.1317,340.1224,8.0671,-2.7873,8.5351
229,24,380,240,396,243,14.534455080540122,111.57060544785082,14.036243467926479,127.81627439414747,0.6688,5,20,3,4,5000,100,71.0,10.0,15.0,0.35,0.35,0.3,0.1,1.4754,0.0679,4.1221,119.1422,2.8941,-0.7503,2.9898
229,26,381,210,399,210,358.94881925045627,109.01834707974616,359.0977788384698,127.01574705523721,0.8151,5,20,3,4,5000,100,71.0,10.0,15.0,0.35,0.35,0.3,0.1,1.6577,0.0762,4.6292,117.3309,2.9438,0.0540,2.9443
229,13,145,172,127,167,197.48237518212156,133.15029102484155,197.24145939893995,151.82226450688975,0.7382,5,20,3,4,5000,100,71.0,10.0,15.0,0.35,0.35,0.3,0.1,1.4244,0.0655,3.9805,141.8746,-3.3958,1.0695,3.5602
230,23,512,359,547,380,31.487469364213986,281.44093518889537,31.421137286050662,322.2561093292104,0.7627,4,20,3,4,5000,100,71.0,10.0,15.0,0.35,0.35,0.3,0.1,1.4698,0.0676,4.1067,300.4688,6.4298,-3.9382,7.5400
230,19,574,313,618,326,18.491846301252796,318.44151739369664,18.236005943561384,364.29658247093124,0.6417,4,20,3,4,5000,100,71.0,10.0,15.0,0.35,0.35,0.3,0.1,1.4601,0.0672,4.0798,339.8292,8.0874,-2.7047,8.5277
230,24,381,236,396,239,12.417445790076302,111.61093136427094,12.283955441107167,126.90547663517127,0.7793,4,20,3,4,5000,100,71.0,10.0,15.0,0.35,0.35,0.3,0.1,1.394,0.0641,3.8960,118.7678,2.9107,-0.6409,2.9804
230,13,146,168,128,163,199.24952587268172,133.46160496562297,198.79229832348605,152.10851389715174,0.651,4,20,3,4,5000,100,71.0,10.0,15.0,0.35,0.35,0.3,0.1,1.4196,0.0653,3.9669,142.1763,-3.3683,1.1762,3.5678
231,23,513,354,548,374,30.50708616975788,279.72307734614964,30.411081267125365,320.0312484742701,0.7575,3,20,3,4,5000,100,71.0,10.0,15.0,0.35,0.35,0.3,0.1,1.4611,0.0672,4.0825,298.5227,6.4541,-3.8028,7.4912
231,19,574,307,618,320,17.461987160666354,316.58963975468305,17.33516493335027,362.46379129507545,0.8848,3,20,3,4,5000,100,71.0,10.0,15.0,0.35,0.35,0.3,0.1,1.4687,0.0676,4.1035,337.9772,8.0904,-2.5450,8.4812
231,13,146,163,129,157,201.25050550713323,135.19245541079576,201.03751102542182,153.2122710490253,0.7555,3,20,3,4,5000,100,71.0,10.0,15.0,0.35,0.35,0.3,0.1,1.3583,0.0625,3.7967,143.6394,-3.3594,1.3064,3.6045
232,23,513,348,548,367,29.43670437010371,276.72549575346324,29.318314017433373,316.5454153830063,0.726,3,20,3,4,5000,100,71.0,10.0,15.0,0.35,0.35,0.3,0.1,1.4592,0.0671,4.0771,295.2991,6.4536,-3.6419,7.4103
232,19,574,301,618,314,16.420350035051438,314.8412298286233,16.42539500990087,360.72149922065915,0.9685,3,20,3,4,5000,100,71.0,10.0,15.0,0.35,0.35,0.3,0.1,1.4765,0.0679,4.1252,336.2234,8.0931,-2.3851,8.4372
232,13,147,156,129,150,204.1323795945808,136.97079980784227,203.4399360934349,155.8621185535472,0.5434,3,20,3,4,5000,100,71.0,10.0,15.0,0.35,0.35,0.3,0.1,1.4025,0.0645,3.9195,145.8071,-3.3391,1.4959,3.6589
233,23,511,343,545,362,28.727903266223052,272.5472436110848,28.786618310014042,311.4947832628983,0.7605,3,20,3,4,5000,100,71.0,10.0,15.0,0.35,0.35,0.3,0.1,1.4498,0.0667,4.0509,290.7224,6.3974,-3.5065,7.2954
233,19,573,296,616,308,15.592810939266347,312.501199997696,15.592810939266347,357.1442285687954,0.9806,3,20,3,4,5000,100,71.0,10.0,15.0,0.35,0.35,0.3,0.1,1.4493,0.0667,4.0498,333.3346,8.0569,-2.2484,8.3647
233,13,145,152,127,144,205.28796826182304,140.45995870709916,205.12495781528182,160.15305179733542,0.7753,3,20,3,4,5000,100,71.0,10.0,15.0,0.35,0.35,0.3,0.1,1.4242,0.0655,3.9798,149.6615,-3.3957,1.6043,3.7556
234,19,568,292,611,303,15.124007308310569,306.6202863477888,15.026051339763953,351.00142449853394,0.848,2,20,3,4,5000,100,71.0,10.0,15.0,0.35,0.35,0.3,0.1,1.4672,0.0675,4.0994,327.3133,7.9291,-2.1430,8.2136
234,13,140,148,122,140,205.86635679409451,146.696966567138,205.6410058243053,166.38509548634457,0.7409,2,20,3,4,5000,100,71.0,10.0,15.0,0.35,0.35,0.3,0.1,1.3671,0.0629,3.8211,155.9220,-3.5207,1.7070,3.9127
235,23,501,333,532,351,27.851268809188092,259.0019304947359,28.12964551576701,294.8236761184556,0.5925,3,20,3,4,5000,100,71.0,10.0,15.0,0.35,0.35,0.3,0.1,1.4062,0.0647,3.9297,275.7543,6.1182,-3.2328,6.9198
235,19,563,287,604,297,14.452428251092979,300.5095672353877,14.360632242559952,342.70833080040524,0.8603,3,20,3,4,5000,100,71.0,10.0,15.0,0.35,0.35,0.3,0.1,1.4263,0.0656,3.9856,320.2247,7.7815,-2.0055,8.0358
235,13,135,145,118,135,206.06099573975993,152.50573759698355,206.565051177078,172.1772342674838,0.5651,3,20,3,4,5000,100,71.0,10.0,15.0,0.35,0.35,0.3,0.1,1.3172,0.0606,3.6821,161.7456,-3.6462,1.7832,4.0589
236,23,496,329,529,346,27.57902989986329,252.7152547829276,27.537571311213927,289.836160614924,0.7776,3,20,3,4,5000,100,71.0,10.0,15.0,0.35,0.35,0.3,0.1,1.4874,0.0684,4.1557,270.0058,6.0057,-3.1369,6.7756
236,19,558,282,599,292,13.75307058652305,294.441844852256,13.747290257300607,336.64372859151854,0.9745,3,20,3,4,5000,100,71.0,10.0,15.0,0.35,0.35,0.3,0.1,1.4538,0.0669,4.0622,314.1317,7.6568,-1.8741,7.8829
236,13,129,141,109,131,206.40455921724336,159.65587994182988,206.42427558931888,182.0164827701052,0.8268,3,20,3,4,5000,100,71.0,10.0,15.0,0.35,0.35,0.3,0.1,1.4228,0.0654,3.9759,170.1045,-3.8233,1.8983,4.2686
237,23,492,324,523,340,26.980230718222856,246.86838598735156,27.01977003877113,281.7534383108749,0.7728,3,20,3,4,5000,100,71.0,10.0,15.0,0.35,0.35,0.3,0.1,1.4347,0.066,4.0090,263.1598,5.8850,-2.9960,6.6038
237,19,554,277,595,286,12.979777170514815,289.394194827747,12.903897470172485,331.36837507523256,0.8902,3,20,3,4,5000,100,71.0,10.0,15.0,0.35,0.35,0.3,0.1,1.47,0.0676,4.1072,308.9622,7.5550,-1.7414,7.7531
237,13,126,136,105,125,207.49913873104717,164.59647626847908,207.51762481787844,188.30294740125552,0.8113,3,20,3,4,5000,100,71.0,10.0,15.0,0.35,0.35,0.3,0.1,1.4604,0.0672,4.0806,175.6535,-3.9099,2.0353,4.4079
238,23,489,319,519,335,26.247332920673305,241.94627502815578,26.472189379112564,275.93115083295686,0.6551,3,20,3,4,5000,100,71.0,10.0,15.0,0.35,0.35,0.3,0.1,1.4267,0.0656,3.9867,257.8236,5.8028,-2.8613,6.4699
238,19,550,272,591,281,12.179181052524134,284.40112517358295,12.205106184231287,326.377082528783,0.8624,3,20,3,4,5000,100,71.0,10.0,15.0,0.35,0.35,0.3,0.1,1.4941,0.0687,4.1742,303.9467,7.4556,-1.6091,7.6273
238,13,122,131,101,120,208.3690462932786,170.47287174210447,208.28077119077457,194.17775361765828,0.7823,3,20,3,4,5000,100,71.0,10.0,15.0,0.35,0.35,0.3,0.1,1.4133,0.065,3.9494,181.5548,-4.0088,2.1648,4.5560
239,23,487,314,518,329,25.380532791424503,237.96848530845423,25.43621638041735,272.40594707164524,0.792,3,20,3,4,5000,100,71.0,10.0,15.0,0.35,0.35,0.3,0.1,1.4669,0.0675,4.0986,254.0254,5.7593,-2.7323,6.3745
239,19,548,268,588,275,11.469530332866904,281.62386262531095,11.275059818854,322.21886971436044,0.8415,3,20,3,4,5000,100,71.0,10.0,15.0,0.35,0.35,0.3,0.1,1.4615,0.0672,4.0837,300.5568,7.3916,-1.4997,7.5422
239,13,120,127,98,115,209.2143799802684,174.15223225672418,209.13841064025482,199.21094347449892,0.7958,3,20,3,4,5000,100,71.0,10.0,15.0,0.35,0.35,0.3,0.1,1.4591,0.0671,4.0769,185.8407,-4.0703,2.2762,4.6635
240,23,488,309,519,323,24.18361224020978,236.78048906107108,24.198803185622204,270.79512551004314,0.8153,3,20,3,4,5000,100,71.0,10.0,15.0,0.35,0.35,0.3,0.1,1.4569,0.067,4.0708,252.6481,5.7836,-2.5972,6.3400
240,19,549,262,589,269,10.232020604567817,281.47646438023907,10.193469087091744,322.0838400168503,0.9394,3,20,3,4,5000,100,71.0,10.0,15.0,0.35,0.35,0.3,0.1,1.4627,0.0673,4.0868,300.4141,7.4187,-1.3391,7.5386
240,13,120,121,99,108,210.9082911287674,177.15812146215595,211.01243602716846,201.8539075668341,0.7646,3,20,3,4,5000,100,71.0,10.0,15.0,0.35,0.35,0.3,0.1,1.4165,0.0652,3.9585,188.7014,-4.0628,2.4324,4.7353
241,23,488,305,518,319,23.294563253894424,235.17015116719213,23.507081695436515,268.26293072282647,0.6711,3,20,3,4,5000,100,71.0,10.0,15.0,0.35,0.35,0.3,0.1,1.4291,0.0657,3.9934,250.6289,5.7766,-2.4872,6.2893
241,19,549,258,589,265,9.428776673502004,280.79351844371337,9.49162950956838,321.4000622277475,0.949,3,20,3,4,5000,100,71.0,10.0,15.0,0.35,0.35,0.3,0.1,1.466,0.0674,4.0960,299.7277,7.4198,-1.2322,7.5214
241,13,121,117,99,103,212.17560189776484,178.39843048636948,212.21329855081325,204.47493733951845,0.8081,3,20,3,4,5000,100,71.0,10.0,15.0,0.35,0.35,0.3,0.1,1.4807,0.0681,4.1369,190.5487,-4.0473,2.5463,4.7816
242,23,486,301,516,314,22.58183257426153,231.769281830013,22.686526674230283,264.4617174564213,0.7512,3,20,3,4,5000,100,71.0,10.0,15.0,0.35,0.35,0.3,0.1,1.4323,0.0659,4.0023,247.0386,5.7239,-2.3805,6.1992
242,19,548,254,588,260,8.652541791114725,279.1773629791642,8.637131415070755,319.62478001556764,0.9643,3,20,3,4,5000,100,71.0,10.0,15.0,0.35,0.35,0.3,0.1,1.4685,0.0675,4.1030,298.0350,7.3938,-1.1251,7.4789
242,13,119,113,98,99,212.9052429229879,182.2361105818493,213.0007130694786,207.4728897952694,0.792,3,20,3,4,5000,100,71.0,10.0,15.0,0.35,0.35,0.3,0.1,1.4078,0.0648,3.9343,194.0374,-4.0880,2.6452,4.8692
243,23,485,298,516,311,21.986682177742413,229.7063342618135,22.084249541852202,263.31919793285107,0.7594,3,20,3,4,5000,100,71.0,10.0,15.0,0.35,0.35,0.3,0.1,1.4822,0.0682,4.1411,245.3670,5.7095,-2.3052,6.1573
243,19,547,251,586,256,8.071756366673359,277.7516876636396,7.976768787526628,317.0678160898706,0.7878,3,20,3,4,5000,100,71.0,10.0,15.0,0.35,0.35,0.3,0.1,1.437,0.0661,4.0153,296.1104,7.3570,-1.0434,7.4306
243,13,118,110,96,95,213.51800864525188,184.71599822430107,213.61487625744826,211.3409567499873,0.7873,3,20,3,4,5000,100,71.0,10.0,15.0,0.35,0.35,0.3,0.1,1.4615,0.0672,4.0835,197.1335,-4.1243,2.7317,4.9469
244,23,482,295,511,307,21.56581961541532,225.80744009000236,21.677303298830143,257.1886467167631,0.7491,3,20,3,4,5000,100,71.0,10.0,15.0,0.35,0.35,0.3,0.1,1.4125,0.065,3.9473,240.4786,5.6121,-2.2181,6.0346
244,19,544,248,583,253,7.539445139509308,274.37201023428025,7.510154182603681,313.6909306945293,0.9516,3,20,3,4,5000,100,71.0,10.0,15.0,0.35,0.35,0.3,0.1,1.4536,0.0669,4.0616,292.7170,7.2820,-0.9638,7.3455
244,13,115,107,93,92,213.7742022371856,188.875620449014,213.83754668421932,215.5017401321855,0.814,3,20,3,4,5000,100,71.0,10.0,15.0,0.35,0.35,0.3,0.1,1.4315,0.0658,4.0001,201.3121,-4.1992,2.8084,5.0517
245,23,478,290,506,301,20.738709147522215,220.27255843613383,20.823905724923605,250.353749722268,0.7625,4,20,3,4,5000,100,71.0,10.0,15.0,0.35,0.35,0.3,0.1,1.3896,0.0639,3.8835,234.3518,5.4998,-2.0824,5.8808
245,27,542,251,573,257,8.21920924889906,272.8021260914218,8.502839155857531,304.3451987464235,0.686,4,20,3,4,5000,100,71.0,10.0,15.0,0.35,0.35,0.3,0.1,1.1882,0.0547,3.3233,287.7117,7.1457,-1.0322,7.2199
245,19,539,243,578,247,6.622666595381011,268.79360111431225,6.525082468647848,307.9951298316258,0.9247,4,20,3,4,5000,100,71.0,10.0,15.0,0.35,0.35,0.3,0.1,1.4776,0.068,4.1283,287.0622,7.1555,-0.8308,7.2036
245,13,110,103,88,88,213.93422419942286,195.25624189766637,213.97654403625685,221.8828519737386,0.8239,4,20,3,4,5000,100,71.0,10.0,15.0,0.35,0.35,0.3,0.1,1.3877,0.0638,3.8783,207.7197,-4.3247,2.9099,5.2125
246,23,473,286,501,297,20.21164850691221,214.18916872708573,20.3638703501095,244.26624818013642,0.7118,3,20,3,4,5000,100,71.0,10.0,15.0,0.35,0.35,0.3,0.1,1.4263,0.0656,3.9856,228.2411,5.3748,-1.9788,5.7275
246,19,534,239,573,243,5.883757036443462,263.38754716197195,5.880162525882606,302.59213472924245,0.904,3,20,3,4,5000,100,71.0,10.0,15.0,0.35,0.35,0.3,0.1,1.5059,0.0693,4.2071,281.6320,7.0301,-0.7245,7.0673
246,13,106,99,82,83,214.2440149844467,200.81085628023203,214.17444059591986,229.65408770583642,0.7879,3,20,3,4,5000,100,71.0,10.0,15.0,0.35,0.35,0.3,0.1,1.4567,0.067,4.0702,214.2662,-4.4447,3.0256,5.3768
247,23,471,283,497,294,19.635582804447047,211.28653530218153,20.02398826987697,239.47651241823277,0.5513,3,20,3,4,5000,100,71.0,10.0,15.0,0.35,0.35,0.3,0.1,1.3596,0.0625,3.8001,224.5000,5.3060,-1.8931,5.6336
247,19,532,236,569,240,5.2738959573517645,261.1053427258814,5.385703940601999,298.31694554617576,0.8561,3,20,3,4,5000,100,71.0,10.0,15.0,0.35,0.35,0.3,0.1,1.4461,0.0665,4.0408,278.4735,6.9585,-0.6423,6.9880
247,13,103,97,79,81,214.23424445525708,204.41624201613726,214.1669536080293,233.25951213187426,0.7925,3,20,3,4,5000,100,71.0,10.0,15.0,0.35,0.35,0.3,0.1,1.4327,0.0659,4.0035,217.8875,-4.5204,3.0760,5.4677
248,23,469,281,496,291,19.303000272667553,208.73428084528905,19.426654216669544,237.52263050075882,0.7209,4,20,3,4,5000,100,71.0,10.0,15.0,0.35,0.35,0.3,0.1,1.4025,0.0645,3.9194,222.1999,5.2624,-1.8432,5.5759
248,27,532,245,562,250,7.233479597498639,262.08586379276545,7.465190856121426,292.4790590794493,0.6673,4,20,3,4,5000,100,71.0,10.0,15.0,0.35,0.35,0.3,0.1,1.1915,0.0548,3.3325,276.4496,6.8820,-0.8735,6.9373
248,19,530,234,568,237,4.873896422204769,258.93628559937287,4.827712985811889,297.05386716890257,0.8851,4,20,3,4,5000,100,71.0,10.0,15.0,0.35,0.35,0.3,0.1,1.4905,0.0686,4.1641,276.6884,6.9181,-0.5899,6.9432
248,13,101,95,77,78,214.38034472384487,207.1955597979841,214.4960511159644,236.60304309116566,0.7687,4,20,3,4,5000,100,71.0,10.0,15.0,0.35,0.35,0.3,0.1,1.4406,0.0663,4.0254,220.9250,-4.5754,3.1306,5.5439
249,23,468,280,495,290,19.133643205905482,207.46083967823904,19.278600797944037,236.24775131204953,0.7329,3,20,3,4,5000,100,71.0,10.0,15.0,0.35,0.35,0.3,0.1,1.4104,0.0649,3.9416,220.9205,5.2375,-1.8171,5.5438
249,19,529,233,566,235,4.671378035349562,257.8565492672234,4.473212178424814,294.89828755013144,0.7557,3,20,3,4,5000,100,71.0,10.0,15.0,0.35,0.35,0.3,0.1,1.4569,0.067,4.0707,275.1363,6.8814,-0.5623,6.9043
249,13,100,93,75,76,214.6778279256196,209.15305400591214,214.61946562345975,239.38462774372127,0.8144,3,20,3,4,5000,100,71.0,10.0,15.0,0.35,0.35,0.3,0.1,1.4653,0.0674,4.0941,223.2500,-4.6071,3.1875,5.6023
250,23,466,278,492,288,18.788621982168472,204.91949638821583,19.057704510128328,232.75738441561847,0.6413,3,20,3,4,5000,100,71.0,10.0,15.0,0.35,0.35,0.3,0.1,1.3827,0.0636,3.8645,217.9531,5.1779,-1.7616,5.4693
250,19,527,230,564,233,4.037710620977124,255.63450471327224,4.113504721074118,292.7541630788536,0.794,3,20,3,4,5000,100,71.0,10.0,15.0,0.35,0.35,0.3,0.1,1.4716,0.0677,4.1115,272.9380,6.8321,-0.4823,6.8491
250,13,98,92,73,74,214.59228868750995,211.36697944570244,214.74004444357854,242.1672975444868,0.7625,3,20,3,4,5000,100,71.0,10.0,15.0,0.35,0.35,0.3,0.1,1.4764,0.0679,4.1250,225.7213,-4.6629,3.2158,5.6643
251,23,462,274,488,283,18.072322148959497,199.85995096566995,18.19588576163912,227.36974292988063,0.7286,4,20,3,4,5000,100,71.0,10.0,15.0,0.35,0.35,0.3,0.1,1.3999,0.0644,3.9122,212.7292,5.0749,-1.6560,5.3382
251,19,523,227,560,229,3.419983094861113,251.44780770569466,3.3781227392942106,288.5012998237616,0.8699,4,20,3,4,5000,100,71.0,10.0,15.0,0.35,0.35,0.3,0.1,1.4919,0.0686,4.1681,268.7032,6.7309,-0.4022,6.7429
251,28,332,124,340,111,304.286876977209,106.50821564555478,303.9510943283453,121.75795661885921,0.7316,4,20,3,4,5000,100,71.0,10.0,15.0,0.35,0.35,0.3,0.1,1.4524,0.0668,4.0582,113.6237,1.6062,2.3558,2.8513
251,13,94,88,69,71,214.86219614691487,216.9331694324314,214.78312037027325,247.1639132235934,0.7747,4,20,3,4,5000,100,71.0,10.0,15.0,0.35,0.35,0.3,0.1,1.4161,0.0651,3.9574,231.0639,-4.7577,3.3144,5.7983
252,23,460,271,486,281,17.423410953553095,197.0406049523803,17.870873578479646,224.84883811129646,0.5508,4,20,3,4,5000,100,71.0,10.0,15.0,0.35,0.35,0.3,0.1,1.433,0.0659,4.0042,210.0283,5.0287,-1.5781,5.2705
252,19,521,224,557,226,2.7591076586202736,249.28898892650673,2.812268925018585,285.34365246137855,0.8915,4,20,3,4,5000,100,71.0,10.0,15.0,0.35,0.35,0.3,0.1,1.4661,0.0674,4.0964,266.1006,6.6698,-0.3214,6.6776
252,28,330,122,338,108,302.7995312726192,107.07007051459338,302.3998401739193,123.17467272130257,0.714,4,20,3,4,5000,100,71.0,10.0,15.0,0.35,0.35,0.3,0.1,1.5206,0.0699,4.2480,114.5591,1.5573,2.4164,2.8748
252,13,92,86,67,68,214.99202019855866,219.71800108320664,215.0857018997602,250.52145616693193,0.7749,4,20,3,4,5000,100,71.0,10.0,15.0,0.35,0.35,0.3,0.1,1.4241,0.0655,3.9796,234.1108,-4.8128,3.3690,5.8748
253,23,457,268,482,277,16.841205736142378,193.28993765843063,17.198541220065866,219.82947936980608,0.5924,4,20,3,4,5000,100,71.0,10.0,15.0,0.35,0.35,0.3,0.1,1.3966,0.0642,3.9031,205.7072,4.9406,-1.4955,5.1620
253,19,518,221,554,222,2.0952525646238462,246.16457909293123,2.03091423685311,282.177249260106,0.8669,4,20,3,4,5000,100,71.0,10.0,15.0,0.35,0.35,0.3,0.1,1.4818,0.0682,4.1402,262.9436,6.5939,-0.2412,6.5983
253,28,327,118,335,104,300.3321750962999,108.90821823902914,300.25643716352926,125.03199590504823,0.8342,4,20,3,4,5000,100,71.0,10.0,15.0,0.35,0.35,0.3,0.1,1.4984,0.0689,4.1862,116.4145,1.4753,2.5214,2.9213
253,13,89,83,63,64,215.1806993612421,223.8972978845435,215.30360645886097,256.09568524284043,0.7649,4,20,3,4,5000,100,71.0,10.0,15.0,0.35,0.35,0.3,0.1,1.4583,0.0671,4.0748,238.9165,-4.9003,3.4543,5.9954
254,23,454,265,479,273,16.23602417397499,189.5600168811978,16.419506743181653,215.8008341040414,0.6814,4,20,3,4,5000,100,71.0,10.0,15.0,0.35,0.35,0.3,0.1,1.4073,0.0647,3.9329,201.8311,4.8628,-1.4161,5.0648
254,19,515,218,551,218,1.414423211402155,243.0740627874558,1.231977402639728,279.06450867138227,0.8736,4,20,3,4,5000,100,71.0,10.0,15.0,0.35,0.35,0.3,0.1,1.4985,0.0689,4.1865,259.8289,6.5182,-0.1609,6.5202
254,28,324,115,331,101,298.19497906246215,110.05907504608605,297.9920530445927,125.70600622086441,0.7869,4,20,3,4,5000,100,71.0,10.0,15.0,0.35,0.35,0.3,0.1,1.4428,0.0664,4.0316,117.3633,1.3915,2.5957,2.9451
254,13,86,80,60,61,215.36246188706903,228.07893370497854,215.46090814674128,260.2786967848118,0.7883,4,20,3,4,5000,100,71.0,10.0,15.0,0.35,0.35,0.3,0.1,1.4334,0.0659,4.0055,243.1173,-4.9753,3.5308,6.1008
255,23,453,262,477,270,15.442446600069568,187.77912557044246,15.797631484453259,213.04694318389082,0.5706,4,20,3,4,5000,100,71.0,10.0,15.0,0.35,0.35,0.3,0.1,1.3705,0.063,3.8304,199.6166,4.8284,-1.3338,5.0092
255,19,514,215,549,215,0.7102418770606245,242.0185943269649,0.6205076478339449,277.01624501101014,0.9369,4,20,3,4,5000,100,71.0,10.0,15.0,0.35,0.35,0.3,0.1,1.4659,0.0674,4.0958,258.3375,6.4822,-0.0804,6.4827
255,28,322,113,329,98,296.7960812939735,110.90987332063814,296.565051177078,127.45587471748802,0.7768,4,20,3,4,5000,100,71.0,10.0,15.0,0.35,0.35,0.3,0.1,1.5091,0.0694,4.2159,118.6086,1.3418,2.6568,2.9764
255,13,84,77,58,58,215.68156442950763,231.4497785697796,215.73977846882852,263.6512848442048,0.8248,4,20,3,4,5000,100,71.0,10.0,15.0,0.35,0.35,0.3,0.1,1.414,0.065,3.9514,246.5033,-5.0245,3.6080,6.1858
256,29,531,442,567,473,41.60606593684739,346.3827362903642,41.500658787411176,393.8857702430998,0.7753,5,20,3,4,5000,100,71.0,10.0,15.0,0.35,0.35,0.3,0.1,1.3951,0.0642,3.8988,368.6101,6.9164,-6.1420,9.2499
256,23,452,257,476,264,14.036243467926479,185.53975315279473,14.300277449185588,210.52315787105226,0.6403,5,20,3,4,5000,100,71.0,10.0,15.0,0.35,0.35,0.3,0.1,1.3713,0.0631,3.8328,197.2435,4.8019,-1.2005,4.9496
256,19,513,210,548,209,359.5245272675521,241.0082986123092,359.37724431279366,276.0163038662753,0.8388,5,20,3,4,5000,100,71.0,10.0,15.0,0.35,0.35,0.3,0.1,1.472,0.0677,4.1129,257.3271,6.4572,0.0536,6.4574
256,28,321,108,328,92,295.2276494674286,114.96521212958292,295.01689347810003,132.4235628579748,0.7853,5,20,3,4,5000,100,71.0,10.0,15.0,0.35,0.35,0.3,0.1,1.5342,0.0706,4.2858,123.0784,1.3164,2.7940,3.0885
256,13,83,72,55,53,216.52885536698517,235.2041666297602,216.2309377468524,269.0167281044062,0.6584,5,20,3,4,5000,100,71.0,10.0,15.0,0.35,0.35,0.3,0.1,1.4579,0.0671,4.0735,250.9767,-5.0608,3.7488,6.2980
257,29,532,439,568,471,41.12346045400281,345.15069172754096,41.18592516570965,393.315395071182,0.7625,5,20,3,4,5000,100,71.0,10.0,15.0,0.35,0.35,0.3,0.1,1.4179,0.0652,3.9624,367.6623,6.9500,-6.0679,9.2262
257,23,450,254,478,261,13.276397042315972,182.8879438344693,13.37996312706131,211.74749113035554,0.666,5,20,3,4,5000,100,71.0,10.0,15.0,0.35,0.35,0.3,0.1,1.5898,0.0731,4.4406,196.2625,4.7934,-1.1310,4.9250
257,19,514,207,549,205,358.81637130727125,242.05164738129753,358.55240031314355,277.0884335370208,0.7756,5,20,3,4,5000,100,71.0,10.0,15.0,0.35,0.35,0.3,0.1,1.4672,0.0675,4.0995,258.3877,6.4826,0.1339,6.4840
257,28,322,104,330,89,294.8423891054552,119.01260437449471,295.24597356156943,135.988970140964,0.6852,5,20,3,4,5000,100,71.0,10.0,15.0,0.35,0.35,0.3,0.1,1.4473,0.0666,4.0441,126.9357,1.3382,2.8906,3.1853
257,13,85,69,56,48,217.40535663140855,235.41028014935966,217.20792192178158,271.20471972294285,0.7182,5,20,3,4,5000,100,71.0,10.0,15.0,0.35,0.35,0.3,0.1,1.536,0.0707,4.2909,252.0430,-5.0241,3.8420,6.3248
258,29,533,438,569,471,40.88930116434743,345.2491853719571,41.0901815316018,394.06852196033117,0.6234,5,20,3,4,5000,100,71.0,10.0,15.0,0.35,0.35,0.3,0.1,1.4356,0.066,4.0114,368.0470,6.9820,-6.0458,9.2358
258,23,452,252,479,259,12.528807709151511,184.39088914585776,12.79230202714093,212.26869764522513,0.5817,5,20,3,4,5000,100,71.0,10.0,15.0,0.35,0.35,0.3,0.1,1.5279,0.0703,4.2683,197.3501,4.8344,-1.0743,4.9523
258,19,515,205,551,203,358.3499606044221,243.10080213771406,358.1523897340054,279.1451235468748,0.8283,5,20,3,4,5000,100,71.0,10.0,15.0,0.35,0.35,0.3,0.1,1.5004,0.069,4.1919,259.8791,6.5187,0.1878,6.5214
258,28,324,103,331,86,295.50413948681376,120.7683733433551,295.09152970967386,139.12943613772032,0.6982,5,20,3,4,5000,100,71.0,10.0,15.0,0.35,0.35,0.3,0.1,1.5359,0.0706,4.2904,129.3003,1.3971,2.9285,3.2447
258,13,86,67,58,46,217.9389060264139,235.84104816592043,217.80076636163233,270.83574357901875,0.7688,5,20,3,4,5000,100,71.0,10.0,15.0,0.35,0.35,0.3,0.1,1.5015,0.0691,4.1949,252.1299,-4.9899,3.8900,6.3270
259,29,535,437,572,469,40.54742836863431,346.1126984090587,40.58556269056371,395.0303785786607,0.793,5,20,3,4,5000,100,71.0,10.0,15.0,0.35,0.35,0.3,0.1,1.4349,0.066,4.0096,368.9572,7.0354,-6.0188,9.2586
259,23,457,251,482,257,11.90426571549174,189.06612599828665,12.094757077012101,214.76731594914529,0.677,5,20,3,4,5000,100,71.0,10.0,15.0,0.35,0.35,0.3,0.1,1.3836,0.0636,3.8669,201.0989,4.9379,-1.0410,5.0464
259,19,518,204,553,202,358.1373790506933,246.13004692641653,357.96186439499263,281.1778796420515,0.7229,5,20,3,4,5000,100,71.0,10.0,15.0,0.35,0.35,0.3,0.1,1.445,0.0665,4.0376,262.4892,6.5835,0.2141,6.5869
259,28,326,101,334,85,295.94229548987164,123.4382436686459,296.0211202442866,141.32586458253138,0.8012,5,20,3,4,5000,100,71.0,10.0,15.0,0.35,0.35,0.3,0.1,1.4688,0.0676,4.1038,131.7778,1.4466,2.9736,3.3068
259,13,88,66,61,44,218.43123587817888,234.88720697390056,218.52710257474422,269.71281022598833,0.7746,5,20,3,4,5000,100,71.0,10.0,15.0,0.35,0.35,0.3,0.1,1.5004,0.069,4.1918,251.0982,-4.9360,3.9166,6.3011
260,29,539,436,576,468,39.99501272948712,348.5182922028627,40.10090754621224,397.4317551479751,0.7251,5,20,3,4,5000,100,71.0,10.0,15.0,0.35,0.35,0.3,0.1,1.4255,0.0656,3.9836,371.3713,7.1395,-5.9897,9.3192
260,23,461,250,486,256,11.368219106520934,192.78226059469267,11.618524352794635,218.47654336335515,0.6374,5,20,3,4,5000,100,71.0,10.0,15.0,0.35,0.35,0.3,0.1,1.3583,0.0625,3.7964,204.8267,5.0391,-1.0132,5.1399
260,19,521,203,558,201,357.9299693469589,249.1625975141534,357.7974018382342,286.2114602876691,0.8713,5,20,3,4,5000,100,71.0,10.0,15.0,0.35,0.35,0.3,0.1,1.5044,0.0692,4.2030,266.4051,6.6808,0.2415,6.6852
260,28,329,99,338,84,296.7675089192962,126.56223765404908,297.2767633831137,144.01388821915754,0.6207,5,20,3,4,5000,100,71.0,10.0,15.0,0.35,0.35,0.3,0.1,1.4022,0.0645,3.9186,134.7253,1.5226,3.0185,3.3808
260,13,91,64,64,43,219.27216467839457,233.80547470065795,219.0938588862295,268.00186566514793,0.7477,5,20,3,4,5000,100,71.0,10.0,15.0,0.35,0.35,0.3,0.1,1.4815,0.0681,4.1392,249.7385,-4.8516,3.9670,6.2670
261,29,544,436,582,468,39.472459848343824,352.3634487287238,39.55011389546072,402.0397990249224,0.7532,5,20,3,4,5000,100,71.0,10.0,15.0,0.35,0.35,0.3,0.1,1.4315,0.0658,4.0003,375.5661,7.2751,-5.9912,9.4245
261,23,466,250,492,256,11.082569463029651,197.6866206904251,11.309932474020213,224.35685859808254,0.6546,5,20,3,4,5000,100,71.0,10.0,15.0,0.35,0.35,0.3,0.1,1.3738,0.0632,3.8397,210.1791,5.1759,-1.0138,5.2743
261,19,527,203,564,201,357.978635059644,255.15877409957903,357.8426174907021,292.2071183253413,0.8414,5,20,3,4,5000,100,71.0,10.0,15.0,0.35,0.35,0.3,0.1,1.4715,0.0677,4.1113,272.4291,6.8321,0.2411,6.8364
261,28,335,99,344,83,299.14063373339434,129.37542270462347,299.1676133795778,147.73286702694156,0.8162,5,20,3,4,5000,100,71.0,10.0,15.0,0.35,0.35,0.3,0.1,1.4402,0.0662,4.0243,137.9461,1.6857,3.0235,3.4616
261,13,97,63,71,42,220.4120218759275,229.83907413666634,220.2235776314771,263.2508309578528,0.7382,5,20,3,4,5000,100,71.0,10.0,15.0,0.35,0.35,0.3,0.1,1.4731,0.0678,4.1159,245.4130,-4.6890,3.9924,6.1584
262,29,550,436,590,468,38.860317600076144,357.0154058300566,38.83515821776455,408.24012541640246,0.8145,5,20,3,4,5000,100,71.0,10.0,15.0,0.35,0.35,0.3,0.1,1.4552,0.0669,4.0662,380.9133,7.4431,-5.9973,9.5587
262,23,472,250,499,256,10.757967088390004,203.57799488156869,10.969757966800586,231.22499864850255,0.6693,5,20,3,4,5000,100,71.0,10.0,15.0,0.35,0.35,0.3,0.1,1.3823,0.0636,3.8634,216.5225,5.3379,-1.0142,5.4334
262,19,533,203,571,201,358.02506598911805,261.15512631384433,357.89307870931185,299.202272718641,0.7841,5,20,3,4,5000,100,71.0,10.0,15.0,0.35,0.35,0.3,0.1,1.4761,0.0679,4.1242,278.8870,6.9943,0.2412,6.9984
262,28,342,98,352,82,301.5513849483135,133.77593206552515,301.6075022462489,152.64337522473747,0.798,5,20,3,4,5000,100,71.0,10.0,15.0,0.35,0.35,0.3,0.1,1.4321,0.0659,4.0018,142.5882,1.8723,3.0492,3.5781
262,13,104,62,78,41,221.76029970389786,225.21989254948153,221.39434832608774,258.6058777367599,0.6207,5,20,3,4,5000,100,71.0,10.0,15.0,0.35,0.35,0.3,0.1,1.5002,0.069,4.1911,240.7610,-4.5067,4.0239,6.0417
263,29,557,436,596,468,38.16610414842493,362.49275854836054,38.31309067381764,412.9309869699778,0.6871,5,20,3,4,5000,100,71.0,10.0,15.0,0.35,0.35,0.3,0.1,1.4141,0.065,3.9518,386.0715,7.6170,-5.9867,9.6881
263,23,479,250,508,256,10.40224676510433,210.459022139703,10.561010691196383,240.06665740997852,0.703,5,20,3,4,5000,100,71.0,10.0,15.0,0.35,0.35,0.3,0.1,1.4287,0.0657,3.9924,224.2900,5.5358,-1.0162,5.6284
263,30,346,127,357,115,311.04244688587215,112.69871339105873,311.2277163906202,128.9728653632228,0.7995,5,20,3,4,5000,100,71.0,10.0,15.0,0.35,0.35,0.3,0.1,1.464,0.0673,4.0905,120.2878,1.9820,2.2766,3.0185
263,28,349,98,360,82,304.03661035367037,137.56816492197603,304.09497795476557,156.98407562552325,0.814,5,20,3,4,5000,100,71.0,10.0,15.0,0.35,0.35,0.3,0.1,1.433,0.0659,4.0044,146.6362,2.0596,3.0493,3.6797
263,13,111,61,87,40,223.1642252594543,220.7306050369998,222.91452053587037,252.60443384865596,0.6964,5,20,3,4,5000,100,71.0,10.0,15.0,0.35,0.35,0.3,0.1,1.4639,0.0673,4.0904,235.5943,-4.3122,4.0444,5.9120
264,29,564,436,606,468,37.49265333305034,368.021738488367,37.46897616945652,420.82300317354327,0.8228,5,20,3,4,5000,100,71.0,10.0,15.0,0.35,0.35,0.3,0.1,1.4552,0.0669,4.0660,392.6552,7.8179,-5.9973,9.8533
264,23,487,250,516,256,10.023181652905551,218.3323155192561,10.222168633636125,247.93547547698776,0.6786,5,20,3,4,5000,100,71.0,10.0,15.0,0.35,0.35,0.3,0.1,1.3803,0.0635,3.8576,232.1941,5.7378,-1.0141,5.8267
264,30,354,127,366,114,313.97084519569404,118.10588469674151,313.80651057601796,135.79396157414365,0.8085,5,20,3,4,5000,100,71.0,10.0,15.0,0.35,0.35,0.3,0.1,1.5145,0.0697,4.2311,126.3338,2.2011,2.2816,3.1702
264,28,357,98,369,81,306.7087285083089,142.20056258679148,306.51839420597065,163.00306745579974,0.7572,5,20,3,4,5000,100,71.0,10.0,15.0,0.35,0.35,0.3,0.1,1.4818,0.0682,4.1400,151.8929,2.2784,3.0557,3.8116
264,13,119,61,95,39,224.62305952040288,214.96511344867102,224.3452195977323,247.50353532828578,0.6835,5,20,3,4,5000,100,71.0,10.0,15.0,0.35,0.35,0.3,0.1,1.5296,0.0704,4.2730,230.0897,-4.1095,4.0558,5.7739
265,29,570,436,613,467,36.93137378052848,372.8002145922129,36.78916151396378,425.80042273346794,0.6815,5,20,3,4,5000,100,71.0,10.0,15.0,0.35,0.35,0.3,0.1,1.4428,0.0664,4.0316,397.5416,7.9743,-5.9941,9.9759
265,23,494,250,524,255,9.713251024940284,225.22877258467668,9.683398073642062,255.64232826353307,0.7686,5,20,3,4,5000,100,71.0,10.0,15.0,0.35,0.35,0.3,0.1,1.375,0.0632,3.8430,239.4738,5.9232,-1.0139,6.0094
265,30,362,127,375,114,316.6365770416167,123.79418403139947,316.42497427251544,142.1724305201258,0.789,5,20,3,4,5000,100,71.0,10.0,15.0,0.35,0.35,0.3,0.1,1.5022,0.0691,4.1969,132.3483,2.4145,2.2804,3.3212
265,28,365,97,378,81,308.9623174785771,147.898613921835,308.9784098609567,168.51409436602032,0.8164,5,20,3,4,5000,100,71.0,10.0,15.0,0.35,0.35,0.3,0.1,1.4164,0.0652,3.9583,157.5348,2.4858,3.0738,3.9532
265,13,127,59,104,37,226.53777238469746,210.79373804740976,226.1691393279074,242.5881283162884,0.6413,5,20,3,4,5000,100,71.0,10.0,15.0,0.35,0.35,0.3,0.1,1.5246,0.0701,4.2590,225.5761,-3.8938,4.1086,5.6606
266,29,571,436,612,467,36.839225389934064,373.6000535331867,36.86989764584402,425.0,0.8065,5,20,3,4,5000,100,71.0,10.0,15.0,0.35,0.35,0.3,0.1,1.3992,0.0644,3.9104,397.6459,7.9861,-5.9829,9.9786
266,23,496,250,525,255,9.628156128486703,227.2003521124032,9.645844256611971,256.62813563598206,0.7918,5,20,3,4,5000,100,71.0,10.0,15.0,0.35,0.35,0.3,0.1,1.3223,0.0608,3.6964,241.0193,5.9630,-1.0116,6.0482
266,30,364,125,377,113,316.60002471514775,126.62148316932637,316.6846843178963,144.31216164966833,0.8064,5,20,3,4,5000,100,71.0,10.0,15.0,0.35,0.35,0.3,0.1,1.4195,0.0653,3.9668,134.8893,2.4594,2.3257,3.3849
266,28,367,97,381,81,309.5596679689945,149.164338901763,309.7625239331875,170.41713528867922,0.7326,5,20,3,4,5000,100,71.0,10.0,15.0,0.35,0.35,0.3,0.1,1.4458,0.0665,4.0398,159.0841,2.5425,3.0777,3.9921
266,13,129,59,109,37,226.93493230955278,209.42301688209918,227.03331566941438,239.15267090291925,0.7871,5,20,3,4,5000,100,71.0,10.0,15.0,0.35,0.35,0.3,0.1,1.4408,0.0663,4.0261,223.3027,-3.8263,4.0939,5.6036
267,29,571,436,615,467,36.839225389934064,373.6000535331867,36.62859724017538,427.4037903435111,0.6142,5,20,3,4,5000,100,71.0,10.0,15.0,0.35,0.35,0.3,0.1,1.4603,0.0672,4.0802,398.6949,8.0071,-5.9986,10.0049
267,23,496,249,525,255,9.379345032853223,227.03523955544875,9.645844256611971,256.62813563598206,0.6174,5,20,3,4,5000,100,71.0,10.0,15.0,0.35,0.35,0.3,0.1,1.3302,0.0612,3.7183,240.9264,5.9650,-0.9853,6.0458
267,30,364,126,378,113,316.930587441167,125.93649193144932,316.9556813975229,145.04137340772803,0.8484,5,20,3,4,5000,100,71.0,10.0,15.0,0.35,0.35,0.3,0.1,1.5327,0.0705,4.2818,134.8155,2.4714,2.3102,3.3831
267,28,367,97,381,81,309.5596679689945,149.164338901763,309.7625239331875,170.41713528867922,0.7339,5,20,3,4,5000,100,71.0,10.0,15.0,0.35,0.35,0.3,0.1,1.4458,0.0665,4.0398,159.0841,2.5425,3.0777,3.9921
267,13,130,59,108,37,227.13546344237665,208.7414668914636,226.8585029996111,239.83536019528063,0.6813,5,20,3,4,5000,100,71.0,10.0,15.0,0.35,0.35,0.3,0.1,1.5069,0.0693,4.2100,223.2107,-3.8104,4.1055,5.6013
268,29,574,436,618,467,36.56513573542295,376.0053191113126,36.39000005906612,429.81507651547076,0.6553,5,20,3,4,5000,100,71.0,10.0,15.0,0.35,0.35,0.3,0.1,1.4517,0.0668,4.0564,401.1136,8.0845,-5.9964,10.0656
268,23,498,250,529,255,9.544525565558134,229.17242417009948,9.498470960019828,260.5724467398654,0.7654,5,20,3,4,5000,100,71.0,10.0,15.0,0.35,0.35,0.3,0.1,1.3939,0.0641,3.8955,243.8658,6.0349,-1.0147,6.1196
268,30,367,126,380,113,317.8466169158161,128.14444974324874,317.4895529219992,146.50938536489735,0.6828,5,20,3,4,5000,100,71.0,10.0,15.0,0.35,0.35,0.3,0.1,1.4537,0.0669,4.0618,136.7129,2.5433,2.3024,3.4307
268,28,369,97,383,81,310.1469036130076,150.4460036026215,310.2755483028291,171.7032323516363,0.7672,5,20,3,4,5000,100,71.0,10.0,15.0,0.35,0.35,0.3,0.1,1.4345,0.066,4.0086,160.3733,2.5947,3.0762,4.0244
268,13,132,59,111,37,227.54046740461033,207.38611332488009,227.3859440303888,237.7940285204824,0.7482,5,20,3,4,5000,100,71.0,10.0,15.0,0.35,0.35,0.3,0.1,1.4849,0.0683,4.1488,221.5516,-3.7531,4.1016,5.5596
269,29,576,436,620,468,36.384351815835885,377.6135590785903,36.339396329170214,432.0185181216194,0.7895,5,20,3,4,5000,100,71.0,10.0,15.0,0.35,0.35,0.3,0.1,1.4609,0.0672,4.0818,402.9881,8.1412,-5.9988,10.1126
269,23,500,250,531,255,9.462322208025617,231.14497615133234,9.426445080896851,262.54523419784255,0.7708,5,20,3,4,5000,100,71.0,10.0,15.0,0.35,0.35,0.3,0.1,1.3827,0.0636,3.8645,245.8465,6.0854,-1.0142,6.1693
269,30,369,126,383,113,318.439869693746,129.634100452003,318.27048792318357,148.73466307488647,0.7787,5,20,3,4,5000,100,71.0,10.0,15.0,0.35,0.35,0.3,0.1,1.4917,0.0686,4.1676,138.5291,2.6011,2.3062,3.4763
269,28,372,97,386,80,311.00908690157024,152.3975065412817,310.81508387488157,174.41330224498358,0.7564,5,20,3,4,5000,100,71.0,10.0,15.0,0.35,0.35,0.3,0.1,1.4645,0.0674,4.0920,162.6639,2.6785,3.0802,4.0819
269,13,135,59,115,36,228.15794479643927,205.37283169883986,228.26558791639545,235.8495283014151,0.7789,5,20,3,4,5000,100,71.0,10.0,15.0,0.35,0.35,0.3,0.1,1.5017,0.0691,4.1953,219.5586,-3.6754,4.1046,5.5096
270,29,577,436,621,468,36.29453653690251,378.41907985723975,36.260954341496266,432.82444478102207,0.7979,5,20,3,4,5000,100,71.0,10.0,15.0,0.35,0.35,0.3,0.1,1.458,0.0671,4.0738,403.7974,8.1670,-5.9981,10.1329
270,23,501,250,532,255,9.421744467279284,232.13142829009604,9.39083655639349,263.53178176455305,0.7791,5,20,3,4,5000,100,71.0,10.0,15.0,0.35,0.35,0.3,0.1,1.3772,0.0634,3.8492,246.8370,6.1106,-1.0140,6.1942
270,30,370,125,384,114,318.40276977106174,131.04579352272242,318.81407483429035,148.8220413782851,0.6643,5,20,3,4,5000,100,71.0,10.0,15.0,0.35,0.35,0.3,0.1,1.3809,0.0635,3.8593,139.3694,2.6154,2.3219,3.4973
270,28,373,97,387,81,311.29157184286953,153.05554547287727,311.27868673525023,174.3158053648607,0.8315,5,20,3,4,5000,100,71.0,10.0,15.0,0.35,0.35,0.3,0.1,1.4118,0.0649,3.9455,162.9953,2.6991,3.0732,4.0902
270,13,135,59,116,36,228.15794479643927,205.37283169883986,228.4473868518652,235.1850335374256,0.6689,5,20,3,4,5000,100,71.0,10.0,15.0,0.35,0.35,0.3,0.1,1.4711,0.0677,4.1104,219.2702,-3.6705,4.0992,5.5024
271,29,580,437,625,468,36.14885615884981,381.4302033137911,35.95009030330902,436.05618903989887,0.6321,5,20,3,4,5000,100,71.0,10.0,15.0,0.35,0.35,0.3,0.1,1.4527,0.0668,4.0591,406.9181,8.2454,-6.0235,10.2112
271,23,504,250,536,256,9.302054711298819,235.0914715594762,9.462322208025617,267.64155133312164,0.7096,5,20,3,4,5000,100,71.0,10.0,15.0,0.35,0.35,0.3,0.1,1.4076,0.0647,3.9336,250.3128,6.1988,-1.0153,6.2814
271,30,372,126,387,114,319.30446896050796,131.89389675038038,319.56322975423785,151.09268678529745,0.7465,5,20,3,4,5000,100,71.0,10.0,15.0,0.35,0.35,0.3,0.1,1.4749,0.0678,4.1209,140.8420,2.6797,2.3045,3.5343
271,28,375,97,390,81,311.84928358673227,154.38264151127873,312.01136754477056,176.30938715791623,0.7536,5,20,3,4,5000,100,71.0,10.0,15.0,0.35,0.35,0.3,0.1,1.4415,0.0663,4.0279,164.6191,2.7561,3.0772,4.1310
271,13,138,59,118,36,228.78757355055902,203.38387350033435,228.81407483429035,233.8632078801623,0.8293,5,20,3,4,5000,100,71.0,10.0,15.0,0.35,0.35,0.3,0.1,1.5154,0.0697,4.2336,217.5612,-3.5970,4.1070,5.4595
272,29,590,438,633,471,35.4010969314582,390.1281840626232,35.65760598838983,444.2994485704433,0.6958,5,20,3,4,5000,100,71.0,10.0,15.0,0.35,0.35,0.3,0.1,1.4114,0.0649,3.9442,415.4554,8.4980,-6.0394,10.4255
272,23,514,251,549,257,9.15490313521233,245.12241839538055,9.227367194289329,280.6314308839977,0.7727,5,20,3,4,5000,100,71.0,10.0,15.0,0.35,0.35,0.3,0.1,1.4683,0.0675,4.1025,261.6778,6.4829,-1.0448,6.5666
272,30,382,128,398,115,322.6333305872313,138.40520221436765,322.4094387316383,159.0125781188394,0.7738,5,20,3,4,5000,100,71.0,10.0,15.0,0.35,0.35,0.3,0.1,1.5063,0.0693,4.2082,147.9950,2.9516,2.2540,3.7138
272,28,385,98,401,81,314.74759731771087,160.51479682571323,314.55927192723897,183.85320231097418,0.7393,5,20,3,4,5000,100,71.0,10.0,15.0,0.35,0.35,0.3,0.1,1.4734,0.0678,4.1166,171.3932,3.0278,3.0546,4.3010
272,13,147,59,128,37,230.75140209036599,197.57024067404484,230.55049978958294,226.62965384079817,0.7351,5,20,3,4,5000,100,71.0,10.0,15.0,0.35,0.35,0.3,0.1,1.4893,0.0685,4.1609,211.1046,-3.3516,4.1024,5.2975
273,23,521,252,555,258,9.126170904858409,252.19238687954083,9.232351850900354,286.7141433553636,0.7317,4,20,3,4,5000,100,71.0,10.0,15.0,0.35,0.35,0.3,0.1,1.3926,0.0641,3.8921,268.3476,6.6487,-1.0681,6.7339
273,30,390,128,407,116,324.55428967240175,144.84474446799925,324.5829447235326,165.65325230734229,0.855,4,20,3,4,5000,100,71.0,10.0,15.0,0.35,0.35,0.3,0.1,1.4569,0.067,4.0709,154.5517,3.1595,2.2492,3.8783
273,28,393,99,411,82,316.95806742923406,165.55965692160635,316.91624437249635,190.31815467789718,0.8086,4,20,3,4,5000,100,71.0,10.0,15.0,0.35,0.35,0.3,0.1,1.5125,0.0696,4.2253,177.0777,3.2476,3.0329,4.4436
273,13,156,59,138,37,232.8316895341611,192.00260414900626,232.55820340349425,220.41097976280582,0.7077,4,20,3,4,5000,100,71.0,10.0,15.0,0.35,0.35,0.3,0.1,1.4975,0.0689,4.1838,205.2284,-3.1114,4.1039,5.1500
274,23,532,253,568,259,8.961310047887103,263.2128416320146,9.022319386055857,299.7081914129142,0.7814,4,20,3,4,5000,100,71.0,10.0,15.0,0.35,0.35,0.3,0.1,1.4094,0.0648,3.9388,280.2775,6.9475,-1.0956,7.0333
274,30,400,128,420,116,326.72511201516505,153.1012736720371,327.03059609653786,176.40861656959956,0.7298,4,20,3,4,5000,100,71.0,10.0,15.0,0.35,0.35,0.3,0.1,1.5377,0.0707,4.2957,163.9306,3.4392,2.2570,4.1137
274,28,403,99,423,82,319.21909534924845,173.0028901492689,319.27394609759693,199.25109786397664,0.8166,4,20,3,4,5000,100,71.0,10.0,15.0,0.35,0.35,0.3,0.1,1.5329,0.0705,4.2822,185.2016,3.5191,3.0356,4.6475
274,13,166,59,149,37,235.2853779749475,186.1316738225926,234.89825994415253,213.90184664934523,0.6535,4,20,3,4,5000,100,71.0,10.0,15.0,0.35,0.35,0.3,0.1,1.5092,0.0694,4.2162,199.0529,-2.8446,4.1059,4.9951
275,23,541,254,580,260,8.874161557044689,272.2590678012396,8.85795876362835,311.7178211139042,0.796,4,20,3,4,5000,100,71.0,10.0,15.0,0.35,0.35,0.3,0.1,1.469,0.0676,4.1043,290.6553,7.2064,-1.1252,7.2937
275,30,411,129,431,117,329.1576326496772,161.89502771858065,329.1423466420327,185.21878954360974,0.8418,4,20,3,4,5000,100,71.0,10.0,15.0,0.35,0.35,0.3,0.1,1.4608,0.0672,4.0816,172.7733,3.7225,2.2228,4.3356
275,28,414,100,434,83,321.73601121411934,180.8535318980528,321.46981998517316,207.0869382650678,0.6901,4,20,3,4,5000,100,71.0,10.0,15.0,0.35,0.35,0.3,0.1,1.4701,0.0676,4.1075,193.0833,3.8043,3.0006,4.8453
275,13,176,59,161,37,237.89374404488217,180.62391868188442,237.61362745401874,207.23416706711276,0.7008,4,20,3,4,5000,100,71.0,10.0,15.0,0.35,0.35,0.3,0.1,1.4915,0.0686,4.1672,193.0162,-2.5743,4.1028,4.8436
276,23,550,254,589,261,8.591225432227644,281.15476165272395,8.786903506823855,320.764711276038,0.6635,4,20,3,4,5000,100,71.0,10.0,15.0,0.35,0.35,0.3,0.1,1.4306,0.0658,3.9977,299.6564,7.4352,-1.1233,7.5196
276,30,420,130,442,117,331.01117747880846,169.19810873647495,330.80251395393555,194.74342094150447,0.7681,4,20,3,4,5000,100,71.0,10.0,15.0,0.35,0.35,0.3,0.1,1.5259,0.0702,4.2628,181.0742,3.9746,2.2021,4.5439
276,28,423,100,445,83,323.4348642645771,188.0026595556563,323.28940438902566,215.8008341040414,0.7571,4,20,3,4,5000,100,71.0,10.0,15.0,0.35,0.35,0.3,0.1,1.4966,0.0688,4.1812,200.9449,4.0501,3.0040,5.0425
276,13,186,59,172,37,240.66002913184354,175.5135322418189,240.25511870305778,201.55644370746373,0.6459,4,20,3,4,5000,100,71.0,10.0,15.0,0.35,0.35,0.3,0.1,1.5015,0.0691,4.1949,187.6356,-2.3071,4.1046,4.7085
277,23,559,255,599,261,8.521003166779174,290.20337696174386,8.522197376198173,330.65087327875,0.8198,4,20,3,4,5000,100,71.0,10.0,15.0,0.35,0.35,0.3,0.1,1.4163,0.0651,3.9579,309.1096,7.6712,-1.1493,7.7568
277,30,429,130,452,117,332.4222501095086,177.12425017484196,332.17590361574673,203.5313243704762,0.7239,4,20,3,4,5000,100,71.0,10.0,15.0,0.35,0.35,0.3,0.1,1.5082,0.0694,4.2134,189.4118,4.2131,2.2005,4.7531
277,28,432,100,456,84,325.00797980144137,195.30488985173923,325.1755108430432,224.1428116179504,0.7455,4,20,3,4,5000,100,71.0,10.0,15.0,0.35,0.35,0.3,0.1,1.4947,0.0688,4.1759,208.7325,4.2911,3.0038,5.2380
277,13,195,59,183,36,243.2853518273195,171.283390905248,243.17510579931007,197.2232237846243,0.8052,4,20,3,4,5000,100,71.0,10.0,15.0,0.35,0.35,0.3,0.1,1.5303,0.0704,4.2750,183.3403,-2.0683,4.1097,4.6008
278,23,567,255,610,262,8.293182880118199,298.11742652854093,8.414681700306595,341.6782111870758,0.7112,4,20,3,4,5000,100,71.0,10.0,15.0,0.35,0.35,0.3,0.1,1.4802,0.0681,4.1355,318.4149,7.9068,-1.1525,7.9903
278,30,437,130,461,117,333.5740159758331,184.25254408012933,333.3138162771536,211.53250341259616,0.7156,4,20,3,4,5000,100,71.0,10.0,15.0,0.35,0.35,0.3,0.1,1.4985,0.0689,4.1864,196.9524,4.4259,2.1995,4.9423
278,28,440,101,465,84,326.54669054592733,201.357890334598,326.4471676116113,231.5879962346926,0.7823,4,20,3,4,5000,100,71.0,10.0,15.0,0.35,0.35,0.3,0.1,1.518,0.0698,4.2407,215.4175,4.5102,2.9799,5.4057
278,13,203,58,192,36,245.86514157096917,168.75129629131743,245.55604521958347,193.32873557751316,0.7001,4,20,3,4,5000,100,71.0,10.0,15.0,0.35,0.35,0.3,0.1,1.4757,0.0679,4.1230,180.2059,-1.8490,4.1268,4.5221
279,23,575,255,618,262,8.077148783731209,306.03594560116625,8.222813890574903,349.59405029262155,0.6837,4,20,3,4,5000,100,71.0,10.0,15.0,0.35,0.35,0.3,0.1,1.4443,0.0664,4.0359,326.3681,8.1087,-1.1507,8.1899
279,30,445,130,471,117,334.6395890820697,191.44973230589798,334.48080022827935,220.5130381632796,0.7761,4,20,3,4,5000,100,71.0,10.0,15.0,0.35,0.35,0.3,0.1,1.5337,0.0705,4.2845,204.9562,4.6476,2.2029,5.1432
279,28,448,101,474,84,327.76111516253,208.07931180201456,327.6390624406301,239.14012628582432,0.7719,4,20,3,4,5000,100,71.0,10.0,15.0,0.35,0.35,0.3,0.1,1.5099,0.0695,4.2182,222.5311,4.7233,2.9789,5.5842
279,13,211,58,201,36,248.39128859711622,165.64117845511726,248.03040377701262,189.7814532561072,0.6747,4,20,3,4,5000,100,71.0,10.0,15.0,0.35,0.35,0.3,0.1,1.4766,0.0679,4.1255,176.8915,-1.6347,4.1270,4.4389
280,23,591,257,634,263,8.029495294231593,322.158346159152,8.019278934310192,365.57488972849325,0.9173,4,20,3,4,5000,100,71.0,10.0,15.0,0.35,0.35,0.3,0.1,1.3724,0.0631,3.8359,342.4962,8.5104,-1.2005,8.5946
280,30,462,130,490,118,336.6559890384225,206.93960471596537,336.67464911902414,237.40261161158273,0.8539,4,20,3,4,5000,100,71.0,10.0,15.0,0.35,0.35,0.3,0.1,1.4904,0.0686,4.1641,221.1269,5.0948,2.1988,5.5490
280,28,465,101,493,84,330.0955208442111,222.64321233758733,329.92119856231704,255.3918557824427,0.7274,4,20,3,4,5000,100,71.0,10.0,15.0,0.35,0.35,0.3,0.1,1.4893,0.0685,4.1610,237.8958,5.1750,2.9763,5.9698
280,13,228,58,221,35,254.05460409907715,160.1624175641714,253.9264258352536,184.20097719610501,0.8114,4,20,3,4,5000,100,71.0,10.0,15.0,0.35,0.35,0.3,0.1,1.5176,0.0698,4.2396,171.3427,-1.1812,4.1343,4.2997
281,30,471,130,500,118,337.6053853477641,215.23243250030885,337.59459111663466,246.61711213944582,0.8548,3,20,3,4,5000,100,71.0,10.0,15.0,0.35,0.35,0.3,0.1,1.4773,0.068,4.1276,229.8584,5.3331,2.1975,5.7681
281,28,474,101,504,84,331.2109875825365,230.4886114323222,331.1134182330893,264.96792258686713,0.7702,3,20,3,4,5000,100,71.0,10.0,15.0,0.35,0.35,0.3,0.1,1.5129,0.0696,4.2266,246.5285,5.4218,2.9793,6.1864
281,13,237,57,231,35,257.2756443145776,158.90248582070703,256.958109473338,181.6865432551349,0.7016,3,20,3,4,5000,100,71.0,10.0,15.0,0.35,0.35,0.3,0.1,1.4543,0.0669,4.0636,169.5324,-0.9370,4.1498,4.2543
282,30,476,130,505,117,338.101807194361,219.8635940759634,337.81803373677974,251.62273347215668,0.6802,3,20,3,4,5000,100,71.0,10.0,15.0,0.35,0.35,0.3,0.1,1.4644,0.0674,4.0917,234.6735,5.4640,2.1963,5.8889
282,28,480,101,510,84,331.9132177102737,235.76471322061747,331.7279639205673,270.2369330791038,0.7262,3,20,3,4,5000,100,71.0,10.0,15.0,0.35,0.35,0.3,0.1,1.4811,0.0681,4.1380,251.8266,5.5752,2.9752,6.3194
282,13,243,56,237,34,259.46907214732516,158.67261893597143,258.87589102421776,181.4083790788066,0.577,3,20,3,4,5000,100,71.0,10.0,15.0,0.35,0.35,0.3,0.1,1.4534,0.0669,4.0611,169.2805,-0.7764,4.1764,4.2479
283,30,480,129,512,116,338.2460994409963,223.9486548296283,338.1985905136482,258.48791074245617,0.8355,3,20,3,4,5000,100,71.0,10.0,15.0,0.35,0.35,0.3,0.1,1.5564,0.0716,4.3477,239.9819,5.5933,2.2319,6.0221
283,28,484,100,516,83,332.1524217402118,239.76655313033135,332.1351055597934,276.0018115882575,0.8408,3,20,3,4,5000,100,71.0,10.0,15.0,0.35,0.35,0.3,0.1,1.5273,0.0703,4.2667,256.6113,5.6937,3.0080,6.4394
283,13,248,56,243,33,261.25383773744477,157.83535725559088,260.79740302797836,181.33394607739612,0.6317,3,20,3,4,5000,100,71.0,10.0,15.0,0.35,0.35,0.3,0.1,1.5062,0.0693,4.2079,168.7706,-0.6440,4.1859,4.2351
284,30,484,129,516,116,338.61918819145905,227.6686188300882,338.5232090204596,262.20602586515815,0.8127,3,20,3,4,5000,100,71.0,10.0,15.0,0.35,0.35,0.3,0.1,1.5327,0.0705,4.2817,243.7198,5.6950,2.2297,6.1159
284,28,488,99,520,83,332.3837680733783,243.77243486497812,332.5182945665367,279.54427198567316,0.7432,3,20,3,4,5000,100,71.0,10.0,15.0,0.35,0.35,0.3,0.1,1.4861,0.0684,4.1519,260.4357,5.7908,3.0295,6.5354
284,13,252,55,248,32,262.7402759537402,158.26875876179733,262.40535663140855,181.59295140505867,0.6747,3,20,3,4,5000,100,71.0,10.0,15.0,0.35,0.35,0.3,0.1,1.492,0.0686,4.1684,169.1305,-0.5363,4.2102,4.2442
285,30,488,128,520,115,338.74949449286675,231.7584949899356,338.63808926769065,266.29494925739766,0.7983,3,20,3,4,5000,100,71.0,10.0,15.0,0.35,0.35,0.3,0.1,1.5075,0.0693,4.2116,247.8293,5.7962,2.2541,6.2191
285,28,491,99,524,82,332.70709241344963,246.43457549621561,332.7120120544845,283.55599094358774,0.8525,3,20,3,4,5000,100,71.0,10.0,15.0,0.35,0.35,0.3,0.1,1.5227,0.07,4.2538,263.6953,5.8805,3.0342,6.6172
285,13,255,54,252,32,263.8588893831232,158.91192529196795,263.6598082540901,181.10770276274835,0.751,3,20,3,4,5000,100,71.0,10.0,15.0,0.35,0.35,0.3,0.1,1.4191,0.0653,3.9658,169.2854,-0.4544,4.2237,4.2481
286,30,493,128,525,114,339.18867824401866,236.4254639415983,338.82603461080805,271.31715758499314,0.6277,3,20,3,4,5000,100,71.0,10.0,15.0,0.35,0.35,0.3,0.1,1.494,0.0687,4.1739,252.6724,5.9269,2.2528,6.3406
286,28,496,99,529,82,333.23068665972016,250.88842141477951,333.1680449483795,288.00868042473996,0.7993,3,20,3,4,5000,100,71.0,10.0,15.0,0.35,0.35,0.3,0.1,1.4975,0.0689,4.1837,268.1701,6.0083,3.0310,6.7295
286,13,260,54,257,31,265.6567600483106,158.45504094221806,265.2625566519899,181.62048342629197,0.6648,3,20,3,4,5000,100,71.0,10.0,15.0,0.35,0.35,0.3,0.1,1.4809,0.0681,4.1375,169.2488,-0.3216,4.2349,4.2471
287,30,502,127,536,114,339.7174409110834,245.20399670478457,339.634463735911,281.60255680657446,0.8158,3,20,3,4,5000,100,71.0,10.0,15.0,0.35,0.35,0.3,0.1,1.5021,0.0691,4.1965,262.1458,6.1704,2.2804,6.5783
287,28,506,98,539,81,334.0256060375687,260.2921435618063,333.86573603993065,297.40544715926103,0.7165,3,20,3,4,5000,100,71.0,10.0,15.0,0.35,0.35,0.3,0.1,1.4467,0.0665,4.0425,277.6139,6.2628,3.0511,6.9665
287,13,269,53,268,30,268.9190758133393,159.02829936838285,268.7409547928247,182.04395073717774,0.7998,3,20,3,4,5000,100,71.0,10.0,15.0,0.35,0.35,0.3,0.1,1.467,0.0675,4.0990,169.7596,-0.0804,4.2592,4.2600
288,30,512,128,548,115,340.70995378081125,254.27544120500508,340.63601185765594,292.5491411711885,0.8087,3,20,3,4,5000,100,71.0,10.0,15.0,0.35,0.35,0.3,0.1,1.5216,0.07,4.2509,272.0729,6.4441,2.2554,6.8274
288,28,516,99,552,82,335.1504493697383,268.895890634275,335.0952311919048,308.70698080866265,0.8099,3,20,3,4,5000,100,71.0,10.0,15.0,0.35,0.35,0.3,0.1,1.4984,0.0689,4.1863,287.4295,6.5450,3.0311,7.2128
288,13,280,53,280,30,272.8803775528476,159.20113064925135,272.51687565693953,182.17573932881405,0.6964,3,20,3,4,5000,100,71.0,10.0,15.0,0.35,0.35,0.3,0.1,1.4631,0.0673,4.0880,169.9153,0.2143,4.2585,4.2639
289,31,25,412,9,426,141.00233357141627,317.81913095344026,140.86515701524334,339.0648905445682,0.4358,4,20,3,4,5000,100,71.0,10.0,15.0,0.35,0.35,0.3,0.1,0.7031,0.0323,1.9743,328.0984,-6.3987,-5.1811,8.2333
289,30,520,128,556,115,341.28826212490026,261.83964558485025,341.142434545887,300.10831378020833,0.7585,4,20,3,4,5000,100,71.0,10.0,15.0,0.35,0.35,0.3,0.1,1.4805,0.0681,4.1364,279.6709,6.6471,2.2515,7.0181
289,28,523,99,560,82,335.76276391196313,275.26351011349107,335.7061123974149,315.9810120877519,0.793,4,20,3,4,5000,100,71.0,10.0,15.0,0.35,0.35,0.3,0.1,1.4972,0.0689,4.1828,294.2202,6.7324,3.0309,7.3832
289,13,287,53,289,30,275.3893117599734,159.70597985047397,275.3363200973914,182.7922317824256,0.8342,4,20,3,4,5000,100,71.0,10.0,15.0,0.35,0.35,0.3,0.1,1.4654,0.0674,4.0944,170.4710,0.4018,4.2589,4.2778
290,30,526,129,563,116,341.90407550152946,267.21714016881475,341.7424369246103,306.42617381679395,0.7493,3,20,3,4,5000,100,71.0,10.0,15.0,0.35,0.35,0.3,0.1,1.4859,0.0684,4.1516,285.4817,6.8096,2.2252,7.1639
290,28,530,100,567,83,336.5339241303263,281.26144421160893,336.38081180854095,321.97204847626136,0.7185,3,20,3,4,5000,100,71.0,10.0,15.0,0.35,0.35,0.3,0.1,1.4672,0.0675,4.0994,300.2430,6.9112,3.0002,7.5343
290,13,294,53,296,30,277.8776996718668,160.51479682571323,277.5121441030527,183.5755975068582,0.6797,3,20,3,4,5000,100,71.0,10.0,15.0,0.35,0.35,0.3,0.1,1.457,0.067,4.0711,171.2724,0.5891,4.2574,4.2979
291,31,36,411,4,440,139.86173214380295,308.7021217938095,139.6106493186606,351.86360993998795,0.6768,4,20,3,4,5000,100,71.0,10.0,15.0,0.35,0.35,0.3,0.1,1.4205,0.0653,3.9695,328.8728,-6.3092,-5.3200,8.2528
291,30,532,129,570,116,342.2953170476189,272.92673009436066,342.14377674268576,313.0814590485997,0.7538,4,20,3,4,5000,100,71.0,10.0,15.0,0.35,0.35,0.3,0.1,1.4897,0.0685,4.1620,291.6283,6.9715,2.2255,7.3182
291,28,536,100,575,83,337.01128319791934,286.77517326295873,336.9384804677065,329.31747600150226,0.7877,4,20,3,4,5000,100,71.0,10.0,15.0,0.35,0.35,0.3,0.1,1.5012,0.0691,4.1940,306.5775,7.0823,3.0046,7.6933
291,13,300,53,303,30,279.9874215750135,161.4465855941215,279.66640248303975,184.6212338816963,0.6894,4,20,3,4,5000,100,71.0,10.0,15.0,0.35,0.35,0.3,0.1,1.4558,0.067,4.0678,172.2580,0.7497,4.2572,4.3227
292,31,42,411,8,440,139.1330706199718,304.13977050034083,139.1849161251184,348.82660448996717,0.7802,4,20,3,4,5000,100,71.0,10.0,15.0,0.35,0.35,0.3,0.1,1.4878,0.0684,4.1568,324.9541,-6.1666,-5.3355,8.1544
292,30,538,129,577,116,342.67050791608796,278.6485241303101,342.52839090667965,319.75146598569336,0.7539,4,20,3,4,5000,100,71.0,10.0,15.0,0.35,0.35,0.3,0.1,1.4933,0.0687,4.1720,297.7884,7.1335,2.2259,7.4727
292,28,542,100,581,84,337.47060199706317,292.30805667993485,337.498732402272,334.46225497057213,0.8071,4,20,3,4,5000,100,71.0,10.0,15.0,0.35,0.35,0.3,0.1,1.4622,0.0673,4.0854,311.9676,7.2311,2.9996,7.8285
292,13,306,53,310,30,282.0701454893879,162.5945878558078,281.79342968491045,185.9247159470736,0.7194,4,20,3,4,5000,100,71.0,10.0,15.0,0.35,0.35,0.3,0.1,1.4553,0.0669,4.0663,173.4788,0.9103,4.2571,4.3533
293,31,50,410,17,439,138.27048792318357,297.46932614977294,138.32464910711084,341.40005858230313,0.7858,5,20,3,4,5000,100,71.0,10.0,15.0,0.35,0.35,0.3,0.1,1.4949,0.0688,4.1765,317.9243,-5.9540,-5.3103,7.9780
293,32,36,425,27,433,137.9324100312904,317.90721916936707,137.9482507219327,329.94848082693153,0.8513,5,20,3,4,5000,100,71.0,10.0,15.0,0.35,0.35,0.3,0.1,0.4041,0.0186,1.1425,323.8159,-6.0323,-5.4444,8.1259
293,30,546,129,586,116,343.1474050996966,286.29530209208815,342.9999055463612,328.34737702622203,0.7445,5,20,3,4,5000,100,71.0,10.0,15.0,0.35,0.35,0.3,0.1,1.4874,0.0684,4.1556,305.8828,7.3462,2.2253,7.6759
293,28,550,100,590,84,338.05659382911506,299.7131962393381,338.0744395064085,342.79439902075416,0.8233,5,20,3,4,5000,100,71.0,10.0,15.0,0.35,0.35,0.3,0.1,1.4577,0.0671,4.0730,319.8095,7.4439,2.9990,8.0253
293,13,314,53,320,30,284.7967622450573,164.45364088398895,284.7745502750466,188.22327167489146,0.8433,5,20,3,4,5000,100,71.0,10.0,15.0,0.35,0.35,0.3,0.1,1.4652,0.0674,4.0940,175.5374,1.1250,4.2589,4.4050
294,31,57,410,24,438,137.35709128858707,292.2823976910002,137.6573906829055,335.5294323900662,0.5663,5,20,3,4,5000,100,71.0,10.0,15.0,0.35,0.35,0.3,0.1,1.4976,0.0689,4.1839,312.4164,-5.7669,-5.3109,7.8398
294,32,43,424,35,432,137.2075877794065,312.06569821112987,137.13037055966126,323.3713036124263,0.6932,5,20,3,4,5000,100,71.0,10.0,15.0,0.35,0.35,0.3,0.1,0.3868,0.0178,1.0944,317.6179,-5.8488,-5.4146,7.9703
294,30,553,129,594,116,343.5442473154172,293.00170647967224,343.39875301282916,336.00595232822883,0.7456,5,20,3,4,5000,100,71.0,10.0,15.0,0.35,0.35,0.3,0.1,1.4863,0.0684,4.1527,313.0338,7.5335,2.2252,7.8553
294,28,557,100,599,83,338.54604398343656,306.2172431461037,338.4709931181609,351.5252480263687,0.7974,5,20,3,4,5000,100,71.0,10.0,15.0,0.35,0.35,0.3,0.1,1.4975,0.0689,4.1838,327.3107,7.6445,3.0041,8.2136
294,13,321,52,328,29,287.02720733504793,167.3349933516597,287.014683276523,191.3765920900464,0.8329,5,20,3,4,5000,100,71.0,10.0,15.0,0.35,0.35,0.3,0.1,1.4571,0.067,4.0712,178.5501,1.3120,4.2842,4.4806
295,31,64,407,33,436,136.8476102659946,285.112258592997,136.8555857363653,327.5622078323444,0.8061,5,20,3,4,5000,100,71.0,10.0,15.0,0.35,0.35,0.3,0.1,1.5063,0.0693,4.2082,304.8666,-5.5812,-5.2324,7.6504
295,32,51,422,42,430,136.46198789878022,304.8622639816217,136.5343414997008,316.89745975630666,0.7141,5,20,3,4,5000,100,71.0,10.0,15.0,0.35,0.35,0.3,0.1,0.4208,0.0194,1.1891,310.7634,-5.6531,-5.3718,7.7983
295,30,560,128,603,116,343.73979529168804,300.0,343.826244289883,344.64039229318433,0.8104,5,20,3,4,5000,100,71.0,10.0,15.0,0.35,0.35,0.3,0.1,1.5055,0.0692,4.2059,320.7746,7.7276,2.2539,8.0495
295,28,564,100,607,83,339.0151021641178,312.74270575027003,338.93957066399526,358.97910802719423,0.7886,5,20,3,4,5000,100,71.0,10.0,15.0,0.35,0.35,0.3,0.1,1.4964,0.0688,4.1807,334.2696,7.8318,3.0040,8.3882
295,13,329,51,337,28,289.49586051318624,170.79227148791014,289.4563212914991,195.143536915779,0.8162,5,20,3,4,5000,100,71.0,10.0,15.0,0.35,0.35,0.3,0.1,1.4467,0.0665,4.0424,182.1577,1.5255,4.3090,4.5711
296,31,72,406,41,434,135.87245712290203,278.6323742855449,136.1381770074882,320.3825837963106,0.6024,4,20,3,4,5000,100,71.0,10.0,15.0,0.35,0.35,0.3,0.1,1.5152,0.0697,4.2331,298.0525,-5.3686,-5.2076,7.4794
296,30,569,128,612,115,344.2075964711427,308.65028754238995,344.07686353055755,353.5661182862408,0.7824,4,20,3,4,5000,100,71.0,10.0,15.0,0.35,0.35,0.3,0.1,1.4745,0.0678,4.1199,329.5850,7.9585,2.2509,8.2706
296,28,573,99,617,82,339.4230971986975,321.51205265121865,339.3530091750296,368.6800781165155,0.7999,4,20,3,4,5000,100,71.0,10.0,15.0,0.35,0.35,0.3,0.1,1.4857,0.0683,4.1510,343.4843,8.0695,3.0294,8.6194
296,13,337,50,347,27,291.86236242028644,174.55371666051687,292.0678995624102,199.6246477767713,0.7449,4,20,3,4,5000,100,71.0,10.0,15.0,0.35,0.35,0.3,0.1,1.4566,0.067,4.0701,186.2493,1.7404,4.3376,4.6738
297,31,79,405,51,433,135.0,272.94321753800733,135.0,312.54119728445403,0.8147,4,20,3,4,5000,100,71.0,10.0,15.0,0.35,0.35,0.3,0.1,1.4703,0.0676,4.1082,291.4031,-5.1707,-5.1707,7.3125
297,30,577,127,622,114,344.42745640318975,316.62280397975127,344.3577535427913,363.4611396009208,0.8755,4,20,3,4,5000,100,71.0,10.0,15.0,0.35,0.35,0.3,0.1,1.4973,0.0689,4.1831,338.4291,8.1808,2.2799,8.4926
297,28,581,99,626,81,339.9127464994267,329.013677527242,339.6926790825724,377.4612562899668,0.6534,4,20,3,4,5000,100,71.0,10.0,15.0,0.35,0.35,0.3,0.1,1.4909,0.0686,4.1652,351.5763,8.2858,3.0301,8.8225
297,13,346,50,356,26,294.5504523892074,178.10109488714548,294.3045492659367,204.08821622033938,0.7329,4,20,3,4,5000,100,71.0,10.0,15.0,0.35,0.35,0.3,0.1,1.4782,0.068,4.1301,190.2112,1.9832,4.3417,4.7732
298,31,90,405,64,432,133.31980559507258,265.27909830968593,133.39399701071775,302.76063152266016,0.7654,3,20,3,4,5000,100,71.0,10.0,15.0,0.35,0.35,0.3,0.1,1.4345,0.066,4.0085,282.7833,-4.8685,-5.1627,7.0962
298,30,586,127,632,115,344.8530155596548,325.3013987058771,344.92009720184757,372.83910739084223,0.8658,3,20,3,4,5000,100,71.0,10.0,15.0,0.35,0.35,0.3,0.1,1.4803,0.0681,4.1359,347.4518,8.4161,2.2782,8.7190
298,13,355,49,368,25,296.98530608179476,182.91528093628483,297.17455775375316,210.20228352708256,0.7617,3,20,3,4,5000,100,71.0,10.0,15.0,0.35,0.35,0.3,0.1,1.509,0.0694,4.2157,195.6118,2.2274,4.3743,4.9087
299,31,99,404,75,431,132.02016951232173,258.44341740504825,131.97275481772002,294.56747953567447,0.8011,3,20,3,4,5000,100,71.0,10.0,15.0,0.35,0.35,0.3,0.1,1.4201,0.0653,3.9685,275.3256,-4.6249,-5.1328,6.9090
299,30,596,127,638,115,345.2999683658455,334.96417718914364,345.1563102142835,378.6357088284199,0.5686,3,20,3,4,5000,100,71.0,10.0,15.0,0.35,0.35,0.3,0.1,1.3305,0.0612,3.7191,355.4636,8.6281,2.2635,8.9200
299,13,366,49,379,25,299.9714949320727,188.16216410320115,299.7778667737316,215.44836968517538,0.7528,3,20,3,4,5000,100,71.0,10.0,15.0,0.35,0.35,0.3,0.1,1.4697,0.0676,4.1065,200.8829,2.5183,4.3669,5.0410
300,31,105,403,82,430,131.1646809028667,253.71243564319033,131.07409229631602,289.17814578560393,0.7622,2,20,3,4,5000,100,71.0,10.0,15.0,0.35,0.35,0.3,0.1,1.4202,0.0653,3.9688,270.2868,-4.4645,-5.1061,6.7826
300,13,373,49,388,25,301.78367593620936,191.75505208468434,301.8121900786944,220.05681084665386,0.8367,2,20,3,4,5000,100,71.0,10.0,15.0,0.35,0.35,0.3,0.1,1.4941,0.0687,4.1742,204.9334,2.7087,4.3714,5.1426
301,31,111,403,88,431,130.1286089684759,249.8039231077046,130.0363943804981,286.0367109306076,0.7695,2,20,3,4,5000,100,71.0,10.0,15.0,0.35,0.35,0.3,0.1,1.47,0.0676,4.1073,266.6953,-4.3133,-5.1171,6.6925
301,13,380,49,395,25,303.52752674353854,195.5326059765992,303.33507963020855,223.8258251408894,0.7434,2,20,3,4,5000,100,71.0,10.0,15.0,0.35,0.35,0.3,0.1,1.4668,0.0675,4.0982,208.7248,2.8930,4.3663,5.2378
302,31,117,402,94,430,129.20720350496785,245.20399670478457,129.23211110208587,281.4391586115905,0.8102,2,20,3,4,5000,100,71.0,10.0,15.0,0.35,0.35,0.3,0.1,1.4958,0.0688,4.1790,262.0750,-4.1572,-5.0959,6.5765
302,13,386,48,402,24,304.8040117527132,199.7298175035465,304.66344585350066,228.56946427727394,0.775,2,20,3,4,5000,100,71.0,10.0,15.0,0.35,0.35,0.3,0.1,1.4639,0.0673,4.0902,213.1787,3.0534,4.3925,5.3495
303,31,123,402,102,428,128.10391580534647,241.4560001325293,128.20405598398105,274.87451682540524,0.7442,2,20,3,4,5000,100,71.0,10.0,15.0,0.35,0.35,0.3,0.1,1.4071,0.0647,3.9322,257.0838,-3.9810,-5.0765,6.4513
303,13,392,47,409,24,306.0273733851036,204.02205763103166,306.081699329171,232.62201099638014,0.826,2,20,3,4,5000,100,71.0,10.0,15.0,0.35,0.35,0.3,0.1,1.424,0.0655,3.9792,217.3854,3.2085,4.4117,5.4551
304,31,133,401,112,428,126.33261282004453,234.61031520374377,126.52885536698517,268.80476186258306,0.6698,2,20,3,4,5000,100,71.0,10.0,15.0,0.35,0.35,0.3,0.1,1.4767,0.0679,4.1258,250.5462,-3.7250,-5.0649,6.2872
304,13,401,47,419,24,308.0189425931702,209.44211610848473,308.0223815091683,238.64827675891564,0.8471,2,20,3,4,5000,100,71.0,10.0,15.0,0.35,0.35,0.3,0.1,1.417,0.0652,3.9598,223.0934,3.4481,4.4104,5.5983
305,31,144,401,125,428,124.10776933246521,228.26519664635694,124.23746277685756,261.27571643763605,0.7177,2,20,3,4,5000,100,71.0,10.0,15.0,0.35,0.35,0.3,0.1,1.466,0.0674,4.0960,243.6575,-3.4286,-5.0626,6.1144
305,13,413,48,434,24,310.6874968560611,216.27991122617004,310.7515454706387,248.16929705344293,0.8182,2,20,3,4,5000,100,71.0,10.0,15.0,0.35,0.35,0.3,0.1,1.4927,0.0687,4.1703,231.1298,3.7812,4.3980,5.8000
306,31,154,401,136,427,121.97812546536676,222.81157959136684,122.31573231189348,254.40322325002094,0.5852,2,20,3,4,5000,100,71.0,10.0,15.0,0.35,0.35,0.3,0.1,1.4392,0.0662,4.0215,237.5617,-3.1571,-5.0568,5.9614
306,13,424,48,446,24,312.82525588538994,223.60679774997897,312.7852448726808,256.1640099623677,0.8335,2,20,3,4,5000,100,71.0,10.0,15.0,0.35,0.35,0.3,0.1,1.4753,0.0679,4.1219,238.7807,4.0731,4.3947,5.9920
307,31,163,400,147,427,120.10461034562795,217.3131381210073,120.17352002964432,248.69660230891776,0.7764,2,20,3,4,5000,100,71.0,10.0,15.0,0.35,0.35,0.3,0.1,1.4641,0.0673,4.0908,231.9481,-2.9195,-5.0354,5.8205
307,13,434,48,457,24,314.64849656012666,230.52114870440846,314.5391859723213,263.75936002348806,0.7805,2,20,3,4,5000,100,71.0,10.0,15.0,0.35,0.35,0.3,0.1,1.4619,0.0672,4.0848,246.0227,4.3386,4.3922,6.1737
308,31,170,400,156,427,118.48218574704043,213.88782106515555,118.34840957773493,244.29695045169925,0.7345,2,20,3,4,5000,100,71.0,10.0,15.0,0.35,0.35,0.3,0.1,1.4429,0.0664,4.0317,228.0833,-2.7295,-5.0308,5.7235
308,13,442,48,467,24,316.02915480430596,236.21176939348302,316.0470647719991,270.8671260969112,0.8432,2,20,3,4,5000,100,71.0,10.0,15.0,0.35,0.35,0.3,0.1,1.4858,0.0683,4.1511,252.3552,4.5575,4.3967,6.3326
309,31,177,400,163,427,116.80834389534283,210.63950246807934,116.88394832664416,241.05186163977245,0.7767,2,20,3,4,5000,100,71.0,10.0,15.0,0.35,0.35,0.3,0.1,1.4638,0.0673,4.0899,224.8219,-2.5445,-5.0353,5.6417
309,13,449,49,475,25,317.3579059707169,240.6200324162558,317.3492786474801,276.0036231646244,0.855,2,20,3,4,5000,100,71.0,10.0,15.0,0.35,0.35,0.3,0.1,1.489,0.0685,4.1600,257.1001,4.7459,4.3705,6.4517
310,31,183,401,170,427,115.21572129599058,208.90667772955464,115.38053279142451,237.96848530845423,0.7177,2,20,3,4,5000,100,71.0,10.0,15.0,0.35,0.35,0.3,0.1,1.4138,0.065,3.9510,222.4926,-2.3786,-5.0512,5.5833
310,13,455,49,482,25,318.30821353387205,245.0673376849718,318.3156965483789,281.19210515233175,0.843,2,20,3,4,5000,100,71.0,10.0,15.0,0.35,0.35,0.3,0.1,1.4923,0.0686,4.1693,261.8898,4.9075,4.3711,6.5719
311,31,189,400,177,427,113.8209483052073,205.50669088864237,113.83874018317172,235.05318547086316,0.8198,2,20,3,4,5000,100,71.0,10.0,15.0,0.35,0.35,0.3,0.1,1.458,0.0671,4.0739,219.2892,-2.2225,-5.0341,5.5029
311,13,462,49,489,25,319.3738804954081,250.3377718203947,319.2468426070235,286.457675756821,0.7561,2,20,3,4,5000,100,71.0,10.0,15.0,0.35,0.35,0.3,0.1,1.4628,0.0673,4.0873,267.1825,5.0887,4.3656,6.7047
312,31,195,400,183,427,112.27275352933374,203.15757431117353,112.48727990979037,232.69293070482394,0.6952,2,20,3,4,5000,100,71.0,10.0,15.0,0.35,0.35,0.3,0.1,1.4732,0.0678,4.1162,216.9245,-2.0632,-5.0374,5.4435
312,13,468,49,496,25,320.25198366438116,254.9215565620138,320.14414741163614,291.79616172938256,0.7681,2,20,3,4,5000,100,71.0,10.0,15.0,0.35,0.35,0.3,0.1,1.4663,0.0674,4.0970,272.1153,5.2502,4.3662,6.8285
313,31,200,401,190,427,110.85445803957835,202.24984548819808,110.87661846373463,230.10649708341572,0.8204,2,20,3,4,5000,100,71.0,10.0,15.0,0.35,0.35,0.3,0.1,1.4007,0.0644,3.9145,215.2808,-1.9232,-5.0484,5.4023
313,13,473,50,503,26,321.1322224976793,258.15692901799093,321.1591630291431,296.5754541427864,0.8385,2,20,3,4,5000,100,71.0,10.0,15.0,0.35,0.35,0.3,0.1,1.5056,0.0693,4.2063,276.0358,5.3932,4.3468,6.9269
314,31,202,401,192,428,110.32313682966294,201.54652068443156,110.32313682966294,230.3388807822075,0.8073,2,20,3,4,5000,100,71.0,10.0,15.0,0.35,0.35,0.3,0.1,1.4493,0.0667,4.0498,214.9830,-1.8737,-5.0590,5.3948
314,13,477,51,506,27,321.85511898010054,260.66453537065604,321.6701637913075,298.2968320314515,0.6902,2,20,3,4,5000,100,71.0,10.0,15.0,0.35,0.35,0.3,0.1,1.4637,0.0673,4.0896,278.2139,5.4906,4.3122,6.9815
315,31,206,403,196,430,109.06257701453984,202.08166665979377,109.2197734259139,230.8679276123039,0.7195,2,20,3,4,5000,100,71.0,10.0,15.0,0.35,0.35,0.3,0.1,1.4455,0.0665,4.0390,215.5178,-1.7663,-5.1117,5.4082
315,13,479,52,510,28,322.29788274211586,261.627597932634,322.2920589645827,300.83217912982644,0.8528,2,20,3,4,5000,100,71.0,10.0,15.0,0.35,0.35,0.3,0.1,1.5153,0.0697,4.2333,279.8636,5.5565,4.2949,7.0229
316,31,215,406,206,433,106.3735493270503,202.20039564748632,106.62786248581733,230.6447484769597,0.6749,2,20,3,4,5000,100,71.0,10.0,15.0,0.35,0.35,0.3,0.1,1.4286,0.0657,3.9922,215.4880,-1.5244,-5.1882,5.4075
316,13,487,55,519,32,323.86186440639756,266.22171211229187,323.91749477767735,305.62885989382613,0.8186,2,20,3,4,5000,100,71.0,10.0,15.0,0.35,0.35,0.3,0.1,1.4981,0.0689,4.1855,284.5675,5.7670,4.2113,7.1410
317,31,221,409,213,436,104.51426629366844,203.49447166937975,104.75615254831231,231.639806596362,0.6678,2,20,3,4,5000,100,71.0,10.0,15.0,0.35,0.35,0.3,0.1,1.4062,0.0647,3.9297,216.6569,-1.3626,-5.2633,5.4368
317,13,494,58,527,36,325.2511987508174,270.1851217221259,325.3867142343597,309.84028143545186,0.7513,2,20,3,4,5000,100,71.0,10.0,15.0,0.35,0.35,0.3,0.1,1.4863,0.0684,4.1526,288.6571,5.9518,4.1287,7.2436
318,31,227,413,221,441,102.61932229343078,205.97572672526246,102.55529674078856,234.61031520374377,0.7904,2,20,3,4,5000,100,71.0,10.0,15.0,0.35,0.35,0.3,0.1,1.4129,0.065,3.9485,219.3625,-1.2026,-5.3717,5.5047
318,13,501,62,535,40,326.77432578580857,273.7535387899123,326.8156190741339,314.2499005568657,0.825,2,20,3,4,5000,100,71.0,10.0,15.0,0.35,0.35,0.3,0.1,1.4973,0.0689,4.1830,292.6072,6.1423,4.0234,7.3427
319,31,234,419,229,447,100.40224676510434,210.459022139703,100.36919961974299,238.9016534057477,0.8129,2,20,3,4,5000,100,71.0,10.0,15.0,0.35,0.35,0.3,0.1,1.3761,0.0633,3.8459,223.7802,-1.0139,-5.5233,5.6156
319,13,508,67,543,46,328.43315227354594,276.9855591903665,328.5106088614689,317.8002517305485,0.7914,2,20,3,4,5000,100,71.0,10.0,15.0,0.35,0.35,0.3,0.1,1.4918,0.0686,4.1679,295.9925,6.3286,3.8883,7.4277
320,31,239,422,234,451,98.930590100419,212.5770448566825,99.03416878189817,242.00206610688264,0.7646,2,20,3,4,5000,100,71.0,10.0,15.0,0.35,0.35,0.3,0.1,1.4072,0.0647,3.9327,226.3372,-0.8817,-5.6109,5.6797
320,13,514,72,549,51,329.95008637901253,279.5782538038322,329.8336707056986,320.3903868720159,0.7621,2,20,3,4,5000,100,71.0,10.0,15.0,0.35,0.35,0.3,0.1,1.4788,0.068,4.1318,298.5962,6.4859,3.7522,7.4930
321,31,242,426,238,455,97.98011374516852,216.0925727552893,97.96498529104491,245.3670719554684,0.7987,2,20,3,4,5000,100,71.0,10.0,15.0,0.35,0.35,0.3,0.1,1.3792,0.0634,3.8546,229.8013,-0.8006,-5.7108,5.7667
321,13,518,75,553,55,330.8861039805428,281.5759222660915,330.807084088688,321.8850726579286,0.7852,2,20,3,4,5000,100,71.0,10.0,15.0,0.35,0.35,0.3,0.1,1.4522,0.0668,4.0576,300.3842,6.5855,3.6675,7.5379
322,31,243,432,238,465,97.50933107381734,221.90313201935658,97.65397110251413,255.27436220662662,0.7659,2,20,3,4,5000,100,71.0,10.0,15.0,0.35,0.35,0.3,0.1,1.5204,0.0699,4.2474,237.4218,-0.7786,-5.9068,5.9579
322,13,519,80,554,61,331.87937547453816,280.0589223717038,331.832687476651,319.88279103446627,0.7881,2,20,3,4,5000,100,71.0,10.0,15.0,0.35,0.35,0.3,0.1,1.4431,0.0664,4.0324,298.6491,6.6097,3.5323,7.4943
323,31,240,441,235,473,97.95488644925065,231.22499864850255,98.06862621947153,263.60955976595386,0.7826,2,20,3,4,5000,100,71.0,10.0,15.0,0.35,0.35,0.3,0.1,1.4228,0.0654,3.9759,246.3576,-0.8556,-6.1226,6.1821
323,13,515,89,550,72,333.1527058866512,272.35638417338413,333.27030623151455,311.26194756185663,0.7622,2,20,3,4,5000,100,71.0,10.0,15.0,0.35,0.35,0.3,0.1,1.4492,0.0667,4.0495,290.5124,6.5044,3.2923,7.2901
324,31,238,447,233,476,98.23247707459583,237.44683615495913,98.40337109056082,266.865134478073,0.7402,2,20,3,4,5000,100,71.0,10.0,15.0,0.35,0.35,0.3,0.1,1.2682,0.0583,3.5459,251.2979,-0.9030,-6.2411,6.3061
324,13,512,94,547,77,333.81819246855673,267.43971283263073,333.8531587644191,306.3494736408078,0.8231,2,20,3,4,5000,100,71.0,10.0,15.0,0.35,0.35,0.3,0.1,1.4742,0.0678,4.1190,285.5753,6.4310,3.1619,7.1663
325,13,510,98,544,82,334.4059707540012,263.89391808073185,334.4549439559982,301.4697331408246,0.7736,1,20,3,4,5000,100,71.0,10.0,15.0,0.35,0.35,0.3,0.1,1.4449,0.0665,4.0374,281.4331,6.3693,3.0509,7.0623
326,13,506,105,540,90,335.42704239588846,257.30332294783915,335.523838489129,294.462221685567,0.7783,1,20,3,4,5000,100,71.0,10.0,15.0,0.35,0.35,0.3,0.1,1.4641,0.0673,4.0908,274.6315,6.2675,2.8659,6.8916
327,13,504,110,537,95,336.267060195928,253.4324367558344,336.1780892419613,289.67913283493516,0.7786,1,20,3,4,5000,100,71.0,10.0,15.0,0.35,0.35,0.3,0.1,1.4509,0.0667,4.0541,270.3463,6.2104,2.7304,6.7841
328,13,503,114,536,100,337.01128319791934,250.92827660508888,337.01128319791934,286.77517326295873,0.8257,1,20,3,4,5000,100,71.0,10.0,15.0,0.35,0.35,0.3,0.1,1.4493,0.0667,4.0498,267.6568,6.1832,2.6232,6.7166
329,13,501,120,534,107,338.11236668180373,246.78938388836744,338.1608959273017,282.25697511310506,0.818,1,20,3,4,5000,100,71.0,10.0,15.0,0.35,0.35,0.3,0.1,1.4575,0.067,4.0724,263.3343,6.1318,2.4634,6.6081
330,13,500,123,533,111,338.67676876990157,244.7549795203358,338.84489903292905,279.86067962470185,0.6931,1,20,3,4,5000,100,71.0,10.0,15.0,0.35,0.35,0.3,0.1,1.4548,0.0669,4.0649,261.1332,6.1043,2.3828,6.5529
331,13,500,124,533,111,338.8951614150704,244.39312592624205,338.84489903292905,279.86067962470185,0.7959,1,20,3,4,5000,100,71.0,10.0,15.0,0.35,0.35,0.3,0.1,1.4708,0.0677,4.1094,260.9272,6.1085,2.3577,6.5477
332,13,500,124,533,111,338.8951614150704,244.39312592624205,338.84489903292905,279.86067962470185,0.7959,1,20,3,4,5000,100,71.0,10.0,15.0,0.35,0.35,0.3,0.1,1.4708,0.0677,4.1094,260.9272,6.1085,2.3577,6.5477
333,13,497,125,529,112,338.86017519134236,241.2343259156955,338.7387367424274,275.7698315624826,0.7418,1,20,3,4,5000,100,71.0,10.0,15.0,0.35,0.35,0.3,0.1,1.4522,0.0668,4.0578,257.3486,6.0233,2.3290,6.4579
334,13,493,125,523,113,338.51216866228555,237.507894605632,338.47461759813535,269.8184574857695,0.7969,1,20,3,4,5000,100,71.0,10.0,15.0,0.35,0.35,0.3,0.1,1.3846,0.0637,3.8696,252.6343,5.8990,2.3222,6.3396
335,13,488,127,518,114,338.519443524966,232.12281232140884,338.2789491980027,264.8018126826174,0.6622,1,20,3,4,5000,100,71.0,10.0,15.0,0.35,0.35,0.3,0.1,1.4297,0.0658,3.9951,247.3878,5.7768,2.2733,6.2080
336,13,481,128,511,116,338.1041210534791,225.24875138388668,338.11597228754533,257.55970181687974,0.8247,1,20,3,4,5000,100,71.0,10.0,15.0,0.35,0.35,0.3,0.1,1.4549,0.0669,4.0653,240.3231,5.5957,2.2490,6.0307
337,13,468,130,497,118,337.2971578767872,212.46176126540982,337.32591193296145,243.8462630429263,0.8195,1,20,3,4,5000,100,71.0,10.0,15.0,0.35,0.35,0.3,0.1,1.4953,0.0688,4.1775,227.0747,5.2567,2.1992,5.6982
338,13,459,129,486,117,336.0659456531187,204.59227746911662,336.062357415674,234.138847695123,0.8323,1,20,3,4,5000,100,71.0,10.0,15.0,0.35,0.35,0.3,0.1,1.4641,0.0673,4.0908,218.3706,5.0086,2.2231,5.4798
339,13,452,129,478,116,335.24504821803976,198.2145302443794,335.01356679522013,227.27076362788065,0.7011,1,20,3,4,5000,100,71.0,10.0,15.0,0.35,0.35,0.3,0.1,1.4846,0.0683,4.1479,211.7505,4.8254,2.2250,5.3137
340,13,441,126,465,113,333.0295609213491,189.62331080328704,332.84429160827534,216.91011963483862,0.739,1,20,3,4,5000,100,71.0,10.0,15.0,0.35,0.35,0.3,0.1,1.4592,0.0671,4.0772,202.3510,4.5256,2.3029,5.0778
341,13,433,123,456,111,331.06640053519664,183.96195258802837,331.23704242166923,209.89759407863636,0.7379,1,20,3,4,5000,100,71.0,10.0,15.0,0.35,0.35,0.3,0.1,1.4316,0.0658,4.0004,196.0758,4.3062,2.3804,4.9203
342,13,428,120,450,107,329.47029410006587,181.10770276274835,329.46417079352585,206.66155907667007,0.8279,1,20,3,4,5000,100,71.0,10.0,15.0,0.35,0.35,0.3,0.1,1.4327,0.0659,4.0034,193.0426,4.1727,2.4608,4.8442
343,13,424,116,445,103,327.7243556854224,179.77764043395385,327.78670144918675,204.47493733951845,0.8152,1,20,3,4,5000,100,71.0,10.0,15.0,0.35,0.35,0.3,0.1,1.3973,0.0643,3.9051,191.3326,4.0595,2.5639,4.8013
344,13,421,112,441,98,326.13282089127415,179.44637081869334,325.9981217862674,203.85534086699815,0.7564,1,20,3,4,5000,100,71.0,10.0,15.0,0.35,0.35,0.3,0.1,1.3844,0.0637,3.8692,190.8737,3.9771,2.6692,4.7898
345,13,420,108,441,93,324.90418321297386,180.88670487352022,324.84901451111705,206.69300907384363,0.8003,1,20,3,4,5000,100,71.0,10.0,15.0,0.35,0.35,0.3,0.1,1.4475,0.0666,4.0447,192.9307,3.9612,2.7836,4.8414
346,13,422,104,443,89,324.24611274556327,184.83506160899236,324.2726017772003,210.6418761785035,0.7939,1,20,3,4,5000,100,71.0,10.0,15.0,0.35,0.35,0.3,0.1,1.4186,0.0653,3.9644,196.8965,4.0097,2.8870,4.9409
347,13,427,100,449,84,324.14885298579384,191.23022773609824,324.12690636188313,218.4330561064419,0.8269,1,20,3,4,5000,100,71.0,10.0,15.0,0.35,0.35,0.3,0.1,1.4436,0.0664,4.0338,203.9285,4.1479,2.9972,5.1174
348,13,432,96,455,79,324.05788812861766,197.62590923257,323.991247277066,226.22555116520326,0.8072,1,20,3,4,5000,100,71.0,10.0,15.0,0.35,0.35,0.3,0.1,1.4669,0.0675,4.0987,210.9608,4.2860,3.1073,5.2939
349,33,169,447,155,476,113.66773687211142,256.58137110866016,113.90205041101085,288.76461001999536,0.6583,2,20,3,4,5000,100,71.0,10.0,15.0,0.35,0.35,0.3,0.1,1.283,0.059,3.5870,271.7234,-2.7372,-6.2451,6.8187
349,13,436,92,459,75,323.80679269443533,203.2141727340886,323.77273729752943,231.81458107720488,0.8183,2,20,3,4,5000,100,71.0,10.0,15.0,0.35,0.35,0.3,0.1,1.4293,0.0657,3.9939,216.5742,4.3860,3.2093,5.4347
350,33,174,442,160,474,113.07822140604085,250.0079998720041,113.14578335854249,284.93508032532606,0.8077,2,20,3,4,5000,100,71.0,10.0,15.0,0.35,0.35,0.3,0.1,1.4194,0.0653,3.9666,266.3313,-2.6198,-6.1485,6.6833
350,13,442,88,466,70,323.8925487082481,210.41863035387337,323.7974107099911,240.41630560342617,0.7846,2,20,3,4,5000,100,71.0,10.0,15.0,0.35,0.35,0.3,0.1,1.4465,0.0665,4.0420,224.4195,4.5498,3.3187,5.6316
351,33,179,438,166,471,112.36738281991705,244.38698819699874,112.25763697337014,279.8517464658743,0.7778,2,20,3,4,5000,100,71.0,10.0,15.0,0.35,0.35,0.3,0.1,1.4707,0.0677,4.1092,260.9198,-2.4916,-6.0549,6.5475
351,13,448,84,472,66,323.9726266148964,217.6235281397671,323.87055585675915,247.62067765031256,0.7667,2,20,3,4,5000,100,71.0,10.0,15.0,0.35,0.35,0.3,0.1,1.4017,0.0645,3.9173,231.6551,4.7013,3.4191,5.8132
352,33,184,435,170,465,111.53512582875756,239.7352706632881,111.95742211510328,272.7874630550312,0.5476,2,20,3,4,5000,100,71.0,10.0,15.0,0.35,0.35,0.3,0.1,1.402,0.0645,3.9181,255.1956,-2.3507,-5.9569,6.4039
352,13,453,81,478,62,324.1046008654022,223.4323163734378,323.93956500315153,254.82543044209697,0.7311,2,20,3,4,5000,100,71.0,10.0,15.0,0.35,0.35,0.3,0.1,1.427,0.0656,3.9877,238.0985,4.8402,3.5031,5.9749
353,33,189,430,176,462,110.84352790245167,233.2659426491574,111.00678943077186,267.7984316608296,0.737,2,20,3,4,5000,100,71.0,10.0,15.0,0.35,0.35,0.3,0.1,1.4983,0.0689,4.1859,249.3422,-2.2264,-5.8475,6.2570
353,13,458,77,485,58,324.0276129507151,229.82819670353766,324.1328941116232,262.8402556687236,0.7672,2,20,3,4,5000,100,71.0,10.0,15.0,0.35,0.35,0.3,0.1,1.4567,0.067,4.0703,245.2282,4.9803,3.6147,6.1538
354,33,195,428,183,458,109.6202096415444,229.31419493786248,109.88954720023413,261.6046635669938,0.6589,2,20,3,4,5000,100,71.0,10.0,15.0,0.35,0.35,0.3,0.1,1.43,0.0658,3.9959,244.3975,-2.0593,-5.7769,6.1329
354,13,464,75,492,55,324.4905606382247,235.8664876577425,324.48696555253315,270.27578507887085,0.8548,2,20,3,4,5000,100,71.0,10.0,15.0,0.35,0.35,0.3,0.1,1.478,0.068,4.1294,251.9015,5.1456,3.6716,6.3212
355,33,199,427,188,457,108.75414206399654,227.05505940189926,108.92464441605124,259.0,0.7427,2,20,3,4,5000,100,71.0,10.0,15.0,0.35,0.35,0.3,0.1,1.4288,0.0657,3.9927,241.9778,-1.9523,-5.7498,6.0722
355,13,469,74,498,53,324.98846489091767,240.52650581588716,324.87208730911345,276.3277040037788,0.7786,2,20,3,4,5000,100,71.0,10.0,15.0,0.35,0.35,0.3,0.1,1.5059,0.0693,4.2070,257.1872,5.2860,3.7029,6.4539
356,33,205,426,195,456,107.38450921945184,224.24317157942625,107.51432949989426,255.86129054626454,0.7424,2,20,3,4,5000,100,71.0,10.0,15.0,0.35,0.35,0.3,0.1,1.4317,0.0659,4.0008,239.0111,-1.7920,-5.7238,5.9978
356,13,474,74,504,53,325.6603482945353,244.63850882475555,325.5754114397654,281.2561110447202,0.8055,2,20,3,4,5000,100,71.0,10.0,15.0,0.35,0.35,0.3,0.1,1.5137,0.0696,4.2289,261.6725,5.4220,3.7041,6.5664
357,33,213,426,204,457,105.41358153750406,221.98423367437607,105.5120487275613,254.26167623139747,0.7738,2,20,3,4,5000,100,71.0,10.0,15.0,0.35,0.35,0.3,0.1,1.4734,0.0678,4.1168,237.0292,-1.5809,-5.7341,5.9480
357,13,483,73,514,53,326.6243957243489,252.6697449240807,326.69409382121995,289.56001105124994,0.7917,2,20,3,4,5000,100,71.0,10.0,15.0,0.35,0.35,0.3,0.1,1.4791,0.068,4.1325,269.8600,5.6551,3.7254,6.7719
358,33,221,426,214,456,103.40456256290382,219.9931817125249,103.37133196989193,250.79872407968904,0.8097,2,20,3,4,5000,100,71.0,10.0,15.0,0.35,0.35,0.3,0.1,1.4225,0.0654,3.9752,234.3881,-1.3635,-5.7215,5.8818
358,13,491,74,523,54,327.78345394142434,258.8532402733255,327.8103207814761,296.5889411289639,0.8285,2,20,3,4,5000,100,71.0,10.0,15.0,0.35,0.35,0.3,0.1,1.477,0.0679,4.1266,276.4392,5.8690,3.6983,6.9370
359,33,234,427,228,458,100.02318165290556,218.3323155192561,100.1407931461128,249.9039815609187,0.7581,2,20,3,4,5000,100,71.0,10.0,15.0,0.35,0.35,0.3,0.1,1.4659,0.0674,4.0957,233.0538,-1.0179,-5.7590,5.8483
359,13,503,75,536,55,329.32893966766164,268.5702887513807,329.2601789310096,307.15631199765375,0.8093,2,20,3,4,5000,100,71.0,10.0,15.0,0.35,0.35,0.3,0.1,1.457,0.067,4.0712,286.5703,6.1852,3.6683,7.1912
360,33,245,429,241,459,97.09251732827309,218.67327225795108,97.15356431839442,248.93774322107123,0.7869,2,20,3,4,5000,100,71.0,10.0,15.0,0.35,0.35,0.3,0.1,1.407,0.0647,3.9321,232.8261,-0.7214,-5.7979,5.8426
360,13,517,78,553,58,331.32404075752294,279.25078334715556,331.27537703901385,320.4325201973108,0.809,2,20,3,4,5000,100,71.0,10.0,15.0,0.35,0.35,0.3,0.1,1.4929,0.0687,4.1710,298.4276,6.5703,3.5935,7.4888
361,33,257,436,255,467,93.8310513610567,224.50167037240502,93.81407483429037,255.56603843233944,0.8316,2,20,3,4,5000,100,71.0,10.0,15.0,0.35,0.35,0.3,0.1,1.4068,0.0647,3.9313,239.0288,-0.4008,-5.9848,5.9982
361,13,528,83,565,64,333.25617942015776,286.6653100743095,333.20077119156747,328.25752085824325,0.8041,2,20,3,4,5000,100,71.0,10.0,15.0,0.35,0.35,0.3,0.1,1.4705,0.0676,4.1085,306.0548,6.8586,3.4561,7.6802
362,33,264,441,263,473,92.00078561666858,229.13969538253298,91.97493401088198,261.15512631384433,0.8139,2,20,3,4,5000,100,71.0,10.0,15.0,0.35,0.35,0.3,0.1,1.4196,0.0653,3.9670,244.1021,-0.2139,-6.1218,6.1255
362,13,537,90,576,72,335.27972729039607,291.7344683097971,335.2726856133099,334.6879143321432,0.8404,2,20,3,4,5000,100,71.0,10.0,15.0,0.35,0.35,0.3,0.1,1.4907,0.0686,4.1648,311.7385,7.1059,3.2714,7.8228
363,33,270,446,270,477,90.48969559312923,234.00854685246006,90.43241276753768,265.0075470623431,0.8576,2,20,3,4,5000,100,71.0,10.0,15.0,0.35,0.35,0.3,0.1,1.3505,0.0621,3.7748,248.5452,-0.0533,-6.2368,6.2370
363,13,543,94,583,77,336.47051794797756,295.5757094214611,336.53512582875754,339.0368711512068,0.8057,2,20,3,4,5000,100,71.0,10.0,15.0,0.35,0.35,0.3,0.1,1.4889,0.0685,4.1597,315.8181,7.2662,3.1639,7.9252
364,13,547,100,587,83,337.8402726114694,296.9326522967792,337.7297320799447,340.39095170112853,0.7531,1,20,3,4,5000,100,71.0,10.0,15.0,0.35,0.35,0.3,0.1,1.4824,0.0682,4.1418,317.1801,7.3714,3.0022,7.9594
365,13,549,103,588,88,338.520272732884,297.6743186773088,338.5747062019126,339.45839214843403,0.7854,1,20,3,4,5000,100,71.0,10.0,15.0,0.35,0.35,0.3,0.1,1.4257,0.0656,3.9841,317.1962,7.4069,2.9146,7.9598
366,13,550,107,590,91,339.30855736523154,297.1683024819437,339.1680226470184,340.2425605358624,0.6814,1,20,3,4,5000,100,71.0,10.0,15.0,0.35,0.35,0.3,0.1,1.4691,0.0676,4.1048,317.2500,7.4476,2.8129,7.9611
367,13,552,113,592,98,340.52786070403334,296.98653168115214,340.3915587281097,339.69986753014786,0.7259,1,20,3,4,5000,100,71.0,10.0,15.0,0.35,0.35,0.3,0.1,1.4585,0.0671,4.0752,316.9104,7.4977,2.6510,7.9526
368,13,554,118,595,104,341.565051177078,297.2541000558277,341.5118517684914,340.57745080965066,0.7992,1,20,3,4,5000,100,71.0,10.0,15.0,0.35,0.35,0.3,0.1,1.4766,0.0679,4.1257,317.4445,7.5572,2.5191,7.9660
369,13,555,122,596,109,342.3582328073608,296.9663280575763,342.36447529039555,339.9779404608481,0.8388,1,20,3,4,5000,100,71.0,10.0,15.0,0.35,0.35,0.3,0.1,1.4681,0.0675,4.1018,317.0199,7.5812,2.4110,7.9553
370,13,558,127,599,115,343.4479035118661,298.3638718075632,343.47774300835954,341.0835674728409,0.8232,1,20,3,4,5000,100,71.0,10.0,15.0,0.35,0.35,0.3,0.1,1.4524,0.0668,4.0583,318.2967,7.6564,2.2755,7.9874
371,13,560,134,601,123,344.8459319496874,298.3756022197525,344.86283435627513,340.82546853191593,0.8288,1,20,3,4,5000,100,71.0,10.0,15.0,0.35,0.35,0.3,0.1,1.4438,0.0664,4.0343,318.1910,7.7071,2.0873,7.9847
372,13,562,142,603,131,346.4295656148385,298.328677803526,346.2492135698907,340.76678241870934,0.6826,1,20,3,4,5000,100,71.0,10.0,15.0,0.35,0.35,0.3,0.1,1.4436,0.0664,4.0338,318.1387,7.7605,1.8732,7.9834
373,13,562,147,603,137,347.366638064725,297.1952220342716,347.2331479162787,339.3906303951245,0.7328,1,20,3,4,5000,100,71.0,10.0,15.0,0.35,0.35,0.3,0.1,1.441,0.0663,4.0266,316.8945,7.7597,1.7392,7.9522
374,13,559,156,601,148,348.95905981967627,292.41238003887594,348.99179792311327,335.16712249264543,0.8111,1,20,3,4,5000,100,71.0,10.0,15.0,0.35,0.35,0.3,0.1,1.4811,0.0681,4.1380,312.3334,7.6927,1.5010,7.8377
375,13,555,165,596,159,350.5705120459807,286.8762799535716,350.70982283086227,328.3062594590606,0.7193,1,20,3,4,5000,100,71.0,10.0,15.0,0.35,0.35,0.3,0.1,1.4641,0.0673,4.0908,306.1962,7.5799,1.2589,7.6837
376,13,554,170,595,165,351.52885536698517,285.1105048924013,351.7209488145402,326.40159313336693,0.6821,1,20,3,4,5000,100,71.0,10.0,15.0,0.35,0.35,0.3,0.1,1.4679,0.0675,4.1015,304.3620,7.5544,1.1251,7.6377
377,13,554,175,595,170,352.5251664046483,284.41694745566764,352.59134349534037,325.7192042235152,0.7804,1,20,3,4,5000,100,71.0,10.0,15.0,0.35,0.35,0.3,0.1,1.4717,0.0677,4.1118,303.6701,7.5556,0.9913,7.6203
378,13,553,179,594,174,353.30199383000866,282.93108701590216,353.2695160653843,324.2344830520036,0.8113,1,20,3,4,5000,100,71.0,10.0,15.0,0.35,0.35,0.3,0.1,1.4789,0.068,4.1320,302.1779,7.5311,0.8844,7.5829
379,13,553,185,594,181,354.5115606927149,282.29417280560364,354.50089447604074,323.488794241779,0.8285,1,20,3,4,5000,100,71.0,10.0,15.0,0.35,0.35,0.3,0.1,1.4784,0.068,4.1305,301.4908,7.5310,0.7236,7.5656
380,13,551,194,591,192,356.3086140135487,279.5800422061632,356.41248377902576,319.62634434601915,0.7612,1,20,3,4,5000,100,71.0,10.0,15.0,0.35,0.35,0.3,0.1,1.4529,0.0668,4.0598,298.2650,7.4692,0.4819,7.4847
381,13,544,204,561,204,358.3153156821037,272.1176216271192,358.4143625889031,289.110705439975,0.5083,1,20,3,4,5000,100,71.0,10.0,15.0,0.35,0.35,0.3,0.1,0.6583,0.0303,1.8495,280.3569,7.0323,0.2068,7.0353
382,13,543,209,578,209,359.36575528557387,271.01660465735307,359.43829466743347,306.01470552899906,0.763,1,20,3,4,5000,100,71.0,10.0,15.0,0.35,0.35,0.3,0.1,1.3186,0.0607,3.6861,287.4543,7.2130,0.0798,7.2134
383,13,541,215,576,215,0.6389598989916327,269.0167281044062,0.565400523268791,304.0148022712052,0.7425,1,20,3,4,5000,100,71.0,10.0,15.0,0.35,0.35,0.3,0.1,1.3278,0.0611,3.7117,285.4470,7.1626,-0.0799,7.1630
384,13,537,222,572,224,2.1610794882263713,265.1886121235224,2.2906100426385296,300.2399040767233,0.7313,1,20,3,4,5000,100,71.0,10.0,15.0,0.35,0.35,0.3,0.1,1.3477,0.062,3.7670,281.6278,7.0622,-0.2665,7.0672
385,13,537,232,571,235,4.316027519865624,265.75364531836624,4.398705354995532,299.88331063932185,0.7493,1,20,3,4,5000,100,71.0,10.0,15.0,0.35,0.35,0.3,0.1,1.3118,0.0603,3.6671,281.7888,7.0512,-0.5322,7.0712
386,34,334,259,343,266,37.164474893511446,77.80102827083971,37.255289453577085,89.20201791439474,0.7588,2,20,3,4,5000,100,71.0,10.0,15.0,0.35,0.35,0.3,0.1,1.4841,0.0683,4.1466,83.1124,1.6620,-1.2599,2.0856
386,13,553,242,571,244,6.093904253594184,282.59688604087626,6.108737413799963,300.70749907509787,0.6357,2,20,3,4,5000,100,71.0,10.0,15.0,0.35,0.35,0.3,0.1,0.675,0.031,1.8960,291.3710,7.2704,-0.7762,7.3117
387,34,335,264,344,271,39.53615718676336,81.68843247363729,39.33271432176087,93.08598175880189,0.683,2,20,3,4,5000,100,71.0,10.0,15.0,0.35,0.35,0.3,0.1,1.4177,0.0652,3.9619,87.0156,1.6840,-1.3900,2.1836
387,13,538,245,572,249,7.071989265926994,268.03917624108607,7.030973299151756,302.27305536550887,0.7821,2,20,3,4,5000,100,71.0,10.0,15.0,0.35,0.35,0.3,0.1,1.305,0.06,3.6482,284.1286,7.0757,-0.8778,7.1300
388,34,336,266,344,274,40.155999624919325,83.73768566183328,40.73210669970919,95.01578816175763,0.6776,2,20,3,4,5000,100,71.0,10.0,15.0,0.35,0.35,0.3,0.1,1.3716,0.0631,3.8337,89.0210,1.7074,-1.4406,2.2339
388,13,554,250,573,253,7.674479516893931,284.5487655921213,7.756671462592378,303.7795253140014,0.529,2,20,3,4,5000,100,71.0,10.0,15.0,0.35,0.35,0.3,0.1,0.7106,0.0327,1.9951,293.8498,7.3078,-0.9847,7.3739
389,34,336,269,345,277,41.68905848538856,85.70297544426332,41.68221883166516,97.74456506629922,0.7613,2,20,3,4,5000,100,71.0,10.0,15.0,0.35,0.35,0.3,0.1,1.427,0.0656,3.9877,91.3286,1.7114,-1.5243,2.2918
389,13,555,253,573,256,8.24344697289432,285.9545418418809,8.316559369850514,304.19894805866767,0.5404,2,20,3,4,5000,100,71.0,10.0,15.0,0.35,0.35,0.3,0.1,0.6721,0.0309,1.8879,294.7947,7.3212,-1.0607,7.3976
390,34,336,271,344,280,42.67218491095885,87.04596486914255,43.36342295838329,99.03534722511958,0.5697,2,20,3,4,5000,100,71.0,10.0,15.0,0.35,0.35,0.3,0.1,1.4007,0.0644,3.9146,92.6544,1.7095,-1.5759,2.3251
390,13,555,255,573,258,8.63963636761203,286.2481440987871,8.68893803238077,304.4946633358293,0.5803,2,20,3,4,5000,100,71.0,10.0,15.0,0.35,0.35,0.3,0.1,0.6715,0.0309,1.8863,295.0896,7.3210,-1.1124,7.4050
391,34,336,273,344,282,43.6251652194306,88.41379982785493,44.19307054489763,100.41912168506553,0.634,3,20,3,4,5000,100,71.0,10.0,15.0,0.35,0.35,0.3,0.1,1.3822,0.0636,3.8629,94.0348,1.7081,-1.6281,2.3597
391,13,564,259,577,261,9.143838664914082,295.758347304011,9.126906361883117,308.91099041633333,0.6421,3,20,3,4,5000,100,71.0,10.0,15.0,0.35,0.35,0.3,0.1,0.4729,0.0218,1.3339,302.1916,7.4869,-1.2051,7.5832
391,35,538,255,554,258,9.182662295850077,269.45314991664134,9.264523985132985,285.72714256787015,0.5327,3,20,3,4,5000,100,71.0,10.0,15.0,0.35,0.35,0.3,0.1,0.6373,0.0293,1.7911,277.3516,6.8707,-1.1107,6.9599
392,36,584,341,629,360,22.46321248940715,337.6166465090251,22.51722532542658,386.46215856148194,0.8311,3,20,3,4,5000,100,71.0,10.0,15.0,0.35,0.35,0.3,0.1,1.4666,0.0675,4.0977,360.3919,8.3575,-3.4555,9.0437
392,34,335,278,344,288,46.33221985386964,91.2414379544733,46.548157698977974,104.6900186264192,0.7024,3,20,3,4,5000,100,71.0,10.0,15.0,0.35,0.35,0.3,0.1,1.4922,0.0686,4.1690,97.5042,1.6894,-1.7699,2.4468
392,13,554,263,572,267,10.251198750817432,286.574597618142,10.388857815469612,305.0,0.432,3,20,3,4,5000,100,71.0,10.0,15.0,0.35,0.35,0.3,0.1,0.6771,0.0311,1.9019,295.5004,7.2969,-1.3197,7.4153
393,34,333,288,341,300,51.248371665038235,97.45255255764212,51.900328169277294,111.8257573191436,0.5816,2,20,3,4,5000,100,71.0,10.0,15.0,0.35,0.35,0.3,0.1,1.4931,0.0687,4.1715,104.1456,1.6359,-2.0381,2.6134
393,13,535,269,571,278,12.228590733325674,269.1059270993487,12.447623520460139,306.1976485866604,0.6459,2,20,3,4,5000,100,71.0,10.0,15.0,0.35,0.35,0.3,0.1,1.4016,0.0645,3.9171,286.4561,7.0253,-1.5226,7.1884
394,13,531,284,569,295,15.535519953097511,268.8215021161812,15.613620039649103,308.37963616296065,0.7932,1,20,3,4,5000,100,71.0,10.0,15.0,0.35,0.35,0.3,0.1,1.4899,0.0685,4.1627,287.2450,6.9448,-1.9306,7.2082
395,34,327,310,335,325,60.69779251786132,112.37882362794157,60.85936626660569,129.37542270462347,0.7483,2,20,3,4,5000,100,71.0,10.0,15.0,0.35,0.35,0.3,0.1,1.5284,0.0703,4.2698,120.2796,1.4772,-2.6321,3.0183
395,13,545,297,564,303,17.294254389308243,285.9265639985204,17.309323432525773,305.8512710452582,0.6368,2,20,3,4,5000,100,71.0,10.0,15.0,0.35,0.35,0.3,0.1,0.732,0.0337,2.0545,295.5535,7.0813,-2.2048,7.4166
396,34,327,311,334,326,60.94539590092286,113.25193155085701,61.460014812040036,129.76902558006668,0.6021,3,20,3,4,5000,100,71.0,10.0,15.0,0.35,0.35,0.3,0.1,1.4776,0.068,4.1283,120.9492,1.4740,-2.6532,3.0351
396,13,529,292,563,304,17.29053199878366,269.1635190734435,17.544412569561437,305.19665791092797,0.5932,3,20,3,4,5000,100,71.0,10.0,15.0,0.35,0.35,0.3,0.1,1.3639,0.0627,3.8121,286.0498,6.8538,-2.1335,7.1782
396,37,509,286,545,298,17.34025823106898,248.28411145298847,17.485381966486187,286.2254356272342,0.8301,3,20,3,4,5000,100,71.0,10.0,15.0,0.35,0.35,0.3,0.1,1.5432,0.071,4.3108,265.9082,6.3695,-1.9888,6.6727
397,34,327,311,334,326,60.94539590092286,113.25193155085701,61.460014812040036,129.76902558006668,0.634,3,20,3,4,5000,100,71.0,10.0,15.0,0.35,0.35,0.3,0.1,1.4776,0.068,4.1283,120.9492,1.4740,-2.6532,3.0351
397,13,529,292,563,304,17.29053199878366,269.1635190734435,17.544412569561437,305.19665791092797,0.5933,3,20,3,4,5000,100,71.0,10.0,15.0,0.35,0.35,0.3,0.1,1.3639,0.0627,3.8121,286.0498,6.8538,-2.1335,7.1782
397,37,502,284,545,298,17.382388881227914,241.00622398602076,17.485381966486187,286.2254356272342,0.8016,3,20,3,4,5000,100,71.0,10.0,15.0,0.35,0.35,0.3,0.1,1.8646,0.0858,5.2047,261.6767,6.2667,-1.9617,6.5665
398,34,327,311,335,326,60.94539590092286,113.25193155085701,61.07357416474639,130.24976007655445,0.7682,3,20,3,4,5000,100,71.0,10.0,15.0,0.35,0.35,0.3,0.1,1.5176,0.0698,4.2396,121.1576,1.4765,-2.6577,3.0403
398,13,529,292,563,304,17.29053199878366,269.1635190734435,17.544412569561437,305.19665791092797,0.5961,3,20,3,4,5000,100,71.0,10.0,15.0,0.35,0.35,0.3,0.1,1.3639,0.0627,3.8121,286.0498,6.8538,-2.1335,7.1782
398,37,509,286,545,298,17.34025823106898,248.28411145298847,17.485381966486187,286.2254356272342,0.8301,3,20,3,4,5000,100,71.0,10.0,15.0,0.35,0.35,0.3,0.1,1.5432,0.071,4.3108,265.9082,6.3695,-1.9888,6.6727
399,34,327,311,335,326,60.94539590092286,113.25193155085701,61.07357416474639,130.24976007655445,0.8197,2,20,3,4,5000,100,71.0,10.0,15.0,0.35,0.35,0.3,0.1,1.5176,0.0698,4.2396,121.1576,1.4765,-2.6577,3.0403
399,13,545,298,563,304,17.485381966486187,286.2254356272342,17.544412569561437,305.19665791092797,0.5679,2,20,3,4,5000,100,71.0,10.0,15.0,0.35,0.35,0.3,0.1,0.6974,0.0321,1.9582,295.4068,7.0704,-2.2273,7.4130
400,34,327,311,335,326,60.94539590092286,113.25193155085701,61.07357416474639,130.24976007655445,0.8197,2,20,3,4,5000,100,71.0,10.0,15.0,0.35,0.35,0.3,0.1,1.5176,0.0698,4.2396,121.1576,1.4765,-2.6577,3.0403
400,13,529,292,563,304,17.29053199878366,269.1635190734435,17.544412569561437,305.19665791092797,0.6008,2,20,3,4,5000,100,71.0,10.0,15.0,0.35,0.35,0.3,0.1,1.3639,0.0627,3.8121,286.0498,6.8538,-2.1335,7.1782
401,34,327,311,335,326,60.94539590092286,113.25193155085701,61.07357416474639,130.24976007655445,0.8067,3,20,3,4,5000,100,71.0,10.0,15.0,0.35,0.35,0.3,0.1,1.5176,0.0698,4.2396,121.1576,1.4765,-2.6577,3.0403
401,13,529,292,563,303,17.29053199878366,269.1635190734435,17.365234923637953,304.89670381950674,0.746,3,20,3,4,5000,100,71.0,10.0,15.0,0.35,0.35,0.3,0.1,1.3532,0.0622,3.7825,285.9180,6.8506,-2.1325,7.1749
401,37,508,286,545,298,17.409302746956854,247.329739416836,17.485381966486187,286.2254356272342,0.824,3,20,3,4,5000,100,71.0,10.0,15.0,0.35,0.35,0.3,0.1,1.5848,0.0729,4.4266,265.3599,6.3539,-1.9923,6.6590
402,34,327,311,335,326,60.94539590092286,113.25193155085701,61.07357416474639,130.24976007655445,0.7976,3,20,3,4,5000,100,71.0,10.0,15.0,0.35,0.35,0.3,0.1,1.5176,0.0698,4.2396,121.1576,1.4765,-2.6577,3.0403
402,13,529,292,563,304,17.29053199878366,269.1635190734435,17.544412569561437,305.19665791092797,0.5947,3,20,3,4,5000,100,71.0,10.0,15.0,0.35,0.35,0.3,0.1,1.3639,0.0627,3.8121,286.0498,6.8538,-2.1335,7.1782
402,37,508,286,545,298,17.409302746956854,247.329739416836,17.485381966486187,286.2254356272342,0.824,3,20,3,4,5000,100,71.0,10.0,15.0,0.35,0.35,0.3,0.1,1.5848,0.0729,4.4266,265.3599,6.3539,-1.9923,6.6590
403,34,327,311,335,326,60.94539590092286,113.25193155085701,61.07357416474639,130.24976007655445,0.7893,4,20,3,4,5000,100,71.0,10.0,15.0,0.35,0.35,0.3,0.1,1.5176,0.0698,4.2396,121.1576,1.4765,-2.6577,3.0403
403,13,529,292,563,304,17.29053199878366,269.1635190734435,17.544412569561437,305.19665791092797,0.5877,4,20,3,4,5000,100,71.0,10.0,15.0,0.35,0.35,0.3,0.1,1.3639,0.0627,3.8121,286.0498,6.8538,-2.1335,7.1782
403,37,508,286,545,298,17.409302746956854,247.329739416836,17.485381966486187,286.2254356272342,0.824,4,20,3,4,5000,100,71.0,10.0,15.0,0.35,0.35,0.3,0.1,1.5848,0.0729,4.4266,265.3599,6.3539,-1.9923,6.6590
403,38,295,178,299,172,304.07719528013075,41.048751503547585,304.0193499898265,48.25971404805462,0.7232,4,20,3,4,5000,100,71.0,10.0,15.0,0.35,0.35,0.3,0.1,1.7553,0.0807,4.9009,44.3631,0.6238,0.9221,1.1133
404,34,327,311,335,326,60.94539590092286,113.25193155085701,61.07357416474639,130.24976007655445,0.7467,4,20,3,4,5000,100,71.0,10.0,15.0,0.35,0.35,0.3,0.1,1.5176,0.0698,4.2396,121.1576,1.4765,-2.6577,3.0403
404,13,529,292,563,304,17.29053199878366,269.1635190734435,17.544412569561437,305.19665791092797,0.5965,4,20,3,4,5000,100,71.0,10.0,15.0,0.35,0.35,0.3,0.1,1.3639,0.0627,3.8121,286.0498,6.8538,-2.1335,7.1782
404,37,509,286,545,298,17.34025823106898,248.28411145298847,17.485381966486187,286.2254356272342,0.8251,4,20,3,4,5000,100,71.0,10.0,15.0,0.35,0.35,0.3,0.1,1.5432,0.071,4.3108,265.9082,6.3695,-1.9888,6.6727
404,38,295,178,299,172,304.07719528013075,41.048751503547585,304.0193499898265,48.25971404805462,0.7232,4,20,3,4,5000,100,71.0,10.0,15.0,0.35,0.35,0.3,0.1,1.7553,0.0807,4.9009,44.3631,0.6238,0.9221,1.1133
405,34,327,311,335,326,60.94539590092286,113.25193155085701,61.07357416474639,130.24976007655445,0.7467,4,20,3,4,5000,100,71.0,10.0,15.0,0.35,0.35,0.3,0.1,1.5176,0.0698,4.2396,121.1576,1.4765,-2.6577,3.0403
405,13,529,292,563,304,17.29053199878366,269.1635190734435,17.544412569561437,305.19665791092797,0.5902,4,20,3,4,5000,100,71.0,10.0,15.0,0.35,0.35,0.3,0.1,1.3639,0.0627,3.8121,286.0498,6.8538,-2.1335,7.1782
405,37,500,284,545,298,17.52556837372287,239.0983061420553,17.485381966486187,286.2254356272342,0.8149,4,20,3,4,5000,100,71.0,10.0,15.0,0.35,0.35,0.3,0.1,1.9503,0.0897,5.4432,260.5480,6.2347,-1.9689,6.5382
405,38,295,178,299,172,304.07719528013075,41.048751503547585,304.0193499898265,48.25971404805462,0.7253,4,20,3,4,5000,100,71.0,10.0,15.0,0.35,0.35,0.3,0.1,1.7553,0.0807,4.9009,44.3631,0.6238,0.9221,1.1133
406,39,576,373,620,397,27.905929906431517,344.0014534853014,27.995522502201805,394.11800263372896,0.7489,5,20,3,4,5000,100,71.0,10.0,15.0,0.35,0.35,0.3,0.1,1.4761,0.0679,4.1242,367.3583,8.1466,-4.3145,9.2185
406,34,327,311,335,326,60.94539590092286,113.25193155085701,61.07357416474639,130.24976007655445,0.7467,5,20,3,4,5000,100,71.0,10.0,15.0,0.35,0.35,0.3,0.1,1.5176,0.0698,4.2396,121.1576,1.4765,-2.6577,3.0403
406,13,500,284,563,304,17.52556837372287,239.0983061420553,17.544412569561437,305.19665791092797,0.6496,5,20,3,4,5000,100,71.0,10.0,15.0,0.35,0.35,0.3,0.1,2.6401,0.1214,7.3617,268.1340,6.4163,-2.0262,6.7286
406,37,509,286,545,298,17.34025823106898,248.28411145298847,17.485381966486187,286.2254356272342,0.8067,5,20,3,4,5000,100,71.0,10.0,15.0,0.35,0.35,0.3,0.1,1.5432,0.071,4.3108,265.9082,6.3695,-1.9888,6.6727
406,38,295,178,299,172,304.07719528013075,41.048751503547585,304.0193499898265,48.25971404805462,0.7345,5,20,3,4,5000,100,71.0,10.0,15.0,0.35,0.35,0.3,0.1,1.7553,0.0807,4.9009,44.3631,0.6238,0.9221,1.1133
407,39,576,373,620,397,27.905929906431517,344.0014534853014,27.995522502201805,394.11800263372896,0.7489,5,20,3,4,5000,100,71.0,10.0,15.0,0.35,0.35,0.3,0.1,1.4761,0.0679,4.1242,367.3583,8.1466,-4.3145,9.2185
407,34,327,311,334,326,60.94539590092286,113.25193155085701,61.460014812040036,129.76902558006668,0.6021,5,20,3,4,5000,100,71.0,10.0,15.0,0.35,0.35,0.3,0.1,1.4776,0.068,4.1283,120.9492,1.4740,-2.6532,3.0351
407,13,529,292,563,304,17.29053199878366,269.1635190734435,17.544412569561437,305.19665791092797,0.5986,5,20,3,4,5000,100,71.0,10.0,15.0,0.35,0.35,0.3,0.1,1.3639,0.0627,3.8121,286.0498,6.8538,-2.1335,7.1782
407,37,508,286,545,298,17.409302746956854,247.329739416836,17.485381966486187,286.2254356272342,0.809,5,20,3,4,5000,100,71.0,10.0,15.0,0.35,0.35,0.3,0.1,1.5848,0.0729,4.4266,265.3599,6.3539,-1.9923,6.6590
407,38,295,178,299,173,304.07719528013075,41.048751503547585,304.695153531234,47.43416490252569,0.6574,5,20,3,4,5000,100,71.0,10.0,15.0,0.35,0.35,0.3,0.1,1.5689,0.0722,4.3823,44.0111,0.6188,0.9148,1.1044
408,34,327,311,335,326,60.94539590092286,113.25193155085701,61.07357416474639,130.24976007655445,0.7548,2,20,3,4,5000,100,71.0,10.0,15.0,0.35,0.35,0.3,0.1,1.5176,0.0698,4.2396,121.1576,1.4765,-2.6577,3.0403
408,13,529,292,563,304,17.29053199878366,269.1635190734435,17.544412569561437,305.19665791092797,0.5876,2,20,3,4,5000,100,71.0,10.0,15.0,0.35,0.35,0.3,0.1,1.3639,0.0627,3.8121,286.0498,6.8538,-2.1335,7.1782
409,34,327,311,335,326,60.94539590092286,113.25193155085701,61.07357416474639,130.24976007655445,0.8045,2,20,3,4,5000,100,71.0,10.0,15.0,0.35,0.35,0.3,0.1,1.5176,0.0698,4.2396,121.1576,1.4765,-2.6577,3.0403
409,13,529,292,563,304,17.29053199878366,269.1635190734435,17.544412569561437,305.19665791092797,0.591,2,20,3,4,5000,100,71.0,10.0,15.0,0.35,0.35,0.3,0.1,1.3639,0.0627,3.8121,286.0498,6.8538,-2.1335,7.1782
410,34,327,311,335,326,60.94539590092286,113.25193155085701,61.07357416474639,130.24976007655445,0.7887,3,20,3,4,5000,100,71.0,10.0,15.0,0.35,0.35,0.3,0.1,1.5176,0.0698,4.2396,121.1576,1.4765,-2.6577,3.0403
410,13,529,292,563,304,17.29053199878366,269.1635190734435,17.544412569561437,305.19665791092797,0.5839,3,20,3,4,5000,100,71.0,10.0,15.0,0.35,0.35,0.3,0.1,1.3639,0.0627,3.8121,286.0498,6.8538,-2.1335,7.1782
410,37,508,286,545,298,17.409302746956854,247.329739416836,17.485381966486187,286.2254356272342,0.8615,3,20,3,4,5000,100,71.0,10.0,15.0,0.35,0.35,0.3,0.1,1.5848,0.0729,4.4266,265.3599,6.3539,-1.9923,6.6590
