Frame_Number,Track_ID,Center_X,Center_Y,Right_X,Right_Y,Angle_A_deg,A_px,Angle_B_deg,C_px,Pair_Score,Pair_Count,Binary_Threshold,Blur_Size,Min_Area_px2,Max_Area_px2,Max_Width_px,Max_Radial_Gap_px,Max_Angle_Diff_deg,Max_Center_Offset_px,Weight_Angle,Weight_Area,Weight_Center,Min_Score_Threshold,Zprime_mm,Zdoubleprime,Z_mm,B_px,X_mm,Y_mm
0,1,456,410,492,449,47.09890593320355,270.29613389761977,47.130370559661245,323.3713036124263,0.7045,5,28,3,4,5000,100,71.0,10.0,15.0,0.35,0.35,0.3,0.1,9.9422,0.0894,5.4619,294.4612,5.0285,-5.4143
0,2,211,378,205,396,110.17685962711134,176.8530463407402,110.0081046789146,195.8187937865005,0.7009,5,28,3,4,5000,100,71.0,10.0,15.0,0.35,0.35,0.3,0.1,5.6595,0.0509,3.0818,185.8533,-1.6019,-4.3801
0,3,403,348,417,362,46.07282927579154,188.83061192507955,45.971021931079164,208.62646045025065,0.7621,5,28,3,4,5000,100,71.0,10.0,15.0,0.35,0.35,0.3,0.1,5.5388,0.0498,3.0148,198.2356,3.4544,-3.5796
0,4,379,304,388,312,40.68937417517947,141.1134295522577,40.763605200941164,153.15351775261317,0.7759,5,28,3,4,5000,100,71.0,10.0,15.0,0.35,0.35,0.3,0.1,4.5501,0.0409,2.4653,146.8872,2.7933,-2.405
0,5,490,83,497,79,329.38536711965065,253.3081127796739,329.412194630867,261.36947029062134,0.8477,5,28,3,4,5000,100,71.0,10.0,15.0,0.35,0.35,0.3,0.1,1.7418,0.0157,0.9046,257.2757,5.557,3.2865
1,2,204,382,197,400,111.80140948635182,183.09560344257315,111.74884456576632,202.4080037943164,0.7994,3,28,3,4,5000,100,71.0,10.0,15.0,0.35,0.35,0.3,0.1,5.5711,0.0501,3.0327,192.2681,-1.7897,-4.4806
1,3,397,351,410,366,48.03556912505557,186.93849255838134,48.136358368332594,206.7849124090053,0.7602,3,28,3,4,5000,100,71.0,10.0,15.0,0.35,0.35,0.3,0.1,5.6056,0.0504,3.0519,196.3615,3.2915,-3.6669
1,4,379,304,388,312,40.68937417517947,141.1134295522577,40.763605200941164,153.15351775261317,0.7759,3,28,3,4,5000,100,71.0,10.0,15.0,0.35,0.35,0.3,0.1,4.5501,0.0409,2.4653,146.8872,2.7933,-2.405
2,2,190,387,181,404,115.10644604586585,193.25889371514057,115.35900239785802,212.47352776287215,0.6105,3,28,3,4,5000,100,71.0,10.0,15.0,0.35,0.35,0.3,0.1,5.2666,0.0474,2.8635,202.4112,-2.1658,-4.5945
2,3,382,355,394,370,52.43140797117251,180.41341413542398,52.326406660169546,199.61963831246663,0.7614,3,28,3,4,5000,100,71.0,10.0,15.0,0.35,0.35,0.3,0.1,5.6202,0.0505,3.06,189.5312,2.9035,-3.767
2,4,379,304,388,312,40.68937417517947,141.1134295522577,40.763605200941164,153.15351775261317,0.7759,3,28,3,4,5000,100,71.0,10.0,15.0,0.35,0.35,0.3,0.1,4.5501,0.0409,2.4653,146.8872,2.7933,-2.405
3,2,185,388,176,406,116.30402437471253,196.32880583347927,116.32829310517087,216.453228204155,0.8071,3,28,3,4,5000,100,71.0,10.0,15.0,0.35,0.35,0.3,0.1,5.4217,0.0488,2.9497,205.9005,-2.2907,-4.6314
3,3,377,356,388,371,53.901716032892,178.21616088334974,53.88701475554277,196.81717404738845,0.8142,3,28,3,4,5000,100,71.0,10.0,15.0,0.35,0.35,0.3,0.1,5.5157,0.0496,3.0019,187.0554,2.7661,-3.7924
3,4,379,304,388,312,40.68937417517947,141.1134295522577,40.763605200941164,153.15351775261317,0.7759,3,28,3,4,5000,100,71.0,10.0,15.0,0.35,0.35,0.3,0.1,4.5501,0.0409,2.4653,146.8872,2.7933,-2.405
4,2,166,395,154,414,120.08092307140524,211.482859825566,120.29169610031725,233.9401632896754,0.6705,3,28,3,4,5000,100,71.0,10.0,15.0,0.35,0.35,0.3,0.1,5.6069,0.0504,3.0526,222.1454,-2.8034,-4.8183
4,3,358,362,367,378,60.17291534552527,172.90459797240788,60.21796191221412,191.26160095534075,0.8073,3,28,3,4,5000,100,71.0,10.0,15.0,0.35,0.35,0.3,0.1,5.6058,0.0504,3.052,181.6204,2.2652,-3.9548
4,4,379,304,388,312,40.68937417517947,141.1134295522577,40.763605200941164,153.15351775261317,0.7759,3,28,3,4,5000,100,71.0,10.0,15.0,0.35,0.35,0.3,0.1,4.5501,0.0409,2.4653,146.8872,2.7933,-2.405
5,2,162,396,151,415,120.87208336308032,214.37350582569667,120.79744123863634,236.32604596192948,0.73,3,28,3,4,5000,100,71.0,10.0,15.0,0.35,0.35,0.3,0.1,5.4167,0.0487,2.9469,224.8151,-2.8915,-4.8442
5,3,354,363,362,379,61.495988478188565,171.82840277439584,61.67878876199121,189.70766985021982,0.7324,3,28,3,4,5000,100,71.0,10.0,15.0,0.35,0.35,0.3,0.1,5.4996,0.0495,2.993,180.3259,2.1528,-3.9802
5,4,379,304,388,312,40.68937417517947,141.1134295522577,40.763605200941164,153.15351775261317,0.7759,3,28,3,4,5000,100,71.0,10.0,15.0,0.35,0.35,0.3,0.1,4.5501,0.0409,2.4653,146.8872,2.7933,-2.405
6,6,137,415,123,436,123.62488464225451,243.79089400549807,123.63099973297476,269.02973813316623,0.8166,4,28,3,4,5000,100,71.0,10.0,15.0,0.35,0.35,0.3,0.1,5.4732,0.0492,2.9783,255.7892,-3.5547,-5.3446
6,7,329,381,334,399,71.36187550561161,178.35358140502814,71.65701864145414,197.0101520226813,0.6459,4,28,3,4,5000,100,71.0,10.0,15.0,0.35,0.35,0.3,0.1,5.5273,0.0497,3.0084,187.2182,1.4894,-4.4557
6,4,379,304,388,312,40.68937417517947,141.1134295522577,40.763605200941164,153.15351775261317,0.7759,4,28,3,4,5000,100,71.0,10.0,15.0,0.35,0.35,0.3,0.1,4.5501,0.0409,2.4653,146.8872,2.7933,-2.405
6,8,390,161,400,156,336.6258356349518,128.5496013218244,336.3706222693432,139.71399357258383,0.7167,4,28,3,4,5000,100,71.0,10.0,15.0,0.35,0.35,0.3,0.1,4.6282,0.0416,2.5087,133.8995,3.0812,1.3402
7,6,134,421,119,443,123.4362672833935,250.44959572736389,123.51800864525191,277.0739973364516,0.7322,3,28,3,4,5000,100,71.0,10.0,15.0,0.35,0.35,0.3,0.1,5.6127,0.0505,3.0558,263.0899,-3.6419,-5.5066
7,7,325,387,331,406,73.15068858817492,182.84966502567076,73.08423991610105,202.7732724004818,0.7975,3,28,3,4,5000,100,71.0,10.0,15.0,0.35,0.35,0.3,0.1,5.7457,0.0517,3.1297,192.2968,1.4015,-4.6175
7,8,386,167,396,163,338.45902408146156,122.56018929489298,338.4379865279685,133.33041663476493,0.9131,3,28,3,4,5000,100,71.0,10.0,15.0,0.35,0.35,0.3,0.1,4.6806,0.0421,2.5378,127.7186,2.9809,1.1773
8,9,421,408,456,453,52.75775484533084,246.2051989702898,52.63879174906132,303.2111475523286,0.9026,4,28,3,4,5000,100,71.0,10.0,15.0,0.35,0.35,0.3,0.1,11.5386,0.1038,6.3491,271.7508,4.1332,-5.424
8,6,131,427,117,449,123.25742153496047,257.1108710264893,123.18502476377678,283.18545160371497,0.7546,4,28,3,4,5000,100,71.0,10.0,15.0,0.35,0.35,0.3,0.1,5.3669,0.0483,2.9192,269.519,-3.7053,-5.6581
8,7,323,393,328,412,74.26386459854103,188.04786624686813,74.35775354279127,207.69207977195472,0.7606,4,28,3,4,5000,100,71.0,10.0,15.0,0.35,0.35,0.3,0.1,5.5203,0.0496,3.0045,197.3824,1.3392,-4.7686
8,8,385,172,393,169,340.506938088849,119.87076374162301,340.43621638041736,128.41339493993607,0.778,4,28,3,4,5000,100,71.0,10.0,15.0,0.35,0.35,0.3,0.1,3.8263,0.0344,2.0631,123.9951,2.9325,1.0402
9,6,127,434,112,457,123.15068804642237,265.15844319953305,123.146995832256,292.61749776799064,0.8555,5,28,3,4,5000,100,71.0,10.0,15.0,0.35,0.35,0.3,0.1,5.4747,0.0492,2.9791,278.2121,-3.8176,-5.8453
9,7,318,399,323,418,76.18023829605487,192.57466084612483,76.09471808574892,212.2192262732102,0.7774,5,28,3,4,5000,100,71.0,10.0,15.0,0.35,0.35,0.3,0.1,5.3969,0.0485,2.9359,201.9203,1.2142,-4.9194
9,1,456,411,477,435,47.24281378301601,271.02951868754076,47.40821644112822,302.90922732726386,0.6155,5,28,3,4,5000,100,71.0,10.0,15.0,0.35,0.35,0.3,0.1,6.1771,0.0555,3.3695,286.084,4.8657,-5.2785
9,10,466,371,476,379,39.337622093346205,250.83261350948763,39.30469796956008,263.6380093992518,0.9027,5,28,3,4,5000,100,71.0,10.0,15.0,0.35,0.35,0.3,0.1,2.768,0.0249,1.4749,257.0759,4.9906,-4.0878
9,8,379,178,387,175,342.37198063218034,112.27199116431488,342.16498505733193,120.8056290079233,0.7545,5,28,3,4,5000,100,71.0,10.0,15.0,0.35,0.35,0.3,0.1,4.0716,0.0366,2.1994,116.3826,2.7817,0.8896
10,6,129,446,113,471,121.42956561483851,274.23530042647684,121.54574781929654,303.9111712326482,0.741,4,28,3,4,5000,100,71.0,10.0,15.0,0.35,0.35,0.3,0.1,5.7082,0.0513,3.1089,288.3116,-3.7792,-6.1694
10,7,320,411,325,432,76.43894759928276,204.70710783946902,76.45502663205447,226.29405648403582,0.8369,4,28,3,4,5000,100,71.0,10.0,15.0,0.35,0.35,0.3,0.1,5.5699,0.0501,3.032,214.96,1.2641,-5.244
10,1,456,411,477,436,47.24281378301601,271.02951868754076,47.53591809861778,303.64617567161946,0.4536,4,28,3,4,5000,100,71.0,10.0,15.0,0.35,0.35,0.3,0.1,6.3118,0.0568,3.4443,286.4122,4.8651,-5.2903
10,10,466,371,476,379,39.337622093346205,250.83261350948763,39.30469796956008,263.6380093992518,0.9395,4,28,3,4,5000,100,71.0,10.0,15.0,0.35,0.35,0.3,0.1,2.768,0.0249,1.4749,257.0759,4.9906,-4.0878
11,7,326,422,332,444,75.57922687248902,216.83173199511182,75.49983323344743,239.63305281200255,0.7845,1,28,3,4,5000,100,71.0,10.0,15.0,0.35,0.35,0.3,0.1,5.555,0.05,3.0238,227.6629,1.4268,-5.532
12,7,329,425,335,448,75.01836742760908,220.4948979001555,75.05347317571665,244.2642012248213,0.8133,3,28,3,4,5000,100,71.0,10.0,15.0,0.35,0.35,0.3,0.1,5.6875,0.0511,3.0974,231.7717,1.5017,-5.6189
12,4,379,304,387,312,40.68937417517947,141.1134295522577,41.00908690157022,152.3975065412817,0.66,3,28,3,4,5000,100,71.0,10.0,15.0,0.35,0.35,0.3,0.1,4.2754,0.0384,2.3126,146.5386,2.7813,-2.4055
12,11,390,206,399,206,357.0891621738322,118.15244390193544,357.29512401426433,127.1416532848303,0.7853,3,28,3,4,5000,100,71.0,10.0,15.0,0.35,0.35,0.3,0.1,4.0754,0.0366,2.2015,122.4823,3.0699,0.1504
13,7,329,425,335,447,75.01836742760908,220.4948979001555,74.99273460099435,243.29817097545143,0.8216,2,28,3,4,5000,100,71.0,10.0,15.0,0.35,0.35,0.3,0.1,5.4677,0.0492,2.9753,231.336,1.502,-5.6075
13,11,389,206,399,205,357.06432655357884,117.15374513859982,356.845157135208,127.1927670899568,0.7039,2,28,3,4,5000,100,71.0,10.0,15.0,0.35,0.35,0.3,0.1,4.569,0.0411,2.4758,121.967,3.0563,0.1628
14,7,329,424,334,446,74.95089799423022,219.52904135899652,75.16006083808709,242.0743687382041,0.6723,2,28,3,4,5000,100,71.0,10.0,15.0,0.35,0.35,0.3,0.1,5.4315,0.0488,2.9551,230.2511,1.4895,-5.5826
14,11,389,205,399,204,356.5761287550693,117.2092146548214,356.3955794608243,127.251719045363,0.7689,2,28,3,4,5000,100,71.0,10.0,15.0,0.35,0.35,0.3,0.1,4.5684,0.0411,2.4755,122.0242,3.0563,0.1879
15,7,328,422,334,444,75.06858282186245,217.33844574764032,75.03784474567345,240.14162487998618,0.8097,2,28,3,4,5000,100,71.0,10.0,15.0,0.35,0.35,0.3,0.1,5.5432,0.0498,3.0172,228.1717,1.4769,-5.532
15,11,388,203,398,202,355.56352551434264,116.3486140871476,355.46222749209335,126.39620247459969,0.7892,2,28,3,4,5000,100,71.0,10.0,15.0,0.35,0.35,0.3,0.1,4.6031,0.0414,2.4947,121.1645,3.0312,0.238
16,7,327,421,333,443,75.25643716352927,216.1157097482735,75.20761248040664,238.91839611047115,0.8007,3,28,3,4,5000,100,71.0,10.0,15.0,0.35,0.35,0.3,0.1,5.5728,0.0501,3.0337,226.9457,1.4518,-5.5068
16,4,379,306,387,313,41.299456944821664,142.42541907960108,41.291571842869544,153.05554547287727,0.7316,3,28,3,4,5000,100,71.0,10.0,15.0,0.35,0.35,0.3,0.1,4.0008,0.036,2.16,147.5493,2.7818,-2.4435
16,11,388,202,397,201,355.072890052351,116.43023662262307,354.97092641821456,125.4830665866913,0.8923,3,28,3,4,5000,100,71.0,10.0,15.0,0.35,0.35,0.3,0.1,4.1616,0.0374,2.2494,120.7873,3.0196,0.2631
17,7,327,421,333,443,75.25643716352927,216.1157097482735,75.20761248040664,238.91839611047115,0.7924,3,28,3,4,5000,100,71.0,10.0,15.0,0.35,0.35,0.3,0.1,5.5728,0.0501,3.0337,226.9457,1.4518,-5.5068
17,4,379,305,387,313,40.99582705929062,141.76741515595182,41.291571842869544,153.05554547287727,0.5729,3,28,3,4,5000,100,71.0,10.0,15.0,0.35,0.35,0.3,0.1,4.2579,0.0383,2.3029,147.1954,2.7814,-2.4306
17,11,388,202,397,201,355.072890052351,116.43023662262307,354.97092641821456,125.4830665866913,0.939,3,28,3,4,5000,100,71.0,10.0,15.0,0.35,0.35,0.3,0.1,4.1616,0.0374,2.2494,120.7873,3.0196,0.2631
18,7,325,420,332,446,75.7047943202544,214.64622055838765,75.6186054089094,241.56986567036876,0.7665,3,28,3,4,5000,100,71.0,10.0,15.0,0.35,0.35,0.3,0.1,6.5629,0.059,3.5839,227.3136,1.4129,-5.5265
18,4,379,306,387,313,41.299456944821664,142.42541907960108,41.291571842869544,153.05554547287727,0.7551,3,28,3,4,5000,100,71.0,10.0,15.0,0.35,0.35,0.3,0.1,4.0008,0.036,2.16,147.5493,2.7818,-2.4435
18,11,386,201,397,200,354.4885225839794,114.5294721894762,354.5164095555356,125.57467897629681,0.8011,3,28,3,4,5000,100,71.0,10.0,15.0,0.35,0.35,0.3,0.1,5.1157,0.046,2.7797,119.798,2.9924,0.288
19,7,324,419,331,445,75.89864771974324,213.43148783626094,75.79030868800554,240.35390573069537,0.7498,3,28,3,4,5000,100,71.0,10.0,15.0,0.35,0.35,0.3,0.1,6.5978,0.0593,3.6033,226.0941,1.3878,-5.5013
19,4,378,306,387,314,41.56636963754948,141.6756859873987,41.57163144114504,153.7172729396407,0.8098,3,28,3,4,5000,100,71.0,10.0,15.0,0.35,0.35,0.3,0.1,4.5333,0.0408,2.456,147.451,2.7683,-2.4551
19,11,385,201,396,200,354.44005273669046,113.53413583587978,354.4724598483438,124.57929201917949,0.8677,3,28,3,4,5000,100,71.0,10.0,15.0,0.35,0.35,0.3,0.1,5.1585,0.0464,2.8034,118.8005,2.9673,0.288
20,6,134,450,115,479,120.1065270411584,275.1145216087293,120.45616600654431,309.7385994673573,0.382,4,28,3,4,5000,100,71.0,10.0,15.0,0.35,0.35,0.3,0.1,6.5836,0.0592,3.5954,291.4017,-3.6884,-6.3141
20,7,322,416,329,444,76.22840028291759,210.03809178337153,76.19642846937674,238.89956048515452,0.7988,4,28,3,4,5000,100,71.0,10.0,15.0,0.35,0.35,0.3,0.1,7.1494,0.0643,3.9098,223.5411,1.337,-5.4479
20,4,378,306,387,314,41.56636963754948,141.6756859873987,41.57163144114504,153.7172729396407,0.8254,4,28,3,4,5000,100,71.0,10.0,15.0,0.35,0.35,0.3,0.1,4.5333,0.0408,2.456,147.451,2.7683,-2.4551
20,11,384,200,396,198,353.8844964337146,112.64102272262978,353.558399900665,124.78781991845197,0.8352,4,28,3,4,5000,100,71.0,10.0,15.0,0.35,0.35,0.3,0.1,5.6893,0.0512,3.0984,118.4037,2.9534,0.3254
21,7,322,414,329,442,76.09731288577944,208.09613163151303,76.08104557911489,236.95780215050948,0.8331,3,28,3,4,5000,100,71.0,10.0,15.0,0.35,0.35,0.3,0.1,7.2118,0.0648,3.9445,221.5911,1.3369,-5.3975
21,4,378,306,387,314,41.56636963754948,141.6756859873987,41.57163144114504,153.7172729396407,0.785,3,28,3,4,5000,100,71.0,10.0,15.0,0.35,0.35,0.3,0.1,4.5333,0.0408,2.456,147.451,2.7683,-2.4551
21,11,383,198,396,196,352.81146285726334,111.87939935484101,352.6476206401076,125.02799686470227,0.8717,3,28,3,4,5000,100,71.0,10.0,15.0,0.35,0.35,0.3,0.1,6.1721,0.0555,3.3667,118.0888,2.9395,0.3753
22,6,132,444,112,476,121.10880882854515,270.9686328710392,121.21840276434638,308.7005021051958,0.7632,4,28,3,4,5000,100,71.0,10.0,15.0,0.35,0.35,0.3,0.1,7.2387,0.0651,3.9595,288.6065,-3.7482,-6.197
22,7,320,410,328,439,76.37300514010846,203.73512215619573,76.1420623242386,233.80547470065795,0.7042,4,28,3,4,5000,100,71.0,10.0,15.0,0.35,0.35,0.3,0.1,7.6428,0.0687,4.1841,217.737,1.2987,-5.3073
22,4,378,306,387,315,41.56636963754948,141.6756859873987,41.84928358673226,154.38264151127873,0.6418,4,28,3,4,5000,100,71.0,10.0,15.0,0.35,0.35,0.3,0.1,4.7731,0.0429,2.5892,147.7565,2.7678,-2.4672
22,11,381,194,394,192,350.62293930569564,110.47624178980746,350.690059825014,123.62847568420473,0.7764,4,28,3,4,5000,100,71.0,10.0,15.0,0.35,0.35,0.3,0.1,6.2478,0.0562,3.4088,116.6829,2.8892,0.4753
23,6,132,441,111,474,121.4396849682326,268.40454541605664,121.57088373002908,307.514227313144,0.7247,4,28,3,4,5000,100,71.0,10.0,15.0,0.35,0.35,0.3,0.1,7.5519,0.0679,4.1335,286.6314,-3.7592,-6.1322
23,7,319,406,326,435,76.38145833855894,199.6121238802894,76.38771333629754,229.44498251214821,0.8126,4,28,3,4,5000,100,71.0,10.0,15.0,0.35,0.35,0.3,0.1,7.7324,0.0695,4.2338,213.4914,1.2611,-5.2068
23,4,379,306,387,314,41.299456944821664,142.42541907960108,41.57163144114504,153.7172729396407,0.5923,4,28,3,4,5000,100,71.0,10.0,15.0,0.35,0.35,0.3,0.1,4.2403,0.0381,2.2931,147.8561,2.7814,-2.4557
23,11,380,191,393,188,348.9964591482505,110.02272492535349,348.78115771873115,123.35720489699821,0.6721,4,28,3,4,5000,100,71.0,10.0,15.0,0.35,0.35,0.3,0.1,6.354,0.0571,3.4678,116.309,2.8639,0.5628
24,6,132,440,111,474,121.5513849483135,267.5518641310503,121.57088373002908,307.514227313144,0.7967,3,28,3,4,5000,100,71.0,10.0,15.0,0.35,0.35,0.3,0.1,7.728,0.0695,4.2314,286.1445,-3.7584,-6.1184
24,7,319,405,327,435,76.31354327018973,198.64037857394453,76.1452631461667,229.68238939892626,0.7293,3,28,3,4,5000,100,71.0,10.0,15.0,0.35,0.35,0.3,0.1,8.0596,0.0725,4.4157,213.0365,1.2731,-5.1922
24,11,380,190,394,187,348.486168815513,110.21796586763884,348.41938081777187,124.53513560437472,0.9753,3,28,3,4,5000,100,71.0,10.0,15.0,0.35,0.35,0.3,0.1,6.7823,0.061,3.7059,116.94,2.8751,0.5875
25,6,132,437,110,472,121.89079180184572,265.0,121.92608114174963,306.33968074671617,0.8025,3,28,3,4,5000,100,71.0,10.0,15.0,0.35,0.35,0.3,0.1,8.0465,0.0724,4.4084,284.1743,-3.7694,-6.0535
25,7,319,402,327,433,76.10575321660664,195.7268504830137,76.02477437856182,227.74108105478027,0.7555,3,28,3,4,5000,100,71.0,10.0,15.0,0.35,0.35,0.3,0.1,8.4073,0.0756,4.6089,210.5238,1.2725,-5.1274
25,11,379,188,393,184,347.35784767211015,109.65856099730654,346.9708051920563,124.19742348374221,0.7726,3,28,3,4,5000,100,71.0,10.0,15.0,0.35,0.35,0.3,0.1,6.9138,0.0622,3.7789,116.4761,2.8497,0.6499
26,6,132,434,110,469,122.23678655213024,262.4576156258378,122.2252891675778,303.7976300105055,0.8334,4,28,3,4,5000,100,71.0,10.0,15.0,0.35,0.35,0.3,0.1,8.1188,0.073,4.4486,281.6186,-3.769,-5.978
26,7,318,399,327,430,76.18023829605487,192.57466084612483,75.84014123409445,224.83104767802868,0.6429,4,28,3,4,5000,100,71.0,10.0,15.0,0.35,0.35,0.3,0.1,8.5939,0.0773,4.7126,207.4565,1.2597,-5.0512
26,4,378,307,386,313,41.867534801431965,142.3411395205195,41.53981677101354,152.3056138164316,0.5928,4,28,3,4,5000,100,71.0,10.0,15.0,0.35,0.35,0.3,0.1,3.7609,0.0338,2.0267,147.1549,2.7572,-2.4564
26,11,378,185,393,180,345.70967491818226,109.38464243210744,345.1865358811953,125.15989773086265,0.7361,4,28,3,4,5000,100,71.0,10.0,15.0,0.35,0.35,0.3,0.1,7.4797,0.0673,4.0934,116.7418,2.8353,0.7369
27,6,132,431,109,467,122.58953690171563,259.9249891795708,122.5873518468824,302.6450065671,0.8226,4,28,3,4,5000,100,71.0,10.0,15.0,0.35,0.35,0.3,0.1,8.4448,0.0759,4.6297,279.663,-3.7798,-5.913
27,7,318,395,327,427,75.89011161181645,188.692872149427,75.65066795705286,221.92341021172146,0.6906,4,28,3,4,5000,100,71.0,10.0,15.0,0.35,0.35,0.3,0.1,8.9999,0.0809,4.9382,203.9635,1.259,-4.961
27,4,378,306,386,313,41.56636963754948,141.6756859873987,41.53981677101354,152.3056138164316,0.8636,4,28,3,4,5000,100,71.0,10.0,15.0,0.35,0.35,0.3,0.1,4.0211,0.0362,2.1713,146.7985,2.7567,-2.4435
27,11,377,182,393,177,344.05460409907715,109.20164833920778,343.8671594695146,125.96031120952345,0.8231,4,28,3,4,5000,100,71.0,10.0,15.0,0.35,0.35,0.3,0.1,7.9251,0.0713,4.3409,116.9838,2.8212,0.8114
28,6,132,428,109,466,122.94921511659044,257.4024086911387,122.68959954114868,301.80291582421796,0.6488,4,28,3,4,5000,100,71.0,10.0,15.0,0.35,0.35,0.3,0.1,8.8298,0.0794,4.8437,277.84,-3.7778,-5.86
28,7,317,392,331,437,75.96375653207353,185.53975315279473,75.30658662950877,232.606964642076,0.4589,4,28,3,4,5000,100,71.0,10.0,15.0,0.35,0.35,0.3,0.1,12.5177,0.1126,6.8932,206.4244,1.2884,-5.0173
28,4,377,306,386,313,41.836116381119254,140.92906016858268,41.53981677101354,152.3056138164316,0.6656,4,28,3,4,5000,100,71.0,10.0,15.0,0.35,0.35,0.3,0.1,4.3145,0.0388,2.3344,146.3967,2.7437,-2.443
28,11,377,179,393,173,342.5528115767178,110.06361796706484,342.13513962207685,127.12985487288185,0.7219,4,28,3,4,5000,100,71.0,10.0,15.0,0.35,0.35,0.3,0.1,8.0015,0.072,4.3834,117.9828,2.821,0.8987
29,6,132,428,108,467,122.94921511659044,257.4024086911387,122.74658096468845,303.18476215007905,0.6866,5,28,3,4,5000,100,71.0,10.0,15.0,0.35,0.35,0.3,0.1,9.0822,0.0817,4.984,278.4241,-3.7889,-5.8703
29,12,437,385,466,413,46.355859976106665,239.06902768865731,46.01526197167114,279.35103364763125,0.5684,5,28,3,4,5000,100,71.0,10.0,15.0,0.35,0.35,0.3,0.1,8.641,0.0777,4.7388,257.645,4.4772,-4.6643
29,13,438,351,476,379,39.94110195601155,216.510969698997,39.30469796956008,263.6380093992518,0.5879,5,28,3,4,5000,100,71.0,10.0,15.0,0.35,0.35,0.3,0.1,10.9151,0.0982,6.0026,237.7617,4.5978,-3.8025
29,4,377,306,386,313,41.836116381119254,140.92906016858268,41.53981677101354,152.3056138164316,0.6592,5,28,3,4,5000,100,71.0,10.0,15.0,0.35,0.35,0.3,0.1,4.3145,0.0388,2.3344,146.3967,2.7437,-2.443
29,11,376,180,393,174,342.89727103094765,108.81176406988355,342.5651253052007,126.82665335015349,0.8584,5,28,3,4,5000,100,71.0,10.0,15.0,0.35,0.35,0.3,0.1,8.502,0.0765,4.6615,117.1306,2.8066,0.8732
30,6,132,427,107,467,123.07067782276167,256.56383221335,122.90524292298791,303.7268509697488,0.71,3,28,3,4,5000,100,71.0,10.0,15.0,0.35,0.35,0.3,0.1,9.361,0.0842,5.1389,278.1603,-3.7997,-5.8553
30,4,377,306,386,313,41.836116381119254,140.92906016858268,41.53981677101354,152.3056138164316,0.6683,3,28,3,4,5000,100,71.0,10.0,15.0,0.35,0.35,0.3,0.1,4.3145,0.0388,2.3344,146.3967,2.7437,-2.443
30,11,375,179,393,172,342.2351466993025,108.15729286552988,341.70722403543493,127.4401820463232,0.8281,3,28,3,4,5000,100,71.0,10.0,15.0,0.35,0.35,0.3,0.1,9.102,0.0818,4.995,117.0096,2.7917,0.9098
31,6,133,428,107,470,122.76203131319906,256.8598839834668,122.60033357369024,306.2498979591667,0.7235,3,28,3,4,5000,100,71.0,10.0,15.0,0.35,0.35,0.3,0.1,9.7539,0.0877,5.3573,279.3889,-3.785,-5.9016
31,4,377,307,386,314,42.13759477388825,141.59802258506295,41.82016988013577,152.97058540778355,0.6444,3,28,3,4,5000,100,71.0,10.0,15.0,0.35,0.35,0.3,0.1,4.2934,0.0386,2.3227,147.0648,2.7437,-2.4681
31,11,375,180,394,174,342.7410457070959,107.8563859954523,342.699472808055,127.7810627597063,0.8573,3,28,3,4,5000,100,71.0,10.0,15.0,0.35,0.35,0.3,0.1,9.4033,0.0846,5.1624,116.9763,2.8029,0.872
32,6,131,422,103,463,123.87853980510967,252.94465797877606,123.95264946173556,302.59213472924245,0.7868,3,28,3,4,5000,100,71.0,10.0,15.0,0.35,0.35,0.3,0.1,9.9385,0.0894,5.4598,275.5499,-3.8585,-5.738
32,7,313,385,323,424,76.66721642943618,177.79201331893398,76.47360540594498,218.04815981796315,0.7444,3,28,3,4,5000,100,71.0,10.0,15.0,0.35,0.35,0.3,0.1,11.3096,0.1017,6.2218,195.8731,1.1424,-4.7807
32,4,377,306,386,313,41.836116381119254,140.92906016858268,41.53981677101354,152.3056138164316,0.6683,3,28,3,4,5000,100,71.0,10.0,15.0,0.35,0.35,0.3,0.1,4.3145,0.0388,2.3344,146.3967,2.7437,-2.443
33,6,131,418,102,460,124.3903144087126,249.63373169505758,124.43000877917292,300.6725793949292,0.7646,4,28,3,4,5000,100,71.0,10.0,15.0,0.35,0.35,0.3,0.1,10.3141,0.0927,5.6686,272.7863,-3.8686,-5.6474
33,7,312,381,322,420,76.68391695089274,173.66922582887275,76.48343189120868,213.92522057952868,0.7216,4,28,3,4,5000,100,71.0,10.0,15.0,0.35,0.35,0.3,0.1,11.5501,0.1039,6.3555,191.7067,1.1171,-4.6792
33,4,378,306,386,313,41.56636963754948,141.6756859873987,41.53981677101354,152.3056138164316,0.816,4,28,3,4,5000,100,71.0,10.0,15.0,0.35,0.35,0.3,0.1,4.0211,0.0362,2.1713,146.7985,2.7567,-2.4435
33,11,371,172,391,162,337.9993016494594,106.77546534667971,337.20940915821495,129.07749610214788,0.6449,4,28,3,4,5000,100,71.0,10.0,15.0,0.35,0.35,0.3,0.1,10.5157,0.0946,5.7806,116.8721,2.7109,1.1192
34,6,130,414,102,454,125.10607933026459,246.9169900999119,125.08724855327618,295.7431317883815,0.7801,4,28,3,4,5000,100,71.0,10.0,15.0,0.35,0.35,0.3,0.1,10.006,0.09,5.4973,269.1335,-3.883,-5.5258
34,7,312,378,321,415,76.4520610119995,170.75128110793196,76.42956561483852,208.83007446246816,0.7892,4,28,3,4,5000,100,71.0,10.0,15.0,0.35,0.35,0.3,0.1,11.1561,0.1003,6.1365,187.8807,1.1054,-4.5833
34,4,377,306,386,314,41.836116381119254,140.92906016858268,41.82016988013577,152.97058540778355,0.8332,4,28,3,4,5000,100,71.0,10.0,15.0,0.35,0.35,0.3,0.1,4.5563,0.041,2.4688,146.7031,2.7432,-2.4551
34,11,371,168,391,158,336.0375110254218,108.33743581975715,335.5923313322199,130.6789960169575,0.7194,4,28,3,4,5000,100,71.0,10.0,15.0,0.35,0.35,0.3,0.1,10.3949,0.0935,5.7135,118.4641,2.7114,1.2189
35,6,129,407,99,447,126.2538377374448,241.81397809059757,126.35939358617604,291.8115830463212,0.7414,4,28,3,4,5000,100,71.0,10.0,15.0,0.35,0.35,0.3,0.1,10.4195,0.0937,5.7272,264.4705,-3.9301,-5.3479
35,7,310,370,319,407,76.47683934958398,162.50538452617502,76.44871527305365,200.58414693090776,0.7763,4,28,3,4,5000,100,71.0,10.0,15.0,0.35,0.35,0.3,0.1,11.6628,0.1049,6.4181,179.548,1.0548,-4.3804
35,4,377,306,386,314,41.836116381119254,140.92906016858268,41.82016988013577,152.97058540778355,0.8482,4,28,3,4,5000,100,71.0,10.0,15.0,0.35,0.35,0.3,0.1,4.5563,0.041,2.4688,146.7031,2.7432,-2.4551
35,11,368,160,388,148,331.55707137563667,109.17875251164945,331.1134182330893,132.48396129343357,0.6884,4,28,3,4,5000,100,71.0,10.0,15.0,0.35,0.35,0.3,0.1,10.7245,0.0964,5.8967,119.7076,2.6353,1.4419
36,6,130,407,100,447,126.06229918358973,241.22396232547047,126.20095259507657,291.2198482246703,0.7324,4,28,3,4,5000,100,71.0,10.0,15.0,0.35,0.35,0.3,0.1,10.4423,0.0939,5.7398,263.8746,-3.905,-5.3477
36,7,311,370,320,407,76.13453331251938,162.74212730574712,76.17134902771984,200.82081565415473,0.7848,4,28,3,4,5000,100,71.0,10.0,15.0,0.35,0.35,0.3,0.1,11.6476,0.1047,6.4097,179.7873,1.0796,-4.3805
36,4,377,306,386,314,41.836116381119254,140.92906016858268,41.82016988013577,152.97058540778355,0.8482,4,28,3,4,5000,100,71.0,10.0,15.0,0.35,0.35,0.3,0.1,4.5563,0.041,2.4688,146.7031,2.7432,-2.4551
36,11,369,160,389,149,331.80502093753785,110.05907504608605,331.6992442339936,132.8834075421006,0.7873,4,28,3,4,5000,100,71.0,10.0,15.0,0.35,0.35,0.3,0.1,10.4479,0.0939,5.7429,120.3991,2.6614,1.4302
37,6,136,399,108,438,126.02737338510362,231.22499864850255,125.9670303010289,279.23466833471804,0.7854,3,28,3,4,5000,100,71.0,10.0,15.0,0.35,0.35,0.3,0.1,10.4593,0.0941,5.7493,252.9721,-3.7308,-5.1361
37,7,316,361,330,396,73.54802331634622,155.36087023443193,72.50424212281357,192.92485583770693,0.4537,3,28,3,4,5000,100,71.0,10.0,15.0,0.35,0.35,0.3,0.1,11.9942,0.1079,6.6023,172.1172,1.265,-4.1297
37,4,377,306,386,313,41.836116381119254,140.92906016858268,41.53981677101354,152.3056138164316,0.6536,3,28,3,4,5000,100,71.0,10.0,15.0,0.35,0.35,0.3,0.1,4.3145,0.0388,2.3344,146.3967,2.7437,-2.443
38,6,144,393,121,430,125.26727496702478,221.68671588527806,124.70881815761767,265.1886121235224,0.5045,3,28,3,4,5000,100,71.0,10.0,15.0,0.35,0.35,0.3,0.1,9.9363,0.0893,5.4586,241.4942,-3.4727,-4.9664
38,7,325,355,338,387,69.66381471246356,152.50573759698355,69.33639086514452,187.0320828093405,0.6869,3,28,3,4,5000,100,71.0,10.0,15.0,0.35,0.35,0.3,0.1,11.3083,0.1017,6.2211,168.0135,1.4777,-3.9487
38,4,378,306,386,313,41.56636963754948,141.6756859873987,41.53981677101354,152.3056138164316,0.8588,3,28,3,4,5000,100,71.0,10.0,15.0,0.35,0.35,0.3,0.1,4.0211,0.0362,2.1713,146.7985,2.7567,-2.4435
39,6,174,377,154,410,120.70774492257844,191.9088325221119,120.79323388223963,230.4951192541829,0.7783,3,28,3,4,5000,100,71.0,10.0,15.0,0.35,0.35,0.3,0.1,10.1587,0.0913,5.5822,209.4396,-2.6875,-4.5166
39,14,354,340,374,368,57.35535986508352,152.0131573252789,56.82148834060726,186.3866948041088,0.6333,3,28,3,4,5000,100,71.0,10.0,15.0,0.35,0.35,0.3,0.1,11.2961,0.1016,6.2143,167.4542,2.2849,-3.5266
39,4,377,306,386,313,41.836116381119254,140.92906016858268,41.53981677101354,152.3056138164316,0.658,3,28,3,4,5000,100,71.0,10.0,15.0,0.35,0.35,0.3,0.1,4.3145,0.0388,2.3344,146.3967,2.7437,-2.443
40,6,182,365,164,396,120.46554491945989,177.50774630984418,120.41108126712537,213.3541656495134,0.7575,4,28,3,4,5000,100,71.0,10.0,15.0,0.35,0.35,0.3,0.1,10.199,0.0917,5.6046,193.7872,-2.4634,-4.1928
40,14,364,328,386,353,51.58194465517801,148.05404418657398,51.04409216224111,181.3201588351389,0.6288,4,28,3,4,5000,100,71.0,10.0,15.0,0.35,0.35,0.3,0.1,11.2317,0.101,6.1786,163.0072,2.5584,-3.1917
40,15,462,145,497,132,340.57574044111493,201.4671189052943,340.4268741695898,238.79907872519107,0.6074,4,28,3,4,5000,100,71.0,10.0,15.0,0.35,0.35,0.3,0.1,9.4297,0.0848,5.1771,218.5503,5.1696,1.8312
40,16,450,99,500,67,327.59133490824314,210.83880098312076,327.5450710579946,270.20177645604036,0.8516,4,28,3,4,5000,100,71.0,10.0,15.0,0.35,0.35,0.3,0.1,13.7236,0.1234,7.5634,236.8574,5.0165,3.1878
41,17,456,403,493,438,46.06939702063312,265.2112365643658,45.640865660919886,316.09650425147066,0.3926,4,28,3,4,5000,100,71.0,10.0,15.0,0.35,0.35,0.3,0.1,9.7346,0.0875,5.3466,288.4267,5.0427,-5.1921
41,6,186,361,169,392,119.99273460099437,172.03778654702577,119.77914910356985,207.38611332488009,0.7007,4,28,3,4,5000,100,71.0,10.0,15.0,0.35,0.35,0.3,0.1,10.3604,0.0932,5.6943,188.0654,-2.3508,-4.0922
41,14,367,324,390,349,49.69491427925102,146.8638825579659,49.2612232444987,180.8120571200936,0.6555,4,28,3,4,5000,100,71.0,10.0,15.0,0.35,0.35,0.3,0.1,11.5214,0.1036,6.3395,162.0794,2.6439,-3.0907
41,4,377,306,386,313,41.836116381119254,140.92906016858268,41.53981677101354,152.3056138164316,0.6783,4,28,3,4,5000,100,71.0,10.0,15.0,0.35,0.35,0.3,0.1,4.3145,0.0388,2.3344,146.3967,2.7437,-2.443
42,6,187,361,170,391,119.70345268556993,171.54008277950666,119.67589183056877,206.0218435020908,0.7653,4,28,3,4,5000,100,71.0,10.0,15.0,0.35,0.35,0.3,0.1,10.1563,0.0913,5.5809,187.2064,-2.3267,-4.0811
42,14,369,324,392,348,49.105098513162574,148.16544806398016,48.57633437499735,181.37254478007415,0.6262,4,28,3,4,5000,100,71.0,10.0,15.0,0.35,0.35,0.3,0.1,11.2062,0.1008,6.1644,163.0959,2.6951,-3.0801
42,4,377,306,386,313,41.836116381119254,140.92906016858268,41.53981677101354,152.3056138164316,0.6988,4,28,3,4,5000,100,71.0,10.0,15.0,0.35,0.35,0.3,0.1,4.3145,0.0388,2.3344,146.3967,2.7437,-2.443
42,16,456,93,499,67,327.10767025676034,219.12781658201223,327.43092207628774,269.3584971743049,0.8211,4,28,3,4,5000,100,71.0,10.0,15.0,0.35,0.35,0.3,0.1,11.4354,0.1028,6.2917,241.6606,5.1023,3.2774
43,6,189,359,171,389,119.45019583029841,168.81350656863924,119.710008641776,203.78910667648555,0.6786,4,28,3,4,5000,100,71.0,10.0,15.0,0.35,0.35,0.3,0.1,10.4389,0.0939,5.7379,184.6598,-2.2883,-4.0294
43,14,370,321,394,345,48.04184215661838,146.57762448614045,47.470051295960864,180.47991578012218,0.6231,4,28,3,4,5000,100,71.0,10.0,15.0,0.35,0.35,0.3,0.1,11.5276,0.1037,6.343,161.7716,2.7307,-3.0038
43,4,377,306,386,314,41.836116381119254,140.92906016858268,41.82016988013577,152.97058540778355,0.9338,4,28,3,4,5000,100,71.0,10.0,15.0,0.35,0.35,0.3,0.1,4.5563,0.041,2.4688,146.7031,2.7432,-2.4551
43,15,468,161,499,155,345.414831727257,202.52654147049466,345.9043826885461,234.04700382615454,0.4711,4,28,3,4,5000,100,71.0,10.0,15.0,0.35,0.35,0.3,0.1,8.0291,0.0722,4.3987,217.1489,5.2798,1.348
44,6,195,367,179,398,116.41700039673367,173.07223925286226,116.56505117707799,207.95432190748045,0.7353,3,28,3,4,5000,100,71.0,10.0,15.0,0.35,0.35,0.3,0.1,10.1808,0.0915,5.5945,188.9166,-2.1151,-4.2427
44,14,376,329,401,354,48.366460663429805,156.54072952429985,47.746400677344226,191.84629264074925,0.6237,3,28,3,4,5000,100,71.0,10.0,15.0,0.35,0.35,0.3,0.1,11.2698,0.1013,6.1997,172.4046,2.8935,-3.2164
44,4,377,306,386,313,41.836116381119254,140.92906016858268,41.53981677101354,152.3056138164316,0.6664,3,28,3,4,5000,100,71.0,10.0,15.0,0.35,0.35,0.3,0.1,4.3145,0.0388,2.3344,146.3967,2.7437,-2.443
45,6,200,378,186,412,113.44806257795783,180.94197965093673,113.26770481005696,217.70622407271685,0.7115,3,28,3,4,5000,100,71.0,10.0,15.0,0.35,0.35,0.3,0.1,10.2558,0.0922,5.6362,197.6289,-1.9656,-4.5532
45,14,381,340,407,369,49.583529809117024,168.12197952677099,49.308664916524876,207.06037766796427,0.7078,3,28,3,4,5000,100,71.0,10.0,15.0,0.35,0.35,0.3,0.1,11.5417,0.1038,6.3508,185.5706,3.0285,-3.5374
45,4,377,306,386,313,41.836116381119254,140.92906016858268,41.53981677101354,152.3056138164316,0.6832,3,28,3,4,5000,100,71.0,10.0,15.0,0.35,0.35,0.3,0.1,4.3145,0.0388,2.3344,146.3967,2.7437,-2.443
46,6,202,381,188,416,112.49939460514884,182.92348127017482,112.38013505195958,220.61731573020282,0.7372,2,28,3,4,5000,100,71.0,10.0,15.0,0.35,0.35,0.3,0.1,10.3876,0.0934,5.7095,200.01,-1.9154,-4.6392
46,14,383,344,410,373,49.9392155421262,172.46738822165773,49.398705354995535,212.04952251773642,0.5967,2,28,3,4,5000,100,71.0,10.0,15.0,0.35,0.35,0.3,0.1,11.4477,0.1029,6.2986,190.2212,3.0911,-3.6374
47,6,201,378,186,413,113.1569208631672,180.54639292990598,113.16417863819845,218.62525014279572,0.773,2,28,3,4,5000,100,71.0,10.0,15.0,0.35,0.35,0.3,0.1,10.6086,0.0954,5.8323,197.7696,-1.952,-4.5629
47,14,382,341,409,369,49.54533530874883,169.53170794869024,48.89167629408076,208.3698634639856,0.5626,2,28,3,4,5000,100,71.0,10.0,15.0,0.35,0.35,0.3,0.1,11.4292,0.1028,6.2883,186.955,3.0664,-3.5506
48,6,200,376,185,410,113.70264595096624,179.10890541790488,113.7203955723046,216.2706637526227,0.78,2,28,3,4,5000,100,71.0,10.0,15.0,0.35,0.35,0.3,0.1,10.4524,0.094,5.7454,195.9434,-1.9774,-4.5019
48,14,381,339,407,366,49.361572645020594,167.36188335460378,48.76143747701534,204.79501947068928,0.5766,2,28,3,4,5000,100,71.0,10.0,15.0,0.35,0.35,0.3,0.1,11.1857,0.1006,6.153,184.1959,3.0305,-3.4901
49,6,196,373,181,407,115.26963874526898,178.03651310896873,115.01689347810004,215.18828964420902,0.6896,2,28,3,4,5000,100,71.0,10.0,15.0,0.35,0.35,0.3,0.1,10.5069,0.0945,5.7757,194.8574,-2.0767,-4.4269
49,4,377,306,386,313,41.836116381119254,140.92906016858268,41.53981677101354,152.3056138164316,0.6549,2,28,3,4,5000,100,71.0,10.0,15.0,0.35,0.35,0.3,0.1,4.3145,0.0388,2.3344,146.3967,2.7437,-2.443
50,6,196,370,180,402,115.68814343564736,175.32826355154492,115.83675422400157,211.10187114282053,0.7232,2,28,3,4,5000,100,71.0,10.0,15.0,0.35,0.35,0.3,0.1,10.295,0.0926,5.658,191.5592,-2.0898,-4.329
50,4,377,306,386,313,41.836116381119254,140.92906016858268,41.53981677101354,152.3056138164316,0.6754,2,28,3,4,5000,100,71.0,10.0,15.0,0.35,0.35,0.3,0.1,4.3145,0.0388,2.3344,146.3967,2.7437,-2.443
51,6,195,365,180,396,116.71464817268051,171.283390905248,116.56505117707799,205.71825392998065,0.7487,1,28,3,4,5000,100,71.0,10.0,15.0,0.35,0.35,0.3,0.1,10.1576,0.0913,5.5816,186.9282,-2.1028,-4.1931
52,6,195,351,180,380,118.98456039373431,158.90248582070703,118.7059525434011,191.54111830100607,0.7185,2,28,3,4,5000,100,71.0,10.0,15.0,0.35,0.35,0.3,0.1,10.3573,0.0931,5.6926,173.7019,-2.1021,-3.8185
52,4,380,311,401,334,42.510447078000844,146.50938536489735,43.402523802754374,177.55280904564702,0.5932,2,28,3,4,5000,100,71.0,10.0,15.0,0.35,0.35,0.3,0.1,10.6531,0.0958,5.857,160.5442,2.9465,-2.7475
53,6,198,344,183,371,119.27525427725259,151.32745950421557,119.23785223602745,182.21415971323415,0.7648,2,28,3,4,5000,100,71.0,10.0,15.0,0.35,0.35,0.3,0.1,10.2981,0.0926,5.6597,165.3407,-2.0276,-3.6199
53,4,379,304,405,325,40.68937417517947,141.1134295522577,40.35202930861296,174.52220489095365,0.7049,2,28,3,4,5000,100,71.0,10.0,15.0,0.35,0.35,0.3,0.1,11.7709,0.1058,6.4782,156.0497,2.9776,-2.5433
54,6,203,348,188,377,116.90109295154099,152.50245899656832,116.98023071822286,185.15128949051368,0.7619,2,28,3,4,5000,100,71.0,10.0,15.0,0.35,0.35,0.3,0.1,10.753,0.0967,5.9125,167.2484,-1.9018,-3.7414
54,18,458,283,501,303,20.892877197552785,199.090431713832,21.671878931939656,246.41834347304587,0.3648,2,28,3,4,5000,100,71.0,10.0,15.0,0.35,0.35,0.3,0.1,11.814,0.1062,6.5021,220.2405,5.1484,-2.0097
55,19,204,437,191,478,106.81598363951126,235.0510582830888,106.93608386131768,278.0593461835081,0.8388,3,28,3,4,5000,100,71.0,10.0,15.0,0.35,0.35,0.3,0.1,9.3213,0.0838,5.1168,254.7528,-1.8564,-6.1173
55,6,205,351,191,381,115.73473569081999,154.30489298787643,115.60793148921834,187.40864441108366,0.7328,3,28,3,4,5000,100,71.0,10.0,15.0,0.35,0.35,0.3,0.1,10.7733,0.0969,5.9238,169.2533,-1.8395,-3.8282
55,4,386,312,413,334,41.257011704312866,151.6443206981389,40.8679397450474,186.45374761586316,0.6562,3,28,3,4,5000,100,71.0,10.0,15.0,0.35,0.35,0.3,0.1,11.4496,0.103,6.2996,167.2571,3.1656,-2.7559
56,6,209,356,195,387,113.62937773065681,157.17824276915684,113.74949449286676,191.19100397246729,0.747,2,28,3,4,5000,100,71.0,10.0,15.0,0.35,0.35,0.3,0.1,10.8577,0.0976,5.9707,172.5242,-1.7398,-3.9644
56,4,389,316,417,339,41.6335393365702,156.54072952429985,41.213887964618415,192.753728887407,0.6728,2,28,3,4,5000,100,71.0,10.0,15.0,0.35,0.35,0.3,0.1,11.5294,0.1037,6.344,172.77,3.252,-2.8672
57,6,212,359,198,391,112.2034785320574,158.7734234687909,112.46058400149666,193.6930561481232,0.7031,1,28,3,4,5000,100,71.0,10.0,15.0,0.35,0.35,0.3,0.1,11.0176,0.0991,6.0595,174.5035,-1.6648,-4.0502
58,6,214,365,202,399,110.7609648734209,163.62457028209425,110.52246035853365,199.6722314193939,0.7053,2,28,3,4,5000,100,71.0,10.0,15.0,0.35,0.35,0.3,0.1,11.0344,0.0992,6.0689,179.86,-1.5902,-4.224
58,4,395,325,424,351,42.57366416839764,167.0269439342048,42.442095449807816,205.9732992404598,0.7498,2,28,3,4,5000,100,71.0,10.0,15.0,0.35,0.35,0.3,0.1,11.6116,0.1044,6.3897,184.4669,3.4128,-3.1274
59,6,216,365,203,399,110.10328627121532,162.92636373527768,110.25325178737384,199.32385707686876,0.7309,2,28,3,4,5000,100,71.0,10.0,15.0,0.35,0.35,0.3,0.1,11.1737,0.1005,6.1463,179.2966,-1.5525,-4.2229
59,4,396,324,426,351,42.08916217383224,167.09278859364338,42.06932749443312,207.45360927204905,0.7919,2,28,3,4,5000,100,71.0,10.0,15.0,0.35,0.35,0.3,0.1,11.9836,0.1078,6.5964,185.0986,3.4476,-3.1127
60,20,456,413,465,423,47.52830118898166,272.5013761433142,47.55109508900094,285.9545418418809,0.6278,3,28,3,4,5000,100,71.0,10.0,15.0,0.35,0.35,0.3,0.1,2.679,0.0241,1.4255,279.0659,4.7275,-5.1664
60,6,217,363,205,397,110.01356679522013,160.70469812671936,109.90847029032616,196.7587355112855,0.7488,3,28,3,4,5000,100,71.0,10.0,15.0,0.35,0.35,0.3,0.1,11.2165,0.1009,6.1701,176.9135,-1.5152,-4.1729
60,4,397,322,427,348,41.34777721969367,166.50825805346713,41.26434087338233,206.20620747203515,0.7729,3,28,3,4,5000,100,71.0,10.0,15.0,0.35,0.35,0.3,0.1,11.8448,0.1065,6.5192,184.2431,3.4733,-3.0516
61,4,398,318,429,343,40.072890052350985,164.6572197020222,39.84144821939397,204.47493733951845,0.7339,1,28,3,4,5000,100,71.0,10.0,15.0,0.35,0.35,0.3,0.1,11.9958,0.1079,6.6032,182.4185,3.5095,-2.9391
62,6,218,353,206,385,110.95577673063218,150.98675438593943,110.88199746524563,185.16209115258988,0.7528,2,28,3,4,5000,100,71.0,10.0,15.0,0.35,0.35,0.3,0.1,11.3062,0.1017,6.2199,166.3372,-1.4901,-3.8991
62,4,398,312,429,336,38.437301491062534,160.86018774078315,38.30199383000867,200.06249023742558,0.7645,2,28,3,4,5000,100,71.0,10.0,15.0,0.35,0.35,0.3,0.1,12.079,0.1086,6.6494,178.3323,3.5089,-2.7774
63,6,220,351,208,382,110.51085928296315,148.4082207965583,110.62987994612618,181.64801127455263,0.7515,3,28,3,4,5000,100,71.0,10.0,15.0,0.35,0.35,0.3,0.1,11.1997,0.1007,6.1607,163.3543,-1.4407,-3.8377
63,4,399,309,431,333,37.37185033141929,159.80613254815975,37.271363004048396,199.80490484470096,0.7754,3,28,3,4,5000,100,71.0,10.0,15.0,0.35,0.35,0.3,0.1,12.3694,0.1112,6.8108,177.581,3.5441,-2.7014
63,21,497,147,533,139,343.8865817669107,234.2007685726074,344.37404000611417,271.01660465735307,0.5501,3,28,3,4,5000,100,71.0,10.0,15.0,0.35,0.35,0.3,0.1,8.1038,0.0729,4.4403,251.2673,6.0655,1.7223
64,6,229,355,219,387,106.73599585147608,149.3251485852266,106.8493114118251,182.84966502567076,0.7589,4,28,3,4,5000,100,71.0,10.0,15.0,0.35,0.35,0.3,0.1,11.2235,0.1009,6.174,164.3957,-1.1922,-3.9493
64,4,408,312,441,336,36.32682595212023,168.80758276807353,36.2685327305858,209.6115454835444,0.8213,4,28,3,4,5000,100,71.0,10.0,15.0,0.35,0.35,0.3,0.1,11.9912,0.1078,6.6006,187.0097,3.7824,-2.7779
64,22,392,261,458,283,22.211830686446206,129.61867149450345,20.892877197552785,199.090431713832,0.7194,4,28,3,4,5000,100,71.0,10.0,15.0,0.35,0.35,0.3,0.1,23.5034,0.2113,12.9984,157.0132,3.6681,-1.4385
64,23,489,85,500,79,329.6615477486092,251.43189932862538,329.74356283647074,263.9564357995463,0.7755,4,28,3,4,5000,100,71.0,10.0,15.0,0.35,0.35,0.3,0.1,2.7025,0.0243,1.4385,257.542,5.5801,3.2603
65,6,239,363,231,397,102.3277707113169,154.5639026422405,102.49601104443751,189.4887859478761,0.7478,2,28,3,4,5000,100,71.0,10.0,15.0,0.35,0.35,0.3,0.1,11.2887,0.1015,6.2102,170.2537,-0.9189,-4.1724
65,4,418,321,453,346,36.744111284783266,182.20043907740728,36.51371177555424,225.20435164534453,0.7683,2,28,3,4,5000,100,71.0,10.0,15.0,0.35,0.35,0.3,0.1,11.7386,0.1056,6.4602,201.4327,4.0572,-3.015
66,20,456,411,477,434,47.24281378301601,271.02951868754076,47.27989253817822,302.1737910540886,0.6307,4,28,3,4,5000,100,71.0,10.0,15.0,0.35,0.35,0.3,0.1,6.0423,0.0543,3.2946,285.7556,4.8664,-5.2667
66,6,241,371,234,408,101.0324732408977,161.99382704288456,100.97224023781165,199.64969321288726,0.7557,4,28,3,4,5000,100,71.0,10.0,15.0,0.35,0.35,0.3,0.1,11.5794,0.1041,6.3718,178.8613,-0.8564,-4.4059
66,4,421,330,457,358,38.37733340461899,190.06577808748213,38.280120110923825,235.6713813766958,0.8258,4,28,3,4,5000,100,71.0,10.0,15.0,0.35,0.35,0.3,0.1,11.9127,0.1071,6.557,210.4259,4.1426,-3.2744
66,23,488,73,495,69,327.23796868680097,256.8598839834668,327.3297496350723,264.91130591199766,0.4504,4,28,3,4,5000,100,71.0,10.0,15.0,0.35,0.35,0.3,0.1,1.716,0.0154,0.8903,260.8235,5.5068,3.5374
67,4,422,336,458,366,39.57940471623763,194.6175737183053,39.62329457194926,241.4787775354182,0.8382,2,28,3,4,5000,100,71.0,10.0,15.0,0.35,0.35,0.3,0.1,11.9499,0.1075,6.5777,215.5304,4.1671,-3.4478
67,24,433,46,476,1,314.12398601088205,231.25094594401122,314.03365680315125,293.4910560817825,0.8505,2,28,3,4,5000,100,71.0,10.0,15.0,0.35,0.35,0.3,0.1,13.1904,0.1186,7.2671,258.6798,4.5152,4.6637
68,20,456,413,477,434,47.52830118898166,272.5013761433142,47.27989253817822,302.1737910540886,0.4157,4,28,3,4,5000,100,71.0,10.0,15.0,0.35,0.35,0.3,0.1,5.742,0.0516,3.1277,286.5715,4.8678,-5.2933
68,6,242,381,235,420,100.06599103323467,171.64206943520577,100.08653168465379,211.26523613694707,0.7469,4,28,3,4,5000,100,71.0,10.0,15.0,0.35,0.35,0.3,0.1,11.5077,0.1035,6.3319,189.4036,-0.8317,-4.6796
68,4,422,340,458,371,40.47523152716581,197.1902634513175,40.5251034937539,244.69777277286363,0.8362,4,28,3,4,5000,100,71.0,10.0,15.0,0.35,0.35,0.3,0.1,11.956,0.1075,6.581,218.3902,4.1671,-3.5594
68,25,386,312,410,333,41.257011704312866,151.6443206981389,41.244659926799464,183.53473785635242,0.8132,4,28,3,4,5000,100,71.0,10.0,15.0,0.35,0.35,0.3,0.1,10.5808,0.0951,5.8168,166.0724,3.1332,-2.7478
69,20,456,413,477,434,47.52830118898166,272.5013761433142,47.27989253817822,302.1737910540886,0.4159,3,28,3,4,5000,100,71.0,10.0,15.0,0.35,0.35,0.3,0.1,5.742,0.0516,3.1277,286.5715,4.8678,-5.2933
69,6,245,385,238,426,98.87055585675914,175.09426032854418,99.02761295071511,216.68410186259626,0.7343,3,28,3,4,5000,100,71.0,10.0,15.0,0.35,0.35,0.3,0.1,11.8054,0.1062,6.4974,193.6817,-0.7567,-4.801
69,4,425,345,461,377,40.999814239486895,202.72641663088706,41.121475497152296,250.89041432466087,0.7871,3,28,3,4,5000,100,71.0,10.0,15.0,0.35,0.35,0.3,0.1,11.8078,0.1062,6.4987,224.2514,4.2427,-3.6969
70,6,247,394,240,437,97.82135210437495,183.7090090333079,98.09444848227201,227.26416347501865,0.6716,4,28,3,4,5000,100,71.0,10.0,15.0,0.35,0.35,0.3,0.1,11.7858,0.106,6.4865,203.1786,-0.7072,-5.0493
70,20,456,415,464,424,47.81071424173518,273.97992627198073,47.834111016306515,286.0209782515961,0.6138,4,28,3,4,5000,100,71.0,10.0,15.0,0.35,0.35,0.3,0.1,2.3912,0.0215,1.2655,279.871,4.7155,-5.2046
70,4,427,353,464,388,42.2920825141338,209.53758612716717,42.510447078000844,260.4611295375953,0.735,4,28,3,4,5000,100,71.0,10.0,15.0,0.35,0.35,0.3,0.1,12.0491,0.1083,6.6328,232.2406,4.3027,-3.9307
70,23,491,64,500,58,325.94920830302925,264.31988196123274,325.96338964632963,275.13632984395207,0.8427,4,28,3,4,5000,100,71.0,10.0,15.0,0.35,0.35,0.3,0.1,2.2298,0.0201,1.1758,269.6197,5.6063,3.7877
71,6,246,392,240,435,98.21920924889906,181.86808406094787,98.16606956820932,225.28426487440262,0.749,3,28,3,4,5000,100,71.0,10.0,15.0,0.35,0.35,0.3,0.1,11.8585,0.1066,6.5269,201.2614,-0.7195,-4.999
71,20,456,415,464,424,47.81071424173518,273.97992627198073,47.834111016306515,286.0209782515961,0.6134,3,28,3,4,5000,100,71.0,10.0,15.0,0.35,0.35,0.3,0.1,2.3912,0.0215,1.2655,279.871,4.7155,-5.2046
71,4,427,352,465,386,42.08916217383224,208.86598574205422,42.03637934259813,259.8557292037257,0.8158,3,28,3,4,5000,100,71.0,10.0,15.0,0.35,0.35,0.3,0.1,12.0977,0.1088,6.6598,231.5874,4.3147,-3.8932
72,6,242,383,238,424,99.95062668795161,173.61163555476344,99.111357044784,214.7091055358389,0.4184,2,28,3,4,5000,100,71.0,10.0,15.0,0.35,0.35,0.3,0.1,11.7695,0.1058,6.4774,191.9856,-0.794,-4.7518
72,4,425,344,463,376,40.78582147726596,202.07176942858692,40.65066626528189,251.7478897627545,0.7815,2,28,3,4,5000,100,71.0,10.0,15.0,0.35,0.35,0.3,0.1,12.173,0.1095,6.7017,224.191,4.2645,-3.6694
73,6,244,376,237,416,99.68878656036681,166.37307474468338,99.73537389550495,206.9806754264755,0.7652,2,28,3,4,5000,100,71.0,10.0,15.0,0.35,0.35,0.3,0.1,12.0954,0.1088,6.6585,184.4685,-0.7811,-4.5627
73,4,424,336,462,368,39.20720350496784,196.16319736382766,39.38779677067513,245.8373446000424,0.7617,2,28,3,4,5000,100,71.0,10.0,15.0,0.35,0.35,0.3,0.1,12.498,0.1124,6.8823,218.209,4.2369,-3.4688
74,20,456,413,477,434,47.52830118898166,272.5013761433142,47.27989253817822,302.1737910540886,0.4144,2,28,3,4,5000,100,71.0,10.0,15.0,0.35,0.35,0.3,0.1,5.742,0.0516,3.1277,286.5715,4.8678,-5.2933
74,4,423,324,460,352,36.56513573542295,188.0026595556563,36.67434966957316,234.4013651837378,0.8042,2,28,3,4,5000,100,71.0,10.0,15.0,0.35,0.35,0.3,0.1,12.2155,0.1098,6.7253,208.6537,4.2021,-3.1237
75,26,248,338,245,367,100.78429786756261,128.2653499585917,99.8814061203502,157.33403954643762,0.4753,2,28,3,4,5000,100,71.0,10.0,15.0,0.35,0.35,0.3,0.1,11.3189,0.1018,6.227,141.3204,-0.6333,-3.4893
75,4,430,299,470,319,28.838627493279578,180.3690660839602,28.38696662407685,225.06221362103412,0.6913,2,28,3,4,5000,100,71.0,10.0,15.0,0.35,0.35,0.3,0.1,12.2591,0.1102,6.7495,200.2522,4.4125,-2.4046
76,20,456,413,477,434,47.52830118898166,272.5013761433142,47.27989253817822,302.1737910540886,0.415,3,28,3,4,5000,100,71.0,10.0,15.0,0.35,0.35,0.3,0.1,5.742,0.0516,3.1277,286.5715,4.8678,-5.2933
76,27,252,311,247,334,101.42118627499929,101.0,101.58061918222812,124.53513560437472,0.7729,3,28,3,4,5000,100,71.0,10.0,15.0,0.35,0.35,0.3,0.1,11.6048,0.1044,6.3859,111.5396,-0.5585,-2.7427
76,4,431,272,472,286,20.67442476087389,169.94410845922255,20.304473709960437,213.2510257888576,0.7211,3,28,3,4,5000,100,71.0,10.0,15.0,0.35,0.35,0.3,0.1,12.5682,0.113,6.9213,189.1504,4.4469,-1.6598
77,27,250,303,245,325,103.59094844784134,93.62157870918435,103.43818815835066,116.18089343777659,0.7416,2,28,3,4,5000,100,71.0,10.0,15.0,0.35,0.35,0.3,0.1,11.9578,0.1075,6.582,103.6884,-0.6077,-2.53
77,4,430,264,470,277,18.21709519782485,166.33700730745397,18.174120065469083,208.39625716408634,0.8238,2,28,3,4,5000,100,71.0,10.0,15.0,0.35,0.35,0.3,0.1,12.4817,0.1122,6.8732,185.0063,4.4105,-1.4495
78,28,476,378,515,412,39.13612798923106,263.00570336021235,39.45592665604176,314.72051092993604,0.6756,3,28,3,4,5000,100,71.0,10.0,15.0,0.35,0.35,0.3,0.1,9.9547,0.0895,5.4688,286.5485,5.5636,-4.5554
78,27,250,299,245,321,104.19109654902398,89.73850901368932,103.91249467652003,112.29425630903836,0.7219,3,28,3,4,5000,100,71.0,10.0,15.0,0.35,0.35,0.3,0.1,12.4157,0.1116,6.8365,99.7573,-0.6071,-2.4286
78,4,430,260,470,272,16.898648694038226,165.13025161974412,16.85839876773828,206.8912757948,0.8086,3,28,3,4,5000,100,71.0,10.0,15.0,0.35,0.35,0.3,0.1,12.4835,0.1123,6.8742,183.6668,4.4105,-1.338
79,27,256,302,252,325,100.08059798754232,91.41115905621152,100.0369024539635,114.75626344561765,0.779,2,28,3,4,5000,100,71.0,10.0,15.0,0.35,0.35,0.3,0.1,12.5924,0.1132,6.9348,101.762,-0.4459,-2.5144
79,4,435,263,477,276,17.374037132657783,170.79227148791014,17.338109142361482,214.75800334329801,0.8183,2,28,3,4,5000,100,71.0,10.0,15.0,0.35,0.35,0.3,0.1,12.6814,0.114,6.9842,190.2683,4.5573,-1.4241
80,20,456,413,477,434,47.52830118898166,272.5013761433142,47.27989253817822,302.1737910540886,0.4141,2,28,3,4,5000,100,71.0,10.0,15.0,0.35,0.35,0.3,0.1,5.742,0.0516,3.1277,286.5715,4.8678,-5.2933
80,27,265,312,263,338,94.0041729407094,100.24470060806208,94.08561677997488,126.3210196285638,0.7671,2,28,3,4,5000,100,71.0,10.0,15.0,0.35,0.35,0.3,0.1,12.7993,0.1151,7.0497,111.7822,-0.1981,-2.7981
81,27,269,319,269,346,91.60600298928226,107.0420478129973,91.28252708271017,134.03357788255897,0.7152,1,28,3,4,5000,100,71.0,10.0,15.0,0.35,0.35,0.3,0.1,12.4511,0.112,6.8562,119.0268,-0.0743,-2.9859
82,27,273,326,273,355,89.49741833327897,114.00438588054409,89.59933674420785,143.0034964607509,0.7689,1,28,3,4,5000,100,71.0,10.0,15.0,0.35,0.35,0.3,0.1,12.5479,0.1128,6.91,126.8679,0.0248,-3.1835
83,27,277,332,278,362,87.61405596961119,120.10412149464314,87.70938995736148,150.11995203836165,0.765,1,28,3,4,5000,100,71.0,10.0,15.0,0.35,0.35,0.3,0.1,12.3527,0.1111,6.8015,133.445,0.1363,-3.3459
84,29,279,424,281,474,88.10884529831463,212.11553455605272,88.0325979700807,262.15453457836657,0.7178,2,28,3,4,5000,100,71.0,10.0,15.0,0.35,0.35,0.3,0.1,11.7332,0.1055,6.4572,234.4953,0.1985,-5.8811
84,27,281,338,284,370,85.91438322002513,126.3210196285638,85.65676004831062,158.45504094221806,0.7121,2,28,3,4,5000,100,71.0,10.0,15.0,0.35,0.35,0.3,0.1,12.5486,0.1128,6.9104,140.575,0.2601,-3.518
85,30,547,415,601,454,36.43406922700836,341.80988868082795,36.33679852909886,408.4176783637065,0.7504,2,28,3,4,5000,100,71.0,10.0,15.0,0.35,0.35,0.3,0.1,9.8734,0.0888,5.4237,372.1569,7.5187,-5.5394
85,27,283,340,286,372,85.088211827494,128.47178678604885,84.99935540244158,160.61133210331082,0.7647,2,28,3,4,5000,100,71.0,10.0,15.0,0.35,0.35,0.3,0.1,12.3638,0.1112,6.8077,142.755,0.3098,-3.5689
86,20,456,415,464,424,47.81071424173518,273.97992627198073,47.834111016306515,286.0209782515961,0.617,3,28,3,4,5000,100,71.0,10.0,15.0,0.35,0.35,0.3,0.1,2.3912,0.0215,1.2655,279.871,4.7155,-5.2046
86,27,285,349,288,384,84.57940471623763,137.6154061142865,84.68545433005525,172.74258305351347,0.7677,3,28,3,4,5000,100,71.0,10.0,15.0,0.35,0.35,0.3,0.1,12.5868,0.1132,6.9316,153.1911,0.3592,-3.8274
86,31,557,193,619,191,356.18592516570965,285.63263118908526,356.53675601728304,347.6348659153739,0.4706,3,28,3,4,5000,100,71.0,10.0,15.0,0.35,0.35,0.3,0.1,10.8882,0.0979,5.9876,313.5985,7.8538,0.4971
87,27,287,354,290,391,83.96999119171853,142.79005567615695,84.25771672219588,179.90275150758535,0.6952,2,28,3,4,5000,100,71.0,10.0,15.0,0.35,0.35,0.3,0.1,12.7899,0.115,7.0445,159.2122,0.4086,-3.9743
87,32,467,317,516,343,28.30075576600638,221.472345903501,28.230694930892092,276.94223224347706,0.7684,2,28,3,4,5000,100,71.0,10.0,15.0,0.35,0.35,0.3,0.1,12.3766,0.1113,6.8148,246.1206,5.4399,-2.9244
88,27,287,362,291,401,84.28940686250037,150.74813431681335,84.25939336104808,189.952625672824,0.7845,2,28,3,4,5000,100,71.0,10.0,15.0,0.35,0.35,0.3,0.1,12.7967,0.1151,7.0482,168.0947,0.421,-4.1971
88,32,467,325,517,354,30.091741987744722,225.37524265100637,30.09623077508712,283.17662332897464,0.7806,2,28,3,4,5000,100,71.0,10.0,15.0,0.35,0.35,0.3,0.1,12.6397,0.1137,6.961,250.9911,5.4494,-3.1582
89,27,287,371,291,412,84.61068824002659,159.70597985047397,84.57318750142718,200.90047287151916,0.779,3,28,3,4,5000,100,71.0,10.0,15.0,0.35,0.35,0.3,0.1,12.704,0.1142,6.9967,177.9503,0.421,-4.4456
89,32,468,334,518,365,31.900156917733717,230.8679276123039,31.879596847022743,289.69811873741946,0.7855,3,28,3,4,5000,100,71.0,10.0,15.0,0.35,0.35,0.3,0.1,12.5678,0.113,6.921,256.9588,5.475,-3.4064
89,31,595,196,621,194,357.1641369799172,323.39604202896487,357.0475328911263,349.4638751001311,0.5326,3,28,3,4,5000,100,71.0,10.0,15.0,0.35,0.35,0.3,0.1,4.3084,0.0387,2.331,335.925,8.419,0.426
90,27,288,377,292,420,84.4613624672095,165.77394246382633,84.50767544287257,208.95932618574363,0.7778,2,28,3,4,5000,100,71.0,10.0,15.0,0.35,0.35,0.3,0.1,12.8159,0.1152,7.0589,184.8782,0.4457,-4.6179
90,32,467,339,518,373,33.0754760623881,232.71012010653942,33.20360561574864,294.0017006753532,0.73,2,28,3,4,5000,100,71.0,10.0,15.0,0.35,0.35,0.3,0.1,12.9408,0.1164,7.1284,259.7898,5.4583,-3.5646
91,27,289,384,293,430,84.35537779421391,172.8380745090618,84.49765957381751,219.0091322296858,0.7408,2,28,3,4,5000,100,71.0,10.0,15.0,0.35,0.35,0.3,0.1,13.1035,0.1178,7.2188,193.2035,0.4702,-4.8254
91,32,468,347,520,383,34.55811897572533,237.9936973955403,34.58688953755296,301.23910768690047,0.7715,2,28,3,4,5000,100,71.0,10.0,15.0,0.35,0.35,0.3,0.1,13.0433,0.1173,7.1853,265.9074,5.4943,-3.7866
92,27,291,386,296,433,83.76825439495988,175.03428235634297,83.80212236656917,222.29934772733816,0.7685,2,28,3,4,5000,100,71.0,10.0,15.0,0.35,0.35,0.3,0.1,13.2288,0.119,7.2884,195.8556,0.5319,-4.886
92,32,470,349,523,385,34.680103418758186,240.77582935170216,34.57628278993401,304.8442225137291,0.737,2,28,3,4,5000,100,71.0,10.0,15.0,0.35,0.35,0.3,0.1,13.0583,0.1174,7.1937,269.0485,5.556,-3.836
93,33,536,445,552,458,41.43084284900533,352.115038020247,41.3016156283981,372.7143678475516,0.5241,3,28,3,4,5000,100,71.0,10.0,15.0,0.35,0.35,0.3,0.1,3.1605,0.0284,1.693,362.122,6.8201,-6.0052
93,27,292,385,298,430,83.40548496777201,174.15223225672418,83.19868517601843,219.5449840010015,0.7033,3,28,3,4,5000,100,71.0,10.0,15.0,0.35,0.35,0.3,0.1,12.8221,0.1153,7.0624,194.2317,0.5695,-4.8407
93,32,472,347,524,383,34.01934998982646,241.29857024027308,34.15969454566943,304.54063768239536,0.7165,3,28,3,4,5000,100,71.0,10.0,15.0,0.35,0.35,0.3,0.1,12.8847,0.1159,7.0972,269.2559,5.5951,-3.7879
94,27,295,385,301,430,82.4270513594566,174.52220489095365,82.42257291079218,219.92044015961773,0.7908,3,28,3,4,5000,100,71.0,10.0,15.0,0.35,0.35,0.3,0.1,12.7994,0.1151,7.0498,194.6088,0.6438,-4.8409
94,32,474,347,528,382,33.75547363856531,242.9588442514493,33.58664565362279,307.3044093403152,0.6805,3,28,3,4,5000,100,71.0,10.0,15.0,0.35,0.35,0.3,0.1,13.0042,0.1169,7.1636,271.3695,5.668,-3.7745
94,31,619,186,639,184,355.71495154146436,347.9727000786125,355.637111964477,368.06657006579667,0.8008,3,28,3,4,5000,100,71.0,10.0,15.0,0.35,0.35,0.3,0.1,3.1208,0.0281,1.671,357.7377,8.9515,0.677
95,27,308,396,317,445,78.92979742206063,187.48866632412745,79.06887707758855,237.30571000294114,0.7508,3,28,3,4,5000,100,71.0,10.0,15.0,0.35,0.35,0.3,0.1,13.0417,0.1173,7.1844,209.4761,1.0023,-5.1602
95,30,569,427,610,455,35.900994288947665,366.6524239658044,35.71367656113068,416.2847583085405,0.467,3,28,3,4,5000,100,71.0,10.0,15.0,0.35,0.35,0.3,0.1,7.0497,0.0634,3.8544,389.8954,7.9354,-5.7235
95,34,576,290,619,300,14.39046324874091,313.8470965295043,14.230334119521558,357.9846365418494,0.5896,3,28,3,4,5000,100,71.0,10.0,15.0,0.35,0.35,0.3,0.1,7.306,0.0657,3.9969,334.466,8.1329,-2.0738
96,27,317,410,329,461,77.19573393471325,203.0492551082126,77.10625595511785,255.44079548889601,0.7553,3,28,3,4,5000,100,71.0,10.0,15.0,0.35,0.35,0.3,0.1,12.7077,0.1143,6.9988,226.2516,1.2631,-5.5353
96,20,466,415,477,427,46.29867431934602,280.79351844371337,46.36392753160292,297.06901555025894,0.5687,3,28,3,4,5000,100,71.0,10.0,15.0,0.35,0.35,0.3,0.1,3.1322,0.0282,1.6773,288.7021,5.0023,-5.2405
96,35,377,301,386,310,40.28524548129506,137.64446955835166,40.68397248013438,150.33296378372907,0.537,3,28,3,4,5000,100,71.0,10.0,15.0,0.35,0.35,0.3,0.1,4.8999,0.0441,2.6597,143.7092,2.7425,-2.3418
97,27,322,417,335,470,76.2930389959202,211.00947846009194,76.27770286686646,265.58049627184596,0.7758,3,28,3,4,5000,100,71.0,10.0,15.0,0.35,0.35,0.3,0.1,12.7336,0.1145,7.0132,235.1707,1.3992,-5.7331
97,20,456,413,478,435,47.52830118898166,272.5013761433142,47.26927480641999,303.58689036254515,0.4439,3,28,3,4,5000,100,71.0,10.0,15.0,0.35,0.35,0.3,0.1,6.0007,0.054,3.2715,287.2055,4.8791,-5.3045
97,35,377,302,386,310,40.60129464500447,138.2931668593933,40.68397248013438,150.33296378372907,0.7306,3,28,3,4,5000,100,71.0,10.0,15.0,0.35,0.35,0.3,0.1,4.6389,0.0417,2.5147,144.062,2.743,-2.3547
98,27,325,422,339,476,75.8354347320401,216.5848563496534,75.75967625705937,272.3692346796899,0.8094,2,28,3,4,5000,100,71.0,10.0,15.0,0.35,0.35,0.3,0.1,12.6876,0.1141,6.9876,241.2948,1.486,-5.8699
98,20,456,415,464,424,47.81071424173518,273.97992627198073,47.834111016306515,286.0209782515961,0.6225,2,28,3,4,5000,100,71.0,10.0,15.0,0.35,0.35,0.3,0.1,2.3912,0.0215,1.2655,279.871,4.7155,-5.2046
99,27,324,421,338,475,76.02827877902513,215.37177159507232,75.91250808463766,271.15493725912495,0.7618,4,28,3,4,5000,100,71.0,10.0,15.0,0.35,0.35,0.3,0.1,12.7506,0.1147,7.0226,240.0654,1.4611,-5.8444
99,20,461,414,478,434,46.90427328973021,276.63152387246106,47.1409013663231,302.8530997034701,0.4188,4,28,3,4,5000,100,71.0,10.0,15.0,0.35,0.35,0.3,0.1,5.0321,0.0452,2.7332,289.1491,4.9459,-5.3091
99,35,378,303,386,310,40.64577893693039,139.70325694127536,40.68397248013438,150.33296378372907,0.8154,4,28,3,4,5000,100,71.0,10.0,15.0,0.35,0.35,0.3,0.1,4.0757,0.0366,2.2017,144.8233,2.7566,-2.3682
99,36,569,195,633,191,356.7240181867659,297.4861341306515,356.67075646645316,361.6102874642811,0.6349,4,28,3,4,5000,100,71.0,10.0,15.0,0.35,0.35,0.3,0.1,10.8195,0.0973,5.9495,326.4289,8.1778,0.4723
100,27,323,420,336,474,76.2233052867536,214.1611542740653,76.27290342145021,269.7035409482048,0.7664,5,28,3,4,5000,100,71.0,10.0,15.0,0.35,0.35,0.3,0.1,12.7654,0.1148,7.0309,238.7445,1.4239,-5.8194
100,20,464,424,478,439,47.834111016306515,286.0209782515961,47.7766035239023,306.5371103145588,0.6622,5,28,3,4,5000,100,71.0,10.0,15.0,0.35,0.35,0.3,0.1,3.8503,0.0346,2.0764,295.9239,4.9877,-5.5016
100,35,378,303,386,310,40.64577893693039,139.70325694127536,40.68397248013438,150.33296378372907,0.7551,5,28,3,4,5000,100,71.0,10.0,15.0,0.35,0.35,0.3,0.1,4.0757,0.0366,2.2017,144.8233,2.7566,-2.3682
100,36,568,195,633,190,356.71297490789533,296.4877737782791,356.51260346588816,361.6697388502389,0.5429,5,28,3,4,5000,100,71.0,10.0,15.0,0.35,0.35,0.3,0.1,11.0137,0.099,6.0574,325.851,8.1626,0.4845
100,37,492,148,496,147,343.7798063043972,229.12005586591496,343.81840375481744,233.2402195162747,0.6331,5,28,3,4,5000,100,71.0,10.0,15.0,0.35,0.35,0.3,0.1,0.991,0.0089,0.4874,231.1618,5.5704,1.6184
101,27,321,405,333,453,75.75439407955861,199.12307751739877,75.79606204648597,248.60008045050992,0.7807,2,28,3,4,5000,100,71.0,10.0,15.0,0.35,0.35,0.3,0.1,12.2893,0.1105,6.7663,221.1278,1.3633,-5.3789
101,35,378,302,386,310,40.33314162856101,139.05394636614957,40.68397248013438,150.33296378372907,0.5356,2,28,3,4,5000,100,71.0,10.0,15.0,0.35,0.35,0.3,0.1,4.3344,0.039,2.3454,144.4737,2.7562,-2.3553
102,27,319,381,330,424,74.45840478666516,175.41379649275024,74.69915442755,219.79080963497995,0.6922,2,28,3,4,5000,100,71.0,10.0,15.0,0.35,0.35,0.3,0.1,12.4874,0.1123,6.8763,195.1108,1.3008,-4.7202
102,35,377,302,387,310,40.60129464500447,138.2931668593933,40.43677024576215,151.09268678529745,0.7061,2,28,3,4,5000,100,71.0,10.0,15.0,0.35,0.35,0.3,0.1,4.9187,0.0442,2.6702,144.4099,2.755,-2.3542
103,20,461,414,477,433,46.90427328973021,276.63152387246106,47.15094312751601,301.4398779192959,0.3733,4,28,3,4,5000,100,71.0,10.0,15.0,0.35,0.35,0.3,0.1,4.7726,0.0429,2.5889,288.5034,4.9344,-5.2976
103,27,317,373,329,415,74.38415712595129,167.17057157286985,74.31588597295924,210.85065804972012,0.7468,4,28,3,4,5000,100,71.0,10.0,15.0,0.35,0.35,0.3,0.1,12.85,0.1155,7.0779,186.487,1.2627,-4.5061
103,35,378,302,387,310,40.33314162856101,139.05394636614957,40.43677024576215,151.09268678529745,0.7466,4,28,3,4,5000,100,71.0,10.0,15.0,0.35,0.35,0.3,0.1,4.6142,0.0415,2.5009,144.8236,2.7681,-2.3548
103,36,594,191,631,189,356.26860300083956,322.6840560052511,356.3342497073696,359.73601432161337,0.7802,4,28,3,4,5000,100,71.0,10.0,15.0,0.35,0.35,0.3,0.1,6.038,0.0543,3.2922,340.2042,8.5194,0.5504
104,27,317,373,329,416,74.38415712595129,167.17057157286985,74.38901146632034,211.81359729724625,0.766,3,28,3,4,5000,100,71.0,10.0,15.0,0.35,0.35,0.3,0.1,13.0999,0.1178,7.2167,186.8627,1.262,-4.5161
104,35,378,303,387,310,40.64577893693039,139.70325694127536,40.43677024576215,151.09268678529745,0.6437,3,28,3,4,5000,100,71.0,10.0,15.0,0.35,0.35,0.3,0.1,4.3556,0.0392,2.3572,145.1749,2.7686,-2.3678
104,38,563,147,630,131,347.40866509175686,298.1710918248112,347.25108547359855,367.0490430446591,0.8802,3,28,3,4,5000,100,71.0,10.0,15.0,0.35,0.35,0.3,0.1,11.5146,0.1035,6.3358,329.0442,8.0557,1.8122
105,27,317,372,329,414,74.29136217098426,166.20770138594662,74.24208961941011,209.88806540630173,0.7495,2,28,3,4,5000,100,71.0,10.0,15.0,0.35,0.35,0.3,0.1,12.9158,0.1161,7.1145,185.5113,1.2625,-4.4808
105,35,378,303,387,310,40.64577893693039,139.70325694127536,40.43677024576215,151.09268678529745,0.6876,2,28,3,4,5000,100,71.0,10.0,15.0,0.35,0.35,0.3,0.1,4.3556,0.0392,2.3572,145.1749,2.7686,-2.3678
106,20,461,413,477,430,46.76239102366051,275.90215657004205,46.76030913057931,299.24738929521175,0.6621,3,28,3,4,5000,100,71.0,10.0,15.0,0.35,0.35,0.3,0.1,4.5139,0.0406,2.4452,287.101,4.9354,-5.2486
106,27,316,372,328,414,74.6237487511738,165.93974810153233,74.50515140086137,209.61870145576228,0.7354,3,28,3,4,5000,100,71.0,10.0,15.0,0.35,0.35,0.3,0.1,12.9339,0.1163,7.1245,185.2392,1.2377,-4.4806
106,35,378,303,387,310,40.64577893693039,139.70325694127536,40.43677024576215,151.09268678529745,0.6826,3,28,3,4,5000,100,71.0,10.0,15.0,0.35,0.35,0.3,0.1,4.3556,0.0392,2.3572,145.1749,2.7686,-2.3678
107,27,316,369,328,410,74.34421804115007,163.04907236779974,74.20759647114272,205.7668583615933,0.7295,3,28,3,4,5000,100,71.0,10.0,15.0,0.35,0.35,0.3,0.1,12.8805,0.1158,7.0948,181.9341,1.2379,-4.3945
107,35,378,303,387,310,40.64577893693039,139.70325694127536,40.43677024576215,151.09268678529745,0.7032,3,28,3,4,5000,100,71.0,10.0,15.0,0.35,0.35,0.3,0.1,4.3556,0.0392,2.3572,145.1749,2.7686,-2.3678
107,39,494,70,499,67,327.39540683375844,263.52988445335757,327.43092207628774,269.3584971743049,0.7078,3,28,3,4,5000,100,71.0,10.0,15.0,0.35,0.35,0.3,0.1,1.2164,0.0109,0.6126,266.4123,5.633,3.6006
108,27,311,359,324,397,75.14138555207533,152.0855022676389,74.30033145386545,192.16919628285902,0.4704,3,28,3,4,5000,100,71.0,10.0,15.0,0.35,0.35,0.3,0.1,12.9486,0.1164,7.1327,169.7938,1.1263,-4.1093
108,40,465,368,476,378,38.94826789120599,248.16325271885037,39.13612798923106,263.00570336021235,0.6666,3,28,3,4,5000,100,71.0,10.0,15.0,0.35,0.35,0.3,0.1,3.2291,0.029,1.7311,255.369,4.977,-4.0367
108,35,378,303,387,310,40.64577893693039,139.70325694127536,40.43677024576215,151.09268678529745,0.6301,3,28,3,4,5000,100,71.0,10.0,15.0,0.35,0.35,0.3,0.1,4.3556,0.0392,2.3572,145.1749,2.7686,-2.3678
109,41,305,418,313,468,80.89887571476486,208.62646045025065,80.90099428894766,259.26241532470533,0.9078,2,28,3,4,5000,100,71.0,10.0,15.0,0.35,0.35,0.3,0.1,12.0351,0.1082,6.625,231.2045,0.9176,-5.7288
109,27,312,334,319,365,71.84729411334885,128.39003076563228,72.92358971513838,160.0562401157793,0.426,2,28,3,4,5000,100,71.0,10.0,15.0,0.35,0.35,0.3,0.1,12.2086,0.1098,6.7214,142.4849,1.0785,-3.409
110,41,303,412,311,463,81.18926701401509,202.38824076511955,81.1680913490307,254.01181074902797,0.8939,4,28,3,4,5000,100,71.0,10.0,15.0,0.35,0.35,0.3,0.1,12.5787,0.1131,6.9271,225.2804,0.8671,-5.5863
110,42,549,389,565,399,32.578137158742294,328.72176684850064,32.5470472061678,347.588837565305,0.7582,4,28,3,4,5000,100,71.0,10.0,15.0,0.35,0.35,0.3,0.1,3.1024,0.0279,1.6607,337.8921,7.1463,-4.5636
110,27,307,326,316,356,72.93259518153562,119.25183436744275,73.00917670801384,150.57224179774968,0.7487,4,28,3,4,5000,100,71.0,10.0,15.0,0.35,0.35,0.3,0.1,12.9087,0.1161,7.1105,133.0942,0.9779,-3.1935
110,35,377,302,386,310,40.60129464500447,138.2931668593933,40.68397248013438,150.33296378372907,0.7564,4,28,3,4,5000,100,71.0,10.0,15.0,0.35,0.35,0.3,0.1,4.6389,0.0417,2.5147,144.062,2.743,-2.3547
111,41,302,413,310,465,81.5110561194953,203.22647465327935,81.45816060211224,255.8378392654222,0.9799,5,28,3,4,5000,100,71.0,10.0,15.0,0.35,0.35,0.3,0.1,12.745,0.1146,7.0195,226.5174,0.842,-5.6215
111,42,548,390,563,400,32.81908392099446,328.42046221269464,32.86440488320848,346.44624402640017,0.7352,5,28,3,4,5000,100,71.0,10.0,15.0,0.35,0.35,0.3,0.1,2.9704,0.0267,1.5874,337.1926,7.1091,-4.5889
111,27,306,326,316,357,73.39301942138299,118.96217886370441,73.11966983447614,151.52887513606112,0.7056,5,28,3,4,5000,100,71.0,10.0,15.0,0.35,0.35,0.3,0.1,13.3892,0.1204,7.3775,133.285,0.9645,-3.2026
111,35,378,303,387,310,40.64577893693039,139.70325694127536,40.43677024576215,151.09268678529745,0.6776,5,28,3,4,5000,100,71.0,10.0,15.0,0.35,0.35,0.3,0.1,4.3556,0.0392,2.3572,145.1749,2.7686,-2.3678
111,36,578,195,633,194,356.8201698801358,306.4718584144391,357.1455107422702,361.4484748895754,0.5553,5,28,3,4,5000,100,71.0,10.0,15.0,0.35,0.35,0.3,0.1,9.1535,0.0823,5.0236,331.6976,8.3122,0.4362
112,41,302,414,309,467,81.55247275209153,204.215572373901,81.74411128478327,257.6703320136022,0.8274,4,28,3,4,5000,100,71.0,10.0,15.0,0.35,0.35,0.3,0.1,12.8702,0.1157,7.0891,227.8498,0.8294,-5.6572
112,42,547,392,563,403,33.20657031508953,328.6715685908959,33.27918850119051,348.0833233580718,0.8131,4,28,3,4,5000,100,71.0,10.0,15.0,0.35,0.35,0.3,0.1,3.1898,0.0287,1.7094,338.099,7.0958,-4.6511
112,27,306,328,315,360,73.66395711028154,120.88010589009261,73.79927700352755,154.12008305214476,0.7226,4,28,3,4,5000,100,71.0,10.0,15.0,0.35,0.35,0.3,0.1,13.4419,0.1209,7.4069,135.4912,0.952,-3.264
112,35,377,301,387,310,40.28524548129506,137.64446955835166,40.43677024576215,151.09268678529745,0.6679,4,28,3,4,5000,100,71.0,10.0,15.0,0.35,0.35,0.3,0.1,5.1796,0.0466,2.8151,144.0554,2.7544,-2.3412
113,41,301,422,309,476,82.13745437784499,211.9929244102265,82.02187548440791,266.58019431308094,0.8634,3,28,3,4,5000,100,71.0,10.0,15.0,0.35,0.35,0.3,0.1,12.6846,0.1141,6.986,236.1734,0.8173,-5.8699
113,27,306,336,314,369,74.66671520694645,128.57682528356344,75.02316406045792,162.5207679036744,0.6811,3,28,3,4,5000,100,71.0,10.0,15.0,0.35,0.35,0.3,0.1,12.9676,0.1166,7.1432,143.5698,0.9406,-3.4778
113,35,378,303,386,310,40.64577893693039,139.70325694127536,40.68397248013438,150.33296378372907,0.7605,3,28,3,4,5000,100,71.0,10.0,15.0,0.35,0.35,0.3,0.1,4.0757,0.0366,2.2017,144.8233,2.7566,-2.3682
114,27,304,352,312,390,77.12499844038753,143.61058456812992,77.33493623495764,182.43903091169938,0.7181,3,28,3,4,5000,100,71.0,10.0,15.0,0.35,0.35,0.3,0.1,13.2434,0.1191,7.2965,160.7128,0.8906,-3.9334
114,40,466,371,476,379,39.337622093346205,250.83261350948763,39.30469796956008,263.6380093992518,0.7762,3,28,3,4,5000,100,71.0,10.0,15.0,0.35,0.35,0.3,0.1,2.768,0.0249,1.4749,257.0759,4.9906,-4.0878
114,35,378,303,387,310,40.64577893693039,139.70325694127536,40.43677024576215,151.09268678529745,0.6879,3,28,3,4,5000,100,71.0,10.0,15.0,0.35,0.35,0.3,0.1,4.3556,0.0392,2.3572,145.1749,2.7686,-2.3678
115,27,300,362,308,403,79.42647658143909,152.5909564816998,79.32601877977748,194.36306233438492,0.7423,3,28,3,4,5000,100,71.0,10.0,15.0,0.35,0.35,0.3,0.1,13.389,0.1204,7.3774,170.9624,0.7914,-4.2165
115,40,466,371,476,379,39.337622093346205,250.83261350948763,39.30469796956008,263.6380093992518,0.7762,3,28,3,4,5000,100,71.0,10.0,15.0,0.35,0.35,0.3,0.1,2.768,0.0249,1.4749,257.0759,4.9906,-4.0878
115,35,378,303,387,310,40.64577893693039,139.70325694127536,40.43677024576215,151.09268678529745,0.7221,3,28,3,4,5000,100,71.0,10.0,15.0,0.35,0.35,0.3,0.1,4.3556,0.0392,2.3572,145.1749,2.7686,-2.3678
116,27,297,369,303,412,80.95242800009929,158.97798589741913,81.18926701401509,202.38824076511955,0.7111,5,28,3,4,5000,100,71.0,10.0,15.0,0.35,0.35,0.3,0.1,13.3592,0.1201,7.3608,178.0757,0.6925,-4.4147
116,43,556,407,596,432,34.47426030404848,344.50108853238766,34.1769887737929,391.632480777578,0.3595,5,28,3,4,5000,100,71.0,10.0,15.0,0.35,0.35,0.3,0.1,7.1201,0.064,3.8936,366.558,7.5974,-5.1857
116,40,466,371,476,379,39.337622093346205,250.83261350948763,39.30469796956008,263.6380093992518,0.8275,5,28,3,4,5000,100,71.0,10.0,15.0,0.35,0.35,0.3,0.1,2.768,0.0249,1.4749,257.0759,4.9906,-4.0878
116,44,476,336,531,370,31.293038995920195,238.72997298202839,31.384803296200836,303.3891889965758,0.724,5,28,3,4,5000,100,71.0,10.0,15.0,0.35,0.35,0.3,0.1,13.2639,0.1193,7.3079,267.2036,5.7266,-3.4879
116,35,378,303,386,310,40.64577893693039,139.70325694127536,40.68397248013438,150.33296378372907,0.807,5,28,3,4,5000,100,71.0,10.0,15.0,0.35,0.35,0.3,0.1,4.0757,0.0366,2.2017,144.8233,2.7566,-2.3682
117,45,588,420,639,456,33.35402575151678,378.31204051681993,33.617952045480145,440.70965498840616,0.6947,5,28,3,4,5000,100,71.0,10.0,15.0,0.35,0.35,0.3,0.1,8.4724,0.0762,4.6451,407.1339,8.5199,-5.6384
117,27,288,369,292,411,84.18102909860544,157.8131806916013,84.2609015019104,200.0024999843752,0.7632,5,28,3,4,5000,100,71.0,10.0,15.0,0.35,0.35,0.3,0.1,13.1123,0.1179,7.2236,176.4206,0.4454,-4.4047
117,40,466,371,476,379,39.337622093346205,250.83261350948763,39.30469796956008,263.6380093992518,0.8099,5,28,3,4,5000,100,71.0,10.0,15.0,0.35,0.35,0.3,0.1,2.768,0.0249,1.4749,257.0759,4.9906,-4.0878
117,44,468,336,521,368,32.31961650818018,231.93102422918759,32.06739160326049,293.83158441529054,0.6715,5,28,3,4,5000,100,71.0,10.0,15.0,0.35,0.35,0.3,0.1,13.093,0.1177,7.2129,259.2374,5.5061,-3.4645
117,35,378,303,387,310,40.64577893693039,139.70325694127536,40.43677024576215,151.09268678529745,0.6923,5,28,3,4,5000,100,71.0,10.0,15.0,0.35,0.35,0.3,0.1,4.3556,0.0392,2.3572,145.1749,2.7686,-2.3678
118,27,276,361,277,401,88.46222761530255,149.05368160498418,88.48459209997787,189.06612599828665,0.7689,4,28,3,4,5000,100,71.0,10.0,15.0,0.35,0.35,0.3,0.1,13.1601,0.1183,7.2502,166.6924,0.1113,-4.1815
118,40,466,371,476,379,39.337622093346205,250.83261350948763,39.30469796956008,263.6380093992518,0.8099,4,28,3,4,5000,100,71.0,10.0,15.0,0.35,0.35,0.3,0.1,2.768,0.0249,1.4749,257.0759,4.9906,-4.0878
118,35,378,303,386,310,40.64577893693039,139.70325694127536,40.68397248013438,150.33296378372907,0.8223,4,28,3,4,5000,100,71.0,10.0,15.0,0.35,0.35,0.3,0.1,4.0757,0.0366,2.2017,144.8233,2.7566,-2.3682
118,46,554,181,618,171,353.72671649091603,283.6987839240768,353.2421285124228,348.4207226902556,0.4249,4,28,3,4,5000,100,71.0,10.0,15.0,0.35,0.35,0.3,0.1,11.3864,0.1024,6.2645,312.7464,7.797,0.8939
119,47,464,424,478,439,47.834111016306515,286.0209782515961,47.7766035239023,306.5371103145588,0.7244,3,28,3,4,5000,100,71.0,10.0,15.0,0.35,0.35,0.3,0.1,3.8503,0.0346,2.0764,295.9239,4.9877,-5.5016
119,27,271,358,270,398,90.39243070934087,146.00342461736986,90.61605990839922,186.01075237738274,0.705,3,28,3,4,5000,100,71.0,10.0,15.0,0.35,0.35,0.3,0.1,13.4004,0.1205,7.3838,163.5967,-0.0371,-4.1051
119,35,378,303,386,310,40.64577893693039,139.70325694127536,40.68397248013438,150.33296378372907,0.7496,3,28,3,4,5000,100,71.0,10.0,15.0,0.35,0.35,0.3,0.1,4.0757,0.0366,2.2017,144.8233,2.7566,-2.3682
120,47,461,413,478,430,46.76239102366051,275.90215657004205,46.621145913653415,299.93332592427936,0.522,3,28,3,4,5000,100,71.0,10.0,15.0,0.35,0.35,0.3,0.1,4.641,0.0417,2.5158,287.4163,4.9475,-5.2481
120,27,262,351,258,389,94.11490909823725,139.35924798878617,94.522454146402,177.55280904564702,0.6734,3,28,3,4,5000,100,71.0,10.0,15.0,0.35,0.35,0.3,0.1,13.4025,0.1205,7.3849,156.1545,-0.2968,-3.9073
120,46,538,170,596,163,351.0273733851036,269.2953768633988,351.4000679477028,327.6842992882021,0.4848,3,28,3,4,5000,100,71.0,10.0,15.0,0.35,0.35,0.3,0.1,10.8769,0.0978,5.9814,295.6344,7.332,1.1309
121,27,259,349,256,387,95.42059528376237,137.6154061142865,95.22394759626843,175.72990639046048,0.7265,3,28,3,4,5000,100,71.0,10.0,15.0,0.35,0.35,0.3,0.1,13.527,0.1216,7.4541,154.3546,-0.3585,-3.8568
121,35,377,301,386,310,40.28524548129506,137.64446955835166,40.68397248013438,150.33296378372907,0.5498,3,28,3,4,5000,100,71.0,10.0,15.0,0.35,0.35,0.3,0.1,4.8999,0.0441,2.6597,143.7092,2.7425,-2.3418
121,46,536,171,593,160,351.17231277892694,267.16474318292825,350.7983746863552,325.1845629792411,0.5024,3,28,3,4,5000,100,71.0,10.0,15.0,0.35,0.35,0.3,0.1,10.8926,0.0979,5.9901,293.3332,7.2696,1.1557
122,27,258,346,254,384,95.96448710125313,134.72935834479432,95.97432328648063,172.9392957080605,0.773,3,28,3,4,5000,100,71.0,10.0,15.0,0.35,0.35,0.3,0.1,13.8111,0.1242,7.612,151.4616,-0.3953,-3.7802
122,35,378,302,387,310,40.33314162856101,139.05394636614957,40.43677024576215,151.09268678529745,0.7441,3,28,3,4,5000,100,71.0,10.0,15.0,0.35,0.35,0.3,0.1,4.6142,0.0415,2.5009,144.8236,2.7681,-2.3548
122,46,534,167,591,157,350.2542130447051,265.8364158650955,350.2175929681927,323.70665733036753,0.6922,3,28,3,4,5000,100,71.0,10.0,15.0,0.35,0.35,0.3,0.1,10.9163,0.0982,6.0032,291.9312,7.2196,1.2426
123,47,456,413,478,435,47.52830118898166,272.5013761433142,47.26927480641999,303.58689036254515,0.4237,4,28,3,4,5000,100,71.0,10.0,15.0,0.35,0.35,0.3,0.1,6.0007,0.054,3.2715,287.2055,4.8791,-5.3045
123,27,256,347,252,384,96.75908112697051,135.94484175576505,96.63251461513848,173.1588865753069,0.7395,4,28,3,4,5000,100,71.0,10.0,15.0,0.35,0.35,0.3,0.1,13.3887,0.1204,7.3772,152.3117,-0.4451,-3.7961
123,35,378,301,387,310,40.01758040962419,138.4088147481944,40.43677024576215,151.09268678529745,0.554,4,28,3,4,5000,100,71.0,10.0,15.0,0.35,0.35,0.3,0.1,4.8723,0.0438,2.6444,144.4729,2.7676,-2.3418
123,46,533,167,590,157,350.2175929681927,264.85090145211893,350.18742777169945,322.7212419410907,0.7005,4,28,3,4,5000,100,71.0,10.0,15.0,0.35,0.35,0.3,0.1,10.9529,0.0985,6.0236,290.9362,7.1943,1.2425
124,48,245,423,238,478,97.2920589645827,212.72047386182646,97.28402365441687,268.16412884649577,0.9218,6,28,3,4,5000,100,71.0,10.0,15.0,0.35,0.35,0.3,0.1,12.8217,0.1153,7.0622,237.2461,-0.7552,-5.9054
124,47,456,413,478,435,47.52830118898166,272.5013761433142,47.26927480641999,303.58689036254515,0.4312,6,28,3,4,5000,100,71.0,10.0,15.0,0.35,0.35,0.3,0.1,6.0007,0.054,3.2715,287.2055,4.8791,-5.3045
124,27,250,339,244,373,99.82772401116311,128.89142717807107,99.86580694308438,163.41664541900252,0.7673,6,28,3,4,5000,100,71.0,10.0,15.0,0.35,0.35,0.3,0.1,13.135,0.1181,7.2363,144.1151,-0.6186,-3.5631
124,49,429,305,472,329,30.640663455755366,182.47739586041882,30.327634119133858,231.70886905770354,0.7238,6,28,3,4,5000,100,71.0,10.0,15.0,0.35,0.35,0.3,0.1,13.2185,0.1189,7.2827,204.1672,4.416,-2.5977
124,35,378,303,387,310,40.64577893693039,139.70325694127536,40.43677024576215,151.09268678529745,0.6929,6,28,3,4,5000,100,71.0,10.0,15.0,0.35,0.35,0.3,0.1,4.3556,0.0392,2.3572,145.1749,2.7686,-2.3678
124,46,526,161,581,147,348.64669449905426,259.0694887477103,348.120687218732,315.7625690293262,0.4569,6,28,3,4,5000,100,71.0,10.0,15.0,0.35,0.35,0.3,0.1,10.9679,0.0986,6.0319,284.6203,6.9954,1.4413
125,47,456,413,478,435,47.52830118898166,272.5013761433142,47.26927480641999,303.58689036254515,0.4287,5,28,3,4,5000,100,71.0,10.0,15.0,0.35,0.35,0.3,0.1,6.0007,0.054,3.2715,287.2055,4.8791,-5.3045
125,27,248,336,241,371,100.95406264339833,126.30122723077555,101.0324732408977,161.99382704288456,0.738,5,28,3,4,5000,100,71.0,10.0,15.0,0.35,0.35,0.3,0.1,13.7681,0.1238,7.5881,141.9381,-0.6795,-3.4964
125,49,427,303,470,328,30.417057670515927,179.7386992275175,30.364271000160343,229.47766775876036,0.7923,5,28,3,4,5000,100,71.0,10.0,15.0,0.35,0.35,0.3,0.1,13.5169,0.1215,7.4485,201.5854,4.3637,-2.5589
125,35,378,303,387,310,40.64577893693039,139.70325694127536,40.43677024576215,151.09268678529745,0.714,5,28,3,4,5000,100,71.0,10.0,15.0,0.35,0.35,0.3,0.1,4.3556,0.0392,2.3572,145.1749,2.7686,-2.3678
125,46,526,158,579,144,347.9977051012163,259.6767220988435,347.5107202456074,314.4407734375426,0.5367,5,28,3,4,5000,100,71.0,10.0,15.0,0.35,0.35,0.3,0.1,10.6079,0.0954,5.8319,284.4468,6.9749,1.5168
126,47,456,411,478,434,47.24281378301601,271.02951868754076,47.1409013663231,302.8530997034701,0.5766,4,28,3,4,5000,100,71.0,10.0,15.0,0.35,0.35,0.3,0.1,6.1668,0.0555,3.3638,286.059,4.8783,-5.2661
126,27,244,333,236,366,103.02919480794374,124.19742348374221,103.1575427400148,158.15182578775372,0.7494,4,28,3,4,5000,100,71.0,10.0,15.0,0.35,0.35,0.3,0.1,13.3735,0.1203,7.3688,139.133,-0.7914,-3.4005
126,49,424,300,465,324,30.068582821862453,175.6359872008012,30.12705981677865,223.14345161801185,0.8128,4,28,3,4,5000,100,71.0,10.0,15.0,0.35,0.35,0.3,0.1,13.2484,0.1191,7.2993,196.5599,4.2673,-2.4738
126,35,377,303,387,310,40.91438322002513,138.94603268895446,40.43677024576215,151.09268678529745,0.5216,4,28,3,4,5000,100,71.0,10.0,15.0,0.35,0.35,0.3,0.1,4.6573,0.0419,2.5249,144.765,2.7555,-2.3673
127,27,230,315,218,343,112.18401334526999,111.23398761170077,112.40212959195908,141.69333082400175,0.7361,4,28,3,4,5000,100,71.0,10.0,15.0,0.35,0.35,0.3,0.1,13.3924,0.1204,7.3793,124.6296,-1.1871,-2.8934
127,35,379,303,387,310,40.38007651833961,140.46351839534705,40.43677024576215,151.09268678529745,0.7835,4,28,3,4,5000,100,71.0,10.0,15.0,0.35,0.35,0.3,0.1,4.0543,0.0365,2.1897,145.5844,2.7817,-2.3682
127,49,410,281,447,299,26.56505117707799,154.2886904474855,26.43393978233078,195.4328529188478,0.791,4,28,3,4,5000,100,71.0,10.0,15.0,0.35,0.35,0.3,0.1,13.0834,0.1176,7.2076,172.4405,3.8729,-1.9302
127,50,491,64,500,58,325.94920830302925,264.31988196123274,325.96338964632963,275.13632984395207,0.8839,4,28,3,4,5000,100,71.0,10.0,15.0,0.35,0.35,0.3,0.1,2.2298,0.0201,1.1758,269.6197,5.6063,3.7877
128,27,223,306,209,332,117.53197674872229,106.00471687618433,117.699472808055,135.5322839769182,0.7345,3,28,3,4,5000,100,71.0,10.0,15.0,0.35,0.35,0.3,0.1,13.595,0.1222,7.4919,118.9636,-1.3843,-2.6449
128,35,378,303,387,310,40.64577893693039,139.70325694127536,40.43677024576215,151.09268678529745,0.6826,3,28,3,4,5000,100,71.0,10.0,15.0,0.35,0.35,0.3,0.1,4.3556,0.0392,2.3572,145.1749,2.7686,-2.3678
128,49,403,272,438,288,24.608502804514494,144.08677940741129,24.599790605157466,182.5705343148231,0.8063,3,28,3,4,5000,100,71.0,10.0,15.0,0.35,0.35,0.3,0.1,13.1015,0.1178,7.2176,161.0618,3.6748,-1.6827
129,27,222,307,208,333,117.75854060106003,107.35455276791944,117.8755103865275,136.88316185711082,0.7405,3,28,3,4,5000,100,71.0,10.0,15.0,0.35,0.35,0.3,0.1,13.4451,0.1209,7.4086,120.3338,-1.4095,-2.6705
129,35,378,303,387,310,40.64577893693039,139.70325694127536,40.43677024576215,151.09268678529745,0.671,3,28,3,4,5000,100,71.0,10.0,15.0,0.35,0.35,0.3,0.1,4.3556,0.0392,2.3572,145.1749,2.7686,-2.3678
129,49,401,272,437,289,24.94390526342458,142.2708684165525,25.016893478100023,182.08239892971534,0.7778,3,28,3,4,5000,100,71.0,10.0,15.0,0.35,0.35,0.3,0.1,13.6498,0.1227,7.5223,159.7334,3.6333,-1.6931
130,27,220,305,205,330,119.21129225772812,106.55045753069294,119.58776346541863,135.69450983735487,0.6704,3,28,3,4,5000,100,71.0,10.0,15.0,0.35,0.35,0.3,0.1,13.3792,0.1203,7.372,119.3693,-1.4715,-2.6091
130,35,378,303,387,310,40.64577893693039,139.70325694127536,40.43677024576215,151.09268678529745,0.6781,3,28,3,4,5000,100,71.0,10.0,15.0,0.35,0.35,0.3,0.1,4.3556,0.0392,2.3572,145.1749,2.7686,-2.3678
130,49,399,271,434,287,24.91802251581925,140.03570973148243,24.842389105455187,178.51890656174209,0.7761,3,28,3,4,5000,100,71.0,10.0,15.0,0.35,0.35,0.3,0.1,13.4345,0.1208,7.4027,156.9528,3.5732,-1.6568
131,27,218,304,203,329,120.41108126712537,106.6770828247567,120.52970589993411,135.83077707206124,0.7463,3,28,3,4,5000,100,71.0,10.0,15.0,0.35,0.35,0.3,0.1,13.3691,0.1202,7.3664,119.5015,-1.521,-2.5844
131,35,378,303,387,310,40.64577893693039,139.70325694127536,40.43677024576215,151.09268678529745,0.6873,3,28,3,4,5000,100,71.0,10.0,15.0,0.35,0.35,0.3,0.1,4.3556,0.0392,2.3572,145.1749,2.7686,-2.3678
131,49,398,270,432,285,24.717440911083393,138.70832707519762,24.52484288599034,175.86642658563346,0.7482,3,28,3,4,5000,100,71.0,10.0,15.0,0.35,0.35,0.3,0.1,13.136,0.1181,7.2368,155.0928,3.5384,-1.6207
132,35,378,303,387,310,40.64577893693039,139.70325694127536,40.43677024576215,151.09268678529745,0.7346,4,28,3,4,5000,100,71.0,10.0,15.0,0.35,0.35,0.3,0.1,4.3556,0.0392,2.3572,145.1749,2.7686,-2.3678
132,27,208,292,190,314,128.6598082540901,102.44998779892558,128.79655209830818,130.87398519186308,0.7599,4,28,3,4,5000,100,71.0,10.0,15.0,0.35,0.35,0.3,0.1,13.5475,0.1218,7.4655,114.9307,-1.8047,-2.2497
132,51,458,282,501,302,20.62353138332523,198.73600579663466,21.45547690791655,246.05080776132397,0.3425,4,28,3,4,5000,100,71.0,10.0,15.0,0.35,0.35,0.3,0.1,11.8299,0.1064,6.511,219.8768,5.1482,-1.9849
132,49,388,259,419,271,22.056433527039353,125.15989773086265,21.868579185372536,158.39823231336896,0.7679,4,28,3,4,5000,100,71.0,10.0,15.0,0.35,0.35,0.3,0.1,13.0356,0.1172,7.181,139.831,3.2545,-1.3117
133,35,378,303,387,310,40.64577893693039,139.70325694127536,40.43677024576215,151.09268678529745,0.7798,3,28,3,4,5000,100,71.0,10.0,15.0,0.35,0.35,0.3,0.1,4.3556,0.0392,2.3572,145.1749,2.7686,-2.3678
133,27,199,276,178,293,138.758555685472,97.082439194738,139.2484545293613,124.08464852672147,0.6902,3,28,3,4,5000,100,71.0,10.0,15.0,0.35,0.35,0.3,0.1,13.5773,0.1221,7.4821,108.9352,-2.0641,-1.7922
133,49,378,242,408,249,15.802513953935529,110.16351483136329,15.219464831173802,140.9432509913121,0.6638,3,28,3,4,5000,100,71.0,10.0,15.0,0.35,0.35,0.3,0.1,13.6314,0.1226,7.5121,123.6669,2.9908,-0.828
134,52,158,410,125,466,119.9315118405078,228.47319317591726,120.05969010433134,293.47061181658376,0.8521,4,28,3,4,5000,100,71.0,10.0,15.0,0.35,0.35,0.3,0.1,13.8486,0.1245,7.6329,256.9249,-3.224,-5.5833
134,35,378,303,387,310,40.64577893693039,139.70325694127536,40.43677024576215,151.09268678529745,0.7287,4,28,3,4,5000,100,71.0,10.0,15.0,0.35,0.35,0.3,0.1,4.3556,0.0392,2.3572,145.1749,2.7686,-2.3678
134,27,195,271,174,286,142.53944513950933,97.0051545022222,142.9434718105904,122.80065146407001,0.7085,4,28,3,4,5000,100,71.0,10.0,15.0,0.35,0.35,0.3,0.1,13.0509,0.1174,7.1895,108.3893,-2.1655,-1.6458
134,49,375,235,403,241,12.58769338164879,105.53672346628922,12.482489384954482,134.17153200288055,0.7677,4,28,3,4,5000,100,71.0,10.0,15.0,0.35,0.35,0.3,0.1,13.2845,0.1195,7.3194,118.1438,2.8941,-0.6431
135,52,153,401,117,455,122.19573393471325,223.34278586961344,122.53217766378683,288.22560607968194,0.6311,4,28,3,4,5000,100,71.0,10.0,15.0,0.35,0.35,0.3,0.1,14.1046,0.1268,7.7751,251.6696,-3.3826,-5.3332
135,35,378,303,387,310,40.64577893693039,139.70325694127536,40.43677024576215,151.09268678529745,0.7252,4,28,3,4,5000,100,71.0,10.0,15.0,0.35,0.35,0.3,0.1,4.3556,0.0392,2.3572,145.1749,2.7686,-2.3678
135,27,190,261,167,274,149.13910831165052,95.524865872714,149.43916073262847,121.93850909372314,0.7145,4,28,3,4,5000,100,71.0,10.0,15.0,0.35,0.35,0.3,0.1,13.5075,0.1215,7.4433,107.1276,-2.3117,-1.3722
135,49,369,227,396,230,8.790543182813945,98.15294188153507,8.259437979878806,125.29964086141668,0.7048,4,28,3,4,5000,100,71.0,10.0,15.0,0.35,0.35,0.3,0.1,13.5103,0.1215,7.4449,110.0773,2.732,-0.4079
136,53,186,407,160,461,113.79870920290108,213.12203077110541,114.2181768845907,273.02930245671433,0.659,5,28,3,4,5000,100,71.0,10.0,15.0,0.35,0.35,0.3,0.1,13.7038,0.1232,7.5524,239.3846,-2.4466,-5.4863
136,52,171,398,139,450,118.5024360769286,211.65301793265317,119.19748604606448,272.6407893181063,0.5331,5,28,3,4,5000,100,71.0,10.0,15.0,0.35,0.35,0.3,0.1,14.0045,0.1259,7.7195,238.3068,-2.8895,-5.2357
136,35,378,303,387,310,40.64577893693039,139.70325694127536,40.43677024576215,151.09268678529745,0.6729,5,28,3,4,5000,100,71.0,10.0,15.0,0.35,0.35,0.3,0.1,4.3556,0.0392,2.3572,145.1749,2.7686,-2.3678
136,27,187,254,163,265,153.70520992941616,94.81033698917012,154.06919353734816,121.2023102090055,0.7215,5,28,3,4,5000,100,71.0,10.0,15.0,0.35,0.35,0.3,0.1,13.5871,0.1222,7.4875,106.3941,-2.3978,-1.1742
136,49,366,219,392,221,4.258846122170349,94.26027795418386,4.289153328819018,120.33702672078948,0.7859,5,28,3,4,5000,100,71.0,10.0,15.0,0.35,0.35,0.3,0.1,13.5134,0.1215,7.4465,105.7143,2.6454,-0.1978
137,52,181,391,154,441,116.94786806075983,200.8033864256278,117.26131977714995,257.6140524117425,0.6853,5,28,3,4,5000,100,71.0,10.0,15.0,0.35,0.35,0.3,0.1,13.7817,0.1239,7.5957,225.6885,-2.5821,-5.0406
137,54,166,382,132,429,121.94475277620342,200.33971149025845,122.82854179141253,258.24213443975407,0.487,5,28,3,4,5000,100,71.0,10.0,15.0,0.35,0.35,0.3,0.1,14.0415,0.1263,7.7401,225.6354,-3.0375,-4.7784
137,35,378,303,387,310,40.64577893693039,139.70325694127536,40.43677024576215,151.09268678529745,0.6729,5,28,3,4,5000,100,71.0,10.0,15.0,0.35,0.35,0.3,0.1,4.3556,0.0392,2.3572,145.1749,2.7686,-2.3678
137,27,178,240,155,247,163.41266144307258,98.08159868191383,163.34569362307667,122.12288892750614,0.6924,5,28,3,4,5000,100,71.0,10.0,15.0,0.35,0.35,0.3,0.1,12.1413,0.1092,6.684,108.7899,-2.6159,-0.781
137,49,360,205,384,202,355.4519575908746,88.2779700718135,354.8978347476418,112.44554237496477,0.6983,5,28,3,4,5000,100,71.0,10.0,15.0,0.35,0.35,0.3,0.1,13.3896,0.1204,7.3778,98.9068,2.4731,0.2102
138,55,142,371,104,416,129.26977829885817,205.38013535880242,129.47245984834385,264.27258654654287,0.9277,5,28,3,4,5000,100,71.0,10.0,15.0,0.35,0.35,0.3,0.1,13.945,0.1254,7.6864,231.1339,-3.6802,-4.483
138,54,169,376,137,422,122.13082532733105,193.6620768245554,122.7352262721076,249.64975465639858,0.5867,5,28,3,4,5000,100,71.0,10.0,15.0,0.35,0.35,0.3,0.1,14.0449,0.1263,7.7419,218.1205,-2.9386,-4.6178
138,35,378,303,387,310,40.64577893693039,139.70325694127536,40.43677024576215,151.09268678529745,0.6576,5,28,3,4,5000,100,71.0,10.0,15.0,0.35,0.35,0.3,0.1,4.3556,0.0392,2.3572,145.1749,2.7686,-2.3678
138,27,178,230,152,235,169.15969454566945,95.70788891204319,169.14989537020261,122.18428704215611,0.7475,5,28,3,4,5000,100,71.0,10.0,15.0,0.35,0.35,0.3,0.1,13.513,0.1215,7.4463,107.3375,-2.6454,-0.5068
138,49,358,194,381,190,348.17851165939277,87.86353054595519,348.5890168732346,111.19802156513397,0.7263,5,28,3,4,5000,100,71.0,10.0,15.0,0.35,0.35,0.3,0.1,13.036,0.1172,7.1813,98.1631,2.4131,0.495
139,55,140,369,102,413,130.0559255892022,205.11703976023054,130.2235776314771,263.2508309578528,0.8569,5,28,3,4,5000,100,71.0,10.0,15.0,0.35,0.35,0.3,0.1,13.8031,0.1241,7.6075,230.5762,-3.7308,-4.4226
139,54,168,374,135,420,122.69946112100192,192.50974001333023,123.3710520057529,249.06424873915566,0.5765,5,28,3,4,5000,100,71.0,10.0,15.0,0.35,0.35,0.3,0.1,14.2429,0.1281,7.852,217.1654,-2.9743,-4.5663
139,35,378,303,387,310,40.64577893693039,139.70325694127536,40.43677024576215,151.09268678529745,0.6976,5,28,3,4,5000,100,71.0,10.0,15.0,0.35,0.35,0.3,0.1,4.3556,0.0392,2.3572,145.1749,2.7686,-2.3678
139,27,174,229,151,233,170.15886824036562,99.46356116689167,170.15417763214742,122.8087944733601,0.6972,5,28,3,4,5000,100,71.0,10.0,15.0,0.35,0.35,0.3,0.1,11.6801,0.105,6.4277,109.9102,-2.7175,-0.4715
139,49,356,193,379,187,347.25471052686714,86.12200647918046,346.8490513190553,109.88175462741756,0.7208,5,28,3,4,5000,100,71.0,10.0,15.0,0.35,0.35,0.3,0.1,13.4807,0.1212,7.4284,96.5618,2.3613,0.544
140,55,140,366,102,410,130.6012946450045,202.82997806044352,130.6489220484261,260.9674309181128,0.9632,5,28,3,4,5000,100,71.0,10.0,15.0,0.35,0.35,0.3,0.1,13.94,0.1254,7.6836,228.2549,-3.7297,-4.3472
140,54,167,372,134,416,123.27488798483492,191.3765920900464,124.07719528013074,246.2925090212855,0.523,5,28,3,4,5000,100,71.0,10.0,15.0,0.35,0.35,0.3,0.1,13.9536,0.1255,7.6912,215.3893,-3.001,-4.4953
140,35,378,303,387,310,40.64577893693039,139.70325694127536,40.43677024576215,151.09268678529745,0.6684,5,28,3,4,5000,100,71.0,10.0,15.0,0.35,0.35,0.3,0.1,4.3556,0.0392,2.3572,145.1749,2.7686,-2.3678
140,27,179,225,173,225,172.04247477308286,93.90420650854784,172.51911382047632,99.84988733093293,0.712,5,28,3,4,5000,100,71.0,10.0,15.0,0.35,0.35,0.3,0.1,3.4126,0.0307,1.8332,96.7858,-2.4068,-0.3259
140,49,356,189,378,183,344.6871816391937,87.09190547921202,344.69915442755,109.89540481748998,0.7942,5,28,3,4,5000,100,71.0,10.0,15.0,0.35,0.35,0.3,0.1,12.8735,0.1158,7.091,97.1738,2.352,0.6437
141,55,138,362,100,404,131.77547739348012,201.13676938839401,131.85504253530198,257.7750957714884,0.8869,4,28,3,4,5000,100,71.0,10.0,15.0,0.35,0.35,0.3,0.1,13.7251,0.1234,7.5642,225.9608,-3.7809,-4.2257
141,35,378,303,387,310,40.64577893693039,139.70325694127536,40.43677024576215,151.09268678529745,0.659,4,28,3,4,5000,100,71.0,10.0,15.0,0.35,0.35,0.3,0.1,4.3556,0.0392,2.3572,145.1749,2.7686,-2.3678
141,27,178,222,148,224,173.92754359279232,94.53041838477179,174.47245984834385,124.57929201917949,0.6143,4,28,3,4,5000,100,71.0,10.0,15.0,0.35,0.35,0.3,0.1,15.2511,0.1371,8.4123,107.4944,-2.6838,-0.2708
141,49,355,186,377,179,342.60667785308794,86.97700845625813,342.5528115767178,110.06361796706484,0.7916,4,28,3,4,5000,100,71.0,10.0,15.0,0.35,0.35,0.3,0.1,13.0298,0.1172,7.1778,97.1678,2.3265,0.7301
142,55,137,350,98,389,134.37040139158972,193.05180651835403,134.5103044068708,248.20354550247666,0.9421,5,28,3,4,5000,100,71.0,10.0,15.0,0.35,0.35,0.3,0.1,13.8996,0.125,7.6612,217.181,-3.8165,-3.8906
142,54,164,356,131,395,126.86989764584402,180.0,127.61395684873274,231.01947969814148,0.5464,5,28,3,4,5000,100,71.0,10.0,15.0,0.35,0.35,0.3,0.1,13.8041,0.1241,7.6081,202.3432,-3.0761,-4.0398
142,35,378,303,386,310,40.64577893693039,139.70325694127536,40.68397248013438,150.33296378372907,0.8399,5,28,3,4,5000,100,71.0,10.0,15.0,0.35,0.35,0.3,0.1,4.0757,0.0366,2.2017,144.8233,2.7566,-2.3682
142,27,176,209,170,209,181.78991060824606,96.04686356149273,181.68468431789628,102.04410811016969,0.9363,5,28,3,4,5000,100,71.0,10.0,15.0,0.35,0.35,0.3,0.1,3.3668,0.0303,1.8077,98.9547,-2.482,0.0752
142,49,353,174,374,164,334.86704500708663,89.47066558375433,334.7988763545249,112.72976536833562,0.7934,5,28,3,4,5000,100,71.0,10.0,15.0,0.35,0.35,0.3,0.1,12.7922,0.115,7.0458,99.7625,2.2657,1.0648
143,55,134,346,95,382,135.84252426074042,192.35384061671346,136.15566589381996,245.41597340026587,0.8388,5,28,3,4,5000,100,71.0,10.0,15.0,0.35,0.35,0.3,0.1,13.4795,0.1212,7.4277,215.6691,-3.8943,-3.7583
143,54,162,351,129,389,128.3569258974188,177.2596964907703,128.93507755455204,227.547797176769,0.5984,5,28,3,4,5000,100,71.0,10.0,15.0,0.35,0.35,0.3,0.1,13.815,0.1242,7.6142,199.2802,-3.1255,-3.9037
143,35,378,303,387,310,40.64577893693039,139.70325694127536,40.43677024576215,151.09268678529745,0.7376,5,28,3,4,5000,100,71.0,10.0,15.0,0.35,0.35,0.3,0.1,4.3556,0.0392,2.3572,145.1749,2.7686,-2.3678
143,27,174,204,143,202,184.666858371439,98.32598842625484,184.43266846868985,129.38701635017324,0.664,5,28,3,4,5000,100,71.0,10.0,15.0,0.35,0.35,0.3,0.1,15.1692,0.1364,8.3667,111.7381,-2.7952,0.2216
143,49,351,169,371,157,331.44037952168014,89.94442728707543,330.94539590092285,113.25193155085701,0.7188,5,28,3,4,5000,100,71.0,10.0,15.0,0.35,0.35,0.3,0.1,12.756,0.1147,7.0256,100.2614,2.204,1.2134
144,56,477,422,485,430,45.690277197865086,293.47061181658376,45.66465440142321,304.78352973873115,0.6407,5,28,3,4,5000,100,71.0,10.0,15.0,0.35,0.35,0.3,0.1,2.1029,0.0189,1.1053,299.0201,5.2428,-5.3682
144,55,133,341,95,376,137.13691085375726,189.63649437806004,137.1832393001825,241.29857024027308,0.9141,5,28,3,4,5000,100,71.0,10.0,15.0,0.35,0.35,0.3,0.1,13.332,0.1199,7.3457,212.3708,-3.9079,-3.6235
144,35,378,303,387,310,40.64577893693039,139.70325694127536,40.43677024576215,151.09268678529745,0.7176,5,28,3,4,5000,100,71.0,10.0,15.0,0.35,0.35,0.3,0.1,4.3556,0.0392,2.3572,145.1749,2.7686,-2.3678
144,27,173,200,142,196,186.91122711902466,99.72462083156798,187.01650174472292,130.98091464026353,0.6807,5,28,3,4,5000,100,71.0,10.0,15.0,0.35,0.35,0.3,0.1,15.0665,0.1355,8.3097,113.2354,-2.8205,0.3449
144,49,350,164,370,150,328.3924977537511,91.58602513484249,327.68038349181984,115.96551211459379,0.6732,5,28,3,4,5000,100,71.0,10.0,15.0,0.35,0.35,0.3,0.1,13.0627,0.1175,7.1961,102.3439,2.1779,1.3612
145,57,169,344,140,380,127.96502408956887,167.4305826305338,128.15722658736905,213.65392577717827,0.7381,5,28,3,4,5000,100,71.0,10.0,15.0,0.35,0.35,0.3,0.1,13.4888,0.1213,7.4329,187.7389,-2.9052,-3.7087
145,54,154,335,119,368,133.81146139079118,170.4494059831245,134.44374777291932,218.50629281556172,0.5461,5,28,3,4,5000,100,71.0,10.0,15.0,0.35,0.35,0.3,0.1,13.7401,0.1236,7.5725,191.509,-3.3484,-3.4472
145,35,378,303,387,310,40.64577893693039,139.70325694127536,40.43677024576215,151.09268678529745,0.6676,5,28,3,4,5000,100,71.0,10.0,15.0,0.35,0.35,0.3,0.1,4.3556,0.0392,2.3572,145.1749,2.7686,-2.3678
145,27,172,191,141,185,191.85977912094796,102.18121158021175,191.6459742484832,133.75350462698165,0.6656,5,28,3,4,5000,100,71.0,10.0,15.0,0.35,0.35,0.3,0.1,14.8816,0.1338,8.2069,115.8549,-2.8465,0.5915
145,49,349,155,369,140,323.48894388050473,95.80187889597991,323.4146817003066,120.80149005703531,0.7947,5,28,3,4,5000,100,71.0,10.0,15.0,0.35,0.35,0.3,0.1,12.8352,0.1154,7.0697,106.859,2.1541,1.597
146,58,233,411,216,474,101.08828646356078,202.7856010667424,102.06488441052542,267.9178978717174,0.5911,5,28,3,4,5000,100,71.0,10.0,15.0,0.35,0.35,0.3,0.1,15.388,0.1384,8.4884,230.8455,-1.1692,-5.6736
146,54,145,317,108,343,140.4170221138566,164.78470802838473,141.3828225263712,209.89759407863636,0.423,5,28,3,4,5000,100,71.0,10.0,15.0,0.35,0.35,0.3,0.1,13.3897,0.1204,7.3778,184.6253,-3.5984,-2.9183
146,35,378,303,387,310,40.64577893693039,139.70325694127536,40.43677024576215,151.09268678529745,0.7032,5,28,3,4,5000,100,71.0,10.0,15.0,0.35,0.35,0.3,0.1,4.3556,0.0392,2.3572,145.1749,2.7686,-2.3678
146,27,162,172,132,162,199.98310652189997,117.04699910719626,199.6538240580533,148.66068747318505,0.7306,5,28,3,4,5000,100,71.0,10.0,15.0,0.35,0.35,0.3,0.1,13.2314,0.119,7.2898,130.9732,-3.0924,1.1133
146,49,339,138,360,118,312.15786211634435,99.82484660644363,313.11181199325904,128.76334882255898,0.6562,5,28,3,4,5000,100,71.0,10.0,15.0,0.35,0.35,0.3,0.1,14.0785,0.1266,7.7606,112.4623,1.9137,2.0742
147,59,227,388,211,446,104.34222603039358,181.66177363441105,104.61090603822542,241.82018112638985,0.7106,5,28,3,4,5000,100,71.0,10.0,15.0,0.35,0.35,0.3,0.1,15.7978,0.1421,8.7161,207.468,-1.3032,-5.0405
147,54,155,299,123,320,143.3658861240326,145.8012345626744,144.06418990812514,184.0244548966251,0.5981,5,28,3,4,5000,100,71.0,10.0,15.0,0.35,0.35,0.3,0.1,12.8878,0.1159,7.0989,162.698,-3.2928,-2.4139
147,35,378,302,387,310,40.33314162856101,139.05394636614957,40.43677024576215,151.09268678529745,0.6926,5,28,3,4,5000,100,71.0,10.0,15.0,0.35,0.35,0.3,0.1,4.6142,0.0415,2.5009,144.8236,2.7681,-2.3548
147,27,155,146,121,129,209.42745640318972,134.33167906342868,208.79622578510924,172.30786401090347,0.5687,5,28,3,4,5000,100,71.0,10.0,15.0,0.35,0.35,0.3,0.1,13.7726,0.1238,7.5906,150.9682,-3.3111,1.8409
147,49,332,111,347,83,300.7128277151589,117.47765745025733,300.17352002964435,149.21796138535066,0.8499,5,28,3,4,5000,100,71.0,10.0,15.0,0.35,0.35,0.3,0.1,13.2352,0.119,7.2919,131.4591,1.6699,2.845
148,59,227,382,211,439,104.82647997035568,175.85505395068975,105.04132947318067,235.05318547086316,0.7037,4,28,3,4,5000,100,71.0,10.0,15.0,0.35,0.35,0.3,0.1,16.0213,0.1441,8.8403,201.1899,-1.3024,-4.8778
148,35,378,302,387,310,40.33314162856101,139.05394636614957,40.43677024576215,151.09268678529745,0.7513,4,28,3,4,5000,100,71.0,10.0,15.0,0.35,0.35,0.3,0.1,4.6142,0.0415,2.5009,144.8236,2.7681,-2.3548
148,54,147,292,120,313,147.3807569288072,148.4082207965583,146.39700805973735,182.49657531033287,0.5576,4,28,3,4,5000,100,71.0,10.0,15.0,0.35,0.35,0.3,0.1,11.4561,0.103,6.3032,163.6966,-3.4388,-2.247
148,27,154,138,120,119,212.09259132873416,139.2838827718412,211.46005019802902,178.1937148162078,0.5403,4,28,3,4,5000,100,71.0,10.0,15.0,0.35,0.35,0.3,0.1,13.6295,0.1226,7.5111,156.3544,-3.3369,2.0639
149,59,227,376,212,430,105.34376604776386,170.06175348972502,105.38846783275899,226.10616975217638,0.7574,4,28,3,4,5000,100,71.0,10.0,15.0,0.35,0.35,0.3,0.1,15.7321,0.1415,8.6796,194.1198,-1.2911,-4.6971
149,35,378,302,387,310,40.33314162856101,139.05394636614957,40.43677024576215,151.09268678529745,0.7583,4,28,3,4,5000,100,71.0,10.0,15.0,0.35,0.35,0.3,0.1,4.6142,0.0415,2.5009,144.8236,2.7681,-2.3548
149,54,152,287,121,305,147.9946167919165,141.50971698084905,148.37133196989194,177.341478509682,0.7165,4,28,3,4,5000,100,71.0,10.0,15.0,0.35,0.35,0.3,0.1,12.4972,0.1124,6.8818,157.4123,-3.3573,-2.0813
149,27,148,131,120,111,213.15360586678057,148.11144452742334,213.60299194026265,182.49657531033287,0.5674,4,28,3,4,5000,100,71.0,10.0,15.0,0.35,0.35,0.3,0.1,11.5662,0.104,6.3644,163.5159,-3.4256,2.2589
150,59,229,366,214,416,105.6008378066155,159.89058759038946,105.87117861145701,212.08488866489287,0.7058,4,28,3,4,5000,100,71.0,10.0,15.0,0.35,0.35,0.3,0.1,15.6043,0.1403,8.6085,182.3259,-1.2423,-4.4034
150,35,378,302,387,311,40.33314162856101,139.05394636614957,40.724158887371054,151.74320413119,0.5267,4,28,3,4,5000,100,71.0,10.0,15.0,0.35,0.35,0.3,0.1,4.8527,0.0436,2.6335,145.1217,2.7676,-2.3669
150,54,154,276,124,292,151.52579638992563,134.23859355639868,151.60698057861703,168.23792675850473,0.7262,4,28,3,4,5000,100,71.0,10.0,15.0,0.35,0.35,0.3,0.1,12.5001,0.1124,6.8834,149.3274,-3.2953,-1.7839
150,27,154,121,121,98,217.63892232842204,149.01342221424215,217.05159612610825,189.20095137181525,0.5522,4,28,3,4,5000,100,71.0,10.0,15.0,0.35,0.35,0.3,0.1,13.214,0.1188,7.2802,166.7196,-3.3275,2.5359
151,59,236,362,224,410,103.49573328079582,154.2595215861893,103.62699485989154,203.73512215619573,0.7308,6,28,3,4,5000,100,71.0,10.0,15.0,0.35,0.35,0.3,0.1,15.3691,0.1382,8.4779,175.5785,-1.0338,-4.283
151,35,378,302,387,311,40.33314162856101,139.05394636614957,40.724158887371054,151.74320413119,0.5267,6,28,3,4,5000,100,71.0,10.0,15.0,0.35,0.35,0.3,0.1,4.8527,0.0436,2.6335,145.1217,2.7676,-2.3669
151,54,155,271,131,285,153.23940084665117,131.03434664239754,152.62801936781966,158.7765725792064,0.634,6,28,3,4,5000,100,71.0,10.0,15.0,0.35,0.35,0.3,0.1,10.6454,0.0957,5.8527,143.5776,-3.2075,-1.6411
151,60,140,258,108,272,160.78732818281438,139.7855500400524,159.90476880809518,174.63103962354458,0.4253,6,28,3,4,5000,100,71.0,10.0,15.0,0.35,0.35,0.3,0.1,12.3247,0.1108,6.7859,155.2774,-3.6684,-1.3137
151,27,157,114,128,90,220.43677024576215,151.09268678529745,220.27201218115778,188.73261509341728,0.752,6,28,3,4,5000,100,71.0,10.0,15.0,0.35,0.35,0.3,0.1,12.3176,0.1108,6.782,167.8281,-3.2098,2.7265
151,49,337,76,353,43,295.54505604400185,150.7348665704123,295.60793148921834,187.40864441108366,0.7604,6,28,3,4,5000,100,71.0,10.0,15.0,0.35,0.35,0.3,0.1,12.0612,0.1085,6.6395,167.083,1.8103,3.7818
152,59,239,357,229,401,102.82134379339892,148.70776711389354,102.81736823279518,193.82982226685345,0.7978,5,28,3,4,5000,100,71.0,10.0,15.0,0.35,0.35,0.3,0.1,14.6492,0.1317,8.0778,168.2969,-0.937,-4.118
152,35,378,303,387,310,40.64577893693039,139.70325694127536,40.43677024576215,151.09268678529745,0.655,5,28,3,4,5000,100,71.0,10.0,15.0,0.35,0.35,0.3,0.1,4.3556,0.0392,2.3572,145.1749,2.7686,-2.3678
152,54,164,266,137,277,153.434948822922,120.74767078498864,154.29004621918875,149.83324063771698,0.5303,5,28,3,4,5000,100,71.0,10.0,15.0,0.35,0.35,0.3,0.1,11.954,0.1075,6.58,133.7272,-3.0138,-1.4759
152,27,160,109,133,85,222.6029714699404,152.16109883935513,222.41697933136493,188.2817038376273,0.7328,5,28,3,4,5000,100,71.0,10.0,15.0,0.35,0.35,0.3,0.1,11.799,0.1061,6.4938,168.3052,-3.1139,2.8533
152,49,341,72,356,39,296.2367121953073,156.08010763707205,295.89885120689485,192.31484602078956,0.711,5,28,3,4,5000,100,71.0,10.0,15.0,0.35,0.35,0.3,0.1,11.5661,0.104,6.3644,172.3132,1.8989,3.8848
153,59,242,354,233,397,101.92932217723833,145.13442045221387,101.90426571549175,189.06612599828665,0.7798,5,28,3,4,5000,100,71.0,10.0,15.0,0.35,0.35,0.3,0.1,14.6186,0.1315,8.0608,164.2128,-0.8508,-4.032
153,35,378,302,387,309,40.33314162856101,139.05394636614957,40.14690361300763,150.4460036026215,0.7665,5,28,3,4,5000,100,71.0,10.0,15.0,0.35,0.35,0.3,0.1,4.3761,0.0394,2.3686,144.5258,2.7686,-2.3427
153,54,164,262,139,273,155.15761089454483,119.01260437449471,155.36160327538616,146.32156368765337,0.7677,5,28,3,4,5000,100,71.0,10.0,15.0,0.35,0.35,0.3,0.1,11.4458,0.1029,6.2975,131.2617,-2.9918,-1.378
153,27,162,105,136,80,224.2079429078376,153.45683432157722,224.14490260373327,189.52572384771415,0.7701,5,28,3,4,5000,100,71.0,10.0,15.0,0.35,0.35,0.3,0.1,11.6949,0.1052,6.4359,169.5947,-3.0524,2.9656
153,49,344,66,359,32,296.25024236968886,162.78820596099706,295.7960264944999,199.92248497855363,0.6658,5,28,3,4,5000,100,71.0,10.0,15.0,0.35,0.35,0.3,0.1,11.3854,0.1024,6.264,179.4544,1.9741,4.0475
154,56,456,412,477,434,47.38594403038881,271.7646040234085,47.27989253817822,302.1737910540886,0.6384,6,28,3,4,5000,100,71.0,10.0,15.0,0.35,0.35,0.3,0.1,5.8922,0.053,3.2111,286.1636,4.8671,-5.28
154,59,245,356,237,398,100.61965527615514,146.50938536489735,100.6568482469213,189.2643653728826,0.7727,6,28,3,4,5000,100,71.0,10.0,15.0,0.35,0.35,0.3,0.1,14.1604,0.1273,7.8061,165.1648,-0.7653,-4.0734
154,35,378,302,387,310,40.33314162856101,139.05394636614957,40.43677024576215,151.09268678529745,0.7859,6,28,3,4,5000,100,71.0,10.0,15.0,0.35,0.35,0.3,0.1,4.6142,0.0415,2.5009,144.8236,2.7681,-2.3548
154,54,166,263,142,275,154.3063003406004,117.63077828527702,154.14445781119667,144.46106741956464,0.7944,6,28,3,4,5000,100,71.0,10.0,15.0,0.35,0.35,0.3,0.1,11.3843,0.1024,6.2633,129.6726,-2.9301,-1.4154
154,27,164,106,139,82,224.46454101443547,151.32745950421557,224.34646431932217,185.98118184375537,0.7517,6,28,3,4,5000,100,71.0,10.0,15.0,0.35,0.35,0.3,0.1,11.425,0.1027,6.286,166.8742,-2.9919,2.9299
154,49,345,67,361,34,296.72289039077987,162.33915116200404,296.565051177078,199.01004999748127,0.7724,6,28,3,4,5000,100,71.0,10.0,15.0,0.35,0.35,0.3,0.1,11.2857,0.1015,6.2085,178.8139,2.0117,4.011
155,59,247,351,239,391,100.19598824728679,141.23030836190935,100.44562205652511,182.0164827701052,0.7225,5,28,3,4,5000,100,71.0,10.0,15.0,0.35,0.35,0.3,0.1,14.0318,0.1262,7.7347,159.0503,-0.7161,-3.9265
155,35,378,302,387,310,40.33314162856101,139.05394636614957,40.43677024576215,151.09268678529745,0.7408,5,28,3,4,5000,100,71.0,10.0,15.0,0.35,0.35,0.3,0.1,4.6142,0.0415,2.5009,144.8236,2.7681,-2.3548
155,54,169,259,147,269,155.47227951974193,113.21660655575224,155.4870141933307,137.38267721950973,0.8607,5,28,3,4,5000,100,71.0,10.0,15.0,0.35,0.35,0.3,0.1,10.7241,0.0964,5.8964,124.1344,-2.8341,-1.2928
155,27,163,102,142,78,225.2616227456948,154.85799947048264,225.86805144974554,186.69761648183942,0.4923,5,28,3,4,5000,100,71.0,10.0,15.0,0.35,0.35,0.3,0.1,10.3667,0.0932,5.6978,169.2938,-2.9727,3.0349
155,49,348,63,364,31,297.02463313460794,167.26326554267678,296.9436521391923,203.03940504246953,0.7932,5,28,3,4,5000,100,71.0,10.0,15.0,0.35,0.35,0.3,0.1,10.7441,0.0966,5.9076,183.4231,2.0882,4.1019
156,59,250,342,243,377,99.60520415501296,131.84839779079607,99.96835617047384,167.5291019494822,0.7269,4,28,3,4,5000,100,71.0,10.0,15.0,0.35,0.35,0.3,0.1,13.254,0.1192,7.3024,147.5625,-0.6308,-3.6488
156,54,172,249,150,256,159.69552629003957,106.6255128944288,160.1678701497816,129.6919426949878,0.7458,4,28,3,4,5000,100,71.0,10.0,15.0,0.35,0.35,0.3,0.1,10.8547,0.0976,5.969,117.033,-2.7589,-1.0066
156,27,168,91,145,65,229.32080495498445,159.55249919697278,229.17476989191243,194.26270872197782,0.7247,4,28,3,4,5000,100,71.0,10.0,15.0,0.35,0.35,0.3,0.1,10.9098,0.0981,5.9996,175.205,-2.8705,3.3302
156,49,350,52,366,18,295.989233583833,178.0,295.8518625420604,215.5736533067063,0.7578,4,28,3,4,5000,100,71.0,10.0,15.0,0.35,0.35,0.3,0.1,10.6168,0.0955,5.8368,194.9933,2.1384,4.4012
157,59,250,341,244,375,99.67826005313395,130.86252328302402,99.74709013910746,165.38742394752995,0.7896,4,28,3,4,5000,100,71.0,10.0,15.0,0.35,0.35,0.3,0.1,12.9601,0.1165,7.1391,146.1132,-0.6188,-3.614
157,54,166,246,150,252,162.21611155730747,111.31936040060597,161.84729411334885,128.39003076563228,0.8027,4,28,3,4,5000,100,71.0,10.0,15.0,0.35,0.35,0.3,0.1,7.9195,0.0712,4.3378,119.2469,-2.8462,-0.9238
157,27,166,87,147,61,229.7020554233162,163.8932579455299,230.3815470521319,196.02550854416882,0.4433,4,28,3,4,5000,100,71.0,10.0,15.0,0.35,0.35,0.3,0.1,9.9282,0.0893,5.4541,178.5251,-2.8753,3.4354
157,49,352,47,367,14,295.8663567940945,183.3712082089225,295.63159765041394,219.61101975993827,0.7356,4,28,3,4,5000,100,71.0,10.0,15.0,0.35,0.35,0.3,0.1,10.0008,0.0899,5.4945,199.8616,2.178,4.5178
158,59,249,338,242,371,100.3448574814752,128.08200498118384,100.68491240000272,161.8054387219416,0.7276,3,28,3,4,5000,100,71.0,10.0,15.0,0.35,0.35,0.3,0.1,12.9371,0.1163,7.1263,142.9822,-0.656,-3.5275
158,54,169,243,149,249,163.2497354949743,107.56393447619885,163.25802961470689,128.4445405612866,0.8578,3,28,3,4,5000,100,71.0,10.0,15.0,0.35,0.35,0.3,0.1,9.839,0.0885,5.4045,117.0805,-2.8134,-0.8465
158,49,351,46,366,12,295.44994567495195,183.8396040030548,295.1735245245302,220.9886874932742,0.7303,3,28,3,4,5000,100,71.0,10.0,15.0,0.35,0.35,0.3,0.1,10.205,0.0918,5.6079,200.7097,2.1524,4.5536
159,59,246,331,240,361,102.32472743413737,121.80722474467596,102.12101545258575,152.3975065412817,0.774,4,28,3,4,5000,100,71.0,10.0,15.0,0.35,0.35,0.3,0.1,12.4063,0.1116,6.8313,135.396,-0.7187,-3.3208
159,54,168,236,147,239,167.0053832080835,106.73331251301067,167.81136679806812,127.88275880665071,0.6205,4,28,3,4,5000,100,71.0,10.0,15.0,0.35,0.35,0.3,0.1,10.0248,0.0901,5.5078,116.3548,-2.85,-0.6347
159,27,165,77,144,50,231.59991698191388,172.2614292289484,231.68690932618236,206.4654934849889,0.7682,4,28,3,4,5000,100,71.0,10.0,15.0,0.35,0.35,0.3,0.1,10.0435,0.0903,5.5182,187.8189,-2.9245,3.6961
159,49,349,38,364,5,293.87076688722186,190.2761151589973,293.96248897457815,226.52372944131042,0.7766,4,28,3,4,5000,100,71.0,10.0,15.0,0.35,0.35,0.3,0.1,9.6713,0.087,5.3114,206.8238,2.1044,4.7443
160,59,244,328,237,357,103.57043438516149,119.33147112141039,103.57043438516149,149.164338901763,0.8264,4,28,3,4,5000,100,71.0,10.0,15.0,0.35,0.35,0.3,0.1,12.3564,0.1111,6.8036,132.5905,-0.7807,-3.2344
160,54,166,231,145,233,169.83791680599924,107.68936809174804,170.61085243866876,128.7245120402482,0.5903,4,28,3,4,5000,100,71.0,10.0,15.0,0.35,0.35,0.3,0.1,9.8948,0.089,5.4356,117.2711,-2.9004,-0.4979
160,27,160,69,142,42,231.93135679831585,181.63975335812367,232.59464336859145,214.00934559032697,0.4191,4,28,3,4,5000,100,71.0,10.0,15.0,0.35,0.35,0.3,0.1,9.0983,0.0818,4.9929,196.5004,-3.0161,3.901
160,49,348,31,361,1,292.77702382372377,196.30843079195554,292.87006326823797,229.00218339570478,0.6622,4,28,3,4,5000,100,71.0,10.0,15.0,0.35,0.35,0.3,0.1,8.5486,0.0769,4.6874,211.3987,2.058,4.8894
161,59,243,339,236,370,102.86275101895822,130.26895255585654,102.83560948640144,162.04937519163718,0.8108,4,28,3,4,5000,100,71.0,10.0,15.0,0.35,0.35,0.3,0.1,12.0903,0.1087,6.6557,144.4316,-0.8059,-3.5336
161,54,164,240,144,245,165.4655449194599,111.57060544785082,165.54324459994515,132.1854757528224,0.8357,4,28,3,4,5000,100,71.0,10.0,15.0,0.35,0.35,0.3,0.1,9.405,0.0846,5.1634,121.0063,-2.9399,-0.7599
161,27,159,79,140,53,229.64797069138703,174.52220489095365,230.3009265165257,206.65188119153427,0.4331,4,28,3,4,5000,100,71.0,10.0,15.0,0.35,0.35,0.3,0.1,9.3738,0.0843,5.146,189.2329,-3.0522,3.6378
161,49,346,40,359,8,293.2789491980027,187.2431574183687,293.0968219181608,221.77691493931465,0.7487,4,28,3,4,5000,100,71.0,10.0,15.0,0.35,0.35,0.3,0.1,9.3893,0.0844,5.1546,203.0522,2.0057,4.6841
162,59,246,356,240,390,100.23480276342322,146.32839779072276,100.1915018500277,180.8535318980528,0.8244,4,28,3,4,5000,100,71.0,10.0,15.0,0.35,0.35,0.3,0.1,11.7349,0.1055,6.4582,161.7694,-0.7196,-3.9952
162,54,167,258,148,265,156.34200300123732,114.63420083029322,156.85719893270578,134.8517704741024,0.6551,4,28,3,4,5000,100,71.0,10.0,15.0,0.35,0.35,0.3,0.1,9.0119,0.081,4.9449,123.9238,-2.8544,-1.234
162,27,162,96,144,74,226.52076966114376,159.86244086714052,227.15296278910046,188.22327167489146,0.4468,4,28,3,4,5000,100,71.0,10.0,15.0,0.35,0.35,0.3,0.1,9.0608,0.0815,4.9721,172.8875,-2.9664,3.1658
162,49,349,57,363,29,296.41700039673367,173.07223925286226,296.43967768021486,204.37710243566914,0.8127,4,28,3,4,5000,100,71.0,10.0,15.0,0.35,0.35,0.3,0.1,9.2233,0.0829,5.0624,187.4265,2.0934,4.2117
163,59,249,362,243,399,98.71745696459966,151.75308893067054,98.81522102322316,189.2353032602532,0.8045,3,28,3,4,5000,100,71.0,10.0,15.0,0.35,0.35,0.3,0.1,12.2242,0.1099,6.7301,168.4341,-0.6446,-4.1773
163,54,168,264,149,273,153.434948822922,116.27553482998907,153.62157936648757,137.2953021774598,0.7609,3,28,3,4,5000,100,71.0,10.0,15.0,0.35,0.35,0.3,0.1,9.2186,0.0829,5.0597,125.9142,-2.8286,-1.4081
163,27,170,103,148,83,226.90011096557686,149.2816130673835,226.13218027513128,178.932948335403,0.464,3,28,3,4,5000,100,71.0,10.0,15.0,0.35,0.35,0.3,0.1,10.0466,0.0903,5.5199,162.7679,-2.8126,2.9619
164,59,249,364,243,400,98.60448159309266,153.73028328862208,98.76906225314762,190.22355269524328,0.7732,4,28,3,4,5000,100,71.0,10.0,15.0,0.35,0.35,0.3,0.1,11.799,0.1061,6.4938,170.041,-0.6451,-4.218
164,54,168,267,150,276,152.12804747359667,117.64777940955791,152.31893843151474,137.7679207943562,0.7747,4,28,3,4,5000,100,71.0,10.0,15.0,0.35,0.35,0.3,0.1,8.7603,0.0788,4.8051,126.9154,-2.818,-1.4838
164,27,171,106,149,87,226.3836869673685,146.4137971640651,225.46205272143075,175.3681841155915,0.3986,4,28,3,4,5000,100,71.0,10.0,15.0,0.35,0.35,0.3,0.1,10.0066,0.09,5.4977,159.5883,-2.7879,2.875
164,49,354,68,368,43,299.6591092359951,165.71059109181888,299.59862563627377,194.36306233438492,0.7912,4,28,3,4,5000,100,71.0,10.0,15.0,0.35,0.35,0.3,0.1,8.8492,0.0796,4.8545,178.8968,2.2192,3.9024
165,59,249,361,243,396,98.77505574447967,150.7647173578752,98.95663560791192,186.27130750601393,0.7566,3,28,3,4,5000,100,71.0,10.0,15.0,0.35,0.35,0.3,0.1,11.7157,0.1053,6.4475,166.6477,-0.6452,-4.1318
165,54,167,263,149,271,154.09349200048564,116.73045875006231,154.37413976865759,136.41847382227965,0.7554,3,28,3,4,5000,100,71.0,10.0,15.0,0.35,0.35,0.3,0.1,8.6489,0.0778,4.7432,125.8089,-2.8434,-1.3718
165,27,170,103,148,83,226.90011096557686,149.2816130673835,226.13218027513128,178.932948335403,0.4519,3,28,3,4,5000,100,71.0,10.0,15.0,0.35,0.35,0.3,0.1,10.0466,0.0903,5.5199,162.7679,-2.8126,2.9619
166,59,248,358,242,391,99.33499846313823,147.95945390545344,99.5142205448402,181.49655644116226,0.7724,4,28,3,4,5000,100,71.0,10.0,15.0,0.35,0.35,0.3,0.1,11.3204,0.1018,6.2278,163.021,-0.6705,-4.0355
166,54,166,260,149,267,155.63754698468782,116.36150566231085,155.90798047100967,134.73678042761748,0.7254,4,28,3,4,5000,100,71.0,10.0,15.0,0.35,0.35,0.3,0.1,8.1381,0.0732,4.4593,124.8768,-2.8579,-1.2854
166,27,169,99,147,79,227.6506896834218,152.89865924853626,226.77604425335875,182.5212316416915,0.4078,4,28,3,4,5000,100,71.0,10.0,15.0,0.35,0.35,0.3,0.1,9.8213,0.0883,5.3947,166.4019,-2.8385,3.0626
166,49,352,61,365,35,297.9147020555127,170.88300090997933,297.71850162818333,199.9449924354196,0.7323,4,28,3,4,5000,100,71.0,10.0,15.0,0.35,0.35,0.3,0.1,8.7154,0.0784,4.7801,184.2752,2.1573,4.0902
167,59,247,353,241,385,100.05433559999435,143.19916200872126,100.15905599584681,175.75551200460256,0.7508,3,28,3,4,5000,100,71.0,10.0,15.0,0.35,0.35,0.3,0.1,11.3512,0.1021,6.2449,157.8158,-0.6953,-3.8987
167,54,164,254,147,260,158.74949449286677,115.8792474949678,158.99321056922815,133.8992158304148,0.7649,3,28,3,4,5000,100,71.0,10.0,15.0,0.35,0.35,0.3,0.1,8.0229,0.0721,4.3953,124.2392,-2.9083,-1.1234
167,49,351,55,363,28,296.71084164999723,175.75551200460256,296.3153979443531,205.27298896834918,0.6317,3,28,3,4,5000,100,71.0,10.0,15.0,0.35,0.35,0.3,0.1,8.615,0.0775,4.7243,189.3709,2.1202,4.2529
168,59,246,352,240,383,100.52078431387436,142.3938200906205,100.59942371643346,173.9683879329805,0.774,4,28,3,4,5000,100,71.0,10.0,15.0,0.35,0.35,0.3,0.1,11.0991,0.0998,6.1048,156.6055,-0.7205,-3.8633
168,54,164,253,147,258,159.2117543109697,115.52056094046635,159.79638483167486,133.19534526401438,0.6565,4,28,3,4,5000,100,71.0,10.0,15.0,0.35,0.35,0.3,0.1,7.9029,0.0711,4.3286,123.7299,-2.9087,-1.0861
168,27,167,92,145,71,228.81407483429035,159.45218719101973,227.99034497516539,189.76301009416983,0.4106,4,28,3,4,5000,100,71.0,10.0,15.0,0.35,0.35,0.3,0.1,9.6525,0.0868,5.3009,173.2922,-2.8891,3.2502
168,49,350,53,363,26,296.13100054493856,177.1016657177453,296.0700675563207,207.06762180505189,0.7894,4,28,3,4,5000,100,71.0,10.0,15.0,0.35,0.35,0.3,0.1,8.6744,0.078,4.7573,190.9159,2.1076,4.3024
169,59,244,349,238,379,101.55100726252527,139.83204210766573,101.50773069691286,170.42593699317015,0.7845,4,28,3,4,5000,100,71.0,10.0,15.0,0.35,0.35,0.3,0.1,10.9659,0.0986,6.0308,153.6206,-0.7704,-3.7772
169,54,162,249,144,254,161.4089322732197,116.05602095539895,161.83404347077447,134.7145129523913,0.7502,4,28,3,4,5000,100,71.0,10.0,15.0,0.35,0.35,0.3,0.1,8.2744,0.0744,4.535,124.6911,-2.9697,-0.9857
169,27,159,88,143,67,227.6573906829055,167.7647161950331,228.34194385726113,194.07730418572905,0.3858,4,28,3,4,5000,100,71.0,10.0,15.0,0.35,0.35,0.3,0.1,8.0868,0.0727,4.4308,179.9643,-3.0204,3.3574
169,49,348,49,361,22,294.99764733185947,179.84715733088473,295.09938086642137,209.8118204487059,0.7556,4,28,3,4,5000,100,71.0,10.0,15.0,0.35,0.35,0.3,0.1,8.5518,0.0769,4.6892,193.6774,2.058,4.4029
170,59,247,359,241,391,99.65183346680425,149.11069713471264,99.82527704214846,181.6645259812713,0.7724,5,28,3,4,5000,100,71.0,10.0,15.0,0.35,0.35,0.3,0.1,10.9447,0.0984,6.019,163.7857,-0.6958,-4.0507
170,54,166,257,149,264,156.99740340664215,115.15641536623133,157.0830973815533,133.5402561027947,0.797,5,28,3,4,5000,100,71.0,10.0,15.0,0.35,0.35,0.3,0.1,8.2205,0.0739,4.5051,123.6689,-2.8576,-1.2104
170,61,146,243,125,248,166.1779453642683,129.75746606650424,166.23921488820875,151.34397906755325,0.7,5,28,3,4,5000,100,71.0,10.0,15.0,0.35,0.35,0.3,0.1,8.5399,0.0768,4.6826,139.7219,-3.4051,-0.8357
170,27,162,95,146,75,226.76627048600903,160.58953888718904,227.39500551687235,186.1316738225926,0.4288,5,28,3,4,5000,100,71.0,10.0,15.0,0.35,0.35,0.3,0.1,8.1924,0.0737,4.4895,172.4198,-2.9451,3.1697
170,49,351,56,363,29,296.85812166210434,174.86280336309378,296.43967768021486,204.37710243566914,0.6385,5,28,3,4,5000,100,71.0,10.0,15.0,0.35,0.35,0.3,0.1,8.6547,0.0778,4.7464,188.4715,2.1201,4.2277
171,59,251,370,246,404,97.57088890083429,159.38946012832844,97.71189241265888,193.75241933973368,0.7826,4,28,3,4,5000,100,71.0,10.0,15.0,0.35,0.35,0.3,0.1,10.8212,0.0973,5.9504,174.8991,-0.5841,-4.3499
171,54,171,268,155,276,150.99358409772998,115.48592987892508,151.32096373061935,133.3604139165742,0.7023,4,28,3,4,5000,100,71.0,10.0,15.0,0.35,0.35,0.3,0.1,7.988,0.0718,4.3759,123.7812,-2.7212,-1.4979
171,27,165,105,150,87,225.0,151.32085117392117,225.6958659395088,174.6682569902156,0.4183,4,28,3,4,5000,100,71.0,10.0,15.0,0.35,0.35,0.3,0.1,7.9647,0.0716,4.3629,162.1585,-2.8586,2.896
171,49,351,66,367,41,298.41763805901707,166.00301202086666,299.05460409907715,195.616972678753,0.4646,4,28,3,4,5000,100,71.0,10.0,15.0,0.35,0.35,0.3,0.1,9.1071,0.0819,4.9978,179.5974,2.1686,3.9508
172,59,256,380,253,416,95.44033203100551,168.7601848778319,95.32102123270121,204.88289338058462,0.7802,4,28,3,4,5000,100,71.0,10.0,15.0,0.35,0.35,0.3,0.1,10.7512,0.0967,5.9115,185.0754,-0.435,-4.6239
172,54,174,278,159,289,146.04094018032373,118.15244390193544,145.72885929801004,136.74063039199433,0.7421,4,28,3,4,5000,100,71.0,10.0,15.0,0.35,0.35,0.3,0.1,8.1099,0.0729,4.4436,126.7688,-2.6334,-1.7847
172,27,173,116,156,100,224.11859600341785,137.90213921473443,223.99491399474581,161.24515496597098,0.7848,4,28,3,4,5000,100,71.0,10.0,15.0,0.35,0.35,0.3,0.1,8.6777,0.078,4.7592,148.6629,-2.6812,2.5939
172,49,359,77,372,54,302.7995312726192,160.60510577189007,302.33018573505035,186.98663053812163,0.6311,4,28,3,4,5000,100,71.0,10.0,15.0,0.35,0.35,0.3,0.1,8.4404,0.0759,4.6273,172.7947,2.3328,3.6551
173,59,261,389,259,426,93.55618109425512,177.341478509682,93.47631274920114,214.39449619801343,0.7686,3,28,3,4,5000,100,71.0,10.0,15.0,0.35,0.35,0.3,0.1,10.5188,0.0946,5.7823,194.1156,-0.2984,-4.862
173,27,178,126,162,112,222.4551956201869,127.40486646906389,222.27368900609375,148.66068747318505,0.7352,3,28,3,4,5000,100,71.0,10.0,15.0,0.35,0.35,0.3,0.1,8.5625,0.077,4.6951,137.2145,-2.5444,2.3199
173,49,365,87,379,66,306.6492474676686,155.80115532305913,306.2368208744129,181.01104938649465,0.6417,3,28,3,4,5000,100,71.0,10.0,15.0,0.35,0.35,0.3,0.1,8.3237,0.0748,4.5625,167.4626,2.4954,3.3812
174,59,266,384,264,420,91.99787985647667,172.10461934532728,92.2025981617658,208.153789300123,0.7379,3,28,3,4,5000,100,71.0,10.0,15.0,0.35,0.35,0.3,0.1,10.5427,0.0948,5.7956,188.4204,-0.1741,-4.725
174,54,179,284,169,294,142.25319461272534,117.61377470347595,141.4761245383512,131.65485179058157,0.5972,3,28,3,4,5000,100,71.0,10.0,15.0,0.35,0.35,0.3,0.1,6.2642,0.0563,3.4179,124.2389,-2.4515,-1.9262
174,49,368,83,383,61,306.6561084159669,160.80111939908875,306.3195815749287,187.40864441108366,0.6811,3,28,3,4,5000,100,71.0,10.0,15.0,0.35,0.35,0.3,0.1,8.4976,0.0764,4.6591,173.0883,2.5821,3.4927
175,59,270,382,269,418,90.67403689798452,170.01176429882727,90.83434557554679,206.0218435020908,0.75,3,28,3,4,5000,100,71.0,10.0,15.0,0.35,0.35,0.3,0.1,10.6496,0.0958,5.855,186.2926,-0.0622,-4.6744
175,27,186,120,171,105,226.930587441167,125.93649193144932,226.6523046776513,147.13938969562162,0.726,3,28,3,4,5000,100,71.0,10.0,15.0,0.35,0.35,0.3,0.1,8.6347,0.0776,4.7353,135.7148,-2.3322,2.4818
175,49,372,80,387,58,307.14668669802177,165.60193235587562,306.7506558210937,192.20041623263984,0.6383,3,28,3,4,5000,100,71.0,10.0,15.0,0.35,0.35,0.3,0.1,8.267,0.0743,4.5309,177.9125,2.6827,3.5686
176,59,275,379,275,413,88.97084519569401,167.0269439342048,89.14490260373329,201.02238681301145,0.7652,5,28,3,4,5000,100,71.0,10.0,15.0,0.35,0.35,0.3,0.1,10.2719,0.0924,5.6451,182.4546,0.0746,-4.5779
176,54,191,279,181,289,140.40379136024973,105.11898020814318,139.7636416907262,119.20570456148481,0.6313,5,28,3,4,5000,100,71.0,10.0,15.0,0.35,0.35,0.3,0.1,6.9834,0.0628,3.8176,111.72,-2.1496,-1.7997
176,62,153,266,135,274,155.5923313322199,130.6789960169575,155.65064465951124,150.3761949245957,0.8869,5,28,3,4,5000,100,71.0,10.0,15.0,0.35,0.35,0.3,0.1,7.7938,0.0701,4.2679,139.8374,-3.1963,-1.4483
176,27,189,118,175,103,228.55618109425512,125.39936203984452,228.3338506615366,145.91093173576817,0.7633,5,28,3,4,5000,100,71.0,10.0,15.0,0.35,0.35,0.3,0.1,8.4075,0.0756,4.609,134.8798,-2.2456,2.5325
176,49,375,78,391,56,307.5479225565953,169.01183390520322,307.3371311581613,196.2065238466856,0.7614,5,28,3,4,5000,100,71.0,10.0,15.0,0.35,0.35,0.3,0.1,8.2807,0.0745,4.5385,181.5967,2.77,3.6185
177,59,279,375,281,409,87.54095600989538,163.1502375113196,87.38424512457813,197.20547659738054,0.7668,4,28,3,4,5000,100,71.0,10.0,15.0,0.35,0.35,0.3,0.1,10.5096,0.0945,5.7772,178.5687,0.199,-4.4766
177,54,193,274,185,282,141.87481802870425,100.42410069301094,141.1799242491831,111.66467659918243,0.6822,4,28,3,4,5000,100,71.0,10.0,15.0,0.35,0.35,0.3,0.1,5.8939,0.053,3.2121,105.7465,-2.077,-1.6516
177,27,193,112,183,96,231.6912644325523,127.4401820463232,232.50308739104958,146.2087548678259,0.4054,4,28,3,4,5000,100,71.0,10.0,15.0,0.35,0.35,0.3,0.1,7.6273,0.0686,4.1754,136.1808,-2.098,2.6975
177,49,382,72,399,49,308.15722658736905,178.04493814764857,307.9236218223632,206.63494380186523,0.6877,4,28,3,4,5000,100,71.0,10.0,15.0,0.35,0.35,0.3,0.1,8.2651,0.0743,4.5299,191.2775,2.9572,3.7808
178,59,282,376,284,410,86.5106750942036,164.30459518832697,86.53177074108285,198.36330305779848,0.8026,2,28,3,4,5000,100,71.0,10.0,15.0,0.35,0.35,0.3,0.1,10.4437,0.0939,5.7406,179.7347,0.2736,-4.502
178,49,385,74,402,51,309.3120087467375,178.36199146679206,308.919259067183,206.93235609734887,0.6275,2,28,3,4,5000,100,71.0,10.0,15.0,0.35,0.35,0.3,0.1,8.2463,0.0742,4.5194,191.5879,3.0322,3.731
179,59,289,382,292,417,84.28940686250037,170.84788555905513,84.42780219603621,205.9732992404598,0.7917,3,28,3,4,5000,100,71.0,10.0,15.0,0.35,0.35,0.3,0.1,10.3662,0.0932,5.6976,186.7735,0.4602,-4.6643
179,27,204,117,192,102,234.40531150095688,116.8289347721702,233.9726266148964,136.01470508735443,0.7123,3,28,3,4,5000,100,71.0,10.0,15.0,0.35,0.35,0.3,0.1,8.4384,0.0759,4.6262,125.6939,-1.8463,2.5574
179,49,390,76,408,55,310.9464457681686,180.05554698481245,310.9004865965981,207.7137453323684,0.8284,3,28,3,4,5000,100,71.0,10.0,15.0,0.35,0.35,0.3,0.1,7.932,0.0713,4.3448,192.8983,3.1707,3.6576
180,59,293,390,297,427,83.27148790623133,179.2344832893492,83.36748538486154,216.44860821913363,0.7858,5,28,3,4,5000,100,71.0,10.0,15.0,0.35,0.35,0.3,0.1,10.4591,0.0941,5.7492,196.0915,0.5721,-4.8874
180,62,172,276,157,285,147.3807569288072,118.72657663724664,147.59332995610313,136.2130683891968,0.7023,5,28,3,4,5000,100,71.0,10.0,15.0,0.35,0.35,0.3,0.1,7.6278,0.0686,4.1757,126.8701,-2.6849,-1.7109
180,63,492,159,521,152,346.45502663205446,226.29405648403582,346.4520610119995,256.12692166189794,0.9979,5,28,3,4,5000,100,71.0,10.0,15.0,0.35,0.35,0.3,0.1,6.8771,0.0618,3.7585,240.2881,5.8621,1.4124
180,27,212,126,199,112,235.09750438407525,104.86181383134664,233.87055585675915,123.81033882515628,0.4016,5,28,3,4,5000,100,71.0,10.0,15.0,0.35,0.35,0.3,0.1,9.215,0.0829,5.0578,113.551,-1.6574,2.3179
180,49,396,86,415,65,314.5416435419996,176.7823520603796,314.2097634975708,205.08047201037937,0.6731,5,28,3,4,5000,100,71.0,10.0,15.0,0.35,0.35,0.3,0.1,8.2411,0.0741,4.5165,189.8829,3.3317,3.4065
181,59,294,398,299,436,83.25442035251719,187.29655629509048,83.12697006165854,225.6213642366343,0.7607,5,28,3,4,5000,100,71.0,10.0,15.0,0.35,0.35,0.3,0.1,10.3217,0.0928,5.6728,204.6804,0.6095,-5.1
181,64,213,296,204,309,125.08347387909274,102.6498904042279,125.03164382952616,118.46096403457132,0.8511,5,28,3,4,5000,100,71.0,10.0,15.0,0.35,0.35,0.3,0.1,7.9522,0.0715,4.356,109.9901,-1.5853,-2.2594
181,62,174,284,160,294,143.6955028774248,121.60592090848209,143.79054318281396,138.80922159568507,0.8863,5,28,3,4,5000,100,71.0,10.0,15.0,0.35,0.35,0.3,0.1,7.3465,0.0661,4.0194,129.6393,-2.6234,-1.9238
181,27,215,134,202,121,233.84181456019166,96.60745312862771,232.43140797117252,114.80853626799707,0.3715,5,28,3,4,5000,100,71.0,10.0,15.0,0.35,0.35,0.3,0.1,9.574,0.0861,5.2573,104.9245,-1.5818,2.1049
181,49,398,93,418,75,316.6365770416167,173.31185764395926,316.8215133516011,200.21238722916223,0.7472,5,28,3,4,5000,100,71.0,10.0,15.0,0.35,0.35,0.3,0.1,8.009,0.072,4.3875,185.7935,3.3951,3.1954
182,59,293,404,296,442,83.75808565258495,193.14502323383846,84.0428688852918,231.24878378058554,0.6756,3,28,3,4,5000,100,71.0,10.0,15.0,0.35,0.35,0.3,0.1,9.9847,0.0898,5.4855,210.4864,0.5601,-5.2522
182,62,172,289,159,300,142.40372885278802,126.21014222319853,142.08993014415523,143.22360140703069,0.8419,3,28,3,4,5000,100,71.0,10.0,15.0,0.35,0.35,0.3,0.1,7.0222,0.0631,3.8392,134.1797,-2.6619,-2.062
182,49,398,101,418,82,318.62148470411734,167.91962362987834,318.3177811683348,195.48913013259843,0.6932,3,28,3,4,5000,100,71.0,10.0,15.0,0.35,0.35,0.3,0.1,8.4366,0.0759,4.6252,180.6586,3.3932,3.0064
183,65,455,412,488,446,47.54148653978478,271.0885464197999,47.290610042638534,318.4525082331744,0.5233,5,28,3,4,5000,100,71.0,10.0,15.0,0.35,0.35,0.3,0.1,8.9345,0.0803,4.9019,292.8679,4.974,-5.4103
183,59,287,395,289,431,85.3141001604973,183.61372497719228,85.5612836322953,219.65882636488797,0.7335,5,28,3,4,5000,100,71.0,10.0,15.0,0.35,0.35,0.3,0.1,9.9399,0.0894,5.4606,200.0254,0.3983,-5.0036
183,64,206,294,197,306,128.8298249049704,105.26157893552613,128.58539819266028,120.2538980657176,0.7861,5,28,3,4,5000,100,71.0,10.0,15.0,0.35,0.35,0.3,0.1,7.3931,0.0665,4.0453,112.2594,-1.7613,-2.1985
183,27,206,134,196,121,229.7636416907262,102.17631819555841,230.13255443987296,118.56221995222593,0.747,5,28,3,4,5000,100,71.0,10.0,15.0,0.35,0.35,0.3,0.1,8.2552,0.0742,4.5244,109.7611,-1.7719,2.1088
183,49,393,95,412,76,315.9628636256362,168.31518053936787,315.83031548625803,195.18196638009363,0.8022,5,28,3,4,5000,100,71.0,10.0,15.0,0.35,0.35,0.3,0.1,8.2196,0.0739,4.5046,180.7557,3.2569,3.1571
184,59,283,388,285,424,86.42366562500266,176.34341496069538,86.49097341138344,212.3982109152523,0.7914,3,28,3,4,5000,100,71.0,10.0,15.0,0.35,0.35,0.3,0.1,10.3142,0.0927,5.6687,192.6988,0.2985,-4.8264
184,27,204,125,190,111,231.98848972998346,110.42191811411355,230.92750419239016,130.09611831257686,0.4196,3,28,3,4,5000,100,71.0,10.0,15.0,0.35,0.35,0.3,0.1,9.0967,0.0818,4.992,119.4544,-1.8695,2.3432
184,49,388,86,406,65,312.6337520085442,171.26587517658035,312.35119424054136,198.90952717253137,0.7032,3,28,3,4,5000,100,71.0,10.0,15.0,0.35,0.35,0.3,0.1,8.3047,0.0747,4.5519,184.0555,3.1193,3.4063
185,59,281,382,282,416,86.96952315413941,170.23806859806652,87.19362974821176,204.24495097798624,0.7513,4,28,3,4,5000,100,71.0,10.0,15.0,0.35,0.35,0.3,0.1,10.0988,0.0908,5.5489,185.6974,0.2364,-4.6539
185,54,200,281,190,291,136.21887523513132,99.72462083156798,136.0674996837402,113.86395390991831,0.8485,4,28,3,4,5000,100,71.0,10.0,15.0,0.35,0.35,0.3,0.1,7.3618,0.0662,4.0279,106.3263,-1.9238,-1.8488
185,27,200,120,188,106,231.95295746817393,116.82465493208187,231.60483549675396,135.2479205015737,0.698,4,28,3,4,5000,100,71.0,10.0,15.0,0.35,0.35,0.3,0.1,8.1278,0.0731,4.4536,125.363,-1.9469,2.4711
185,49,386,81,404,61,311.0307365432805,173.65770930194836,311.15905097466305,200.5617112013158,0.7797,4,28,3,4,5000,100,71.0,10.0,15.0,0.35,0.35,0.3,0.1,7.9951,0.0719,4.3798,186.1426,3.0706,3.52
186,59,274,371,273,404,89.27933637748235,159.0125781188394,89.70158718000512,192.00260414900626,0.6671,4,28,3,4,5000,100,71.0,10.0,15.0,0.35,0.35,0.3,0.1,10.4518,0.094,5.7451,173.9573,0.0373,-4.3651
186,66,174,256,157,261,155.82089285331082,107.42439201596628,156.92177859395915,125.00399993600205,0.4024,4,28,3,4,5000,100,71.0,10.0,15.0,0.35,0.35,0.3,0.1,8.4111,0.0756,4.611,115.5494,-2.6574,-1.1603
186,27,194,109,180,92,232.86402479549955,129.20139318134306,232.5238204386386,151.2084653714864,0.7132,4,28,3,4,5000,100,71.0,10.0,15.0,0.35,0.35,0.3,0.1,8.7278,0.0785,4.787,139.3414,-2.1199,2.7808
186,49,380,70,397,47,307.25528945357706,178.4040358287895,307.14668669802177,207.0024154448445,0.7927,4,28,3,4,5000,100,71.0,10.0,15.0,0.35,0.35,0.3,0.1,8.252,0.0742,4.5226,191.6422,2.9074,3.8307
187,59,270,369,269,401,90.72984306402411,157.01273833673497,90.90938044919915,189.02380802428036,0.7213,3,28,3,4,5000,100,71.0,10.0,15.0,0.35,0.35,0.3,0.1,10.2876,0.0925,5.6538,171.5376,-0.0622,-4.3041
187,66,170,252,153,257,158.58703052512826,109.5627673984187,159.2858251556513,127.22421153223941,0.5265,3,28,3,4,5000,100,71.0,10.0,15.0,0.35,0.35,0.3,0.1,8.2947,0.0746,4.5463,117.7348,-2.7575,-1.0606
187,49,376,66,392,42,305.4633642415406,179.25400971805345,305.2175929681927,208.08652046684813,0.674,3,28,3,4,5000,100,71.0,10.0,15.0,0.35,0.35,0.3,0.1,8.278,0.0744,4.537,192.5972,2.795,3.9429
188,59,268,370,267,403,91.45021629093343,158.05062480104277,91.49954703797764,191.06543381784158,0.765,5,28,3,4,5000,100,71.0,10.0,15.0,0.35,0.35,0.3,0.1,10.5166,0.0946,5.7811,172.997,-0.1119,-4.3398
188,66,184,267,174,275,147.9946167919165,103.77379245262264,147.2647737278924,116.50321883965266,0.6963,5,28,3,4,5000,100,71.0,10.0,15.0,0.35,0.35,0.3,0.1,6.4265,0.0578,3.5081,109.7707,-2.326,-1.4756
188,27,190,106,173,88,232.27500495788925,134.01492454200763,231.3965852114722,158.67261893597143,0.425,5,28,3,4,5000,100,71.0,10.0,15.0,0.35,0.35,0.3,0.1,9.3688,0.0842,5.1432,145.3051,-2.255,2.8654
188,49,374,68,391,43,305.3112134396332,176.4652940382329,305.15098548888295,206.69300907384363,0.7118,5,28,3,4,5000,100,71.0,10.0,15.0,0.35,0.35,0.3,0.1,8.7733,0.0789,4.8123,190.3868,2.7556,3.9028
188,67,491,64,500,58,325.94920830302925,264.31988196123274,325.96338964632963,275.13632984395207,0.9429,5,28,3,4,5000,100,71.0,10.0,15.0,0.35,0.35,0.3,0.1,2.2298,0.0201,1.1758,269.6197,5.6063,3.7877
189,59,267,374,267,408,91.76782705585607,162.077142126828,91.46131009088123,196.0637651377735,0.6845,4,28,3,4,5000,100,71.0,10.0,15.0,0.35,0.35,0.3,0.1,10.5533,0.0949,5.8015,177.4578,-0.1243,-4.4514
189,66,183,271,173,279,146.4587523458772,106.78014796768171,145.9111283842834,119.54078801814885,0.7717,4,28,3,4,5000,100,71.0,10.0,15.0,0.35,0.35,0.3,0.1,6.2702,0.0564,3.4212,112.8007,-2.3514,-1.5759
189,27,190,110,172,92,231.20344790169182,130.87398519186308,230.1944289077348,156.20499351813308,0.4075,4,28,3,4,5000,100,71.0,10.0,15.0,0.35,0.35,0.3,0.1,9.8126,0.0882,5.3899,142.4219,-2.2659,2.7639
189,49,373,71,390,47,305.61448173995694,173.44163283364233,305.5705120459807,202.85216291674092,0.8017,4,28,3,4,5000,100,71.0,10.0,15.0,0.35,0.35,0.3,0.1,8.6918,0.0782,4.767,186.9976,2.731,3.8159
190,59,266,375,265,410,92.10809531235701,163.11039206623224,92.02476508156104,198.12369873389704,0.7734,3,28,3,4,5000,100,71.0,10.0,15.0,0.35,0.35,0.3,0.1,10.779,0.0969,5.927,178.9202,-0.1616,-4.4869
190,27,189,112,171,94,230.3073268493312,129.9576854210631,229.4387163677047,155.32224567009067,0.4572,3,28,3,4,5000,100,71.0,10.0,15.0,0.35,0.35,0.3,0.1,9.8876,0.0889,5.4316,141.5124,-2.2905,2.7137
190,49,372,73,389,49,305.7321637371789,171.2337583538947,305.6704603573019,200.6439632782407,0.771,3,28,3,4,5000,100,71.0,10.0,15.0,0.35,0.35,0.3,0.1,8.7949,0.0791,4.8243,184.7759,2.7057,3.7655
191,59,265,376,264,412,92.4440680576354,164.14932226482082,92.29061004263853,200.15993605114886,0.7397,3,28,3,4,5000,100,71.0,10.0,15.0,0.35,0.35,0.3,0.1,10.9925,0.0988,6.0456,180.3749,-0.1864,-4.5225
191,27,189,113,171,96,230.02407525853957,129.18978287774928,228.9542477155211,153.8083222715858,0.3959,3,28,3,4,5000,100,71.0,10.0,15.0,0.35,0.35,0.3,0.1,9.6742,0.087,5.3129,140.4282,-2.2913,2.6773
191,49,372,75,388,50,306.1267157727899,169.61426826773743,305.60453398043313,199.24858845171275,0.5823,3,28,3,4,5000,100,71.0,10.0,15.0,0.35,0.35,0.3,0.1,8.9344,0.0803,4.9018,183.241,2.6927,3.7274
192,59,263,372,261,406,93.21949489685284,160.25292509030842,93.24525490389017,194.31160541768986,0.8108,4,28,3,4,5000,100,71.0,10.0,15.0,0.35,0.35,0.3,0.1,10.6824,0.0961,5.8732,175.6465,-0.2486,-4.4007
192,66,179,270,169,278,148.05002855366683,109.60383204979651,147.34919770340446,122.3315167894194,0.6535,4,28,3,4,5000,100,71.0,10.0,15.0,0.35,0.35,0.3,0.1,6.1026,0.0549,3.3281,115.6185,-2.4519,-1.5512
192,27,184,110,168,92,229.21417852273404,134.7145129523913,229.08561677997488,158.79546593023366,0.7758,4,28,3,4,5000,100,71.0,10.0,15.0,0.35,0.35,0.3,0.1,9.124,0.082,5.0072,145.7671,-2.3928,2.7667
192,49,370,72,386,48,304.99202019855863,170.89177862027185,304.8040117527132,199.7298175035465,0.7386,4,28,3,4,5000,100,71.0,10.0,15.0,0.35,0.35,0.3,0.1,8.6531,0.0778,4.7455,184.1889,2.6439,3.7912
193,27,181,103,162,84,230.14276455788422,141.9929575718458,229.32506043473848,168.77203559831824,0.4473,2,28,3,4,5000,100,71.0,10.0,15.0,0.35,0.35,0.3,0.1,9.5829,0.0862,5.2622,154.2287,-2.5033,2.9516
193,49,364,65,380,39,302.04040507383985,173.4156855650607,301.97560369958364,203.94361965994426,0.7916,2,28,3,4,5000,100,71.0,10.0,15.0,0.35,0.35,0.3,0.1,8.9966,0.0809,4.9364,187.4448,2.493,3.9888
194,59,257,365,254,398,95.59933933652057,153.73353570382747,95.52754015165618,186.86893802876924,0.8018,3,28,3,4,5000,100,71.0,10.0,15.0,0.35,0.35,0.3,0.1,10.8188,0.0973,5.9491,168.6895,-0.4101,-4.2132
194,27,174,102,160,83,228.301865674435,147.32277488562318,229.03492751613095,170.83617883809038,0.4265,3,28,3,4,5000,100,71.0,10.0,15.0,0.35,0.35,0.3,0.1,8.2187,0.0739,4.5041,158.2106,-2.6205,2.9824
194,49,363,64,379,38,301.5858975038667,173.738308959193,301.5891264356175,204.26698215815497,0.8073,3,28,3,4,5000,100,71.0,10.0,15.0,0.35,0.35,0.3,0.1,8.9814,0.0808,4.928,187.7699,2.4681,4.0138
195,59,255,362,251,394,96.46593209893953,150.9602596712128,96.58194465517802,183.20753259623362,0.7668,3,28,3,4,5000,100,71.0,10.0,15.0,0.35,0.35,0.3,0.1,10.7316,0.0965,5.9006,165.528,-0.4723,-4.1268
195,66,171,259,160,266,155.04524942542102,111.40017953306898,154.25929164376717,124.33824833895642,0.681,3,28,3,4,5000,100,71.0,10.0,15.0,0.35,0.35,0.3,0.1,6.1034,0.0549,3.3285,117.5142,-2.6645,-1.2635
195,27,172,99,158,80,228.49259316085605,150.89400253157845,229.1849161251184,174.41330224498358,0.4186,3,28,3,4,5000,100,71.0,10.0,15.0,0.35,0.35,0.3,0.1,8.0402,0.0723,4.4049,161.8034,-2.6711,3.058
196,59,255,359,251,391,96.59673829789422,147.97972834141845,96.69126443255229,180.22763384120648,0.7723,3,28,3,4,5000,100,71.0,10.0,15.0,0.35,0.35,0.3,0.1,10.9267,0.0983,6.009,162.5194,-0.4722,-4.0509
196,66,170,257,159,263,156.1940564815423,111.48542505637228,155.70903759164904,123.97580409095961,0.7828,3,28,3,4,5000,100,71.0,10.0,15.0,0.35,0.35,0.3,0.1,5.8992,0.053,3.215,117.3993,-2.69,-1.2011
196,27,171,96,156,76,228.9542477155211,153.8083222715858,229.53777250790662,178.75122377203465,0.4614,3,28,3,4,5000,100,71.0,10.0,15.0,0.35,0.35,0.3,0.1,8.3409,0.075,4.572,165.3444,-2.7074,3.1441
197,66,170,258,159,264,155.72555886556054,111.89280584559492,155.2892005377698,124.39051410778879,0.7579,3,28,3,4,5000,100,71.0,10.0,15.0,0.35,0.35,0.3,0.1,5.8821,0.0529,3.2055,117.8111,-2.6901,-1.2262
197,27,177,97,157,77,230.4403320310055,149.164338901763,229.57392125990086,177.341478509682,0.4127,3,28,3,4,5000,100,71.0,10.0,15.0,0.35,0.35,0.3,0.1,9.5971,0.0863,5.2701,162.0371,-2.6153,3.1135
197,49,357,58,375,31,298.8964162638126,175.90054007876157,299.64250657650234,208.25465180878913,0.3975,3,28,3,4,5000,100,71.0,10.0,15.0,0.35,0.35,0.3,0.1,9.3661,0.0842,5.1417,190.7151,2.3422,4.1735
198,59,255,365,252,399,96.3401917459099,153.9415473483361,96.10468487692889,188.06647760831805,0.7215,4,28,3,4,5000,100,71.0,10.0,15.0,0.35,0.35,0.3,0.1,11.0961,0.0998,6.1032,169.3016,-0.4596,-4.2235
198,66,170,263,159,270,153.434948822922,114.03946685248927,152.8297342256772,127.01574705523721,0.696,4,28,3,4,5000,100,71.0,10.0,15.0,0.35,0.35,0.3,0.1,5.9864,0.0538,3.2635,120.1783,-2.6898,-1.3637
198,27,177,102,157,83,229.1849161251184,145.34441853748632,228.28386228790635,172.81782315490494,0.4079,4,28,3,4,5000,100,71.0,10.0,15.0,0.35,0.35,0.3,0.1,9.6028,0.0864,5.2733,157.895,-2.6153,2.9765
198,49,360,63,375,37,300.5662698895545,173.04623659588788,300.47985098146296,203.0615670184784,0.7624,4,28,3,4,5000,100,71.0,10.0,15.0,0.35,0.35,0.3,0.1,8.8749,0.0798,4.8688,186.8562,2.3812,4.0394
199,59,258,369,252,403,95.09569991955861,157.62296786953354,95.97777359236066,192.04426573058618,0.4262,4,28,3,4,5000,100,71.0,10.0,15.0,0.35,0.35,0.3,0.1,10.9473,0.0984,6.0205,173.1394,-0.4225,-4.3242
199,66,175,267,160,275,150.44631636769256,111.50784725749125,150.64224645720873,128.50291825480073,0.8233,4,28,3,4,5000,100,71.0,10.0,15.0,0.35,0.35,0.3,0.1,7.8746,0.0708,4.3128,119.4037,-2.6092,-1.4731
199,27,177,105,158,87,228.39971415912325,143.0873858870865,227.63518458245142,169.17742166140255,0.4655,4,28,3,4,5000,100,71.0,10.0,15.0,0.35,0.35,0.3,0.1,9.2915,0.0836,5.1003,155.0425,-2.6041,2.8907
199,49,361,66,375,41,301.36602721059563,170.98830369355676,301.0622027917458,199.6246477767713,0.6871,4,28,3,4,5000,100,71.0,10.0,15.0,0.35,0.35,0.3,0.1,8.5927,0.0773,4.712,184.2001,2.3947,3.9537
200,59,255,371,251,405,96.10277965365579,159.90622251807463,96.20982614718626,194.1391253714717,0.7613,4,28,3,4,5000,100,71.0,10.0,15.0,0.35,0.35,0.3,0.1,10.7527,0.0967,5.9124,175.3677,-0.4723,-4.3753
200,66,170,269,158,277,150.80251395393555,116.84605256490268,150.3092734879832,131.2288078129189,0.7612,4,28,3,4,5000,100,71.0,10.0,15.0,0.35,0.35,0.3,0.1,6.4475,0.058,3.5198,123.6205,-2.7011,-1.5256
200,27,177,108,157,90,227.5895018472409,140.85808461000738,226.69178856826449,167.6573887426379,0.4171,4,28,3,4,5000,100,71.0,10.0,15.0,0.35,0.35,0.3,0.1,9.6601,0.0869,5.3051,153.0938,-2.6151,2.8143
200,49,360,70,375,45,301.7872531216648,167.05687654209268,301.6648936589541,196.2090721653818,0.7584,4,28,3,4,5000,100,71.0,10.0,15.0,0.35,0.35,0.3,0.1,8.9244,0.0803,4.8963,180.4632,2.3811,3.8521
201,59,255,371,251,404,96.10277965365579,159.90622251807463,96.24191434741505,193.14502323383846,0.7688,4,28,3,4,5000,100,71.0,10.0,15.0,0.35,0.35,0.3,0.1,10.4699,0.0941,5.7552,174.961,-0.4726,-4.365
201,66,170,269,159,277,150.80251395393555,116.84605256490268,150.0915726785949,130.36103712382777,0.6716,4,28,3,4,5000,100,71.0,10.0,15.0,0.35,0.35,0.3,0.1,6.0798,0.0547,3.3154,123.2341,-2.6896,-1.5262
201,27,177,108,157,90,227.5895018472409,140.85808461000738,226.69178856826449,167.6573887426379,0.4198,4,28,3,4,5000,100,71.0,10.0,15.0,0.35,0.35,0.3,0.1,9.6601,0.0869,5.3051,153.0938,-2.6151,2.8143
201,49,360,69,375,45,301.6075022462489,167.90771274721124,301.6648936589541,196.2090721653818,0.8006,4,28,3,4,5000,100,71.0,10.0,15.0,0.35,0.35,0.3,0.1,8.6437,0.0777,4.7403,180.9585,2.382,3.8661
202,66,168,264,157,271,153.434948822922,116.27553482998907,152.84020430770352,129.25169244539896,0.7062,2,28,3,4,5000,100,71.0,10.0,15.0,0.35,0.35,0.3,0.1,5.8773,0.0529,3.2029,122.4207,-2.7402,-1.3889
202,27,169,103,155,85,226.6211459136534,149.96666296213968,227.34687429248729,172.67889274604468,0.4006,2,28,3,4,5000,100,71.0,10.0,15.0,0.35,0.35,0.3,0.1,7.8283,0.0704,4.2871,160.5234,-2.7467,2.9465
203,59,253,368,249,400,96.94413051099325,157.15279189374905,96.97492951599615,189.40168953839878,0.8095,3,28,3,4,5000,100,71.0,10.0,15.0,0.35,0.35,0.3,0.1,10.3485,0.0931,5.6877,171.7768,-0.5224,-4.2788
203,66,168,266,156,273,152.56027205180072,117.18361660232202,152.26182037161277,131.06105447462264,0.7971,3,28,3,4,5000,100,71.0,10.0,15.0,0.35,0.35,0.3,0.1,6.2168,0.0559,3.3915,123.7344,-2.7517,-1.4384
203,27,169,104,155,86,226.3574658445306,149.24141516348604,227.12109639666144,171.9447585708852,0.3813,3,28,3,4,5000,100,71.0,10.0,15.0,0.35,0.35,0.3,0.1,7.8608,0.0707,4.3052,159.7907,-2.7466,2.9214
204,59,253,368,249,399,96.94413051099325,157.15279189374905,97.01185827447512,188.40912929048847,0.7801,3,28,3,4,5000,100,71.0,10.0,15.0,0.35,0.35,0.3,0.1,10.0588,0.0905,5.5267,171.3674,-0.5227,-4.2684
204,66,168,266,157,273,152.56027205180072,117.18361660232202,152.05696557661707,130.17680284904833,0.7314,3,28,3,4,5000,100,71.0,10.0,15.0,0.35,0.35,0.3,0.1,5.8414,0.0525,3.183,123.339,-2.7402,-1.4389
204,27,169,104,155,86,226.3574658445306,149.24141516348604,227.12109639666144,171.9447585708852,0.39,3,28,3,4,5000,100,71.0,10.0,15.0,0.35,0.35,0.3,0.1,7.8608,0.0707,4.3052,159.7907,-2.7466,2.9214
205,66,168,264,157,271,153.434948822922,116.27553482998907,152.84020430770352,129.25169244539896,0.6751,2,28,3,4,5000,100,71.0,10.0,15.0,0.35,0.35,0.3,0.1,5.8773,0.0529,3.2029,122.4207,-2.7402,-1.3889
205,27,169,103,155,85,226.6211459136534,149.96666296213968,227.34687429248729,172.67889274604468,0.4065,2,28,3,4,5000,100,71.0,10.0,15.0,0.35,0.35,0.3,0.1,7.8283,0.0704,4.2871,160.5234,-2.7467,2.9465
206,59,254,369,250,401,96.54038582819662,158.02847844613325,96.63947051889366,190.2761151589973,0.7847,2,28,3,4,5000,100,71.0,10.0,15.0,0.35,0.35,0.3,0.1,10.2961,0.0926,5.6586,172.6595,-0.4976,-4.3041
206,66,168,267,157,274,152.12804747359667,117.64777940955791,151.66954191445993,130.64838307457157,0.7028,2,28,3,4,5000,100,71.0,10.0,15.0,0.35,0.35,0.3,0.1,5.8227,0.0524,3.1726,123.8077,-2.7403,-1.464
207,59,254,368,250,399,96.58194465517802,157.0350279396288,96.70983680775694,188.28967045486058,0.762,2,28,3,4,5000,100,71.0,10.0,15.0,0.35,0.35,0.3,0.1,10.0652,0.0905,5.5302,171.248,-0.4978,-4.2684
207,27,175,104,156,86,228.07146211707038,145.16542288024377,227.3662479914558,171.26587517658035,0.4723,2,28,3,4,5000,100,71.0,10.0,15.0,0.35,0.35,0.3,0.1,9.1728,0.0825,5.0343,157.1392,-2.6544,2.9161
208,59,254,370,250,401,96.49934627965457,159.02201105507376,96.63947051889366,190.2761151589973,0.7583,2,28,3,4,5000,100,71.0,10.0,15.0,0.35,0.35,0.3,0.1,9.9505,0.0895,5.4665,173.2508,-0.4979,-4.319
208,49,359,66,373,44,300.79030868800555,169.95587662684687,301.0138840604151,196.02295783912658,0.7,2,28,3,4,5000,100,71.0,10.0,15.0,0.35,0.35,0.3,0.1,7.9208,0.0712,4.3386,182.0611,2.3469,3.9198
209,59,254,370,250,402,96.49934627965457,159.02201105507376,96.60483549675398,191.2694434560837,0.7823,4,28,3,4,5000,100,71.0,10.0,15.0,0.35,0.35,0.3,0.1,10.2376,0.0921,5.6261,173.6614,-0.4976,-4.3294
209,66,172,268,158,275,150.75117366345305,114.61239025515522,151.0735741647464,130.24976007655445,0.7814,4,28,3,4,5000,100,71.0,10.0,15.0,0.35,0.35,0.3,0.1,7.1019,0.0639,3.8835,121.9318,-2.6741,-1.487
209,27,175,106,156,89,227.53854459839877,143.68368035375485,226.67763946615347,169.07099100673656,0.4066,4,28,3,4,5000,100,71.0,10.0,15.0,0.35,0.35,0.3,0.1,9.0271,0.0812,4.9533,155.347,-2.655,2.8544
209,49,359,67,373,44,300.9637565320735,169.09760495051373,301.0138840604151,196.02295783912658,0.7748,4,28,3,4,5000,100,71.0,10.0,15.0,0.35,0.35,0.3,0.1,8.2009,0.0737,4.4942,181.5675,2.346,3.9059
210,59,252,372,251,404,97.1250163489018,161.24515496597098,96.24191434741505,193.14502323383846,0.393,4,28,3,4,5000,100,71.0,10.0,15.0,0.35,0.35,0.3,0.1,10.0102,0.09,5.4997,175.7594,-0.5103,-4.3809
210,66,173,269,159,277,150.06848815949223,114.23659658795863,150.0915726785949,130.36103712382777,0.8778,4,28,3,4,5000,100,71.0,10.0,15.0,0.35,0.35,0.3,0.1,7.3311,0.0659,4.0108,121.7673,-2.6484,-1.5241
210,68,154,255,136,260,159.97791676335524,125.59060474414477,160.55996517182382,144.22205101855957,0.5191,4,28,3,4,5000,100,71.0,10.0,15.0,0.35,0.35,0.3,0.1,7.6792,0.0691,4.2043,134.263,-3.1718,-1.1364
210,27,176,107,157,90,227.563770211465,142.2708684165525,226.69178856826449,167.6573887426379,0.4125,4,28,3,4,5000,100,71.0,10.0,15.0,0.35,0.35,0.3,0.1,9.1091,0.0819,4.9989,153.9244,-2.6297,2.8292
211,66,173,269,160,277,150.06848815949223,114.23659658795863,149.87095735585805,129.49517365523704,0.8058,3,28,3,4,5000,100,71.0,10.0,15.0,0.35,0.35,0.3,0.1,6.962,0.0626,3.8057,121.3883,-2.6371,-1.5247
211,68,155,255,137,261,159.82054133548908,124.65151423067431,160.05097781644287,143.6175476743702,0.6438,3,28,3,4,5000,100,71.0,10.0,15.0,0.35,0.35,0.3,0.1,7.8621,0.0707,4.3059,133.4641,-3.1461,-1.1486
211,27,176,108,158,92,227.29061004263852,141.53444810363305,226.46880071438582,165.51737068960466,0.4131,3,28,3,4,5000,100,71.0,10.0,15.0,0.35,0.35,0.3,0.1,8.6861,0.0781,4.7638,152.5893,-2.6189,2.7935
212,59,256,369,253,399,95.81897090139458,157.8131806916013,95.801586887647,187.9627622695517,0.7812,3,28,3,4,5000,100,71.0,10.0,15.0,0.35,0.35,0.3,0.1,9.6966,0.0872,5.3254,171.5735,-0.4358,-4.2834
212,66,170,266,159,273,152.10272896905238,115.41230437002807,151.63880567042628,128.41339493993607,0.7997,3,28,3,4,5000,100,71.0,10.0,15.0,0.35,0.35,0.3,0.1,5.9297,0.0533,3.232,121.5662,-2.69,-1.4388
212,68,155,252,136,257,161.12545024179667,123.64869590901475,161.6915317211053,143.2515270424717,0.5486,3,28,3,4,5000,100,71.0,10.0,15.0,0.35,0.35,0.3,0.1,8.1678,0.0734,4.4758,132.7302,-3.1573,-1.0608
213,59,255,368,252,398,96.21922968879116,156.92354826475216,96.13725594926198,187.0721785835617,0.7888,2,28,3,4,5000,100,71.0,10.0,15.0,0.35,0.35,0.3,0.1,9.7465,0.0876,5.3532,170.6767,-0.4607,-4.2581
213,68,154,251,136,255,161.71084164999723,124.27791436936813,162.4542712543037,142.63590010933433,0.4692,2,28,3,4,5000,100,71.0,10.0,15.0,0.35,0.35,0.3,0.1,7.6487,0.0688,4.1873,132.8256,-3.1719,-1.024
214,68,154,250,136,255,162.14968169778317,123.96773773849388,162.4542712543037,142.63590010933433,0.6369,2,28,3,4,5000,100,71.0,10.0,15.0,0.35,0.35,0.3,0.1,7.787,0.07,4.2642,132.6482,-3.1713,-1.0113
214,27,170,103,156,86,226.90011096557686,149.2816130673835,227.3662479914558,171.26587517658035,0.4981,2,28,3,4,5000,100,71.0,10.0,15.0,0.35,0.35,0.3,0.1,7.627,0.0686,4.1753,159.5199,-2.7224,2.9347
215,59,254,365,250,394,96.70983680775694,154.05518491761322,96.89242312248516,183.3248482884958,0.7593,3,28,3,4,5000,100,71.0,10.0,15.0,0.35,0.35,0.3,0.1,9.6479,0.0868,5.2984,167.4204,-0.4981,-4.1716
215,66,168,262,157,269,154.3231843181618,115.39497389401325,153.6345848774464,128.35108102388543,0.6695,3,28,3,4,5000,100,71.0,10.0,15.0,0.35,0.35,0.3,0.1,5.9111,0.0532,3.2217,121.5287,-2.7401,-1.3388
215,27,174,101,155,83,228.55926682128322,148.07092894960846,227.7927023657133,174.1551032843999,0.4408,3,28,3,4,5000,100,71.0,10.0,15.0,0.35,0.35,0.3,0.1,9.0022,0.0809,4.9395,160.0573,-2.68,2.9916
216,66,168,262,157,268,154.3231843181618,115.39497389401325,154.03593146176996,127.91012469699183,0.8416,3,28,3,4,5000,100,71.0,10.0,15.0,0.35,0.35,0.3,0.1,5.7203,0.0514,3.1156,121.3307,-2.7405,-1.3265
216,68,153,247,134,251,163.61045966596524,124.04031602668546,164.21924669048462,143.40502083260543,0.5379,3,28,3,4,5000,100,71.0,10.0,15.0,0.35,0.35,0.3,0.1,8.0521,0.0724,4.4115,133.0216,-3.2077,-0.9236
216,27,174,100,155,82,228.81407483429035,148.8220413782851,228.01278750418334,174.89711261195822,0.4224,3,28,3,4,5000,100,71.0,10.0,15.0,0.35,0.35,0.3,0.1,8.9576,0.0805,4.9147,160.8094,-2.6802,3.0168
217,59,254,362,250,392,96.84277341263095,151.07613974417006,96.96825674137854,181.3394606807906,0.7533,3,28,3,4,5000,100,71.0,10.0,15.0,0.35,0.35,0.3,0.1,10.1244,0.091,5.5632,164.8302,-0.4977,-4.1062
217,66,168,260,157,266,155.22485943116808,114.54256850621083,154.84688286152561,127.04723531033645,0.8199,3,28,3,4,5000,100,71.0,10.0,15.0,0.35,0.35,0.3,0.1,5.7561,0.0518,3.1355,120.4713,-2.7405,-1.2764
217,27,174,99,155,80,229.06631877480598,149.57606760441325,228.4473868518652,176.3887751530692,0.4899,3,28,3,4,5000,100,71.0,10.0,15.0,0.35,0.35,0.3,0.1,9.1475,0.0823,5.0203,161.8797,-2.6794,3.0533
218,59,253,361,249,390,97.26695440581169,150.20652449211386,97.36259251121254,179.47980387776224,0.7855,3,28,3,4,5000,100,71.0,10.0,15.0,0.35,0.35,0.3,0.1,9.8743,0.0888,5.4242,163.5436,-0.5228,-4.0705
218,68,152,244,112,250,165.06858282186246,124.1933975700802,166.63978155523552,164.4506004853737,0.5567,3,28,3,4,5000,100,71.0,10.0,15.0,0.35,0.35,0.3,0.1,15.5101,0.1395,8.5562,141.5147,-3.4452,-0.8613
218,49,358,58,371,32,299.18080605249986,176.38594048279472,298.81079374297303,205.4288197892399,0.6553,3,28,3,4,5000,100,71.0,10.0,15.0,0.35,0.35,0.3,0.1,8.459,0.0761,4.6377,189.8028,2.3078,4.1665
219,59,252,357,248,387,97.85331330197822,146.37281168304446,97.80899246029573,176.63804799646084,0.7926,3,28,3,4,5000,100,71.0,10.0,15.0,0.35,0.35,0.3,0.1,10.4198,0.0937,5.7274,160.0875,-0.5472,-3.9798
219,68,151,240,111,245,166.97080519205628,124.19742348374221,168.41658139531296,164.34719346554112,0.5106,3,28,3,4,5000,100,71.0,10.0,15.0,0.35,0.35,0.3,0.1,15.4741,0.1391,8.5362,141.479,-3.47,-0.7506
219,27,166,93,152,74,228.3067464802425,159.3643623900902,228.9909130984298,182.87700784953805,0.3962,3,28,3,4,5000,100,71.0,10.0,15.0,0.35,0.35,0.3,0.1,7.6402,0.0687,4.1826,170.313,-2.8223,3.2094
220,59,252,357,248,387,97.85331330197822,146.37281168304446,97.80899246029573,176.63804799646084,0.7991,2,28,3,4,5000,100,71.0,10.0,15.0,0.35,0.35,0.3,0.1,10.4198,0.0937,5.7274,160.0875,-0.5472,-3.9798
220,68,151,240,111,245,166.97080519205628,124.19742348374221,168.41658139531296,164.34719346554112,0.4606,2,28,3,4,5000,100,71.0,10.0,15.0,0.35,0.35,0.3,0.1,15.4741,0.1391,8.5362,141.479,-3.47,-0.7506
221,59,253,362,248,394,97.21902082486967,151.19854496654392,97.51214410305275,183.5755975068582,0.7173,5,28,3,4,5000,100,71.0,10.0,15.0,0.35,0.35,0.3,0.1,10.7552,0.0967,5.9137,165.8214,-0.5345,-4.1267
221,66,167,259,155,266,155.88580146069305,115.03912377969506,155.22485943116808,128.86038956948718,0.6761,5,28,3,4,5000,100,71.0,10.0,15.0,0.35,0.35,0.3,0.1,6.3019,0.0567,3.4388,121.5581,-2.7765,-1.2632
221,68,152,245,132,249,164.62374875117382,124.45481107614924,165.19601984372952,144.80676779764127,0.5489,5,28,3,4,5000,100,71.0,10.0,15.0,0.35,0.35,0.3,0.1,8.4055,0.0756,4.6079,133.8616,-3.2436,-0.8733
221,27,172,98,152,78,228.74298829568716,151.6443206981389,228.15484286479196,179.8777362543792,0.5032,5,28,3,4,5000,100,71.0,10.0,15.0,0.35,0.35,0.3,0.1,9.4708,0.0852,5.1999,164.5588,-2.7404,3.0891
221,49,356,57,369,31,298.45483547778986,176.2980430974774,298.1873737645758,205.35335400231475,0.6823,5,28,3,4,5000,100,71.0,10.0,15.0,0.35,0.35,0.3,0.1,8.4663,0.0761,4.6417,189.7197,2.2579,4.1914
222,59,252,363,247,395,97.54492903875683,152.31874474272692,97.77913719091435,184.69975636150687,0.7091,3,28,3,4,5000,100,71.0,10.0,15.0,0.35,0.35,0.3,0.1,10.6849,0.0961,5.8747,166.9537,-0.5594,-4.152
222,68,152,246,110,253,164.18080605249986,124.72369462135092,165.79744123863634,167.10774967068403,0.4653,3,28,3,4,5000,100,71.0,10.0,15.0,0.35,0.35,0.3,0.1,16.1512,0.1452,8.9125,142.8379,-3.464,-0.9213
222,27,166,100,151,81,226.57655005518373,154.20765220960988,227.27244973278292,178.33115263464205,0.4135,3,28,3,4,5000,100,71.0,10.0,15.0,0.35,0.35,0.3,0.1,8.0674,0.0725,4.42,165.3944,-2.8332,3.0329
223,66,171,266,155,274,151.86865763593894,114.5294721894762,152.08023357189137,132.41223508422476,0.8047,3,28,3,4,5000,100,71.0,10.0,15.0,0.35,0.35,0.3,0.1,8.0533,0.0724,4.4122,122.8233,-2.7209,-1.4478
223,27,172,105,152,87,226.93680038622105,146.4547711752676,226.1691393279074,173.27723451163456,0.4541,3,28,3,4,5000,100,71.0,10.0,15.0,0.35,0.35,0.3,0.1,9.3293,0.0839,5.1213,158.7409,-2.741,2.8905
223,49,352,65,369,39,298.5558142085112,167.35889578985635,299.27907221417723,198.33809518093088,0.4351,3,28,3,4,5000,100,71.0,10.0,15.0,0.35,0.35,0.3,0.1,9.4207,0.0847,5.1721,181.5363,2.2049,3.9863
224,59,251,372,247,406,97.4773303066608,161.37224048763778,97.34300811700683,195.6041921841145,0.7451,4,28,3,4,5000,100,71.0,10.0,15.0,0.35,0.35,0.3,0.1,10.6642,0.0959,5.8631,176.8469,-0.5719,-4.4008
224,66,170,269,155,278,150.80251395393555,116.84605256490268,150.57254359681028,134.33167906342868,0.8105,4,28,3,4,5000,100,71.0,10.0,15.0,0.35,0.35,0.3,0.1,7.7417,0.0696,4.239,124.9802,-2.7345,-1.5358
224,27,166,109,150,91,224.1776290200018,147.80054127099805,224.76421623012337,171.82840277439584,0.4754,4,28,3,4,5000,100,71.0,10.0,15.0,0.35,0.35,0.3,0.1,8.3599,0.0752,4.5826,158.9113,-2.8446,2.7947
224,49,354,69,369,43,299.83110512878665,164.84234892769516,299.85429385556984,194.85892332659543,0.7957,4,28,3,4,5000,100,71.0,10.0,15.0,0.35,0.35,0.3,0.1,9.2801,0.0834,5.094,178.5982,2.2303,3.8874
225,59,251,369,247,402,97.61854648756893,158.39823231336896,97.49585763972986,191.637678967368,0.7183,4,28,3,4,5000,100,71.0,10.0,15.0,0.35,0.35,0.3,0.1,10.5603,0.095,5.8054,173.4397,-0.572,-4.3146
225,66,170,266,154,275,152.10272896905238,115.41230437002807,151.90231703256407,133.76471881628578,0.8145,4,28,3,4,5000,100,71.0,10.0,15.0,0.35,0.35,0.3,0.1,8.1907,0.0737,4.4885,123.9127,-2.7454,-1.46
225,27,171,107,150,88,226.11239961629778,145.69145479402695,225.465809082765,173.95401691251627,0.4976,4,28,3,4,5000,100,71.0,10.0,15.0,0.35,0.35,0.3,0.1,9.8328,0.0884,5.4011,158.5733,-2.7762,2.8509
225,49,354,67,368,40,299.48890781227254,166.58031096140985,299.1676133795778,196.9771560359221,0.6613,4,28,3,4,5000,100,71.0,10.0,15.0,0.35,0.35,0.3,0.1,9.298,0.0836,5.1039,180.508,2.2178,3.9496
226,59,251,367,247,400,97.71567356354846,156.41611170208776,97.57467968315785,189.6549498431296,0.7621,3,28,3,4,5000,100,71.0,10.0,15.0,0.35,0.35,0.3,0.1,10.6811,0.096,5.8725,171.4393,-0.5718,-4.2639
226,27,165,105,149,86,225.0,151.32085117392117,225.69027719786507,176.08236708995025,0.4369,3,28,3,4,5000,100,71.0,10.0,15.0,0.35,0.35,0.3,0.1,8.4106,0.0756,4.6108,162.7653,-2.8694,2.9068
226,49,349,65,367,37,297.64597536373867,165.94577427581578,298.495638618245,199.12307751739877,0.388,3,28,3,4,5000,100,71.0,10.0,15.0,0.35,0.35,0.3,0.1,10.1065,0.0909,5.5532,181.0269,2.1403,4.0069
227,59,249,360,244,386,98.833414651219,149.77650015940418,99.1416402235249,176.23847480048164,0.6981,4,28,3,4,5000,100,71.0,10.0,15.0,0.35,0.35,0.3,0.1,9.0265,0.0812,4.953,161.9336,-0.6357,-4.0135
227,66,169,259,154,264,155.47227951974193,113.21660655575224,156.21796957677864,128.94960255851896,0.4918,4,28,3,4,5000,100,71.0,10.0,15.0,0.35,0.35,0.3,0.1,7.2249,0.065,3.9518,120.572,-2.7613,-1.2369
227,27,166,98,149,81,227.0825652797309,155.66630977832037,226.80399511620058,179.6941846582688,0.7125,4,28,3,4,5000,100,71.0,10.0,15.0,0.35,0.35,0.3,0.1,7.9678,0.0716,4.3646,166.8195,-2.8585,3.0583
227,49,353,59,365,35,297.89727103094765,173.11845655504212,297.71850162818333,199.9449924354196,0.756,4,28,3,4,5000,100,71.0,10.0,15.0,0.35,0.35,0.3,0.1,7.9968,0.0719,4.3808,185.5672,2.1719,4.1191
228,59,244,348,241,362,101.63363399894044,138.85243966167826,101.676737830954,153.16984037335808,0.8053,5,28,3,4,5000,100,71.0,10.0,15.0,0.35,0.35,0.3,0.1,5.4523,0.049,2.9667,145.6602,-0.7385,-3.5798
228,69,379,306,388,313,41.299456944821664,142.42541907960108,41.04575228447891,153.8083222715858,0.6897,5,28,3,4,5000,100,71.0,10.0,15.0,0.35,0.35,0.3,0.1,4.2732,0.0384,2.3114,147.8982,2.7939,-2.4431
228,70,139,221,118,222,176.12874376801437,133.30416347586447,176.28471089457122,154.3243337908834,0.6597,5,28,3,4,5000,100,71.0,10.0,15.0,0.35,0.35,0.3,0.1,8.1272,0.0731,4.4532,143.0462,-3.5818,-0.2371
228,71,128,220,107,221,176.82016988013575,144.22205101855957,176.8778695378843,165.24527224704494,0.7533,5,28,3,4,5000,100,71.0,10.0,15.0,0.35,0.35,0.3,0.1,7.5547,0.0679,4.1351,154.0196,-3.8591,-0.2123
228,49,349,34,358,14,293.39254975754636,193.94071259021402,293.47739989209293,215.87033144922904,0.7748,5,28,3,4,5000,100,71.0,10.0,15.0,0.35,0.35,0.3,0.1,5.9509,0.0535,3.2438,204.3188,2.0393,4.7042
229,59,247,348,243,363,100.41602830757071,138.27870407260838,100.87145292585484,153.7595525487766,0.5904,5,28,3,4,5000,100,71.0,10.0,15.0,0.35,0.35,0.3,0.1,5.8951,0.053,3.2128,145.6088,-0.6756,-3.5909
229,69,380,306,389,314,41.03534527714388,143.17821063276352,41.08175113593263,155.21919984331836,0.7935,5,28,3,4,5000,100,71.0,10.0,15.0,0.35,0.35,0.3,0.1,4.4875,0.0404,2.4305,148.9558,2.8185,-2.4552
229,70,141,221,108,221,176.06982445427454,131.30879635424276,176.85887016436388,164.24676556937126,0.654,5,28,3,4,5000,100,71.0,10.0,15.0,0.35,0.35,0.3,0.1,12.3934,0.1114,6.8242,145.9424,-3.6555,-0.223
229,27,161,73,150,58,231.39049531464696,177.88198334851114,231.61346048231474,196.468827043885,0.6545,5,28,3,4,5000,100,71.0,10.0,15.0,0.35,0.35,0.3,0.1,5.5216,0.0497,3.0052,186.714,-2.9163,3.6672
229,49,351,32,360,12,293.69613654636885,196.57314160383152,293.74949449286675,218.5040045399626,0.7668,5,28,3,4,5000,100,71.0,10.0,15.0,0.35,0.35,0.3,0.1,5.8757,0.0528,3.202,206.9592,2.0895,4.7546
230,59,253,357,250,372,97.46519085612142,146.23952953972466,97.82907651005961,161.50541786577935,0.6284,4,28,3,4,5000,100,71.0,10.0,15.0,0.35,0.35,0.3,0.1,5.5165,0.0496,3.0024,153.4938,-0.5132,-3.8175
230,69,379,304,388,312,40.68937417517947,141.1134295522577,40.763605200941164,153.15351775261317,0.7759,4,28,3,4,5000,100,71.0,10.0,15.0,0.35,0.35,0.3,0.1,4.5501,0.0409,2.4653,146.8872,2.7933,-2.405
230,70,146,228,114,229,172.763077974032,127.01181047445942,173.85888938312323,158.91192529196795,0.5572,4,28,3,4,5000,100,71.0,10.0,15.0,0.35,0.35,0.3,0.1,12.4073,0.1116,6.8318,141.1823,-3.5192,-0.4089
230,49,356,39,366,20,295.89885120689485,192.31484602078956,296.08559977828145,213.7755832643195,0.696,4,28,3,4,5000,100,71.0,10.0,15.0,0.35,0.35,0.3,0.1,5.877,0.0528,3.2027,202.4781,2.2271,4.5669
231,59,257,366,255,382,95.56320882074401,154.72879499304582,95.71059313749964,170.84788555905513,0.7313,4,28,3,4,5000,100,71.0,10.0,15.0,0.35,0.35,0.3,0.1,5.5058,0.0495,2.9964,162.3893,-0.4005,-4.0553
231,69,379,304,388,312,40.68937417517947,141.1134295522577,40.763605200941164,153.15351775261317,0.7759,4,28,3,4,5000,100,71.0,10.0,15.0,0.35,0.35,0.3,0.1,4.5501,0.0409,2.4653,146.8872,2.7933,-2.405
231,71,138,233,128,235,171.09325581622025,135.63554106501732,170.92524197899132,145.82523787054146,0.5871,4,28,3,4,5000,100,71.0,10.0,15.0,0.35,0.35,0.3,0.1,4.026,0.0362,2.1741,140.5459,-3.4835,-0.5513
231,70,148,233,117,237,170.3878852456341,125.76565508913791,170.8376529542783,157.00318468107582,0.8627,4,28,3,4,5000,100,71.0,10.0,15.0,0.35,0.35,0.3,0.1,12.2851,0.1105,6.764,139.659,-3.4579,-0.5701
232,59,260,368,258,384,94.39870535499554,156.46085772486356,94.65335158726839,172.5688268488837,0.6602,5,28,3,4,5000,100,71.0,10.0,15.0,0.35,0.35,0.3,0.1,5.4443,0.049,2.9622,164.1206,-0.3254,-4.1056
232,69,379,304,388,312,40.68937417517947,141.1134295522577,40.763605200941164,153.15351775261317,0.7565,5,28,3,4,5000,100,71.0,10.0,15.0,0.35,0.35,0.3,0.1,4.5501,0.0409,2.4653,146.8872,2.7933,-2.405
232,70,140,236,130,238,169.69515353123398,134.16407864998737,169.62415507994896,144.3606594609487,0.6893,5,28,3,4,5000,100,71.0,10.0,15.0,0.35,0.35,0.3,0.1,4.0712,0.0366,2.1992,139.0757,-3.4333,-0.6265
232,71,150,235,119,240,169.3236443173042,124.1491039033307,169.62925847171536,155.54099138169335,0.8998,5,28,3,4,5000,100,71.0,10.0,15.0,0.35,0.35,0.3,0.1,12.4817,0.1122,6.8732,138.0834,-3.407,-0.6318
232,49,361,51,371,33,298.93359946480336,183.96195258802837,298.9457803372243,204.55317157159897,0.8446,5,28,3,4,5000,100,71.0,10.0,15.0,0.35,0.35,0.3,0.1,5.894,0.053,3.2122,193.7119,2.3522,4.254
233,59,260,368,259,384,94.39870535499554,156.46085772486356,94.32227705949104,172.4905794529081,0.7598,4,28,3,4,5000,100,71.0,10.0,15.0,0.35,0.35,0.3,0.1,5.4191,0.0487,2.9483,164.0852,-0.3129,-4.1057
233,72,393,325,402,334,43.04193257076596,165.55965692160635,43.18169703554817,178.2806775845324,0.707,4,28,3,4,5000,100,71.0,10.0,15.0,0.35,0.35,0.3,0.1,4.1143,0.037,2.2231,171.6848,3.145,-2.9445
233,69,379,304,388,312,40.68937417517947,141.1134295522577,40.763605200941164,153.15351775261317,0.7759,4,28,3,4,5000,100,71.0,10.0,15.0,0.35,0.35,0.3,0.1,4.5501,0.0409,2.4653,146.8872,2.7933,-2.405
233,70,141,237,120,240,169.19560540246076,133.3641631023867,169.56252464888183,154.55743269089325,0.7856,4,28,3,4,5000,100,71.0,10.0,15.0,0.35,0.35,0.3,0.1,8.1857,0.0736,4.4858,143.1808,-3.5316,-0.6614
234,72,393,325,402,334,43.04193257076596,165.55965692160635,43.18169703554817,178.2806775845324,0.6632,4,28,3,4,5000,100,71.0,10.0,15.0,0.35,0.35,0.3,0.1,4.1143,0.037,2.2231,171.6848,3.145,-2.9445
234,69,379,304,388,312,40.68937417517947,141.1134295522577,40.763605200941164,153.15351775261317,0.7759,4,28,3,4,5000,100,71.0,10.0,15.0,0.35,0.35,0.3,0.1,4.5501,0.0409,2.4653,146.8872,2.7933,-2.405
234,70,132,237,120,239,169.8753283446022,142.21462653327893,169.92752216256108,154.37940277122465,0.7864,4,28,3,4,5000,100,71.0,10.0,15.0,0.35,0.35,0.3,0.1,4.5612,0.041,2.4715,148.0475,-3.6576,-0.6513
234,71,150,236,141,237,168.8708107103888,124.33824833895642,169.19560540246076,133.3641631023867,0.6386,4,28,3,4,5000,100,71.0,10.0,15.0,0.35,0.35,0.3,0.1,3.895,0.035,2.1012,128.6931,-3.1705,-0.6141
235,72,393,325,402,334,43.04193257076596,165.55965692160635,43.18169703554817,178.2806775845324,0.682,4,28,3,4,5000,100,71.0,10.0,15.0,0.35,0.35,0.3,0.1,4.1143,0.037,2.2231,171.6848,3.145,-2.9445
235,69,379,304,388,312,40.68937417517947,141.1134295522577,40.763605200941164,153.15351775261317,0.7759,4,28,3,4,5000,100,71.0,10.0,15.0,0.35,0.35,0.3,0.1,4.5501,0.0409,2.4653,146.8872,2.7933,-2.405
235,70,132,236,120,239,170.2724214485984,142.04224723651762,169.92752216256108,154.37940277122465,0.6361,4,28,3,4,5000,100,71.0,10.0,15.0,0.35,0.35,0.3,0.1,4.6285,0.0416,2.5089,147.9541,-3.6574,-0.6388
235,71,150,236,141,237,168.8708107103888,124.33824833895642,169.19560540246076,133.3641631023867,0.6784,4,28,3,4,5000,100,71.0,10.0,15.0,0.35,0.35,0.3,0.1,3.895,0.035,2.1012,128.6931,-3.1705,-0.6141
236,72,393,325,402,334,43.04193257076596,165.55965692160635,43.18169703554817,178.2806775845324,0.6895,3,28,3,4,5000,100,71.0,10.0,15.0,0.35,0.35,0.3,0.1,4.1143,0.037,2.2231,171.6848,3.145,-2.9445
236,69,379,304,388,312,40.68937417517947,141.1134295522577,40.763605200941164,153.15351775261317,0.7759,3,28,3,4,5000,100,71.0,10.0,15.0,0.35,0.35,0.3,0.1,4.5501,0.0409,2.4653,146.8872,2.7933,-2.405
236,70,141,237,120,240,169.19560540246076,133.3641631023867,169.56252464888183,154.55743269089325,0.7782,3,28,3,4,5000,100,71.0,10.0,15.0,0.35,0.35,0.3,0.1,8.1857,0.0736,4.4858,143.1808,-3.5316,-0.6614
237,72,393,325,402,334,43.04193257076596,165.55965692160635,43.18169703554817,178.2806775845324,0.6895,3,28,3,4,5000,100,71.0,10.0,15.0,0.35,0.35,0.3,0.1,4.1143,0.037,2.2231,171.6848,3.145,-2.9445
237,69,379,304,388,312,40.68937417517947,141.1134295522577,40.763605200941164,153.15351775261317,0.7759,3,28,3,4,5000,100,71.0,10.0,15.0,0.35,0.35,0.3,0.1,4.5501,0.0409,2.4653,146.8872,2.7933,-2.405
237,70,150,236,120,240,168.8708107103888,124.33824833895642,169.56252464888183,154.55743269089325,0.7725,3,28,3,4,5000,100,71.0,10.0,15.0,0.35,0.35,0.3,0.1,12.0497,0.1084,6.6331,137.8107,-3.3976,-0.6448
238,72,392,325,402,334,43.27918516632713,164.83021567661677,43.18169703554817,178.2806775845324,0.7035,3,28,3,4,5000,100,71.0,10.0,15.0,0.35,0.35,0.3,0.1,4.3595,0.0392,2.3594,171.2918,3.1319,-2.944
238,69,379,304,388,312,40.68937417517947,141.1134295522577,40.763605200941164,153.15351775261317,0.7759,3,28,3,4,5000,100,71.0,10.0,15.0,0.35,0.35,0.3,0.1,4.5501,0.0409,2.4653,146.8872,2.7933,-2.405
238,70,141,237,120,240,169.19560540246076,133.3641631023867,169.56252464888183,154.55743269089325,0.7877,3,28,3,4,5000,100,71.0,10.0,15.0,0.35,0.35,0.3,0.1,8.1857,0.0736,4.4858,143.1808,-3.5316,-0.6614
239,72,393,325,402,334,43.04193257076596,165.55965692160635,43.18169703554817,178.2806775845324,0.6653,3,28,3,4,5000,100,71.0,10.0,15.0,0.35,0.35,0.3,0.1,4.1143,0.037,2.2231,171.6848,3.145,-2.9445
239,69,379,304,388,312,40.68937417517947,141.1134295522577,40.763605200941164,153.15351775261317,0.7759,3,28,3,4,5000,100,71.0,10.0,15.0,0.35,0.35,0.3,0.1,4.5501,0.0409,2.4653,146.8872,2.7933,-2.405
239,70,141,237,120,240,169.19560540246076,133.3641631023867,169.56252464888183,154.55743269089325,0.78,3,28,3,4,5000,100,71.0,10.0,15.0,0.35,0.35,0.3,0.1,8.1857,0.0736,4.4858,143.1808,-3.5316,-0.6614
240,59,260,368,259,384,94.39870535499554,156.46085772486356,94.32227705949104,172.4905794529081,0.767,5,28,3,4,5000,100,71.0,10.0,15.0,0.35,0.35,0.3,0.1,5.4191,0.0487,2.9483,164.0852,-0.3129,-4.1057
240,72,393,325,402,334,43.04193257076596,165.55965692160635,43.18169703554817,178.2806775845324,0.6752,5,28,3,4,5000,100,71.0,10.0,15.0,0.35,0.35,0.3,0.1,4.1143,0.037,2.2231,171.6848,3.145,-2.9445
240,69,379,304,388,312,40.68937417517947,141.1134295522577,40.763605200941164,153.15351775261317,0.7759,5,28,3,4,5000,100,71.0,10.0,15.0,0.35,0.35,0.3,0.1,4.5501,0.0409,2.4653,146.8872,2.7933,-2.405
240,70,131,237,120,240,169.94566440000565,143.19916200872126,169.56252464888183,154.55743269089325,0.544,5,28,3,4,5000,100,71.0,10.0,15.0,0.35,0.35,0.3,0.1,4.2421,0.0381,2.2942,148.6617,-3.671,-0.664
240,71,150,236,141,237,168.8708107103888,124.33824833895642,169.19560540246076,133.3641631023867,0.6683,5,28,3,4,5000,100,71.0,10.0,15.0,0.35,0.35,0.3,0.1,3.895,0.035,2.1012,128.6931,-3.1705,-0.6141
241,72,392,325,402,334,43.27918516632713,164.83021567661677,43.18169703554817,178.2806775845324,0.7889,4,28,3,4,5000,100,71.0,10.0,15.0,0.35,0.35,0.3,0.1,4.3595,0.0392,2.3594,171.2918,3.1319,-2.944
241,69,379,304,388,312,40.68937417517947,141.1134295522577,40.763605200941164,153.15351775261317,0.7759,4,28,3,4,5000,100,71.0,10.0,15.0,0.35,0.35,0.3,0.1,4.5501,0.0409,2.4653,146.8872,2.7933,-2.405
241,70,132,237,120,239,169.8753283446022,142.21462653327893,169.92752216256108,154.37940277122465,0.7791,4,28,3,4,5000,100,71.0,10.0,15.0,0.35,0.35,0.3,0.1,4.5612,0.041,2.4715,148.0475,-3.6576,-0.6513
241,71,150,236,141,237,168.8708107103888,124.33824833895642,169.19560540246076,133.3641631023867,0.6275,4,28,3,4,5000,100,71.0,10.0,15.0,0.35,0.35,0.3,0.1,3.895,0.035,2.1012,128.6931,-3.1705,-0.6141
242,72,393,325,402,334,43.04193257076596,165.55965692160635,43.18169703554817,178.2806775845324,0.6986,5,28,3,4,5000,100,71.0,10.0,15.0,0.35,0.35,0.3,0.1,4.1143,0.037,2.2231,171.6848,3.145,-2.9445
242,69,379,304,388,312,40.68937417517947,141.1134295522577,40.763605200941164,153.15351775261317,0.7759,5,28,3,4,5000,100,71.0,10.0,15.0,0.35,0.35,0.3,0.1,4.5501,0.0409,2.4653,146.8872,2.7933,-2.405
242,70,131,237,120,239,169.94566440000565,143.19916200872126,169.92752216256108,154.37940277122465,0.8161,5,28,3,4,5000,100,71.0,10.0,15.0,0.35,0.35,0.3,0.1,4.1781,0.0376,2.2586,148.5793,-3.6711,-0.6515
242,71,150,236,141,237,168.8708107103888,124.33824833895642,169.19560540246076,133.3641631023867,0.6386,5,28,3,4,5000,100,71.0,10.0,15.0,0.35,0.35,0.3,0.1,3.895,0.035,2.1012,128.6931,-3.1705,-0.6141
242,49,362,51,372,33,299.20546151643515,184.44782460088814,299.19031151823907,205.03902067655318,0.8255,5,28,3,4,5000,100,71.0,10.0,15.0,0.35,0.35,0.3,0.1,5.8793,0.0529,3.204,194.1991,2.3773,4.2541
243,72,392,325,402,334,43.27918516632713,164.83021567661677,43.18169703554817,178.2806775845324,0.7154,5,28,3,4,5000,100,71.0,10.0,15.0,0.35,0.35,0.3,0.1,4.3595,0.0392,2.3594,171.2918,3.1319,-2.944
243,69,379,304,388,312,40.68937417517947,141.1134295522577,40.763605200941164,153.15351775261317,0.7759,5,28,3,4,5000,100,71.0,10.0,15.0,0.35,0.35,0.3,0.1,4.5501,0.0409,2.4653,146.8872,2.7933,-2.405
243,70,131,237,120,240,169.94566440000565,143.19916200872126,169.56252464888183,154.55743269089325,0.5607,5,28,3,4,5000,100,71.0,10.0,15.0,0.35,0.35,0.3,0.1,4.2421,0.0381,2.2942,148.6617,-3.671,-0.664
243,71,150,236,141,237,168.8708107103888,124.33824833895642,169.19560540246076,133.3641631023867,0.6435,5,28,3,4,5000,100,71.0,10.0,15.0,0.35,0.35,0.3,0.1,3.895,0.035,2.1012,128.6931,-3.1705,-0.6141
243,49,362,51,372,33,299.20546151643515,184.44782460088814,299.19031151823907,205.03902067655318,0.8277,5,28,3,4,5000,100,71.0,10.0,15.0,0.35,0.35,0.3,0.1,5.8793,0.0529,3.204,194.1991,2.3773,4.2541
244,59,260,368,259,384,94.39870535499554,156.46085772486356,94.32227705949104,172.4905794529081,0.7623,5,28,3,4,5000,100,71.0,10.0,15.0,0.35,0.35,0.3,0.1,5.4191,0.0487,2.9483,164.0852,-0.3129,-4.1057
244,72,392,325,402,334,43.27918516632713,164.83021567661677,43.18169703554817,178.2806775845324,0.7298,5,28,3,4,5000,100,71.0,10.0,15.0,0.35,0.35,0.3,0.1,4.3595,0.0392,2.3594,171.2918,3.1319,-2.944
244,69,379,304,388,312,40.68937417517947,141.1134295522577,40.763605200941164,153.15351775261317,0.7759,5,28,3,4,5000,100,71.0,10.0,15.0,0.35,0.35,0.3,0.1,4.5501,0.0409,2.4653,146.8872,2.7933,-2.405
244,70,131,237,120,240,169.94566440000565,143.19916200872126,169.56252464888183,154.55743269089325,0.5686,5,28,3,4,5000,100,71.0,10.0,15.0,0.35,0.35,0.3,0.1,4.2421,0.0381,2.2942,148.6617,-3.671,-0.664
244,71,150,236,141,237,168.8708107103888,124.33824833895642,169.19560540246076,133.3641631023867,0.6483,5,28,3,4,5000,100,71.0,10.0,15.0,0.35,0.35,0.3,0.1,3.895,0.035,2.1012,128.6931,-3.1705,-0.6141
245,59,261,368,259,384,94.03341107277019,156.3873396410336,94.32227705949104,172.4905794529081,0.6497,5,28,3,4,5000,100,71.0,10.0,15.0,0.35,0.35,0.3,0.1,5.4452,0.049,2.9627,164.0447,-0.3004,-4.1056
245,72,393,325,402,334,43.04193257076596,165.55965692160635,43.18169703554817,178.2806775845324,0.6793,5,28,3,4,5000,100,71.0,10.0,15.0,0.35,0.35,0.3,0.1,4.1143,0.037,2.2231,171.6848,3.145,-2.9445
245,69,379,304,388,312,40.68937417517947,141.1134295522577,40.763605200941164,153.15351775261317,0.7759,5,28,3,4,5000,100,71.0,10.0,15.0,0.35,0.35,0.3,0.1,4.5501,0.0409,2.4653,146.8872,2.7933,-2.405
245,70,131,237,119,240,169.94566440000565,143.19916200872126,169.62925847171536,155.54099138169335,0.6364,5,28,3,4,5000,100,71.0,10.0,15.0,0.35,0.35,0.3,0.1,4.5943,0.0413,2.4899,149.1151,-3.6826,-0.6639
245,71,150,236,141,237,168.8708107103888,124.33824833895642,169.19560540246076,133.3641631023867,0.6261,5,28,3,4,5000,100,71.0,10.0,15.0,0.35,0.35,0.3,0.1,3.895,0.035,2.1012,128.6931,-3.1705,-0.6141
246,72,392,325,402,334,43.27918516632713,164.83021567661677,43.18169703554817,178.2806775845324,0.7223,3,28,3,4,5000,100,71.0,10.0,15.0,0.35,0.35,0.3,0.1,4.3595,0.0392,2.3594,171.2918,3.1319,-2.944
246,69,379,304,388,312,40.68937417517947,141.1134295522577,40.763605200941164,153.15351775261317,0.7978,3,28,3,4,5000,100,71.0,10.0,15.0,0.35,0.35,0.3,0.1,4.5501,0.0409,2.4653,146.8872,2.7933,-2.405
246,70,141,237,120,240,169.19560540246076,133.3641631023867,169.56252464888183,154.55743269089325,0.7652,3,28,3,4,5000,100,71.0,10.0,15.0,0.35,0.35,0.3,0.1,8.1857,0.0736,4.4858,143.1808,-3.5316,-0.6614
