Frame_Number,Track_ID,Center_X,Center_Y,Right_X,Right_Y,Angle_A_deg,A_px,Angle_B_deg,C_px,Pair_Score,Pair_Count,Binary_Threshold,Blur_Size,Min_Area_px2,Max_Area_px2,Max_Width_px,Max_Radial_Gap_px,Max_Angle_Diff_deg,Max_Center_Offset_px,Weight_Angle,Weight_Area,Weight_Center,Min_Score_Threshold,Zprime_mm,Zdoubleprime,Z_mm,Z_mm_smoothed,B_px,X_mm,X_mm_smoothed,Y_mm,Y_mm_smoothed
0,1,456,410,492,449,47.09890593320355,270.29613389761977,47.130370559661245,323.3713036124263,0.7045,5,28,3,4,5000,100,71.0,10.0,15.0,0.35,0.35,0.3,0.1,9.9422,0.0894,5.4619,4.4157,294.4612,5.0285,4.9471,-5.4143,-5.3464
0,2,211,378,205,396,110.17685962711134,176.8530463407402,110.0081046789146,195.8187937865005,0.7009,5,28,3,4,5000,100,71.0,10.0,15.0,0.35,0.35,0.3,0.1,5.6595,0.0509,3.0818,2.9927,185.8533,-1.6019,-1.8525,-4.3801,-4.4851
0,3,403,348,417,362,46.07282927579154,188.83061192507955,45.971021931079164,208.62646045025065,0.7621,5,28,3,4,5000,100,71.0,10.0,15.0,0.35,0.35,0.3,0.1,5.5388,0.0498,3.0148,3.0422,198.2356,3.4544,3.2165,-3.5796,-3.6712
0,4,379,304,388,312,40.68937417517947,141.1134295522577,40.763605200941164,153.15351775261317,0.7759,5,28,3,4,5000,100,71.0,10.0,15.0,0.35,0.35,0.3,0.1,4.5501,0.0409,2.4653,2.4653,146.8872,2.7933,2.7933,-2.405,-2.4050
0,5,490,83,497,79,329.38536711965065,253.3081127796739,329.412194630867,261.36947029062134,0.8477,5,28,3,4,5000,100,71.0,10.0,15.0,0.35,0.35,0.3,0.1,1.7418,0.0157,0.9046,0.9046,257.2757,5.557,5.5570,3.2865,3.2865
1,2,204,382,197,400,111.80140948635182,183.09560344257315,111.74884456576632,202.4080037943164,0.7994,3,28,3,4,5000,100,71.0,10.0,15.0,0.35,0.35,0.3,0.1,5.5711,0.0501,3.0327,2.9819,192.2681,-1.7897,-1.9620,-4.4806,-4.5217
1,3,397,351,410,366,48.03556912505557,186.93849255838134,48.136358368332594,206.7849124090053,0.7602,3,28,3,4,5000,100,71.0,10.0,15.0,0.35,0.35,0.3,0.1,5.6056,0.0504,3.0519,3.0321,196.3615,3.2915,3.1039,-3.6669,-3.7015
1,4,379,304,388,312,40.68937417517947,141.1134295522577,40.763605200941164,153.15351775261317,0.7759,3,28,3,4,5000,100,71.0,10.0,15.0,0.35,0.35,0.3,0.1,4.5501,0.0409,2.4653,2.4653,146.8872,2.7933,2.7933,-2.405,-2.4050
2,2,190,387,181,404,115.10644604586585,193.25889371514057,115.35900239785802,212.47352776287215,0.6105,3,28,3,4,5000,100,71.0,10.0,15.0,0.35,0.35,0.3,0.1,5.2666,0.0474,2.8635,2.9961,202.4112,-2.1658,-2.1303,-4.5945,-4.5810
2,3,382,355,394,370,52.43140797117251,180.41341413542398,52.326406660169546,199.61963831246663,0.7614,3,28,3,4,5000,100,71.0,10.0,15.0,0.35,0.35,0.3,0.1,5.6202,0.0505,3.06,3.0361,189.5312,2.9035,2.9361,-3.767,-3.7521
2,4,379,304,388,312,40.68937417517947,141.1134295522577,40.763605200941164,153.15351775261317,0.7759,3,28,3,4,5000,100,71.0,10.0,15.0,0.35,0.35,0.3,0.1,4.5501,0.0409,2.4653,2.4653,146.8872,2.7933,2.7933,-2.405,-2.4050
3,2,185,388,176,406,116.30402437471253,196.32880583347927,116.32829310517087,216.453228204155,0.8071,3,28,3,4,5000,100,71.0,10.0,15.0,0.35,0.35,0.3,0.1,5.4217,0.0488,2.9497,2.9691,205.9005,-2.2907,-2.3882,-4.6314,-4.6738
3,3,377,356,388,371,53.901716032892,178.21616088334974,53.88701475554277,196.81717404738845,0.8142,3,28,3,4,5000,100,71.0,10.0,15.0,0.35,0.35,0.3,0.1,5.5157,0.0496,3.0019,3.0318,187.0554,2.7661,2.6758,-3.7924,-3.8323
3,4,379,304,388,312,40.68937417517947,141.1134295522577,40.763605200941164,153.15351775261317,0.7759,3,28,3,4,5000,100,71.0,10.0,15.0,0.35,0.35,0.3,0.1,4.5501,0.0409,2.4653,2.4653,146.8872,2.7933,2.7933,-2.405,-2.4050
4,2,166,395,154,414,120.08092307140524,211.482859825566,120.29169610031725,233.9401632896754,0.6705,3,28,3,4,5000,100,71.0,10.0,15.0,0.35,0.35,0.3,0.1,5.6069,0.0504,3.0526,2.9532,222.1454,-2.8034,-2.5379,-4.8183,-4.7221
4,3,358,362,367,378,60.17291534552527,172.90459797240788,60.21796191221412,191.26160095534075,0.8073,3,28,3,4,5000,100,71.0,10.0,15.0,0.35,0.35,0.3,0.1,5.6058,0.0504,3.052,3.0267,181.6204,2.2652,2.5219,-3.9548,-3.8736
4,4,379,304,388,312,40.68937417517947,141.1134295522577,40.763605200941164,153.15351775261317,0.7759,3,28,3,4,5000,100,71.0,10.0,15.0,0.35,0.35,0.3,0.1,4.5501,0.0409,2.4653,2.4653,146.8872,2.7933,2.7933,-2.405,-2.4050
5,2,162,396,151,415,120.87208336308032,214.37350582569667,120.79744123863634,236.32604596192948,0.73,3,28,3,4,5000,100,71.0,10.0,15.0,0.35,0.35,0.3,0.1,5.4167,0.0487,2.9469,2.9831,224.8151,-2.8915,-2.6619,-4.8442,-4.7646
5,3,354,363,362,379,61.495988478188565,171.82840277439584,61.67878876199121,189.70766985021982,0.7324,3,28,3,4,5000,100,71.0,10.0,15.0,0.35,0.35,0.3,0.1,5.4996,0.0495,2.993,3.0156,180.3259,2.1528,2.3947,-3.9802,-3.9091
5,4,379,304,388,312,40.68937417517947,141.1134295522577,40.763605200941164,153.15351775261317,0.7759,3,28,3,4,5000,100,71.0,10.0,15.0,0.35,0.35,0.3,0.1,4.5501,0.0409,2.4653,2.4348,146.8872,2.7933,2.7909,-2.405,-2.4051
6,6,137,415,123,436,123.62488464225451,243.79089400549807,123.63099973297476,269.02973813316623,0.8166,4,28,3,4,5000,100,71.0,10.0,15.0,0.35,0.35,0.3,0.1,5.4732,0.0492,2.9783,2.9844,255.7892,-3.5547,-3.6340,-5.3446,-5.5031
6,7,329,381,334,399,71.36187550561161,178.35358140502814,71.65701864145414,197.0101520226813,0.6459,4,28,3,4,5000,100,71.0,10.0,15.0,0.35,0.35,0.3,0.1,5.5273,0.0497,3.0084,3.0475,187.2182,1.4894,1.4100,-4.4557,-4.6139
6,4,379,304,388,312,40.68937417517947,141.1134295522577,40.763605200941164,153.15351775261317,0.7759,4,28,3,4,5000,100,71.0,10.0,15.0,0.35,0.35,0.3,0.1,4.5501,0.0409,2.4653,2.3737,146.8872,2.7933,2.7886,-2.405,-2.4128
6,8,390,161,400,156,336.6258356349518,128.5496013218244,336.3706222693432,139.71399357258383,0.7167,4,28,3,4,5000,100,71.0,10.0,15.0,0.35,0.35,0.3,0.1,4.6282,0.0416,2.5087,2.3699,133.8995,3.0812,2.9982,1.3402,1.1859
7,6,134,421,119,443,123.4362672833935,250.44959572736389,123.51800864525191,277.0739973364516,0.7322,3,28,3,4,5000,100,71.0,10.0,15.0,0.35,0.35,0.3,0.1,5.6127,0.0505,3.0558,2.9831,263.0899,-3.6419,-3.6799,-5.5066,-5.5886
7,7,325,387,331,406,73.15068858817492,182.84966502567076,73.08423991610105,202.7732724004818,0.7975,3,28,3,4,5000,100,71.0,10.0,15.0,0.35,0.35,0.3,0.1,5.7457,0.0517,3.1297,3.0196,192.2968,1.4015,1.3611,-4.6175,-4.6903
7,8,386,167,396,163,338.45902408146156,122.56018929489298,338.4379865279685,133.33041663476493,0.9131,3,28,3,4,5000,100,71.0,10.0,15.0,0.35,0.35,0.3,0.1,4.6806,0.0421,2.5378,2.3273,127.7186,2.9809,2.9441,1.1773,1.1118
8,9,421,408,456,453,52.75775484533084,246.2051989702898,52.63879174906132,303.2111475523286,0.9026,4,28,3,4,5000,100,71.0,10.0,15.0,0.35,0.35,0.3,0.1,11.5386,0.1038,6.3491,6.3491,271.7508,4.1332,4.1332,-5.424,-5.4240
8,6,131,427,117,449,123.25742153496047,257.1108710264893,123.18502476377678,283.18545160371497,0.7546,4,28,3,4,5000,100,71.0,10.0,15.0,0.35,0.35,0.3,0.1,5.3669,0.0483,2.9192,3.0083,269.519,-3.7053,-3.6997,-5.6581,-5.7048
8,7,323,393,328,412,74.26386459854103,188.04786624686813,74.35775354279127,207.69207977195472,0.7606,4,28,3,4,5000,100,71.0,10.0,15.0,0.35,0.35,0.3,0.1,5.5203,0.0496,3.0045,3.0221,197.3824,1.3392,1.3417,-4.7686,-4.8010
8,8,385,172,393,169,340.506938088849,119.87076374162301,340.43621638041736,128.41339493993607,0.778,4,28,3,4,5000,100,71.0,10.0,15.0,0.35,0.35,0.3,0.1,3.8263,0.0344,2.0631,2.3273,123.9951,2.9325,2.9441,1.0402,1.1118
9,6,127,434,112,457,123.15068804642237,265.15844319953305,123.146995832256,292.61749776799064,0.8555,5,28,3,4,5000,100,71.0,10.0,15.0,0.35,0.35,0.3,0.1,5.4747,0.0492,2.9791,3.1761,278.2121,-3.8176,-3.7395,-5.8453,-5.8744
9,7,318,399,323,418,76.18023829605487,192.57466084612483,76.09471808574892,212.2192262732102,0.7774,5,28,3,4,5000,100,71.0,10.0,15.0,0.35,0.35,0.3,0.1,5.3969,0.0485,2.9359,3.0252,201.9203,1.2142,1.3292,-4.9194,-5.0163
9,1,456,411,477,435,47.24281378301601,271.02951868754076,47.40821644112822,302.90922732726386,0.6155,5,28,3,4,5000,100,71.0,10.0,15.0,0.35,0.35,0.3,0.1,6.1771,0.0555,3.3695,4.0919,286.084,4.8657,4.9198,-5.2785,-5.3277
9,10,466,371,476,379,39.337622093346205,250.83261350948763,39.30469796956008,263.6380093992518,0.9027,5,28,3,4,5000,100,71.0,10.0,15.0,0.35,0.35,0.3,0.1,2.768,0.0249,1.4749,1.4749,257.0759,4.9906,4.9906,-4.0878,-4.0878
9,8,379,178,387,175,342.37198063218034,112.27199116431488,342.16498505733193,120.8056290079233,0.7545,5,28,3,4,5000,100,71.0,10.0,15.0,0.35,0.35,0.3,0.1,4.0716,0.0366,2.1994,2.2668,116.3826,2.7817,2.8984,0.8896,1.0357
10,6,129,446,113,471,121.42956561483851,274.23530042647684,121.54574781929654,303.9111712326482,0.741,4,28,3,4,5000,100,71.0,10.0,15.0,0.35,0.35,0.3,0.1,5.7082,0.0513,3.1089,3.3569,288.3116,-3.7792,-3.7607,-6.1694,-6.0124
10,7,320,411,325,432,76.43894759928276,204.70710783946902,76.45502663205447,226.29405648403582,0.8369,4,28,3,4,5000,100,71.0,10.0,15.0,0.35,0.35,0.3,0.1,5.5699,0.0501,3.032,3.0187,214.96,1.2641,1.3492,-5.244,-5.2166
10,1,456,411,477,436,47.24281378301601,271.02951868754076,47.53591809861778,303.64617567161946,0.4536,4,28,3,4,5000,100,71.0,10.0,15.0,0.35,0.35,0.3,0.1,6.3118,0.0568,3.4443,3.4069,286.4122,4.8651,4.8654,-5.2903,-5.2844
10,10,466,371,476,379,39.337622093346205,250.83261350948763,39.30469796956008,263.6380093992518,0.9395,4,28,3,4,5000,100,71.0,10.0,15.0,0.35,0.35,0.3,0.1,2.768,0.0249,1.4749,1.4749,257.0759,4.9906,4.9906,-4.0878,-4.0878
11,7,326,422,332,444,75.57922687248902,216.83173199511182,75.49983323344743,239.63305281200255,0.7845,1,28,3,4,5000,100,71.0,10.0,15.0,0.35,0.35,0.3,0.1,5.555,0.05,3.0238,3.0129,227.6629,1.4268,1.3818,-5.532,-5.3844
12,7,329,425,335,448,75.01836742760908,220.4948979001555,75.05347317571665,244.2642012248213,0.8133,3,28,3,4,5000,100,71.0,10.0,15.0,0.35,0.35,0.3,0.1,5.6875,0.0511,3.0974,3.0167,231.7717,1.5017,1.4368,-5.6189,-5.5170
12,4,379,304,387,312,40.68937417517947,141.1134295522577,41.00908690157022,152.3975065412817,0.66,3,28,3,4,5000,100,71.0,10.0,15.0,0.35,0.35,0.3,0.1,4.2754,0.0384,2.3126,2.3412,146.5386,2.7813,2.7862,-2.4055,-2.4179
12,11,390,206,399,206,357.0891621738322,118.15244390193544,357.29512401426433,127.1416532848303,0.7853,3,28,3,4,5000,100,71.0,10.0,15.0,0.35,0.35,0.3,0.1,4.0754,0.0366,2.2015,2.3843,122.4823,3.0699,3.0608,0.1504,0.1670
13,7,329,425,335,447,75.01836742760908,220.4948979001555,74.99273460099435,243.29817097545143,0.8216,2,28,3,4,5000,100,71.0,10.0,15.0,0.35,0.35,0.3,0.1,5.4677,0.0492,2.9753,3.0138,231.336,1.502,1.4794,-5.6075,-5.5746
13,11,389,206,399,205,357.06432655357884,117.15374513859982,356.845157135208,127.1927670899568,0.7039,2,28,3,4,5000,100,71.0,10.0,15.0,0.35,0.35,0.3,0.1,4.569,0.0411,2.4758,2.4119,121.967,3.0563,3.0534,0.1628,0.1848
14,7,329,424,334,446,74.95089799423022,219.52904135899652,75.16006083808709,242.0743687382041,0.6723,2,28,3,4,5000,100,71.0,10.0,15.0,0.35,0.35,0.3,0.1,5.4315,0.0488,2.9551,3.0157,230.2511,1.4895,1.4844,-5.5826,-5.5696
14,11,389,205,399,204,356.5761287550693,117.2092146548214,356.3955794608243,127.251719045363,0.7689,2,28,3,4,5000,100,71.0,10.0,15.0,0.35,0.35,0.3,0.1,4.5684,0.0411,2.4755,2.3794,122.0242,3.0563,3.0467,0.1879,0.2004
15,7,328,422,334,444,75.06858282186245,217.33844574764032,75.03784474567345,240.14162487998618,0.8097,2,28,3,4,5000,100,71.0,10.0,15.0,0.35,0.35,0.3,0.1,5.5432,0.0498,3.0172,3.0030,228.1717,1.4769,1.4744,-5.532,-5.5471
15,11,388,203,398,202,355.56352551434264,116.3486140871476,355.46222749209335,126.39620247459969,0.7892,2,28,3,4,5000,100,71.0,10.0,15.0,0.35,0.35,0.3,0.1,4.6031,0.0414,2.4947,2.3890,121.1645,3.0312,3.0366,0.238,0.2230
16,7,327,421,333,443,75.25643716352927,216.1157097482735,75.20761248040664,238.91839611047115,0.8007,3,28,3,4,5000,100,71.0,10.0,15.0,0.35,0.35,0.3,0.1,5.5728,0.0501,3.0337,3.1247,226.9457,1.4518,1.4566,-5.5068,-5.5309
16,4,379,306,387,313,41.299456944821664,142.42541907960108,41.291571842869544,153.05554547287727,0.7316,3,28,3,4,5000,100,71.0,10.0,15.0,0.35,0.35,0.3,0.1,4.0008,0.036,2.16,2.2802,147.5493,2.7818,2.7839,-2.4435,-2.4256
16,11,388,202,397,201,355.072890052351,116.43023662262307,354.97092641821456,125.4830665866913,0.8923,3,28,3,4,5000,100,71.0,10.0,15.0,0.35,0.35,0.3,0.1,4.1616,0.0374,2.2494,2.4497,120.7873,3.0196,3.0238,0.2631,0.2480
17,7,327,421,333,443,75.25643716352927,216.1157097482735,75.20761248040664,238.91839611047115,0.7924,3,28,3,4,5000,100,71.0,10.0,15.0,0.35,0.35,0.3,0.1,5.5728,0.0501,3.0337,3.2544,226.9457,1.4518,1.4362,-5.5068,-5.5147
17,4,379,305,387,313,40.99582705929062,141.76741515595182,41.291571842869544,153.05554547287727,0.5729,3,28,3,4,5000,100,71.0,10.0,15.0,0.35,0.35,0.3,0.1,4.2579,0.0383,2.3029,2.2783,147.1954,2.7814,2.7789,-2.4306,-2.4356
17,11,388,202,397,201,355.072890052351,116.43023662262307,354.97092641821456,125.4830665866913,0.939,3,28,3,4,5000,100,71.0,10.0,15.0,0.35,0.35,0.3,0.1,4.1616,0.0374,2.2494,2.5153,120.7873,3.0196,3.0060,0.2631,0.2680
18,7,325,420,332,446,75.7047943202544,214.64622055838765,75.6186054089094,241.56986567036876,0.7665,3,28,3,4,5000,100,71.0,10.0,15.0,0.35,0.35,0.3,0.1,6.5629,0.059,3.5839,3.4329,227.3136,1.4129,1.4083,-5.5265,-5.4979
18,4,379,306,387,313,41.299456944821664,142.42541907960108,41.291571842869544,153.05554547287727,0.7551,3,28,3,4,5000,100,71.0,10.0,15.0,0.35,0.35,0.3,0.1,4.0008,0.036,2.16,2.3070,147.5493,2.7818,2.7763,-2.4435,-2.4456
18,11,386,201,397,200,354.4885225839794,114.5294721894762,354.5164095555356,125.57467897629681,0.8011,3,28,3,4,5000,100,71.0,10.0,15.0,0.35,0.35,0.3,0.1,5.1157,0.046,2.7797,2.6361,119.798,2.9924,2.9905,0.288,0.2855
19,7,324,419,331,445,75.89864771974324,213.43148783626094,75.79030868800554,240.35390573069537,0.7498,3,28,3,4,5000,100,71.0,10.0,15.0,0.35,0.35,0.3,0.1,6.5978,0.0593,3.6033,3.6150,226.0941,1.3878,1.3853,-5.5013,-5.4760
19,4,378,306,387,314,41.56636963754948,141.6756859873987,41.57163144114504,153.7172729396407,0.8098,3,28,3,4,5000,100,71.0,10.0,15.0,0.35,0.35,0.3,0.1,4.5333,0.0408,2.456,2.3662,147.451,2.7683,2.7736,-2.4551,-2.4479
19,11,385,201,396,200,354.44005273669046,113.53413583587978,354.4724598483438,124.57929201917949,0.8677,3,28,3,4,5000,100,71.0,10.0,15.0,0.35,0.35,0.3,0.1,5.1585,0.0464,2.8034,2.8595,118.8005,2.9673,2.9744,0.288,0.3080
20,6,134,450,115,479,120.1065270411584,275.1145216087293,120.45616600654431,309.7385994673573,0.382,4,28,3,4,5000,100,71.0,10.0,15.0,0.35,0.35,0.3,0.1,6.5836,0.0592,3.5954,3.5997,291.4017,-3.6884,-3.7715,-6.3141,-6.1073
20,7,322,416,329,444,76.22840028291759,210.03809178337153,76.19642846937674,238.89956048515452,0.7988,4,28,3,4,5000,100,71.0,10.0,15.0,0.35,0.35,0.3,0.1,7.1494,0.0643,3.9098,3.8451,223.5411,1.337,1.3547,-5.4479,-5.4361
20,4,378,306,387,314,41.56636963754948,141.6756859873987,41.57163144114504,153.7172729396407,0.8254,4,28,3,4,5000,100,71.0,10.0,15.0,0.35,0.35,0.3,0.1,4.5333,0.0408,2.456,2.4234,147.451,2.7683,2.7709,-2.4551,-2.4552
20,11,384,200,396,198,353.8844964337146,112.64102272262978,353.558399900665,124.78781991845197,0.8352,4,28,3,4,5000,100,71.0,10.0,15.0,0.35,0.35,0.3,0.1,5.6893,0.0512,3.0984,3.0914,118.4037,2.9534,2.9484,0.3254,0.3504
21,7,322,414,329,442,76.09731288577944,208.09613163151303,76.08104557911489,236.95780215050948,0.8331,3,28,3,4,5000,100,71.0,10.0,15.0,0.35,0.35,0.3,0.1,7.2118,0.0648,3.9445,3.9751,221.5911,1.3369,1.3243,-5.3975,-5.3722
21,4,378,306,387,314,41.56636963754948,141.6756859873987,41.57163144114504,153.7172729396407,0.785,3,28,3,4,5000,100,71.0,10.0,15.0,0.35,0.35,0.3,0.1,4.5333,0.0408,2.456,2.4501,147.451,2.7683,2.7708,-2.4551,-2.4576
21,11,383,198,396,196,352.81146285726334,111.87939935484101,352.6476206401076,125.02799686470227,0.8717,3,28,3,4,5000,100,71.0,10.0,15.0,0.35,0.35,0.3,0.1,6.1721,0.0555,3.3667,3.2290,118.0888,2.9395,2.9227,0.3753,0.4054
22,6,132,444,112,476,121.10880882854515,270.9686328710392,121.21840276434638,308.7005021051958,0.7632,4,28,3,4,5000,100,71.0,10.0,15.0,0.35,0.35,0.3,0.1,7.2387,0.0651,3.9595,3.8502,288.6065,-3.7482,-3.7597,-6.197,-6.1619
22,7,320,410,328,439,76.37300514010846,203.73512215619573,76.1420623242386,233.80547470065795,0.7042,4,28,3,4,5000,100,71.0,10.0,15.0,0.35,0.35,0.3,0.1,7.6428,0.0687,4.1841,4.1376,217.737,1.2987,1.3014,-5.3073,-5.3103
22,4,378,306,387,315,41.56636963754948,141.6756859873987,41.84928358673226,154.38264151127873,0.6418,4,28,3,4,5000,100,71.0,10.0,15.0,0.35,0.35,0.3,0.1,4.7731,0.0429,2.5892,2.3642,147.7565,2.7678,2.7686,-2.4672,-2.4579
22,11,381,194,394,192,350.62293930569564,110.47624178980746,350.690059825014,123.62847568420473,0.7764,4,28,3,4,5000,100,71.0,10.0,15.0,0.35,0.35,0.3,0.1,6.2478,0.0562,3.4088,3.4095,116.6829,2.8892,2.9042,0.4753,0.4653
23,6,132,441,111,474,121.4396849682326,268.40454541605664,121.57088373002908,307.514227313144,0.7247,4,28,3,4,5000,100,71.0,10.0,15.0,0.35,0.35,0.3,0.1,7.5519,0.0679,4.1335,4.1101,286.6314,-3.7592,-3.7577,-6.1322,-6.1387
23,7,319,406,326,435,76.38145833855894,199.6121238802894,76.38771333629754,229.44498251214821,0.8126,4,28,3,4,5000,100,71.0,10.0,15.0,0.35,0.35,0.3,0.1,7.7324,0.0695,4.2338,4.2774,213.4914,1.2611,1.2885,-5.2068,-5.2462
23,4,379,306,387,314,41.299456944821664,142.42541907960108,41.57163144114504,153.7172729396407,0.5923,4,28,3,4,5000,100,71.0,10.0,15.0,0.35,0.35,0.3,0.1,4.2403,0.0381,2.2931,2.3073,147.8561,2.7814,2.7663,-2.4557,-2.4556
23,11,380,191,393,188,348.9964591482505,110.02272492535349,348.78115771873115,123.35720489699821,0.6721,4,28,3,4,5000,100,71.0,10.0,15.0,0.35,0.35,0.3,0.1,6.354,0.0571,3.4678,3.5456,116.309,2.8639,2.8835,0.5628,0.5302
24,6,132,440,111,474,121.5513849483135,267.5518641310503,121.57088373002908,307.514227313144,0.7967,3,28,3,4,5000,100,71.0,10.0,15.0,0.35,0.35,0.3,0.1,7.728,0.0695,4.2314,4.2363,286.1445,-3.7584,-3.7608,-6.1184,-6.0958
24,7,319,405,327,435,76.31354327018973,198.64037857394453,76.1452631461667,229.68238939892626,0.7293,3,28,3,4,5000,100,71.0,10.0,15.0,0.35,0.35,0.3,0.1,8.0596,0.0725,4.4157,4.4310,213.0365,1.2731,1.2730,-5.1922,-5.1770
24,11,380,190,394,187,348.486168815513,110.21796586763884,348.41938081777187,124.53513560437472,0.9753,3,28,3,4,5000,100,71.0,10.0,15.0,0.35,0.35,0.3,0.1,6.7823,0.061,3.7059,3.6910,116.94,2.8751,2.8626,0.5875,0.6025
25,6,132,437,110,472,121.89079180184572,265.0,121.92608114174963,306.33968074671617,0.8025,3,28,3,4,5000,100,71.0,10.0,15.0,0.35,0.35,0.3,0.1,8.0465,0.0724,4.4084,4.3703,284.1743,-3.7694,-3.7672,-6.0535,-6.0390
25,7,319,402,327,433,76.10575321660664,195.7268504830137,76.02477437856182,227.74108105478027,0.7555,3,28,3,4,5000,100,71.0,10.0,15.0,0.35,0.35,0.3,0.1,8.4073,0.0756,4.6089,4.5818,210.5238,1.2725,1.2651,-5.1274,-5.1077
25,11,379,188,393,184,347.35784767211015,109.65856099730654,346.9708051920563,124.19742348374221,0.7726,3,28,3,4,5000,100,71.0,10.0,15.0,0.35,0.35,0.3,0.1,6.9138,0.0622,3.7789,3.8774,116.4761,2.8497,2.8490,0.6499,0.6697
26,6,132,434,110,469,122.23678655213024,262.4576156258378,122.2252891675778,303.7976300105055,0.8334,4,28,3,4,5000,100,71.0,10.0,15.0,0.35,0.35,0.3,0.1,8.1188,0.073,4.4486,4.5124,281.6186,-3.769,-3.7709,-5.978,-5.9846
26,7,318,399,327,430,76.18023829605487,192.57466084612483,75.84014123409445,224.83104767802868,0.6429,4,28,3,4,5000,100,71.0,10.0,15.0,0.35,0.35,0.3,0.1,8.5939,0.0773,4.7126,4.7741,207.4565,1.2597,1.2600,-5.0512,-5.0513
26,4,378,307,386,313,41.867534801431965,142.3411395205195,41.53981677101354,152.3056138164316,0.5928,4,28,3,4,5000,100,71.0,10.0,15.0,0.35,0.35,0.3,0.1,3.7609,0.0338,2.0267,2.2829,147.1549,2.7572,2.7614,-2.4564,-2.4532
26,11,378,185,393,180,345.70967491818226,109.38464243210744,345.1865358811953,125.15989773086265,0.7361,4,28,3,4,5000,100,71.0,10.0,15.0,0.35,0.35,0.3,0.1,7.4797,0.0673,4.0934,4.0605,116.7418,2.8353,2.8405,0.7369,0.7369
27,6,132,431,109,467,122.58953690171563,259.9249891795708,122.5873518468824,302.6450065671,0.8226,4,28,3,4,5000,100,71.0,10.0,15.0,0.35,0.35,0.3,0.1,8.4448,0.0759,4.6297,4.6629,279.663,-3.7798,-3.7770,-5.913,-5.9350
27,7,318,395,327,427,75.89011161181645,188.692872149427,75.65066795705286,221.92341021172146,0.6906,4,28,3,4,5000,100,71.0,10.0,15.0,0.35,0.35,0.3,0.1,8.9999,0.0809,4.9382,5.1353,203.9635,1.259,1.2339,-4.961,-4.9690
27,4,378,306,386,313,41.56636963754948,141.6756859873987,41.53981677101354,152.3056138164316,0.8636,4,28,3,4,5000,100,71.0,10.0,15.0,0.35,0.35,0.3,0.1,4.0211,0.0362,2.1713,2.2320,146.7985,2.7567,2.7565,-2.4435,-2.4483
27,11,377,182,393,177,344.05460409907715,109.20164833920778,343.8671594695146,125.96031120952345,0.8231,4,28,3,4,5000,100,71.0,10.0,15.0,0.35,0.35,0.3,0.1,7.9251,0.0713,4.3409,4.2516,116.9838,2.8212,2.8268,0.8114,0.7940
28,6,132,428,109,466,122.94921511659044,257.4024086911387,122.68959954114868,301.80291582421796,0.6488,4,28,3,4,5000,100,71.0,10.0,15.0,0.35,0.35,0.3,0.1,8.8298,0.0794,4.8437,4.8090,277.84,-3.7778,-3.7830,-5.86,-5.8953
28,7,317,392,331,437,75.96375653207353,185.53975315279473,75.30658662950877,232.606964642076,0.4589,4,28,3,4,5000,100,71.0,10.0,15.0,0.35,0.35,0.3,0.1,12.5177,0.1126,6.8932,5.4846,206.4244,1.2884,1.2028,-5.0173,-4.8794
28,4,377,306,386,313,41.836116381119254,140.92906016858268,41.53981677101354,152.3056138164316,0.6656,4,28,3,4,5000,100,71.0,10.0,15.0,0.35,0.35,0.3,0.1,4.3145,0.0388,2.3344,2.2402,146.3967,2.7437,2.7490,-2.443,-2.4458
28,11,377,179,393,173,342.5528115767178,110.06361796706484,342.13513962207685,127.12985487288185,0.7219,4,28,3,4,5000,100,71.0,10.0,15.0,0.35,0.35,0.3,0.1,8.0015,0.072,4.3834,4.4948,117.9828,2.821,2.8152,0.8987,0.8460
29,6,132,428,108,467,122.94921511659044,257.4024086911387,122.74658096468845,303.18476215007905,0.6866,5,28,3,4,5000,100,71.0,10.0,15.0,0.35,0.35,0.3,0.1,9.0822,0.0817,4.984,4.9907,278.4241,-3.7889,-3.7862,-5.8703,-5.8800
29,12,437,385,466,413,46.355859976106665,239.06902768865731,46.01526197167114,279.35103364763125,0.5684,5,28,3,4,5000,100,71.0,10.0,15.0,0.35,0.35,0.3,0.1,8.641,0.0777,4.7388,4.7388,257.645,4.4772,4.4772,-4.6643,-4.6643
29,13,438,351,476,379,39.94110195601155,216.510969698997,39.30469796956008,263.6380093992518,0.5879,5,28,3,4,5000,100,71.0,10.0,15.0,0.35,0.35,0.3,0.1,10.9151,0.0982,6.0026,6.0026,237.7617,4.5978,4.5978,-3.8025,-3.8025
29,4,377,306,386,313,41.836116381119254,140.92906016858268,41.53981677101354,152.3056138164316,0.6592,5,28,3,4,5000,100,71.0,10.0,15.0,0.35,0.35,0.3,0.1,4.3145,0.0388,2.3344,2.2994,146.3967,2.7437,2.7463,-2.443,-2.4481
29,11,376,180,393,174,342.89727103094765,108.81176406988355,342.5651253052007,126.82665335015349,0.8584,5,28,3,4,5000,100,71.0,10.0,15.0,0.35,0.35,0.3,0.1,8.502,0.0765,4.6615,4.7086,117.1306,2.8066,2.8087,0.8732,0.8730
30,6,132,427,107,467,123.07067782276167,256.56383221335,122.90524292298791,303.7268509697488,0.71,3,28,3,4,5000,100,71.0,10.0,15.0,0.35,0.35,0.3,0.1,9.361,0.0842,5.1389,5.1567,278.1603,-3.7997,-3.8020,-5.8553,-5.8450
30,4,377,306,386,313,41.836116381119254,140.92906016858268,41.53981677101354,152.3056138164316,0.6683,3,28,3,4,5000,100,71.0,10.0,15.0,0.35,0.35,0.3,0.1,4.3145,0.0388,2.3344,2.3321,146.3967,2.7437,2.7437,-2.443,-2.4480
30,11,375,179,393,172,342.2351466993025,108.15729286552988,341.70722403543493,127.4401820463232,0.8281,3,28,3,4,5000,100,71.0,10.0,15.0,0.35,0.35,0.3,0.1,9.102,0.0818,4.995,4.9464,117.0096,2.7917,2.7928,0.9098,0.9314
31,6,133,428,107,470,122.76203131319906,256.8598839834668,122.60033357369024,306.2498979591667,0.7235,3,28,3,4,5000,100,71.0,10.0,15.0,0.35,0.35,0.3,0.1,9.7539,0.0877,5.3573,5.3217,279.3889,-3.785,-3.8201,-5.9016,-5.8025
31,4,377,307,386,314,42.13759477388825,141.59802258506295,41.82016988013577,152.97058540778355,0.6444,3,28,3,4,5000,100,71.0,10.0,15.0,0.35,0.35,0.3,0.1,4.2934,0.0386,2.3227,2.2994,147.0648,2.7437,2.7463,-2.4681,-2.4481
31,11,375,180,394,174,342.7410457070959,107.8563859954523,342.699472808055,127.7810627597063,0.8573,3,28,3,4,5000,100,71.0,10.0,15.0,0.35,0.35,0.3,0.1,9.4033,0.0846,5.1624,5.2124,116.9763,2.8029,2.7709,0.872,0.9954
32,6,131,422,103,463,123.87853980510967,252.94465797877606,123.95264946173556,302.59213472924245,0.7868,3,28,3,4,5000,100,71.0,10.0,15.0,0.35,0.35,0.3,0.1,9.9385,0.0894,5.4598,5.4244,275.5499,-3.8585,-3.8390,-5.738,-5.7336
32,7,313,385,323,424,76.66721642943618,177.79201331893398,76.47360540594498,218.04815981796315,0.7444,3,28,3,4,5000,100,71.0,10.0,15.0,0.35,0.35,0.3,0.1,11.3096,0.1017,6.2218,5.7694,195.8731,1.1424,1.1719,-4.7807,-4.7858
32,4,377,306,386,313,41.836116381119254,140.92906016858268,41.53981677101354,152.3056138164316,0.6683,3,28,3,4,5000,100,71.0,10.0,15.0,0.35,0.35,0.3,0.1,4.3145,0.0388,2.3344,2.3263,146.3967,2.7437,2.7462,-2.443,-2.4505
33,6,131,418,102,460,124.3903144087126,249.63373169505758,124.43000877917292,300.6725793949292,0.7646,4,28,3,4,5000,100,71.0,10.0,15.0,0.35,0.35,0.3,0.1,10.3141,0.0927,5.6686,5.5420,272.7863,-3.8686,-3.8650,-5.6474,-5.6321
33,7,312,381,322,420,76.68391695089274,173.66922582887275,76.48343189120868,213.92522057952868,0.7216,4,28,3,4,5000,100,71.0,10.0,15.0,0.35,0.35,0.3,0.1,11.5501,0.1039,6.3555,6.0654,191.7067,1.1171,1.1311,-4.6792,-4.6697
33,4,378,306,386,313,41.56636963754948,141.6756859873987,41.53981677101354,152.3056138164316,0.816,4,28,3,4,5000,100,71.0,10.0,15.0,0.35,0.35,0.3,0.1,4.0211,0.0362,2.1713,2.3532,146.7985,2.7567,2.7461,-2.4435,-2.4530
33,11,371,172,391,162,337.9993016494594,106.77546534667971,337.20940915821495,129.07749610214788,0.6449,4,28,3,4,5000,100,71.0,10.0,15.0,0.35,0.35,0.3,0.1,10.5157,0.0946,5.7806,5.4595,116.8721,2.7109,2.7366,1.1192,1.1092
34,6,130,414,102,454,125.10607933026459,246.9169900999119,125.08724855327618,295.7431317883815,0.7801,4,28,3,4,5000,100,71.0,10.0,15.0,0.35,0.35,0.3,0.1,10.006,0.09,5.4973,5.6185,269.1335,-3.883,-3.8890,-5.5258,-5.5214
34,7,312,378,321,415,76.4520610119995,170.75128110793196,76.42956561483852,208.83007446246816,0.7892,4,28,3,4,5000,100,71.0,10.0,15.0,0.35,0.35,0.3,0.1,11.1561,0.1003,6.1365,6.3083,187.8807,1.1054,1.0999,-4.5833,-4.5608
34,4,377,306,386,314,41.836116381119254,140.92906016858268,41.82016988013577,152.97058540778355,0.8332,4,28,3,4,5000,100,71.0,10.0,15.0,0.35,0.35,0.3,0.1,4.5563,0.041,2.4688,2.3824,146.7031,2.7432,2.7460,-2.4551,-2.4504
34,11,371,168,391,158,336.0375110254218,108.33743581975715,335.5923313322199,130.6789960169575,0.7194,4,28,3,4,5000,100,71.0,10.0,15.0,0.35,0.35,0.3,0.1,10.3949,0.0935,5.7135,5.6091,118.4641,2.7114,2.7106,1.2189,1.2133
35,6,129,407,99,447,126.2538377374448,241.81397809059757,126.35939358617604,291.8115830463212,0.7414,4,28,3,4,5000,100,71.0,10.0,15.0,0.35,0.35,0.3,0.1,10.4195,0.0937,5.7272,5.6764,264.4705,-3.9301,-3.8635,-5.3479,-5.4010
35,7,310,370,319,407,76.47683934958398,162.50538452617502,76.44871527305365,200.58414693090776,0.7763,4,28,3,4,5000,100,71.0,10.0,15.0,0.35,0.35,0.3,0.1,11.6628,0.1049,6.4181,6.3844,179.548,1.0548,1.1244,-4.3804,-4.4306
35,4,377,306,386,314,41.836116381119254,140.92906016858268,41.82016988013577,152.97058540778355,0.8482,4,28,3,4,5000,100,71.0,10.0,15.0,0.35,0.35,0.3,0.1,4.5563,0.041,2.4688,2.3824,146.7031,2.7432,2.7460,-2.4551,-2.4504
35,11,368,160,388,148,331.55707137563667,109.17875251164945,331.1134182330893,132.48396129343357,0.6884,4,28,3,4,5000,100,71.0,10.0,15.0,0.35,0.35,0.3,0.1,10.7245,0.0964,5.8967,5.7207,119.7076,2.6353,2.6875,1.4419,1.2986
36,6,130,407,100,447,126.06229918358973,241.22396232547047,126.20095259507657,291.2198482246703,0.7324,4,28,3,4,5000,100,71.0,10.0,15.0,0.35,0.35,0.3,0.1,10.4423,0.0939,5.7398,5.6344,263.8746,-3.905,-3.7843,-5.3477,-5.2648
36,7,311,370,320,407,76.13453331251938,162.74212730574712,76.17134902771984,200.82081565415473,0.7848,4,28,3,4,5000,100,71.0,10.0,15.0,0.35,0.35,0.3,0.1,11.6476,0.1047,6.4097,6.3575,179.7873,1.0796,1.1965,-4.3805,-4.2845
36,4,377,306,386,314,41.836116381119254,140.92906016858268,41.82016988013577,152.97058540778355,0.8482,4,28,3,4,5000,100,71.0,10.0,15.0,0.35,0.35,0.3,0.1,4.5563,0.041,2.4688,2.3824,146.7031,2.7432,2.7460,-2.4551,-2.4504
36,11,369,160,389,149,331.80502093753785,110.05907504608605,331.6992442339936,132.8834075421006,0.7873,4,28,3,4,5000,100,71.0,10.0,15.0,0.35,0.35,0.3,0.1,10.4479,0.0939,5.7429,5.7844,120.3991,2.6614,2.6694,1.4302,1.3637
37,6,136,399,108,438,126.02737338510362,231.22499864850255,125.9670303010289,279.23466833471804,0.7854,3,28,3,4,5000,100,71.0,10.0,15.0,0.35,0.35,0.3,0.1,10.4593,0.0941,5.7493,5.6413,252.9721,-3.7308,-3.6013,-5.1361,-5.0755
37,7,316,361,330,396,73.54802331634622,155.36087023443193,72.50424212281357,192.92485583770693,0.4537,3,28,3,4,5000,100,71.0,10.0,15.0,0.35,0.35,0.3,0.1,11.9942,0.1079,6.6023,6.4128,172.1172,1.265,1.2193,-4.1297,-4.2098
37,4,377,306,386,313,41.836116381119254,140.92906016858268,41.53981677101354,152.3056138164316,0.6536,3,28,3,4,5000,100,71.0,10.0,15.0,0.35,0.35,0.3,0.1,4.3145,0.0388,2.3344,2.3555,146.3967,2.7437,2.7461,-2.443,-2.4479
38,6,144,393,121,430,125.26727496702478,221.68671588527806,124.70881815761767,265.1886121235224,0.5045,3,28,3,4,5000,100,71.0,10.0,15.0,0.35,0.35,0.3,0.1,9.9363,0.0893,5.4586,5.6168,241.4942,-3.4727,-3.3080,-4.9664,-4.8445
38,7,325,355,338,387,69.66381471246356,152.50573759698355,69.33639086514452,187.0320828093405,0.6869,3,28,3,4,5000,100,71.0,10.0,15.0,0.35,0.35,0.3,0.1,11.3083,0.1017,6.2211,6.4110,168.0135,1.4777,1.2741,-3.9487,-4.1530
38,4,378,306,386,313,41.56636963754948,141.6756859873987,41.53981677101354,152.3056138164316,0.8588,3,28,3,4,5000,100,71.0,10.0,15.0,0.35,0.35,0.3,0.1,4.0211,0.0362,2.1713,2.3287,146.7985,2.7567,2.7462,-2.4435,-2.4455
39,6,174,377,154,410,120.70774492257844,191.9088325221119,120.79323388223963,230.4951192541829,0.7783,3,28,3,4,5000,100,71.0,10.0,15.0,0.35,0.35,0.3,0.1,10.1587,0.0913,5.5822,5.6077,209.4396,-2.6875,-2.9971,-4.5166,-4.5934
39,14,354,340,374,368,57.35535986508352,152.0131573252789,56.82148834060726,186.3866948041088,0.6333,3,28,3,4,5000,100,71.0,10.0,15.0,0.35,0.35,0.3,0.1,11.2961,0.1016,6.2143,6.2441,167.4542,2.2849,2.4957,-3.5266,-3.2697
39,4,377,306,386,313,41.836116381119254,140.92906016858268,41.53981677101354,152.3056138164316,0.658,3,28,3,4,5000,100,71.0,10.0,15.0,0.35,0.35,0.3,0.1,4.3145,0.0388,2.3344,2.3018,146.3967,2.7437,2.7463,-2.443,-2.4431
40,6,182,365,164,396,120.46554491945989,177.50774630984418,120.41108126712537,213.3541656495134,0.7575,4,28,3,4,5000,100,71.0,10.0,15.0,0.35,0.35,0.3,0.1,10.199,0.0917,5.6046,5.5740,193.7872,-2.4634,-2.7163,-4.1928,-4.3824
40,14,364,328,386,353,51.58194465517801,148.05404418657398,51.04409216224111,181.3201588351389,0.6288,4,28,3,4,5000,100,71.0,10.0,15.0,0.35,0.35,0.3,0.1,11.2317,0.101,6.1786,6.2242,163.0072,2.5584,2.5456,-3.1917,-3.2223
40,15,462,145,497,132,340.57574044111493,201.4671189052943,340.4268741695898,238.79907872519107,0.6074,4,28,3,4,5000,100,71.0,10.0,15.0,0.35,0.35,0.3,0.1,9.4297,0.0848,5.1771,4.7879,218.5503,5.1696,5.2247,1.8312,1.5896
40,16,450,99,500,67,327.59133490824314,210.83880098312076,327.5450710579946,270.20177645604036,0.8516,4,28,3,4,5000,100,71.0,10.0,15.0,0.35,0.35,0.3,0.1,13.7236,0.1234,7.5634,6.9276,236.8574,5.0165,5.0594,3.1878,3.2326
41,17,456,403,493,438,46.06939702063312,265.2112365643658,45.640865660919886,316.09650425147066,0.3926,4,28,3,4,5000,100,71.0,10.0,15.0,0.35,0.35,0.3,0.1,9.7346,0.0875,5.3466,5.3466,288.4267,5.0427,5.0427,-5.1921,-5.1921
41,6,186,361,169,392,119.99273460099437,172.03778654702577,119.77914910356985,207.38611332488009,0.7007,4,28,3,4,5000,100,71.0,10.0,15.0,0.35,0.35,0.3,0.1,10.3604,0.0932,5.6943,5.6299,188.0654,-2.3508,-2.4794,-4.0922,-4.1950
41,14,367,324,390,349,49.69491427925102,146.8638825579659,49.2612232444987,180.8120571200936,0.6555,4,28,3,4,5000,100,71.0,10.0,15.0,0.35,0.35,0.3,0.1,11.5214,0.1036,6.3395,6.2480,162.0794,2.6439,2.5826,-3.0907,-3.1786
41,4,377,306,386,313,41.836116381119254,140.92906016858268,41.53981677101354,152.3056138164316,0.6783,4,28,3,4,5000,100,71.0,10.0,15.0,0.35,0.35,0.3,0.1,4.3145,0.0388,2.3344,2.3287,146.3967,2.7437,2.7462,-2.443,-2.4455
42,6,187,361,170,391,119.70345268556993,171.54008277950666,119.67589183056877,206.0218435020908,0.7653,4,28,3,4,5000,100,71.0,10.0,15.0,0.35,0.35,0.3,0.1,10.1563,0.0913,5.5809,5.6424,187.2064,-2.3267,-2.3089,-4.0811,-4.1276
42,14,369,324,392,348,49.105098513162574,148.16544806398016,48.57633437499735,181.37254478007415,0.6262,4,28,3,4,5000,100,71.0,10.0,15.0,0.35,0.35,0.3,0.1,11.2062,0.1008,6.1644,6.2450,163.0959,2.6951,2.7043,-3.0801,-3.1165
42,4,377,306,386,313,41.836116381119254,140.92906016858268,41.53981677101354,152.3056138164316,0.6988,4,28,3,4,5000,100,71.0,10.0,15.0,0.35,0.35,0.3,0.1,4.3145,0.0388,2.3344,2.3613,146.3967,2.7437,2.7436,-2.443,-2.4454
42,16,456,93,499,67,327.10767025676034,219.12781658201223,327.43092207628774,269.3584971743049,0.8211,4,28,3,4,5000,100,71.0,10.0,15.0,0.35,0.35,0.3,0.1,11.4354,0.1028,6.2917,6.9276,241.6606,5.1023,5.0594,3.2774,3.2326
43,6,189,359,171,389,119.45019583029841,168.81350656863924,119.710008641776,203.78910667648555,0.6786,4,28,3,4,5000,100,71.0,10.0,15.0,0.35,0.35,0.3,0.1,10.4389,0.0939,5.7379,5.6488,184.6598,-2.2883,-2.2093,-4.0294,-4.1997
43,14,370,321,394,345,48.04184215661838,146.57762448614045,47.470051295960864,180.47991578012218,0.6231,4,28,3,4,5000,100,71.0,10.0,15.0,0.35,0.35,0.3,0.1,11.5276,0.1037,6.343,6.2795,161.7716,2.7307,2.7983,-3.0038,-3.1857
43,4,377,306,386,314,41.836116381119254,140.92906016858268,41.82016988013577,152.97058540778355,0.9338,4,28,3,4,5000,100,71.0,10.0,15.0,0.35,0.35,0.3,0.1,4.5563,0.041,2.4688,2.3613,146.7031,2.7432,2.7436,-2.4551,-2.4454
43,15,468,161,499,155,345.414831727257,202.52654147049466,345.9043826885461,234.04700382615454,0.4711,4,28,3,4,5000,100,71.0,10.0,15.0,0.35,0.35,0.3,0.1,8.0291,0.0722,4.3987,4.7879,217.1489,5.2798,5.2247,1.348,1.5896
44,6,195,367,179,398,116.41700039673367,173.07223925286226,116.56505117707799,207.95432190748045,0.7353,3,28,3,4,5000,100,71.0,10.0,15.0,0.35,0.35,0.3,0.1,10.1808,0.0915,5.5945,5.6518,188.9166,-2.1151,-2.1222,-4.2427,-4.3091
44,14,376,329,401,354,48.366460663429805,156.54072952429985,47.746400677344226,191.84629264074925,0.6237,3,28,3,4,5000,100,71.0,10.0,15.0,0.35,0.35,0.3,0.1,11.2698,0.1013,6.1997,6.2713,172.4046,2.8935,2.8878,-3.2164,-3.2950
44,4,377,306,386,313,41.836116381119254,140.92906016858268,41.53981677101354,152.3056138164316,0.6664,3,28,3,4,5000,100,71.0,10.0,15.0,0.35,0.35,0.3,0.1,4.3145,0.0388,2.3344,2.3613,146.3967,2.7437,2.7436,-2.443,-2.4454
45,6,200,378,186,412,113.44806257795783,180.94197965093673,113.26770481005696,217.70622407271685,0.7115,3,28,3,4,5000,100,71.0,10.0,15.0,0.35,0.35,0.3,0.1,10.2558,0.0922,5.6362,5.7021,197.6289,-1.9656,-2.0473,-4.5532,-4.4055
45,14,381,340,407,369,49.583529809117024,168.12197952677099,49.308664916524876,207.06037766796427,0.7078,3,28,3,4,5000,100,71.0,10.0,15.0,0.35,0.35,0.3,0.1,11.5417,0.1038,6.3508,6.2961,185.5706,3.0285,2.9620,-3.5374,-3.3891
45,4,377,306,386,313,41.836116381119254,140.92906016858268,41.53981677101354,152.3056138164316,0.6832,3,28,3,4,5000,100,71.0,10.0,15.0,0.35,0.35,0.3,0.1,4.3145,0.0388,2.3344,2.3613,146.3967,2.7437,2.7436,-2.443,-2.4454
46,6,202,381,188,416,112.49939460514884,182.92348127017482,112.38013505195958,220.61731573020282,0.7372,2,28,3,4,5000,100,71.0,10.0,15.0,0.35,0.35,0.3,0.1,10.3876,0.0934,5.7095,5.7036,200.01,-1.9154,-1.9851,-4.6392,-4.5000
46,14,383,344,410,373,49.9392155421262,172.46738822165773,49.398705354995535,212.04952251773642,0.5967,2,28,3,4,5000,100,71.0,10.0,15.0,0.35,0.35,0.3,0.1,11.4477,0.1029,6.2986,6.2581,190.2212,3.0911,3.0220,-3.6374,-3.4864
47,6,201,378,186,413,113.1569208631672,180.54639292990598,113.16417863819845,218.62525014279572,0.773,2,28,3,4,5000,100,71.0,10.0,15.0,0.35,0.35,0.3,0.1,10.6086,0.0954,5.8323,5.7398,197.7696,-1.952,-1.9774,-4.5629,-4.5368
47,14,382,341,409,369,49.54533530874883,169.53170794869024,48.89167629408076,208.3698634639856,0.5626,2,28,3,4,5000,100,71.0,10.0,15.0,0.35,0.35,0.3,0.1,11.4292,0.1028,6.2883,6.2727,186.955,3.0664,3.0541,-3.5506,-3.5539
48,6,200,376,185,410,113.70264595096624,179.10890541790488,113.7203955723046,216.2706637526227,0.78,2,28,3,4,5000,100,71.0,10.0,15.0,0.35,0.35,0.3,0.1,10.4524,0.094,5.7454,5.7442,195.9434,-1.9774,-2.0023,-4.5019,-4.4920
48,14,381,339,407,366,49.361572645020594,167.36188335460378,48.76143747701534,204.79501947068928,0.5766,2,28,3,4,5000,100,71.0,10.0,15.0,0.35,0.35,0.3,0.1,11.1857,0.1006,6.153,6.2466,184.1959,3.0305,3.0627,-3.4901,-3.5594
49,6,196,373,181,407,115.26963874526898,178.03651310896873,115.01689347810004,215.18828964420902,0.6896,2,28,3,4,5000,100,71.0,10.0,15.0,0.35,0.35,0.3,0.1,10.5069,0.0945,5.7757,5.7186,194.8574,-2.0767,-2.0397,-4.4269,-4.4028
49,4,377,306,386,313,41.836116381119254,140.92906016858268,41.53981677101354,152.3056138164316,0.6549,2,28,3,4,5000,100,71.0,10.0,15.0,0.35,0.35,0.3,0.1,4.3145,0.0388,2.3344,2.8869,146.3967,2.7437,2.7749,-2.443,-2.4564
50,6,196,370,180,402,115.68814343564736,175.32826355154492,115.83675422400157,211.10187114282053,0.7232,2,28,3,4,5000,100,71.0,10.0,15.0,0.35,0.35,0.3,0.1,10.295,0.0926,5.658,5.6907,191.5592,-2.0898,-2.0698,-4.329,-4.2539
50,4,377,306,386,313,41.836116381119254,140.92906016858268,41.53981677101354,152.3056138164316,0.6754,2,28,3,4,5000,100,71.0,10.0,15.0,0.35,0.35,0.3,0.1,4.3145,0.0388,2.3344,3.7157,146.3967,2.7437,2.8217,-2.443,-2.4764
51,6,195,365,180,396,116.71464817268051,171.283390905248,116.56505117707799,205.71825392998065,0.7487,1,28,3,4,5000,100,71.0,10.0,15.0,0.35,0.35,0.3,0.1,10.1576,0.0913,5.5816,5.6735,186.9282,-2.1028,-2.0798,-4.1931,-4.0775
52,6,195,351,180,380,118.98456039373431,158.90248582070703,118.7059525434011,191.54111830100607,0.7185,2,28,3,4,5000,100,71.0,10.0,15.0,0.35,0.35,0.3,0.1,10.3573,0.0931,5.6926,5.7009,173.7019,-2.1021,-2.0448,-3.8185,-3.9404
52,4,380,311,401,334,42.510447078000844,146.50938536489735,43.402523802754374,177.55280904564702,0.5932,2,28,3,4,5000,100,71.0,10.0,15.0,0.35,0.35,0.3,0.1,10.6531,0.0958,5.857,4.5087,160.5442,2.9465,2.9060,-2.7475,-2.5390
53,6,198,344,183,371,119.27525427725259,151.32745950421557,119.23785223602745,182.21415971323415,0.7648,2,28,3,4,5000,100,71.0,10.0,15.0,0.35,0.35,0.3,0.1,10.2981,0.0926,5.6597,5.7540,165.3407,-2.0276,-1.9948,-3.6199,-3.8402
53,4,379,304,405,325,40.68937417517947,141.1134295522577,40.35202930861296,174.52220489095365,0.7049,2,28,3,4,5000,100,71.0,10.0,15.0,0.35,0.35,0.3,0.1,11.7709,0.1058,6.4782,5.3106,156.0497,2.9776,3.0077,-2.5433,-2.6239
54,6,203,348,188,377,116.90109295154099,152.50245899656832,116.98023071822286,185.15128949051368,0.7619,2,28,3,4,5000,100,71.0,10.0,15.0,0.35,0.35,0.3,0.1,10.753,0.0967,5.9125,5.8319,167.2484,-1.9018,-1.9222,-3.7414,-3.7945
54,18,458,283,501,303,20.892877197552785,199.090431713832,21.671878931939656,246.41834347304587,0.3648,2,28,3,4,5000,100,71.0,10.0,15.0,0.35,0.35,0.3,0.1,11.814,0.1062,6.5021,6.5021,220.2405,5.1484,5.1484,-2.0097,-2.0097
55,19,204,437,191,478,106.81598363951126,235.0510582830888,106.93608386131768,278.0593461835081,0.8388,3,28,3,4,5000,100,71.0,10.0,15.0,0.35,0.35,0.3,0.1,9.3213,0.0838,5.1168,5.1168,254.7528,-1.8564,-1.8564,-6.1173,-6.1173
55,6,205,351,191,381,115.73473569081999,154.30489298787643,115.60793148921834,187.40864441108366,0.7328,3,28,3,4,5000,100,71.0,10.0,15.0,0.35,0.35,0.3,0.1,10.7733,0.0969,5.9238,5.9052,169.2533,-1.8395,-1.8347,-3.8282,-3.8408
55,4,386,312,413,334,41.257011704312866,151.6443206981389,40.8679397450474,186.45374761586316,0.6562,3,28,3,4,5000,100,71.0,10.0,15.0,0.35,0.35,0.3,0.1,11.4496,0.103,6.2996,6.1217,167.2571,3.1656,3.1415,-2.7559,-2.7607
56,6,209,356,195,387,113.62937773065681,157.17824276915684,113.74949449286676,191.19100397246729,0.747,2,28,3,4,5000,100,71.0,10.0,15.0,0.35,0.35,0.3,0.1,10.8577,0.0976,5.9707,5.9871,172.5242,-1.7398,-1.7472,-3.9644,-3.9616
56,4,389,316,417,339,41.6335393365702,156.54072952429985,41.213887964618415,192.753728887407,0.6728,2,28,3,4,5000,100,71.0,10.0,15.0,0.35,0.35,0.3,0.1,11.5294,0.1037,6.344,6.4216,172.77,3.252,3.2511,-2.8672,-2.8813
57,6,212,359,198,391,112.2034785320574,158.7734234687909,112.46058400149666,193.6930561481232,0.7031,1,28,3,4,5000,100,71.0,10.0,15.0,0.35,0.35,0.3,0.1,11.0176,0.0991,6.0595,6.0338,174.5035,-1.6648,-1.6774,-4.0502,-4.0579
58,6,214,365,202,399,110.7609648734209,163.62457028209425,110.52246035853365,199.6722314193939,0.7053,2,28,3,4,5000,100,71.0,10.0,15.0,0.35,0.35,0.3,0.1,11.0344,0.0992,6.0689,6.0831,179.86,-1.5902,-1.6125,-4.224,-4.1269
58,4,395,325,424,351,42.57366416839764,167.0269439342048,42.442095449807816,205.9732992404598,0.7498,2,28,3,4,5000,100,71.0,10.0,15.0,0.35,0.35,0.3,0.1,11.6116,0.1044,6.3897,6.4298,184.4669,3.4128,3.3503,-3.1274,-2.9830
59,6,216,365,203,399,110.10328627121532,162.92636373527768,110.25325178737384,199.32385707686876,0.7309,2,28,3,4,5000,100,71.0,10.0,15.0,0.35,0.35,0.3,0.1,11.1737,0.1005,6.1463,6.1329,179.2966,-1.5525,-1.5626,-4.2229,-4.1138
59,4,396,324,426,351,42.08916217383224,167.09278859364338,42.06932749443312,207.45360927204905,0.7919,2,28,3,4,5000,100,71.0,10.0,15.0,0.35,0.35,0.3,0.1,11.9836,0.1078,6.5964,6.4905,185.0986,3.4476,3.4190,-3.1127,-3.0196
60,20,456,413,465,423,47.52830118898166,272.5013761433142,47.55109508900094,285.9545418418809,0.6278,3,28,3,4,5000,100,71.0,10.0,15.0,0.35,0.35,0.3,0.1,2.679,0.0241,1.4255,2.6159,279.0659,4.7275,4.8206,-5.1664,-5.2421
60,6,217,363,205,397,110.01356679522013,160.70469812671936,109.90847029032616,196.7587355112855,0.7488,3,28,3,4,5000,100,71.0,10.0,15.0,0.35,0.35,0.3,0.1,11.2165,0.1009,6.1701,6.1532,176.9135,-1.5152,-1.5177,-4.1729,-4.0713
60,4,397,322,427,348,41.34777721969367,166.50825805346713,41.26434087338233,206.20620747203515,0.7729,3,28,3,4,5000,100,71.0,10.0,15.0,0.35,0.35,0.3,0.1,11.8448,0.1065,6.5192,6.5516,184.2431,3.4733,3.4704,-3.0516,-3.0016
61,4,398,318,429,343,40.072890052350985,164.6572197020222,39.84144821939397,204.47493733951845,0.7339,1,28,3,4,5000,100,71.0,10.0,15.0,0.35,0.35,0.3,0.1,11.9958,0.1079,6.6032,6.6358,182.4185,3.5095,3.4967,-2.9391,-2.9164
62,6,218,353,206,385,110.95577673063218,150.98675438593943,110.88199746524563,185.16209115258988,0.7528,2,28,3,4,5000,100,71.0,10.0,15.0,0.35,0.35,0.3,0.1,11.3062,0.1017,6.2199,6.1742,166.3372,-1.4901,-1.4381,-3.8991,-4.0164
62,4,398,312,429,336,38.437301491062534,160.86018774078315,38.30199383000867,200.06249023742558,0.7645,2,28,3,4,5000,100,71.0,10.0,15.0,0.35,0.35,0.3,0.1,12.079,0.1086,6.6494,6.6366,178.3323,3.5089,3.5636,-2.7774,-2.8495
63,6,220,351,208,382,110.51085928296315,148.4082207965583,110.62987994612618,181.64801127455263,0.7515,3,28,3,4,5000,100,71.0,10.0,15.0,0.35,0.35,0.3,0.1,11.1997,0.1007,6.1607,6.1870,163.3543,-1.4407,-1.3114,-3.8377,-4.0063
63,4,399,309,431,333,37.37185033141929,159.80613254815975,37.271363004048396,199.80490484470096,0.7754,3,28,3,4,5000,100,71.0,10.0,15.0,0.35,0.35,0.3,0.1,12.3694,0.1112,6.8108,6.6248,177.581,3.5441,3.6804,-2.7014,-2.8422
63,21,497,147,533,139,343.8865817669107,234.2007685726074,344.37404000611417,271.01660465735307,0.5501,3,28,3,4,5000,100,71.0,10.0,15.0,0.35,0.35,0.3,0.1,8.1038,0.0729,4.4403,4.4403,251.2673,6.0655,6.0655,1.7223,1.7223
64,6,229,355,219,387,106.73599585147608,149.3251485852266,106.8493114118251,182.84966502567076,0.7589,4,28,3,4,5000,100,71.0,10.0,15.0,0.35,0.35,0.3,0.1,11.2235,0.1009,6.174,6.2273,164.3957,-1.1922,-1.1797,-3.9493,-4.0529
64,4,408,312,441,336,36.32682595212023,168.80758276807353,36.2685327305858,209.6115454835444,0.8213,4,28,3,4,5000,100,71.0,10.0,15.0,0.35,0.35,0.3,0.1,11.9912,0.1078,6.6006,6.6156,187.0097,3.7824,3.8070,-2.7779,-2.9092
64,22,392,261,458,283,22.211830686446206,129.61867149450345,20.892877197552785,199.090431713832,0.7194,4,28,3,4,5000,100,71.0,10.0,15.0,0.35,0.35,0.3,0.1,23.5034,0.2113,12.9984,12.9984,157.0132,3.6681,3.6681,-1.4385,-1.4385
64,23,489,85,500,79,329.6615477486092,251.43189932862538,329.74356283647074,263.9564357995463,0.7755,4,28,3,4,5000,100,71.0,10.0,15.0,0.35,0.35,0.3,0.1,2.7025,0.0243,1.4385,1.1644,257.542,5.5801,5.5434,3.2603,3.3988
65,6,239,363,231,397,102.3277707113169,154.5639026422405,102.49601104443751,189.4887859478761,0.7478,2,28,3,4,5000,100,71.0,10.0,15.0,0.35,0.35,0.3,0.1,11.2887,0.1015,6.2102,6.2497,170.2537,-0.9189,-1.0480,-4.1724,-4.2090
65,4,418,321,453,346,36.744111284783266,182.20043907740728,36.51371177555424,225.20435164534453,0.7683,2,28,3,4,5000,100,71.0,10.0,15.0,0.35,0.35,0.3,0.1,11.7386,0.1056,6.4602,6.6013,201.4327,4.0572,3.9387,-3.015,-3.0433
66,20,456,411,477,434,47.24281378301601,271.02951868754076,47.27989253817822,302.1737910540886,0.6307,4,28,3,4,5000,100,71.0,10.0,15.0,0.35,0.35,0.3,0.1,6.0423,0.0543,3.2946,2.7439,285.7556,4.8664,4.8324,-5.2667,-5.2549
66,6,241,371,234,408,101.0324732408977,161.99382704288456,100.97224023781165,199.64969321288726,0.7557,4,28,3,4,5000,100,71.0,10.0,15.0,0.35,0.35,0.3,0.1,11.5794,0.1041,6.3718,6.3171,178.8613,-0.8564,-0.9112,-4.4059,-4.4016
66,4,421,330,457,358,38.37733340461899,190.06577808748213,38.280120110923825,235.6713813766958,0.8258,4,28,3,4,5000,100,71.0,10.0,15.0,0.35,0.35,0.3,0.1,11.9127,0.1071,6.557,6.5553,210.4259,4.1426,4.0633,-3.2744,-3.2149
66,23,488,73,495,69,327.23796868680097,256.8598839834668,327.3297496350723,264.91130591199766,0.4504,4,28,3,4,5000,100,71.0,10.0,15.0,0.35,0.35,0.3,0.1,1.716,0.0154,0.8903,1.1682,260.8235,5.5068,5.5644,3.5374,3.5285
67,4,422,336,458,366,39.57940471623763,194.6175737183053,39.62329457194926,241.4787775354182,0.8382,2,28,3,4,5000,100,71.0,10.0,15.0,0.35,0.35,0.3,0.1,11.9499,0.1075,6.5777,6.5349,215.5304,4.1671,4.1553,-3.4478,-3.3987
67,24,433,46,476,1,314.12398601088205,231.25094594401122,314.03365680315125,293.4910560817825,0.8505,2,28,3,4,5000,100,71.0,10.0,15.0,0.35,0.35,0.3,0.1,13.1904,0.1186,7.2671,7.2671,258.6798,4.5152,4.5152,4.6637,4.6637
68,20,456,413,477,434,47.52830118898166,272.5013761433142,47.27989253817822,302.1737910540886,0.4157,4,28,3,4,5000,100,71.0,10.0,15.0,0.35,0.35,0.3,0.1,5.742,0.0516,3.1277,2.4482,286.5715,4.8678,4.8090,-5.2933,-5.2449
68,6,242,381,235,420,100.06599103323467,171.64206943520577,100.08653168465379,211.26523613694707,0.7469,4,28,3,4,5000,100,71.0,10.0,15.0,0.35,0.35,0.3,0.1,11.5077,0.1035,6.3319,6.3796,189.4036,-0.8317,-0.8142,-4.6796,-4.6216
68,4,422,340,458,371,40.47523152716581,197.1902634513175,40.5251034937539,244.69777277286363,0.8362,4,28,3,4,5000,100,71.0,10.0,15.0,0.35,0.35,0.3,0.1,11.956,0.1075,6.581,6.5694,218.3902,4.1671,4.2044,-3.5594,-3.5818
68,25,386,312,410,333,41.257011704312866,151.6443206981389,41.244659926799464,183.53473785635242,0.8132,4,28,3,4,5000,100,71.0,10.0,15.0,0.35,0.35,0.3,0.1,10.5808,0.0951,5.8168,5.8168,166.0724,3.1332,3.1332,-2.7478,-2.7478
69,20,456,413,477,434,47.52830118898166,272.5013761433142,47.27989253817822,302.1737910540886,0.4159,3,28,3,4,5000,100,71.0,10.0,15.0,0.35,0.35,0.3,0.1,5.742,0.0516,3.1277,2.4162,286.5715,4.8678,4.8066,-5.2933,-5.2525
69,6,245,385,238,426,98.87055585675914,175.09426032854418,99.02761295071511,216.68410186259626,0.7343,3,28,3,4,5000,100,71.0,10.0,15.0,0.35,0.35,0.3,0.1,11.8054,0.1062,6.4974,6.4429,193.6817,-0.7567,-0.7743,-4.801,-4.7870
69,4,425,345,461,377,40.999814239486895,202.72641663088706,41.121475497152296,250.89041432466087,0.7871,3,28,3,4,5000,100,71.0,10.0,15.0,0.35,0.35,0.3,0.1,11.8078,0.1062,6.4987,6.5900,224.2514,4.2427,4.2389,-3.6969,-3.7056
70,6,247,394,240,437,97.82135210437495,183.7090090333079,98.09444848227201,227.26416347501865,0.6716,4,28,3,4,5000,100,71.0,10.0,15.0,0.35,0.35,0.3,0.1,11.7858,0.106,6.4865,6.4640,203.1786,-0.7072,-0.7618,-5.0493,-4.8561
70,20,456,415,464,424,47.81071424173518,273.97992627198073,47.834111016306515,286.0209782515961,0.6138,4,28,3,4,5000,100,71.0,10.0,15.0,0.35,0.35,0.3,0.1,2.3912,0.0215,1.2655,2.3828,279.871,4.7155,4.8069,-5.2046,-5.2578
70,4,427,353,464,388,42.2920825141338,209.53758612716717,42.510447078000844,260.4611295375953,0.735,4,28,3,4,5000,100,71.0,10.0,15.0,0.35,0.35,0.3,0.1,12.0491,0.1083,6.6328,6.6148,232.2406,4.3027,4.2583,-3.9307,-3.7499
70,23,491,64,500,58,325.94920830302925,264.31988196123274,325.96338964632963,275.13632984395207,0.8427,4,28,3,4,5000,100,71.0,10.0,15.0,0.35,0.35,0.3,0.1,2.2298,0.0201,1.1758,1.0331,269.6197,5.6063,5.5565,3.7877,3.6625
71,6,246,392,240,435,98.21920924889906,181.86808406094787,98.16606956820932,225.28426487440262,0.749,3,28,3,4,5000,100,71.0,10.0,15.0,0.35,0.35,0.3,0.1,11.8585,0.1066,6.5269,6.5293,201.2614,-0.7195,-0.7517,-4.999,-4.8328
71,20,456,415,464,424,47.81071424173518,273.97992627198073,47.834111016306515,286.0209782515961,0.6134,3,28,3,4,5000,100,71.0,10.0,15.0,0.35,0.35,0.3,0.1,2.3912,0.0215,1.2655,2.3828,279.871,4.7155,4.8069,-5.2046,-5.2578
71,4,427,352,465,386,42.08916217383224,208.86598574205422,42.03637934259813,259.8557292037257,0.8158,3,28,3,4,5000,100,71.0,10.0,15.0,0.35,0.35,0.3,0.1,12.0977,0.1088,6.6598,6.6751,231.5874,4.3147,4.2723,-3.8932,-3.7318
72,6,242,383,238,424,99.95062668795161,173.61163555476344,99.111357044784,214.7091055358389,0.4184,2,28,3,4,5000,100,71.0,10.0,15.0,0.35,0.35,0.3,0.1,11.7695,0.1058,6.4774,6.5373,191.9856,-0.794,-0.7504,-4.7518,-4.8407
72,4,425,344,463,376,40.78582147726596,202.07176942858692,40.65066626528189,251.7478897627545,0.7815,2,28,3,4,5000,100,71.0,10.0,15.0,0.35,0.35,0.3,0.1,12.173,0.1095,6.7017,6.7204,224.191,4.2645,4.2642,-3.6694,-3.6172
73,6,244,376,237,416,99.68878656036681,166.37307474468338,99.73537389550495,206.9806754264755,0.7652,2,28,3,4,5000,100,71.0,10.0,15.0,0.35,0.35,0.3,0.1,12.0954,0.1088,6.6585,6.5543,184.4685,-0.7811,-0.7649,-4.5627,-4.7712
73,4,424,336,462,368,39.20720350496784,196.16319736382766,39.38779677067513,245.8373446000424,0.7617,2,28,3,4,5000,100,71.0,10.0,15.0,0.35,0.35,0.3,0.1,12.498,0.1124,6.8823,6.7437,218.209,4.2369,4.2861,-3.4688,-3.3119
74,20,456,413,477,434,47.52830118898166,272.5013761433142,47.27989253817822,302.1737910540886,0.4144,2,28,3,4,5000,100,71.0,10.0,15.0,0.35,0.35,0.3,0.1,5.742,0.0516,3.1277,2.3828,286.5715,4.8678,4.8069,-5.2933,-5.2578
74,4,423,324,460,352,36.56513573542295,188.0026595556563,36.67434966957316,234.4013651837378,0.8042,2,28,3,4,5000,100,71.0,10.0,15.0,0.35,0.35,0.3,0.1,12.2155,0.1098,6.7253,6.7960,208.6537,4.2021,4.3126,-3.1237,-2.8653
75,26,248,338,245,367,100.78429786756261,128.2653499585917,99.8814061203502,157.33403954643762,0.4753,2,28,3,4,5000,100,71.0,10.0,15.0,0.35,0.35,0.3,0.1,11.3189,0.1018,6.227,6.2270,141.3204,-0.6333,-0.6333,-3.4893,-3.4893
75,4,430,299,470,319,28.838627493279578,180.3690660839602,28.38696662407685,225.06221362103412,0.6913,2,28,3,4,5000,100,71.0,10.0,15.0,0.35,0.35,0.3,0.1,12.2591,0.1102,6.7495,6.8303,200.2522,4.4125,4.3418,-2.4046,-2.4213
76,20,456,413,477,434,47.52830118898166,272.5013761433142,47.27989253817822,302.1737910540886,0.415,3,28,3,4,5000,100,71.0,10.0,15.0,0.35,0.35,0.3,0.1,5.742,0.0516,3.1277,2.3828,286.5715,4.8678,4.8069,-5.2933,-5.2578
76,27,252,311,247,334,101.42118627499929,101.0,101.58061918222812,124.53513560437472,0.7729,3,28,3,4,5000,100,71.0,10.0,15.0,0.35,0.35,0.3,0.1,11.6048,0.1044,6.3859,6.6015,111.5396,-0.5585,-0.5911,-2.7427,-2.5671
76,4,431,272,472,286,20.67442476087389,169.94410845922255,20.304473709960437,213.2510257888576,0.7211,3,28,3,4,5000,100,71.0,10.0,15.0,0.35,0.35,0.3,0.1,12.5682,0.113,6.9213,6.8287,189.1504,4.4469,4.3765,-1.6598,-1.9951
77,27,250,303,245,325,103.59094844784134,93.62157870918435,103.43818815835066,116.18089343777659,0.7416,2,28,3,4,5000,100,71.0,10.0,15.0,0.35,0.35,0.3,0.1,11.9578,0.1075,6.582,6.6848,103.6884,-0.6077,-0.5548,-2.53,-2.5539
77,4,430,264,470,277,18.21709519782485,166.33700730745397,18.174120065469083,208.39625716408634,0.8238,2,28,3,4,5000,100,71.0,10.0,15.0,0.35,0.35,0.3,0.1,12.4817,0.1122,6.8732,6.8805,185.0063,4.4105,4.4475,-1.4495,-1.6552
78,28,476,378,515,412,39.13612798923106,263.00570336021235,39.45592665604176,314.72051092993604,0.6756,3,28,3,4,5000,100,71.0,10.0,15.0,0.35,0.35,0.3,0.1,9.9547,0.0895,5.4688,5.4688,286.5485,5.5636,5.5636,-4.5554,-4.5554
78,27,250,299,245,321,104.19109654902398,89.73850901368932,103.91249467652003,112.29425630903836,0.7219,3,28,3,4,5000,100,71.0,10.0,15.0,0.35,0.35,0.3,0.1,12.4157,0.1116,6.8365,6.7578,99.7573,-0.6071,-0.4835,-2.4286,-2.6028
78,4,430,260,470,272,16.898648694038226,165.13025161974412,16.85839876773828,206.8912757948,0.8086,3,28,3,4,5000,100,71.0,10.0,15.0,0.35,0.35,0.3,0.1,12.4835,0.1123,6.8742,6.9132,183.6668,4.4105,4.4563,-1.338,-1.4679
79,27,256,302,252,325,100.08059798754232,91.41115905621152,100.0369024539635,114.75626344561765,0.779,2,28,3,4,5000,100,71.0,10.0,15.0,0.35,0.35,0.3,0.1,12.5924,0.1132,6.9348,6.8518,101.762,-0.4459,-0.3866,-2.5144,-2.6514
79,4,435,263,477,276,17.374037132657783,170.79227148791014,17.338109142361482,214.75800334329801,0.8183,2,28,3,4,5000,100,71.0,10.0,15.0,0.35,0.35,0.3,0.1,12.6814,0.114,6.9842,6.9105,190.2683,4.5573,4.4594,-1.4241,-1.4039
80,20,456,413,477,434,47.52830118898166,272.5013761433142,47.27989253817822,302.1737910540886,0.4141,2,28,3,4,5000,100,71.0,10.0,15.0,0.35,0.35,0.3,0.1,5.742,0.0516,3.1277,2.4652,286.5715,4.8678,4.8642,-5.2933,-5.2650
80,27,265,312,263,338,94.0041729407094,100.24470060806208,94.08561677997488,126.3210196285638,0.7671,2,28,3,4,5000,100,71.0,10.0,15.0,0.35,0.35,0.3,0.1,12.7993,0.1151,7.0497,6.9174,111.7822,-0.1981,-0.2601,-2.7981,-2.7821
81,27,269,319,269,346,91.60600298928226,107.0420478129973,91.28252708271017,134.03357788255897,0.7152,1,28,3,4,5000,100,71.0,10.0,15.0,0.35,0.35,0.3,0.1,12.4511,0.112,6.8562,6.9104,119.0268,-0.0743,-0.1114,-2.9859,-2.9656
82,27,273,326,273,355,89.49741833327897,114.00438588054409,89.59933674420785,143.0034964607509,0.7689,1,28,3,4,5000,100,71.0,10.0,15.0,0.35,0.35,0.3,0.1,12.5479,0.1128,6.91,6.9056,126.8679,0.0248,0.0298,-3.1835,-3.1663
83,27,277,332,278,362,87.61405596961119,120.10412149464314,87.70938995736148,150.11995203836165,0.765,1,28,3,4,5000,100,71.0,10.0,15.0,0.35,0.35,0.3,0.1,12.3527,0.1111,6.8015,6.8572,133.445,0.1363,0.1313,-3.3459,-3.3204
84,29,279,424,281,474,88.10884529831463,212.11553455605272,88.0325979700807,262.15453457836657,0.7178,2,28,3,4,5000,100,71.0,10.0,15.0,0.35,0.35,0.3,0.1,11.7332,0.1055,6.4572,6.4572,234.4953,0.1985,0.1985,-5.8811,-5.8811
84,27,281,338,284,370,85.91438322002513,126.3210196285638,85.65676004831062,158.45504094221806,0.7121,2,28,3,4,5000,100,71.0,10.0,15.0,0.35,0.35,0.3,0.1,12.5486,0.1128,6.9104,6.8722,140.575,0.2601,0.2180,-3.518,-3.4887
85,30,547,415,601,454,36.43406922700836,341.80988868082795,36.33679852909886,408.4176783637065,0.7504,2,28,3,4,5000,100,71.0,10.0,15.0,0.35,0.35,0.3,0.1,9.8734,0.0888,5.4237,4.6391,372.1569,7.5187,7.7271,-5.5394,-5.6314
85,27,283,340,286,372,85.088211827494,128.47178678604885,84.99935540244158,160.61133210331082,0.7647,2,28,3,4,5000,100,71.0,10.0,15.0,0.35,0.35,0.3,0.1,12.3638,0.1112,6.8077,6.8991,142.755,0.3098,0.2948,-3.5689,-3.6469
86,20,456,415,464,424,47.81071424173518,273.97992627198073,47.834111016306515,286.0209782515961,0.617,3,28,3,4,5000,100,71.0,10.0,15.0,0.35,0.35,0.3,0.1,2.3912,0.0215,1.2655,2.4939,279.871,4.7155,4.8665,-5.2046,-5.2672
86,27,285,349,288,384,84.57940471623763,137.6154061142865,84.68545433005525,172.74258305351347,0.7677,3,28,3,4,5000,100,71.0,10.0,15.0,0.35,0.35,0.3,0.1,12.5868,0.1132,6.9316,6.9485,153.1911,0.3592,0.3517,-3.8274,-3.8171
86,31,557,193,619,191,356.18592516570965,285.63263118908526,356.53675601728304,347.6348659153739,0.4706,3,28,3,4,5000,100,71.0,10.0,15.0,0.35,0.35,0.3,0.1,10.8882,0.0979,5.9876,4.1593,313.5985,7.8538,8.1364,0.4971,0.4616
87,27,287,354,290,391,83.96999119171853,142.79005567615695,84.25771672219588,179.90275150758535,0.6952,2,28,3,4,5000,100,71.0,10.0,15.0,0.35,0.35,0.3,0.1,12.7899,0.115,7.0445,6.9657,159.2122,0.4086,0.3839,-3.9743,-4.0027
87,32,467,317,516,343,28.30075576600638,221.472345903501,28.230694930892092,276.94223224347706,0.7684,2,28,3,4,5000,100,71.0,10.0,15.0,0.35,0.35,0.3,0.1,12.3766,0.1113,6.8148,6.8989,246.1206,5.4399,5.4548,-2.9244,-3.1630
88,27,287,362,291,401,84.28940686250037,150.74813431681335,84.25939336104808,189.952625672824,0.7845,2,28,3,4,5000,100,71.0,10.0,15.0,0.35,0.35,0.3,0.1,12.7967,0.1151,7.0482,7.0160,168.0947,0.421,0.4111,-4.1971,-4.2125
88,32,467,325,517,354,30.091741987744722,225.37524265100637,30.09623077508712,283.17662332897464,0.7806,2,28,3,4,5000,100,71.0,10.0,15.0,0.35,0.35,0.3,0.1,12.6397,0.1137,6.961,6.9563,250.9911,5.4494,5.4557,-3.1582,-3.2634
89,27,287,371,291,412,84.61068824002659,159.70597985047397,84.57318750142718,200.90047287151916,0.779,3,28,3,4,5000,100,71.0,10.0,15.0,0.35,0.35,0.3,0.1,12.704,0.1142,6.9967,7.0734,177.9503,0.421,0.4333,-4.4456,-4.4121
89,32,468,334,518,365,31.900156917733717,230.8679276123039,31.879596847022743,289.69811873741946,0.7855,3,28,3,4,5000,100,71.0,10.0,15.0,0.35,0.35,0.3,0.1,12.5678,0.113,6.921,7.0021,256.9588,5.475,5.4634,-3.4064,-3.3680
89,31,595,196,621,194,357.1641369799172,323.39604202896487,357.0475328911263,349.4638751001311,0.5326,3,28,3,4,5000,100,71.0,10.0,15.0,0.35,0.35,0.3,0.1,4.3084,0.0387,2.331,3.3299,335.925,8.419,8.4081,0.426,0.5334
90,27,288,377,292,420,84.4613624672095,165.77394246382633,84.50767544287257,208.95932618574363,0.7778,2,28,3,4,5000,100,71.0,10.0,15.0,0.35,0.35,0.3,0.1,12.8159,0.1152,7.0589,7.1222,184.8782,0.4457,0.4580,-4.6179,-4.5944
90,32,467,339,518,373,33.0754760623881,232.71012010653942,33.20360561574864,294.0017006753532,0.73,2,28,3,4,5000,100,71.0,10.0,15.0,0.35,0.35,0.3,0.1,12.9408,0.1164,7.1284,7.0779,259.7898,5.4583,5.4866,-3.5646,-3.5504
91,27,289,384,293,430,84.35537779421391,172.8380745090618,84.49765957381751,219.0091322296858,0.7408,2,28,3,4,5000,100,71.0,10.0,15.0,0.35,0.35,0.3,0.1,13.1035,0.1178,7.2188,7.1250,193.2035,0.4702,0.4877,-4.8254,-4.7231
91,32,468,347,520,383,34.55811897572533,237.9936973955403,34.58688953755296,301.23910768690047,0.7715,2,28,3,4,5000,100,71.0,10.0,15.0,0.35,0.35,0.3,0.1,13.0433,0.1173,7.1853,7.1051,265.9074,5.4943,5.5157,-3.7866,-3.6763
92,27,291,386,296,433,83.76825439495988,175.03428235634297,83.80212236656917,222.29934772733816,0.7685,2,28,3,4,5000,100,71.0,10.0,15.0,0.35,0.35,0.3,0.1,13.2288,0.119,7.2884,7.1357,195.8556,0.5319,0.5322,-4.886,-4.8022
92,32,470,349,523,385,34.680103418758186,240.77582935170216,34.57628278993401,304.8442225137291,0.737,2,28,3,4,5000,100,71.0,10.0,15.0,0.35,0.35,0.3,0.1,13.0583,0.1174,7.1937,7.1536,269.0485,5.556,5.5543,-3.836,-3.7499
93,33,536,445,552,458,41.43084284900533,352.115038020247,41.3016156283981,372.7143678475516,0.5241,3,28,3,4,5000,100,71.0,10.0,15.0,0.35,0.35,0.3,0.1,3.1605,0.0284,1.693,1.6930,362.122,6.8201,6.8201,-6.0052,-6.0052
93,27,292,385,298,430,83.40548496777201,174.15223225672418,83.19868517601843,219.5449840010015,0.7033,3,28,3,4,5000,100,71.0,10.0,15.0,0.35,0.35,0.3,0.1,12.8221,0.1153,7.0624,7.1608,194.2317,0.5695,0.6435,-4.8407,-4.9106
93,32,472,347,524,383,34.01934998982646,241.29857024027308,34.15969454566943,304.54063768239536,0.7165,3,28,3,4,5000,100,71.0,10.0,15.0,0.35,0.35,0.3,0.1,12.8847,0.1159,7.0972,7.1599,269.2559,5.5951,5.5784,-3.7879,-3.7963
94,27,295,385,301,430,82.4270513594566,174.52220489095365,82.42257291079218,219.92044015961773,0.7908,3,28,3,4,5000,100,71.0,10.0,15.0,0.35,0.35,0.3,0.1,12.7994,0.1151,7.0498,7.1168,194.6088,0.6438,0.8021,-4.8409,-5.0526
94,32,474,347,528,382,33.75547363856531,242.9588442514493,33.58664565362279,307.3044093403152,0.6805,3,28,3,4,5000,100,71.0,10.0,15.0,0.35,0.35,0.3,0.1,13.0042,0.1169,7.1636,7.1515,271.3695,5.668,5.6064,-3.7745,-3.7995
94,31,619,186,639,184,355.71495154146436,347.9727000786125,355.637111964477,368.06657006579667,0.8008,3,28,3,4,5000,100,71.0,10.0,15.0,0.35,0.35,0.3,0.1,3.1208,0.0281,1.671,2.0010,357.7377,8.9515,8.6852,0.677,0.5515
95,27,308,396,317,445,78.92979742206063,187.48866632412745,79.06887707758855,237.30571000294114,0.7508,3,28,3,4,5000,100,71.0,10.0,15.0,0.35,0.35,0.3,0.1,13.0417,0.1173,7.1844,7.0617,209.4761,1.0023,0.9756,-5.1602,-5.2220
95,30,569,427,610,455,35.900994288947665,366.6524239658044,35.71367656113068,416.2847583085405,0.467,3,28,3,4,5000,100,71.0,10.0,15.0,0.35,0.35,0.3,0.1,7.0497,0.0634,3.8544,4.6391,389.8954,7.9354,7.7271,-5.7235,-5.6314
95,34,576,290,619,300,14.39046324874091,313.8470965295043,14.230334119521558,357.9846365418494,0.5896,3,28,3,4,5000,100,71.0,10.0,15.0,0.35,0.35,0.3,0.1,7.306,0.0657,3.9969,3.9969,334.466,8.1329,8.1329,-2.0738,-2.0738
96,27,317,410,329,461,77.19573393471325,203.0492551082126,77.10625595511785,255.44079548889601,0.7553,3,28,3,4,5000,100,71.0,10.0,15.0,0.35,0.35,0.3,0.1,12.7077,0.1143,6.9988,7.0468,226.2516,1.2631,1.1589,-5.5353,-5.4279
96,20,466,415,477,427,46.29867431934602,280.79351844371337,46.36392753160292,297.06901555025894,0.5687,3,28,3,4,5000,100,71.0,10.0,15.0,0.35,0.35,0.3,0.1,3.1322,0.0282,1.6773,2.1215,288.7021,5.0023,4.8360,-5.2405,-5.2495
96,35,377,301,386,310,40.28524548129506,137.64446955835166,40.68397248013438,150.33296378372907,0.537,3,28,3,4,5000,100,71.0,10.0,15.0,0.35,0.35,0.3,0.1,4.8999,0.0441,2.6597,2.4587,143.7092,2.7425,2.7474,-2.3418,-2.3549
97,27,322,417,335,470,76.2930389959202,211.00947846009194,76.27770286686646,265.58049627184596,0.7758,3,28,3,4,5000,100,71.0,10.0,15.0,0.35,0.35,0.3,0.1,12.7336,0.1145,7.0132,7.0413,235.1707,1.3992,1.3223,-5.7331,-5.6286
97,20,456,413,478,435,47.52830118898166,272.5013761433142,47.26927480641999,303.58689036254515,0.4439,3,28,3,4,5000,100,71.0,10.0,15.0,0.35,0.35,0.3,0.1,6.0007,0.054,3.2715,2.0426,287.2055,4.8791,4.8517,-5.3045,-5.2527
97,35,377,302,386,310,40.60129464500447,138.2931668593933,40.68397248013438,150.33296378372907,0.7306,3,28,3,4,5000,100,71.0,10.0,15.0,0.35,0.35,0.3,0.1,4.6389,0.0417,2.5147,2.3945,144.062,2.743,2.7497,-2.3547,-2.3582
98,27,325,422,339,476,75.8354347320401,216.5848563496534,75.75967625705937,272.3692346796899,0.8094,2,28,3,4,5000,100,71.0,10.0,15.0,0.35,0.35,0.3,0.1,12.6876,0.1141,6.9876,7.0106,241.2948,1.486,1.4067,-5.8699,-5.7604
98,20,456,415,464,424,47.81071424173518,273.97992627198073,47.834111016306515,286.0209782515961,0.6225,2,28,3,4,5000,100,71.0,10.0,15.0,0.35,0.35,0.3,0.1,2.3912,0.0215,1.2655,2.2048,279.871,4.7155,4.9061,-5.2046,-5.3121
99,27,324,421,338,475,76.02827877902513,215.37177159507232,75.91250808463766,271.15493725912495,0.7618,4,28,3,4,5000,100,71.0,10.0,15.0,0.35,0.35,0.3,0.1,12.7506,0.1147,7.0226,6.9641,240.0654,1.4611,1.4267,-5.8444,-5.7291
99,20,461,414,478,434,46.90427328973021,276.63152387246106,47.1409013663231,302.8530997034701,0.4188,4,28,3,4,5000,100,71.0,10.0,15.0,0.35,0.35,0.3,0.1,5.0321,0.0452,2.7332,2.3871,289.1491,4.9459,4.8925,-5.3091,-5.3235
99,35,378,303,386,310,40.64577893693039,139.70325694127536,40.68397248013438,150.33296378372907,0.8154,4,28,3,4,5000,100,71.0,10.0,15.0,0.35,0.35,0.3,0.1,4.0757,0.0366,2.2017,2.3846,144.8233,2.7566,2.7510,-2.3682,-2.3576
99,36,569,195,633,191,356.7240181867659,297.4861341306515,356.67075646645316,361.6102874642811,0.6349,4,28,3,4,5000,100,71.0,10.0,15.0,0.35,0.35,0.3,0.1,10.8195,0.0973,5.9495,5.0997,326.4289,8.1778,8.2866,0.4723,0.5024
100,27,323,420,336,474,76.2233052867536,214.1611542740653,76.27290342145021,269.7035409482048,0.7664,5,28,3,4,5000,100,71.0,10.0,15.0,0.35,0.35,0.3,0.1,12.7654,0.1148,7.0309,6.9367,238.7445,1.4239,1.4070,-5.8194,-5.5266
100,20,464,424,478,439,47.834111016306515,286.0209782515961,47.7766035239023,306.5371103145588,0.6622,5,28,3,4,5000,100,71.0,10.0,15.0,0.35,0.35,0.3,0.1,3.8503,0.0346,2.0764,2.2218,295.9239,4.9877,4.9038,-5.5016,-5.3123
100,35,378,303,386,310,40.64577893693039,139.70325694127536,40.68397248013438,150.33296378372907,0.7551,5,28,3,4,5000,100,71.0,10.0,15.0,0.35,0.35,0.3,0.1,4.0757,0.0366,2.2017,2.3867,144.8233,2.7566,2.7535,-2.3682,-2.3601
100,36,568,195,633,190,356.71297490789533,296.4877737782791,356.51260346588816,361.6697388502389,0.5429,5,28,3,4,5000,100,71.0,10.0,15.0,0.35,0.35,0.3,0.1,11.0137,0.099,6.0574,5.0807,325.851,8.1626,8.2930,0.4845,0.4859
100,37,492,148,496,147,343.7798063043972,229.12005586591496,343.81840375481744,233.2402195162747,0.6331,5,28,3,4,5000,100,71.0,10.0,15.0,0.35,0.35,0.3,0.1,0.991,0.0089,0.4874,0.4874,231.1618,5.5704,5.5704,1.6184,1.6184
101,27,321,405,333,453,75.75439407955861,199.12307751739877,75.79606204648597,248.60008045050992,0.7807,2,28,3,4,5000,100,71.0,10.0,15.0,0.35,0.35,0.3,0.1,12.2893,0.1105,6.7663,6.9548,221.1278,1.3633,1.3624,-5.3789,-5.2538
101,35,378,302,386,310,40.33314162856101,139.05394636614957,40.68397248013438,150.33296378372907,0.5356,2,28,3,4,5000,100,71.0,10.0,15.0,0.35,0.35,0.3,0.1,4.3344,0.039,2.3454,2.3840,144.4737,2.7562,2.7585,-2.3553,-2.3601
102,27,319,381,330,424,74.45840478666516,175.41379649275024,74.69915442755,219.79080963497995,0.6922,2,28,3,4,5000,100,71.0,10.0,15.0,0.35,0.35,0.3,0.1,12.4874,0.1123,6.8763,6.9936,195.1108,1.3008,1.3225,-4.7202,-4.9881
102,35,377,302,387,310,40.60129464500447,138.2931668593933,40.43677024576215,151.09268678529745,0.7061,2,28,3,4,5000,100,71.0,10.0,15.0,0.35,0.35,0.3,0.1,4.9187,0.0442,2.6702,2.4151,144.4099,2.755,2.7609,-2.3542,-2.3601
103,20,461,414,477,433,46.90427328973021,276.63152387246106,47.15094312751601,301.4398779192959,0.3733,4,28,3,4,5000,100,71.0,10.0,15.0,0.35,0.35,0.3,0.1,4.7726,0.0429,2.5889,2.4609,288.5034,4.9344,4.9508,-5.2976,-5.3392
103,27,317,373,329,415,74.38415712595129,167.17057157286985,74.31588597295924,210.85065804972012,0.7468,4,28,3,4,5000,100,71.0,10.0,15.0,0.35,0.35,0.3,0.1,12.85,0.1155,7.0779,7.0103,186.487,1.2627,1.2903,-4.5061,-4.7204
103,35,378,302,387,310,40.33314162856101,139.05394636614957,40.43677024576215,151.09268678529745,0.7466,4,28,3,4,5000,100,71.0,10.0,15.0,0.35,0.35,0.3,0.1,4.6142,0.0415,2.5009,2.4462,144.8236,2.7681,2.7633,-2.3548,-2.3600
103,36,594,191,631,189,356.26860300083956,322.6840560052511,356.3342497073696,359.73601432161337,0.7802,4,28,3,4,5000,100,71.0,10.0,15.0,0.35,0.35,0.3,0.1,6.038,0.0543,3.2922,5.0807,340.2042,8.5194,8.2930,0.5504,0.4859
104,27,317,373,329,416,74.38415712595129,167.17057157286985,74.38901146632034,211.81359729724625,0.766,3,28,3,4,5000,100,71.0,10.0,15.0,0.35,0.35,0.3,0.1,13.0999,0.1178,7.2167,7.0820,186.8627,1.262,1.2651,-4.5161,-4.5408
104,35,378,303,387,310,40.64577893693039,139.70325694127536,40.43677024576215,151.09268678529745,0.6437,3,28,3,4,5000,100,71.0,10.0,15.0,0.35,0.35,0.3,0.1,4.3556,0.0392,2.3572,2.4485,145.1749,2.7686,2.7658,-2.3678,-2.3625
104,38,563,147,630,131,347.40866509175686,298.1710918248112,347.25108547359855,367.0490430446591,0.8802,3,28,3,4,5000,100,71.0,10.0,15.0,0.35,0.35,0.3,0.1,11.5146,0.1035,6.3358,6.3358,329.0442,8.0557,8.0557,1.8122,1.8122
105,27,317,372,329,414,74.29136217098426,166.20770138594662,74.24208961941011,209.88806540630173,0.7495,2,28,3,4,5000,100,71.0,10.0,15.0,0.35,0.35,0.3,0.1,12.9158,0.1161,7.1145,7.1257,185.5113,1.2625,1.2526,-4.4808,-4.4756
105,35,378,303,387,310,40.64577893693039,139.70325694127536,40.43677024576215,151.09268678529745,0.6876,2,28,3,4,5000,100,71.0,10.0,15.0,0.35,0.35,0.3,0.1,4.3556,0.0392,2.3572,2.3859,145.1749,2.7686,2.7685,-2.3678,-2.3652
106,20,461,413,477,430,46.76239102366051,275.90215657004205,46.76030913057931,299.24738929521175,0.6621,3,28,3,4,5000,100,71.0,10.0,15.0,0.35,0.35,0.3,0.1,4.5139,0.0406,2.4452,2.3702,287.101,4.9354,4.9525,-5.2486,-5.3493
106,27,316,372,328,414,74.6237487511738,165.93974810153233,74.50515140086137,209.61870145576228,0.7354,3,28,3,4,5000,100,71.0,10.0,15.0,0.35,0.35,0.3,0.1,12.9339,0.1163,7.1245,7.1366,185.2392,1.2377,1.2253,-4.4806,-4.3963
106,35,378,303,387,310,40.64577893693039,139.70325694127536,40.43677024576215,151.09268678529745,0.6826,3,28,3,4,5000,100,71.0,10.0,15.0,0.35,0.35,0.3,0.1,4.3556,0.0392,2.3572,2.3572,145.1749,2.7686,2.7686,-2.3678,-2.3678
107,27,316,369,328,410,74.34421804115007,163.04907236779974,74.20759647114272,205.7668583615933,0.7295,3,28,3,4,5000,100,71.0,10.0,15.0,0.35,0.35,0.3,0.1,12.8805,0.1158,7.0948,7.0376,181.9341,1.2379,1.1886,-4.3945,-4.1748
107,35,378,303,387,310,40.64577893693039,139.70325694127536,40.43677024576215,151.09268678529745,0.7032,3,28,3,4,5000,100,71.0,10.0,15.0,0.35,0.35,0.3,0.1,4.3556,0.0392,2.3572,2.3887,145.1749,2.7686,2.7635,-2.3678,-2.3652
107,39,494,70,499,67,327.39540683375844,263.52988445335757,327.43092207628774,269.3584971743049,0.7078,3,28,3,4,5000,100,71.0,10.0,15.0,0.35,0.35,0.3,0.1,1.2164,0.0109,0.6126,0.6126,266.4123,5.633,5.6330,3.6006,3.6006
108,27,311,359,324,397,75.14138555207533,152.0855022676389,74.30033145386545,192.16919628285902,0.4704,3,28,3,4,5000,100,71.0,10.0,15.0,0.35,0.35,0.3,0.1,12.9486,0.1164,7.1327,7.0368,169.7938,1.1263,1.1317,-4.1093,-3.9174
108,40,465,368,476,378,38.94826789120599,248.16325271885037,39.13612798923106,263.00570336021235,0.6666,3,28,3,4,5000,100,71.0,10.0,15.0,0.35,0.35,0.3,0.1,3.2291,0.029,1.7311,1.5603,255.369,4.977,4.9861,-4.0367,-4.0708
108,35,378,303,387,310,40.64577893693039,139.70325694127536,40.43677024576215,151.09268678529745,0.6301,3,28,3,4,5000,100,71.0,10.0,15.0,0.35,0.35,0.3,0.1,4.3556,0.0392,2.3572,2.3887,145.1749,2.7686,2.7635,-2.3678,-2.3652
109,41,305,418,313,468,80.89887571476486,208.62646045025065,80.90099428894766,259.26241532470533,0.9078,2,28,3,4,5000,100,71.0,10.0,15.0,0.35,0.35,0.3,0.1,12.0351,0.1082,6.625,6.8572,231.2045,0.9176,0.8756,-5.7288,-5.6455
109,27,312,334,319,365,71.84729411334885,128.39003076563228,72.92358971513838,160.0562401157793,0.426,2,28,3,4,5000,100,71.0,10.0,15.0,0.35,0.35,0.3,0.1,12.2086,0.1098,6.7214,7.0874,142.4849,1.0785,1.0770,-3.409,-3.6618
110,41,303,412,311,463,81.18926701401509,202.38824076511955,81.1680913490307,254.01181074902797,0.8939,4,28,3,4,5000,100,71.0,10.0,15.0,0.35,0.35,0.3,0.1,12.5787,0.1131,6.9271,6.9152,225.2804,0.8671,0.8640,-5.5863,-5.6484
110,42,549,389,565,399,32.578137158742294,328.72176684850064,32.5470472061678,347.588837565305,0.7582,4,28,3,4,5000,100,71.0,10.0,15.0,0.35,0.35,0.3,0.1,3.1024,0.0279,1.6607,1.6240,337.8921,7.1463,7.1277,-4.5636,-4.5762
110,27,307,326,316,356,72.93259518153562,119.25183436744275,73.00917670801384,150.57224179774968,0.7487,4,28,3,4,5000,100,71.0,10.0,15.0,0.35,0.35,0.3,0.1,12.9087,0.1161,7.1105,7.1498,133.0942,0.9779,1.0198,-3.1935,-3.4357
110,35,377,302,386,310,40.60129464500447,138.2931668593933,40.68397248013438,150.33296378372907,0.7564,4,28,3,4,5000,100,71.0,10.0,15.0,0.35,0.35,0.3,0.1,4.6389,0.0417,2.5147,2.3732,144.062,2.743,2.7623,-2.3547,-2.3652
111,41,302,413,310,465,81.5110561194953,203.22647465327935,81.45816060211224,255.8378392654222,0.9799,5,28,3,4,5000,100,71.0,10.0,15.0,0.35,0.35,0.3,0.1,12.745,0.1146,7.0195,6.9293,226.5174,0.842,0.8547,-5.6215,-5.6927
111,42,548,390,563,400,32.81908392099446,328.42046221269464,32.86440488320848,346.44624402640017,0.7352,5,28,3,4,5000,100,71.0,10.0,15.0,0.35,0.35,0.3,0.1,2.9704,0.0267,1.5874,1.6525,337.1926,7.1091,7.1171,-4.5889,-4.6012
111,27,306,326,316,357,73.39301942138299,118.96217886370441,73.11966983447614,151.52887513606112,0.7056,5,28,3,4,5000,100,71.0,10.0,15.0,0.35,0.35,0.3,0.1,13.3892,0.1204,7.3775,7.1519,133.285,0.9645,0.9827,-3.2026,-3.3094
111,35,378,303,387,310,40.64577893693039,139.70325694127536,40.43677024576215,151.09268678529745,0.6776,5,28,3,4,5000,100,71.0,10.0,15.0,0.35,0.35,0.3,0.1,4.3556,0.0392,2.3572,2.4189,145.1749,2.7686,2.7609,-2.3678,-2.3626
111,36,578,195,633,194,356.8201698801358,306.4718584144391,357.1455107422702,361.4484748895754,0.5553,5,28,3,4,5000,100,71.0,10.0,15.0,0.35,0.35,0.3,0.1,9.1535,0.0823,5.0236,4.7911,331.6976,8.3122,8.3314,0.4362,0.4904
112,41,302,414,309,467,81.55247275209153,204.215572373901,81.74411128478327,257.6703320136022,0.8274,4,28,3,4,5000,100,71.0,10.0,15.0,0.35,0.35,0.3,0.1,12.8702,0.1157,7.0891,7.0054,227.8498,0.8294,0.8389,-5.6572,-5.6837
112,42,547,392,563,403,33.20657031508953,328.6715685908959,33.27918850119051,348.0833233580718,0.8131,4,28,3,4,5000,100,71.0,10.0,15.0,0.35,0.35,0.3,0.1,3.1898,0.0287,1.7094,1.6484,338.099,7.0958,7.1024,-4.6511,-4.6200
112,27,306,328,315,360,73.66395711028154,120.88010589009261,73.79927700352755,154.12008305214476,0.7226,4,28,3,4,5000,100,71.0,10.0,15.0,0.35,0.35,0.3,0.1,13.4419,0.1209,7.4069,7.2669,135.4912,0.952,0.9451,-3.264,-3.4143
112,35,377,301,387,310,40.28524548129506,137.64446955835166,40.43677024576215,151.09268678529745,0.6679,4,28,3,4,5000,100,71.0,10.0,15.0,0.35,0.35,0.3,0.1,5.1796,0.0466,2.8151,2.4189,144.0554,2.7544,2.7609,-2.3412,-2.3626
113,41,301,422,309,476,82.13745437784499,211.9929244102265,82.02187548440791,266.58019431308094,0.8634,3,28,3,4,5000,100,71.0,10.0,15.0,0.35,0.35,0.3,0.1,12.6846,0.1141,6.986,7.0315,236.1734,0.8173,0.8296,-5.8699,-5.7162
113,27,306,336,314,369,74.66671520694645,128.57682528356344,75.02316406045792,162.5207679036744,0.6811,3,28,3,4,5000,100,71.0,10.0,15.0,0.35,0.35,0.3,0.1,12.9676,0.1166,7.1432,7.3203,143.5698,0.9406,0.9078,-3.4778,-3.6189
113,35,378,303,386,310,40.64577893693039,139.70325694127536,40.68397248013438,150.33296378372907,0.7605,3,28,3,4,5000,100,71.0,10.0,15.0,0.35,0.35,0.3,0.1,4.0757,0.0366,2.2017,2.3874,144.8233,2.7566,2.7660,-2.3682,-2.3652
114,27,304,352,312,390,77.12499844038753,143.61058456812992,77.33493623495764,182.43903091169938,0.7181,3,28,3,4,5000,100,71.0,10.0,15.0,0.35,0.35,0.3,0.1,13.2434,0.1191,7.2965,7.3170,160.7128,0.8906,0.8534,-3.9334,-3.8613
114,40,466,371,476,379,39.337622093346205,250.83261350948763,39.30469796956008,263.6380093992518,0.7762,3,28,3,4,5000,100,71.0,10.0,15.0,0.35,0.35,0.3,0.1,2.768,0.0249,1.4749,1.5390,257.0759,4.9906,4.9872,-4.0878,-4.0750
114,35,378,303,387,310,40.64577893693039,139.70325694127536,40.43677024576215,151.09268678529745,0.6879,3,28,3,4,5000,100,71.0,10.0,15.0,0.35,0.35,0.3,0.1,4.3556,0.0392,2.3572,2.3563,145.1749,2.7686,2.7636,-2.3678,-2.3653
115,27,300,362,308,403,79.42647658143909,152.5909564816998,79.32601877977748,194.36306233438492,0.7423,3,28,3,4,5000,100,71.0,10.0,15.0,0.35,0.35,0.3,0.1,13.389,0.1204,7.3774,7.2803,170.9624,0.7914,0.7521,-4.2165,-4.0894
115,40,466,371,476,379,39.337622093346205,250.83261350948763,39.30469796956008,263.6380093992518,0.7762,3,28,3,4,5000,100,71.0,10.0,15.0,0.35,0.35,0.3,0.1,2.768,0.0249,1.4749,1.5261,257.0759,4.9906,4.9879,-4.0878,-4.0776
115,35,378,303,387,310,40.64577893693039,139.70325694127536,40.43677024576215,151.09268678529745,0.7221,3,28,3,4,5000,100,71.0,10.0,15.0,0.35,0.35,0.3,0.1,4.3556,0.0392,2.3572,2.3719,145.1749,2.7686,2.7648,-2.3678,-2.3652
116,27,297,369,303,412,80.95242800009929,158.97798589741913,81.18926701401509,202.38824076511955,0.7111,5,28,3,4,5000,100,71.0,10.0,15.0,0.35,0.35,0.3,0.1,13.3592,0.1201,7.3608,7.3017,178.0757,0.6925,0.5862,-4.4147,-4.2302
116,43,556,407,596,432,34.47426030404848,344.50108853238766,34.1769887737929,391.632480777578,0.3595,5,28,3,4,5000,100,71.0,10.0,15.0,0.35,0.35,0.3,0.1,7.1201,0.064,3.8936,3.8936,366.558,7.5974,7.5974,-5.1857,-5.1857
116,40,466,371,476,379,39.337622093346205,250.83261350948763,39.30469796956008,263.6380093992518,0.8275,5,28,3,4,5000,100,71.0,10.0,15.0,0.35,0.35,0.3,0.1,2.768,0.0249,1.4749,1.4749,257.0759,4.9906,4.9906,-4.0878,-4.0878
116,44,476,336,531,370,31.293038995920195,238.72997298202839,31.384803296200836,303.3891889965758,0.724,5,28,3,4,5000,100,71.0,10.0,15.0,0.35,0.35,0.3,0.1,13.2639,0.1193,7.3079,7.2604,267.2036,5.7266,5.6164,-3.4879,-3.4762
116,35,378,303,386,310,40.64577893693039,139.70325694127536,40.68397248013438,150.33296378372907,0.807,5,28,3,4,5000,100,71.0,10.0,15.0,0.35,0.35,0.3,0.1,4.0757,0.0366,2.2017,2.2950,144.8233,2.7566,2.7638,-2.3682,-2.3680
117,45,588,420,639,456,33.35402575151678,378.31204051681993,33.617952045480145,440.70965498840616,0.6947,5,28,3,4,5000,100,71.0,10.0,15.0,0.35,0.35,0.3,0.1,8.4724,0.0762,4.6451,4.6451,407.1339,8.5199,8.5199,-5.6384,-5.6384
117,27,288,369,292,411,84.18102909860544,157.8131806916013,84.2609015019104,200.0024999843752,0.7632,5,28,3,4,5000,100,71.0,10.0,15.0,0.35,0.35,0.3,0.1,13.1123,0.1179,7.2236,7.3192,176.4206,0.4454,0.4007,-4.4047,-4.2645
117,40,466,371,476,379,39.337622093346205,250.83261350948763,39.30469796956008,263.6380093992518,0.8099,5,28,3,4,5000,100,71.0,10.0,15.0,0.35,0.35,0.3,0.1,2.768,0.0249,1.4749,1.4749,257.0759,4.9906,4.9906,-4.0878,-4.0878
117,44,468,336,521,368,32.31961650818018,231.93102422918759,32.06739160326049,293.83158441529054,0.6715,5,28,3,4,5000,100,71.0,10.0,15.0,0.35,0.35,0.3,0.1,13.093,0.1177,7.2129,7.2604,259.2374,5.5061,5.6164,-3.4645,-3.4762
117,35,378,303,387,310,40.64577893693039,139.70325694127536,40.43677024576215,151.09268678529745,0.6923,5,28,3,4,5000,100,71.0,10.0,15.0,0.35,0.35,0.3,0.1,4.3556,0.0392,2.3572,2.2639,145.1749,2.7686,2.7614,-2.3678,-2.3680
118,27,276,361,277,401,88.46222761530255,149.05368160498418,88.48459209997787,189.06612599828665,0.7689,4,28,3,4,5000,100,71.0,10.0,15.0,0.35,0.35,0.3,0.1,13.1601,0.1183,7.2502,7.3207,166.6924,0.1113,0.1831,-4.1815,-4.2027
118,40,466,371,476,379,39.337622093346205,250.83261350948763,39.30469796956008,263.6380093992518,0.8099,4,28,3,4,5000,100,71.0,10.0,15.0,0.35,0.35,0.3,0.1,2.768,0.0249,1.4749,1.4749,257.0759,4.9906,4.9906,-4.0878,-4.0878
118,35,378,303,386,310,40.64577893693039,139.70325694127536,40.68397248013438,150.33296378372907,0.8223,4,28,3,4,5000,100,71.0,10.0,15.0,0.35,0.35,0.3,0.1,4.0757,0.0366,2.2017,2.2727,144.8233,2.7566,2.7605,-2.3682,-2.3663
118,46,554,181,618,171,353.72671649091603,283.6987839240768,353.2421285124228,348.4207226902556,0.4249,4,28,3,4,5000,100,71.0,10.0,15.0,0.35,0.35,0.3,0.1,11.3864,0.1024,6.2645,6.0787,312.7464,7.797,7.4662,0.8939,1.0602
119,47,464,424,478,439,47.834111016306515,286.0209782515961,47.7766035239023,306.5371103145588,0.7244,3,28,3,4,5000,100,71.0,10.0,15.0,0.35,0.35,0.3,0.1,3.8503,0.0346,2.0764,2.6212,295.9239,4.9877,4.9381,-5.5016,-5.3514
119,27,271,358,270,398,90.39243070934087,146.00342461736986,90.61605990839922,186.01075237738274,0.705,3,28,3,4,5000,100,71.0,10.0,15.0,0.35,0.35,0.3,0.1,13.4004,0.1205,7.3838,7.3393,163.5967,-0.0371,-0.0271,-4.1051,-4.0911
119,35,378,303,386,310,40.64577893693039,139.70325694127536,40.68397248013438,150.33296378372907,0.7496,3,28,3,4,5000,100,71.0,10.0,15.0,0.35,0.35,0.3,0.1,4.0757,0.0366,2.2017,2.3325,144.8233,2.7566,2.7628,-2.3682,-2.3637
120,47,461,413,478,430,46.76239102366051,275.90215657004205,46.621145913653415,299.93332592427936,0.522,3,28,3,4,5000,100,71.0,10.0,15.0,0.35,0.35,0.3,0.1,4.641,0.0417,2.5158,2.7838,287.4163,4.9475,4.9234,-5.2481,-5.3397
120,27,262,351,258,389,94.11490909823725,139.35924798878617,94.522454146402,177.55280904564702,0.6734,3,28,3,4,5000,100,71.0,10.0,15.0,0.35,0.35,0.3,0.1,13.4025,0.1205,7.3849,7.4170,156.1545,-0.2968,-0.1953,-3.9073,-3.9662
120,46,538,170,596,163,351.0273733851036,269.2953768633988,351.4000679477028,327.6842992882021,0.4848,3,28,3,4,5000,100,71.0,10.0,15.0,0.35,0.35,0.3,0.1,10.8769,0.0978,5.9814,6.0598,295.6344,7.332,7.4045,1.1309,1.1058
121,27,259,349,256,387,95.42059528376237,137.6154061142865,95.22394759626843,175.72990639046048,0.7265,3,28,3,4,5000,100,71.0,10.0,15.0,0.35,0.35,0.3,0.1,13.527,0.1216,7.4541,7.4424,154.3546,-0.3585,-0.3066,-3.8568,-3.8891
121,35,377,301,386,310,40.28524548129506,137.64446955835166,40.68397248013438,150.33296378372907,0.5498,3,28,3,4,5000,100,71.0,10.0,15.0,0.35,0.35,0.3,0.1,4.8999,0.0441,2.6597,2.3900,143.7092,2.7425,2.7626,-2.3418,-2.3585
121,46,536,171,593,160,351.17231277892694,267.16474318292825,350.7983746863552,325.1845629792411,0.5024,3,28,3,4,5000,100,71.0,10.0,15.0,0.35,0.35,0.3,0.1,10.8926,0.0979,5.9901,6.0526,293.3332,7.2696,7.3625,1.1557,1.1331
122,27,258,346,254,384,95.96448710125313,134.72935834479432,95.97432328648063,172.9392957080605,0.773,3,28,3,4,5000,100,71.0,10.0,15.0,0.35,0.35,0.3,0.1,13.8111,0.1242,7.612,7.4129,151.4616,-0.3953,-0.4229,-3.7802,-3.7807
122,35,378,302,387,310,40.33314162856101,139.05394636614957,40.43677024576215,151.09268678529745,0.7441,3,28,3,4,5000,100,71.0,10.0,15.0,0.35,0.35,0.3,0.1,4.6142,0.0415,2.5009,2.4211,144.8236,2.7681,2.7650,-2.3548,-2.3584
122,46,534,167,591,157,350.2542130447051,265.8364158650955,350.2175929681927,323.70665733036753,0.6922,3,28,3,4,5000,100,71.0,10.0,15.0,0.35,0.35,0.3,0.1,10.9163,0.0982,6.0032,6.0060,291.9312,7.2196,7.2022,1.2426,1.2426
123,47,456,413,478,435,47.52830118898166,272.5013761433142,47.26927480641999,303.58689036254515,0.4237,4,28,3,4,5000,100,71.0,10.0,15.0,0.35,0.35,0.3,0.1,6.0007,0.054,3.2715,2.8813,287.2055,4.8791,4.9145,-5.3045,-5.3326
123,27,256,347,252,384,96.75908112697051,135.94484175576505,96.63251461513848,173.1588865753069,0.7395,4,28,3,4,5000,100,71.0,10.0,15.0,0.35,0.35,0.3,0.1,13.3887,0.1204,7.3772,7.4535,152.3117,-0.4451,-0.4994,-3.7961,-3.6985
123,35,378,301,387,310,40.01758040962419,138.4088147481944,40.43677024576215,151.09268678529745,0.554,4,28,3,4,5000,100,71.0,10.0,15.0,0.35,0.35,0.3,0.1,4.8723,0.0438,2.6444,2.4522,144.4729,2.7676,2.7674,-2.3418,-2.3583
123,46,533,167,590,157,350.2175929681927,264.85090145211893,350.18742777169945,322.7212419410907,0.7005,4,28,3,4,5000,100,71.0,10.0,15.0,0.35,0.35,0.3,0.1,10.9529,0.0985,6.0236,5.9761,290.9362,7.1943,7.1308,1.2425,1.3198
124,48,245,423,238,478,97.2920589645827,212.72047386182646,97.28402365441687,268.16412884649577,0.9218,6,28,3,4,5000,100,71.0,10.0,15.0,0.35,0.35,0.3,0.1,12.8217,0.1153,7.0622,7.0622,237.2461,-0.7552,-0.7552,-5.9054,-5.9054
124,47,456,413,478,435,47.52830118898166,272.5013761433142,47.26927480641999,303.58689036254515,0.4312,6,28,3,4,5000,100,71.0,10.0,15.0,0.35,0.35,0.3,0.1,6.0007,0.054,3.2715,3.1388,287.2055,4.8791,4.8926,-5.3045,-5.2855
124,27,250,339,244,373,99.82772401116311,128.89142717807107,99.86580694308438,163.41664541900252,0.7673,6,28,3,4,5000,100,71.0,10.0,15.0,0.35,0.35,0.3,0.1,13.135,0.1181,7.2363,7.4365,144.1151,-0.6186,-0.5860,-3.5631,-3.6073
124,49,429,305,472,329,30.640663455755366,182.47739586041882,30.327634119133858,231.70886905770354,0.7238,6,28,3,4,5000,100,71.0,10.0,15.0,0.35,0.35,0.3,0.1,13.2185,0.1189,7.2827,7.3435,204.1672,4.416,4.3490,-2.5977,-2.5435
124,35,378,303,387,310,40.64577893693039,139.70325694127536,40.43677024576215,151.09268678529745,0.6929,6,28,3,4,5000,100,71.0,10.0,15.0,0.35,0.35,0.3,0.1,4.3556,0.0392,2.3572,2.4769,145.1749,2.7686,2.7657,-2.3678,-2.3599
124,46,526,161,581,147,348.64669449905426,259.0694887477103,348.120687218732,315.7625690293262,0.4569,6,28,3,4,5000,100,71.0,10.0,15.0,0.35,0.35,0.3,0.1,10.9679,0.0986,6.0319,5.9727,284.6203,6.9954,7.0960,1.4413,1.3608
125,47,456,413,478,435,47.52830118898166,272.5013761433142,47.26927480641999,303.58689036254515,0.4287,5,28,3,4,5000,100,71.0,10.0,15.0,0.35,0.35,0.3,0.1,6.0007,0.054,3.2715,3.2946,287.2055,4.8791,4.8789,-5.3045,-5.2949
125,27,248,336,241,371,100.95406264339833,126.30122723077555,101.0324732408977,161.99382704288456,0.738,5,28,3,4,5000,100,71.0,10.0,15.0,0.35,0.35,0.3,0.1,13.7681,0.1238,7.5881,7.3899,141.9381,-0.6795,-0.7443,-3.4964,-3.4299
125,49,427,303,470,328,30.417057670515927,179.7386992275175,30.364271000160343,229.47766775876036,0.7923,5,28,3,4,5000,100,71.0,10.0,15.0,0.35,0.35,0.3,0.1,13.5169,0.1215,7.4485,7.3095,201.5854,4.3637,4.2300,-2.5589,-2.3901
125,35,378,303,387,310,40.64577893693039,139.70325694127536,40.43677024576215,151.09268678529745,0.714,5,28,3,4,5000,100,71.0,10.0,15.0,0.35,0.35,0.3,0.1,4.3556,0.0392,2.3572,2.4147,145.1749,2.7686,2.7684,-2.3678,-2.3626
125,46,526,158,579,144,347.9977051012163,259.6767220988435,347.5107202456074,314.4407734375426,0.5367,5,28,3,4,5000,100,71.0,10.0,15.0,0.35,0.35,0.3,0.1,10.6079,0.0954,5.8319,5.9625,284.4468,6.9749,7.0549,1.5168,1.4002
126,47,456,411,478,434,47.24281378301601,271.02951868754076,47.1409013663231,302.8530997034701,0.5766,4,28,3,4,5000,100,71.0,10.0,15.0,0.35,0.35,0.3,0.1,6.1668,0.0555,3.3638,3.3023,286.059,4.8783,4.8788,-5.2661,-5.2917
126,27,244,333,236,366,103.02919480794374,124.19742348374221,103.1575427400148,158.15182578775372,0.7494,4,28,3,4,5000,100,71.0,10.0,15.0,0.35,0.35,0.3,0.1,13.3735,0.1203,7.3688,7.4129,139.133,-0.7914,-0.9322,-3.4005,-3.1997
126,49,424,300,465,324,30.068582821862453,175.6359872008012,30.12705981677865,223.14345161801185,0.8128,4,28,3,4,5000,100,71.0,10.0,15.0,0.35,0.35,0.3,0.1,13.2484,0.1191,7.2993,7.2911,196.5599,4.2673,4.1189,-2.4738,-2.2487
126,35,377,303,387,310,40.91438322002513,138.94603268895446,40.43677024576215,151.09268678529745,0.5216,4,28,3,4,5000,100,71.0,10.0,15.0,0.35,0.35,0.3,0.1,4.6573,0.0419,2.5249,2.3572,144.765,2.7555,2.7686,-2.3673,-2.3678
127,27,230,315,218,343,112.18401334526999,111.23398761170077,112.40212959195908,141.69333082400175,0.7361,4,28,3,4,5000,100,71.0,10.0,15.0,0.35,0.35,0.3,0.1,13.3924,0.1204,7.3793,7.4473,124.6296,-1.1871,-1.0904,-2.8934,-3.0211
127,35,379,303,387,310,40.38007651833961,140.46351839534705,40.43677024576215,151.09268678529745,0.7835,4,28,3,4,5000,100,71.0,10.0,15.0,0.35,0.35,0.3,0.1,4.0543,0.0365,2.1897,2.3572,145.5844,2.7817,2.7686,-2.3682,-2.3678
127,49,410,281,447,299,26.56505117707799,154.2886904474855,26.43393978233078,195.4328529188478,0.791,4,28,3,4,5000,100,71.0,10.0,15.0,0.35,0.35,0.3,0.1,13.0834,0.1176,7.2076,7.3391,172.4405,3.8729,3.9624,-1.9302,-2.0677
127,50,491,64,500,58,325.94920830302925,264.31988196123274,325.96338964632963,275.13632984395207,0.8839,4,28,3,4,5000,100,71.0,10.0,15.0,0.35,0.35,0.3,0.1,2.2298,0.0201,1.1758,1.1758,269.6197,5.6063,5.6063,3.7877,3.7877
128,27,223,306,209,332,117.53197674872229,106.00471687618433,117.699472808055,135.5322839769182,0.7345,3,28,3,4,5000,100,71.0,10.0,15.0,0.35,0.35,0.3,0.1,13.595,0.1222,7.4919,7.4041,118.9636,-1.3843,-1.2488,-2.6449,-2.8437
128,35,378,303,387,310,40.64577893693039,139.70325694127536,40.43677024576215,151.09268678529745,0.6826,3,28,3,4,5000,100,71.0,10.0,15.0,0.35,0.35,0.3,0.1,4.3556,0.0392,2.3572,2.3572,145.1749,2.7686,2.7686,-2.3678,-2.3678
128,49,403,272,438,288,24.608502804514494,144.08677940741129,24.599790605157466,182.5705343148231,0.8063,3,28,3,4,5000,100,71.0,10.0,15.0,0.35,0.35,0.3,0.1,13.1015,0.1178,7.2176,7.3299,161.0618,3.6748,3.8043,-1.6827,-1.8873
129,27,222,307,208,333,117.75854060106003,107.35455276791944,117.8755103865275,136.88316185711082,0.7405,3,28,3,4,5000,100,71.0,10.0,15.0,0.35,0.35,0.3,0.1,13.4451,0.1209,7.4086,7.4036,120.3338,-1.4095,-1.3947,-2.6705,-2.6805
129,35,378,303,387,310,40.64577893693039,139.70325694127536,40.43677024576215,151.09268678529745,0.671,3,28,3,4,5000,100,71.0,10.0,15.0,0.35,0.35,0.3,0.1,4.3556,0.0392,2.3572,2.3237,145.1749,2.7686,2.7712,-2.3678,-2.3679
129,49,401,272,437,289,24.94390526342458,142.2708684165525,25.016893478100023,182.08239892971534,0.7778,3,28,3,4,5000,100,71.0,10.0,15.0,0.35,0.35,0.3,0.1,13.6498,0.1227,7.5223,7.3174,159.7334,3.6333,3.6585,-1.6931,-1.7167
130,27,220,305,205,330,119.21129225772812,106.55045753069294,119.58776346541863,135.69450983735487,0.6704,3,28,3,4,5000,100,71.0,10.0,15.0,0.35,0.35,0.3,0.1,13.3792,0.1203,7.372,7.4209,119.3693,-1.4715,-1.5182,-2.6091,-2.5517
130,35,378,303,387,310,40.64577893693039,139.70325694127536,40.43677024576215,151.09268678529745,0.6781,3,28,3,4,5000,100,71.0,10.0,15.0,0.35,0.35,0.3,0.1,4.3556,0.0392,2.3572,2.3572,145.1749,2.7686,2.7686,-2.3678,-2.3678
130,49,399,271,434,287,24.91802251581925,140.03570973148243,24.842389105455187,178.51890656174209,0.7761,3,28,3,4,5000,100,71.0,10.0,15.0,0.35,0.35,0.3,0.1,13.4345,0.1208,7.4027,7.3121,156.9528,3.5732,3.5348,-1.6568,-1.5930
131,27,218,304,203,329,120.41108126712537,106.6770828247567,120.52970589993411,135.83077707206124,0.7463,3,28,3,4,5000,100,71.0,10.0,15.0,0.35,0.35,0.3,0.1,13.3691,0.1202,7.3664,7.4189,119.5015,-1.521,-1.6542,-2.5844,-2.3812
131,35,378,303,387,310,40.64577893693039,139.70325694127536,40.43677024576215,151.09268678529745,0.6873,3,28,3,4,5000,100,71.0,10.0,15.0,0.35,0.35,0.3,0.1,4.3556,0.0392,2.3572,2.3572,145.1749,2.7686,2.7686,-2.3678,-2.3678
131,49,398,270,432,285,24.717440911083393,138.70832707519762,24.52484288599034,175.86642658563346,0.7482,3,28,3,4,5000,100,71.0,10.0,15.0,0.35,0.35,0.3,0.1,13.136,0.1181,7.2368,7.3710,155.0928,3.5384,3.3980,-1.6207,-1.4221
132,35,378,303,387,310,40.64577893693039,139.70325694127536,40.43677024576215,151.09268678529745,0.7346,4,28,3,4,5000,100,71.0,10.0,15.0,0.35,0.35,0.3,0.1,4.3556,0.0392,2.3572,2.3572,145.1749,2.7686,2.7686,-2.3678,-2.3678
132,27,208,292,190,314,128.6598082540901,102.44998779892558,128.79655209830818,130.87398519186308,0.7599,4,28,3,4,5000,100,71.0,10.0,15.0,0.35,0.35,0.3,0.1,13.5475,0.1218,7.4655,7.3751,114.9307,-1.8047,-1.8054,-2.2497,-2.1762
132,51,458,282,501,302,20.62353138332523,198.73600579663466,21.45547690791655,246.05080776132397,0.3425,4,28,3,4,5000,100,71.0,10.0,15.0,0.35,0.35,0.3,0.1,11.8299,0.1064,6.511,6.5110,219.8768,5.1482,5.1482,-1.9849,-1.9849
132,49,388,259,419,271,22.056433527039353,125.15989773086265,21.868579185372536,158.39823231336896,0.7679,4,28,3,4,5000,100,71.0,10.0,15.0,0.35,0.35,0.3,0.1,13.0356,0.1172,7.181,7.3304,139.831,3.2545,3.2502,-1.3117,-1.2121
133,35,378,303,387,310,40.64577893693039,139.70325694127536,40.43677024576215,151.09268678529745,0.7798,3,28,3,4,5000,100,71.0,10.0,15.0,0.35,0.35,0.3,0.1,4.3556,0.0392,2.3572,2.3572,145.1749,2.7686,2.7686,-2.3678,-2.3678
133,27,199,276,178,293,138.758555685472,97.082439194738,139.2484545293613,124.08464852672147,0.6902,3,28,3,4,5000,100,71.0,10.0,15.0,0.35,0.35,0.3,0.1,13.5773,0.1221,7.4821,7.3894,108.9352,-2.0641,-1.9734,-1.7922,-1.9289
133,49,378,242,408,249,15.802513953935529,110.16351483136329,15.219464831173802,140.9432509913121,0.6638,3,28,3,4,5000,100,71.0,10.0,15.0,0.35,0.35,0.3,0.1,13.6314,0.1226,7.5121,7.3388,123.6669,2.9908,3.0820,-0.828,-0.9623
134,52,158,410,125,466,119.9315118405078,228.47319317591726,120.05969010433134,293.47061181658376,0.8521,4,28,3,4,5000,100,71.0,10.0,15.0,0.35,0.35,0.3,0.1,13.8486,0.1245,7.6329,7.7092,256.9249,-3.224,-3.1654,-5.5833,-5.3841
134,35,378,303,387,310,40.64577893693039,139.70325694127536,40.43677024576215,151.09268678529745,0.7287,4,28,3,4,5000,100,71.0,10.0,15.0,0.35,0.35,0.3,0.1,4.3556,0.0392,2.3572,2.3572,145.1749,2.7686,2.7686,-2.3678,-2.3678
134,27,195,271,174,286,142.53944513950933,97.0051545022222,142.9434718105904,122.80065146407001,0.7085,4,28,3,4,5000,100,71.0,10.0,15.0,0.35,0.35,0.3,0.1,13.0509,0.1174,7.1895,7.4136,108.3893,-2.1655,-2.1488,-1.6458,-1.6468
134,49,375,235,403,241,12.58769338164879,105.53672346628922,12.482489384954482,134.17153200288055,0.7677,4,28,3,4,5000,100,71.0,10.0,15.0,0.35,0.35,0.3,0.1,13.2845,0.1195,7.3194,7.3808,118.1438,2.8941,2.9034,-0.6431,-0.6777
135,52,153,401,117,455,122.19573393471325,223.34278586961344,122.53217766378683,288.22560607968194,0.6311,4,28,3,4,5000,100,71.0,10.0,15.0,0.35,0.35,0.3,0.1,14.1046,0.1268,7.7751,7.6808,251.6696,-3.3826,-3.0196,-5.3332,-5.2982
135,35,378,303,387,310,40.64577893693039,139.70325694127536,40.43677024576215,151.09268678529745,0.7252,4,28,3,4,5000,100,71.0,10.0,15.0,0.35,0.35,0.3,0.1,4.3556,0.0392,2.3572,2.3572,145.1749,2.7686,2.7686,-2.3678,-2.3678
135,27,190,261,167,274,149.13910831165052,95.524865872714,149.43916073262847,121.93850909372314,0.7145,4,28,3,4,5000,100,71.0,10.0,15.0,0.35,0.35,0.3,0.1,13.5075,0.1215,7.4433,7.2573,107.1276,-2.3117,-2.3110,-1.3722,-1.3531
135,49,369,227,396,230,8.790543182813945,98.15294188153507,8.259437979878806,125.29964086141668,0.7048,4,28,3,4,5000,100,71.0,10.0,15.0,0.35,0.35,0.3,0.1,13.5103,0.1215,7.4449,7.4201,110.0773,2.732,2.7471,-0.4079,-0.3733
136,53,186,407,160,461,113.79870920290108,213.12203077110541,114.2181768845907,273.02930245671433,0.659,5,28,3,4,5000,100,71.0,10.0,15.0,0.35,0.35,0.3,0.1,13.7038,0.1232,7.5524,7.5524,239.3846,-2.4466,-2.4466,-5.4863,-5.4863
136,52,171,398,139,450,118.5024360769286,211.65301793265317,119.19748604606448,272.6407893181063,0.5331,5,28,3,4,5000,100,71.0,10.0,15.0,0.35,0.35,0.3,0.1,14.0045,0.1259,7.7195,7.6808,238.3068,-2.8895,-3.0196,-5.2357,-5.2982
136,35,378,303,387,310,40.64577893693039,139.70325694127536,40.43677024576215,151.09268678529745,0.6729,5,28,3,4,5000,100,71.0,10.0,15.0,0.35,0.35,0.3,0.1,4.3556,0.0392,2.3572,2.3572,145.1749,2.7686,2.7686,-2.3678,-2.3678
136,27,187,254,163,265,153.70520992941616,94.81033698917012,154.06919353734816,121.2023102090055,0.7215,5,28,3,4,5000,100,71.0,10.0,15.0,0.35,0.35,0.3,0.1,13.5871,0.1222,7.4875,7.2501,106.3941,-2.3978,-2.4273,-1.1742,-1.0960
136,49,366,219,392,221,4.258846122170349,94.26027795418386,4.289153328819018,120.33702672078948,0.7859,5,28,3,4,5000,100,71.0,10.0,15.0,0.35,0.35,0.3,0.1,13.5134,0.1215,7.4465,7.3540,105.7143,2.6454,2.6315,-0.1978,-0.1087
137,52,181,391,154,441,116.94786806075983,200.8033864256278,117.26131977714995,257.6140524117425,0.6853,5,28,3,4,5000,100,71.0,10.0,15.0,0.35,0.35,0.3,0.1,13.7817,0.1239,7.5957,7.6968,225.6885,-2.5821,-2.9514,-5.0406,-5.2032
137,54,166,382,132,429,121.94475277620342,200.33971149025845,122.82854179141253,258.24213443975407,0.487,5,28,3,4,5000,100,71.0,10.0,15.0,0.35,0.35,0.3,0.1,14.0415,0.1263,7.7401,7.7780,225.6354,-3.0375,-2.9835,-4.7784,-4.6542
137,35,378,303,387,310,40.64577893693039,139.70325694127536,40.43677024576215,151.09268678529745,0.6729,5,28,3,4,5000,100,71.0,10.0,15.0,0.35,0.35,0.3,0.1,4.3556,0.0392,2.3572,2.3572,145.1749,2.7686,2.7686,-2.3678,-2.3678
137,27,178,240,155,247,163.41266144307258,98.08159868191383,163.34569362307667,122.12288892750614,0.6924,5,28,3,4,5000,100,71.0,10.0,15.0,0.35,0.35,0.3,0.1,12.1413,0.1092,6.684,7.0978,108.7899,-2.6159,-2.5377,-0.781,-0.8611
137,49,360,205,384,202,355.4519575908746,88.2779700718135,354.8978347476418,112.44554237496477,0.6983,5,28,3,4,5000,100,71.0,10.0,15.0,0.35,0.35,0.3,0.1,13.3896,0.1204,7.3778,7.3758,98.9068,2.4731,2.5250,0.2102,0.1287
138,55,142,371,104,416,129.26977829885817,205.38013535880242,129.47245984834385,264.27258654654287,0.9277,5,28,3,4,5000,100,71.0,10.0,15.0,0.35,0.35,0.3,0.1,13.945,0.1254,7.6864,7.6592,231.1339,-3.6802,-3.7136,-4.483,-4.4176
138,54,169,376,137,422,122.13082532733105,193.6620768245554,122.7352262721076,249.64975465639858,0.5867,5,28,3,4,5000,100,71.0,10.0,15.0,0.35,0.35,0.3,0.1,14.0449,0.1263,7.7419,7.7563,218.1205,-2.9386,-2.9878,-4.6178,-4.6144
138,35,378,303,387,310,40.64577893693039,139.70325694127536,40.43677024576215,151.09268678529745,0.6576,5,28,3,4,5000,100,71.0,10.0,15.0,0.35,0.35,0.3,0.1,4.3556,0.0392,2.3572,2.3572,145.1749,2.7686,2.7686,-2.3678,-2.3678
138,27,178,230,152,235,169.15969454566945,95.70788891204319,169.14989537020261,122.18428704215611,0.7475,5,28,3,4,5000,100,71.0,10.0,15.0,0.35,0.35,0.3,0.1,13.513,0.1215,7.4463,7.0931,107.3375,-2.6454,-2.6155,-0.5068,-0.6609
138,49,358,194,381,190,348.17851165939277,87.86353054595519,348.5890168732346,111.19802156513397,0.7263,5,28,3,4,5000,100,71.0,10.0,15.0,0.35,0.35,0.3,0.1,13.036,0.1172,7.1813,7.3050,98.1631,2.4131,2.4490,0.495,0.3390
139,55,140,369,102,413,130.0559255892022,205.11703976023054,130.2235776314771,263.2508309578528,0.8569,5,28,3,4,5000,100,71.0,10.0,15.0,0.35,0.35,0.3,0.1,13.8031,0.1241,7.6075,7.6354,230.5762,-3.7308,-3.7304,-4.4226,-4.3696
139,54,168,374,135,420,122.69946112100192,192.50974001333023,123.3710520057529,249.06424873915566,0.5765,5,28,3,4,5000,100,71.0,10.0,15.0,0.35,0.35,0.3,0.1,14.2429,0.1281,7.852,7.7267,217.1654,-2.9743,-3.0055,-4.5663,-4.4995
139,35,378,303,387,310,40.64577893693039,139.70325694127536,40.43677024576215,151.09268678529745,0.6976,5,28,3,4,5000,100,71.0,10.0,15.0,0.35,0.35,0.3,0.1,4.3556,0.0392,2.3572,2.3572,145.1749,2.7686,2.7686,-2.3678,-2.3678
139,27,174,229,151,233,170.15886824036562,99.46356116689167,170.15417763214742,122.8087944733601,0.6972,5,28,3,4,5000,100,71.0,10.0,15.0,0.35,0.35,0.3,0.1,11.6801,0.105,6.4277,5.9597,109.9102,-2.7175,-2.6248,-0.4715,-0.4512
139,49,356,193,379,187,347.25471052686714,86.12200647918046,346.8490513190553,109.88175462741756,0.7208,5,28,3,4,5000,100,71.0,10.0,15.0,0.35,0.35,0.3,0.1,13.4807,0.1212,7.4284,7.2513,96.5618,2.3613,2.3852,0.544,0.5246
140,55,140,366,102,410,130.6012946450045,202.82997806044352,130.6489220484261,260.9674309181128,0.9632,5,28,3,4,5000,100,71.0,10.0,15.0,0.35,0.35,0.3,0.1,13.94,0.1254,7.6836,7.6406,228.2549,-3.7297,-3.7476,-4.3472,-4.2738
140,54,167,372,134,416,123.27488798483492,191.3765920900464,124.07719528013074,246.2925090212855,0.523,5,28,3,4,5000,100,71.0,10.0,15.0,0.35,0.35,0.3,0.1,13.9536,0.1255,7.6912,7.7015,215.3893,-3.001,-3.0231,-4.4953,-4.3246
140,35,378,303,387,310,40.64577893693039,139.70325694127536,40.43677024576215,151.09268678529745,0.6684,5,28,3,4,5000,100,71.0,10.0,15.0,0.35,0.35,0.3,0.1,4.3556,0.0392,2.3572,2.3261,145.1749,2.7686,2.7662,-2.3678,-2.3679
140,27,179,225,173,225,172.04247477308286,93.90420650854784,172.51911382047632,99.84988733093293,0.712,5,28,3,4,5000,100,71.0,10.0,15.0,0.35,0.35,0.3,0.1,3.4126,0.0307,1.8332,6.3008,96.7858,-2.4068,-2.6495,-0.3259,-0.2999
140,49,356,189,378,183,344.6871816391937,87.09190547921202,344.69915442755,109.89540481748998,0.7942,5,28,3,4,5000,100,71.0,10.0,15.0,0.35,0.35,0.3,0.1,12.8735,0.1158,7.091,7.1849,97.1738,2.352,2.3437,0.6437,0.6955
141,55,138,362,100,404,131.77547739348012,201.13676938839401,131.85504253530198,257.7750957714884,0.8869,4,28,3,4,5000,100,71.0,10.0,15.0,0.35,0.35,0.3,0.1,13.7251,0.1234,7.5642,7.5888,225.9608,-3.7809,-3.7904,-4.2257,-4.1289
141,35,378,303,387,310,40.64577893693039,139.70325694127536,40.43677024576215,151.09268678529745,0.659,4,28,3,4,5000,100,71.0,10.0,15.0,0.35,0.35,0.3,0.1,4.3556,0.0392,2.3572,2.3261,145.1749,2.7686,2.7662,-2.3678,-2.3679
141,27,178,222,148,224,173.92754359279232,94.53041838477179,174.47245984834385,124.57929201917949,0.6143,4,28,3,4,5000,100,71.0,10.0,15.0,0.35,0.35,0.3,0.1,15.2511,0.1371,8.4123,5.8233,107.4944,-2.6838,-2.6507,-0.2708,-0.1565
141,49,355,186,377,179,342.60667785308794,86.97700845625813,342.5528115767178,110.06361796706484,0.7916,4,28,3,4,5000,100,71.0,10.0,15.0,0.35,0.35,0.3,0.1,13.0298,0.1172,7.1778,7.1537,97.1678,2.3265,2.3019,0.7301,0.8392
142,55,137,350,98,389,134.37040139158972,193.05180651835403,134.5103044068708,248.20354550247666,0.9421,5,28,3,4,5000,100,71.0,10.0,15.0,0.35,0.35,0.3,0.1,13.8996,0.125,7.6612,7.5365,217.181,-3.8165,-3.8259,-3.8906,-3.9691
142,54,164,356,131,395,126.86989764584402,180.0,127.61395684873274,231.01947969814148,0.5464,5,28,3,4,5000,100,71.0,10.0,15.0,0.35,0.35,0.3,0.1,13.8041,0.1241,7.6081,7.6676,202.3432,-3.0761,-3.1051,-4.0398,-4.0905
142,35,378,303,386,310,40.64577893693039,139.70325694127536,40.68397248013438,150.33296378372907,0.8399,5,28,3,4,5000,100,71.0,10.0,15.0,0.35,0.35,0.3,0.1,4.0757,0.0366,2.2017,2.3261,144.8233,2.7566,2.7662,-2.3682,-2.3679
142,27,176,209,170,209,181.78991060824606,96.04686356149273,181.68468431789628,102.04410811016969,0.9363,5,28,3,4,5000,100,71.0,10.0,15.0,0.35,0.35,0.3,0.1,3.3668,0.0303,1.8077,6.1997,98.9547,-2.482,-2.6713,0.0752,0.0068
142,49,353,174,374,164,334.86704500708663,89.47066558375433,334.7988763545249,112.72976536833562,0.7934,5,28,3,4,5000,100,71.0,10.0,15.0,0.35,0.35,0.3,0.1,12.7922,0.115,7.0458,7.1073,99.7625,2.2657,2.2652,1.0648,1.0026
143,55,134,346,95,382,135.84252426074042,192.35384061671346,136.15566589381996,245.41597340026587,0.8388,5,28,3,4,5000,100,71.0,10.0,15.0,0.35,0.35,0.3,0.1,13.4795,0.1212,7.4277,7.4997,215.6691,-3.8943,-3.8499,-3.7583,-3.8745
143,54,162,351,129,389,128.3569258974188,177.2596964907703,128.93507755455204,227.547797176769,0.5984,5,28,3,4,5000,100,71.0,10.0,15.0,0.35,0.35,0.3,0.1,13.815,0.1242,7.6142,7.5728,199.2802,-3.1255,-3.2299,-3.9037,-3.7609
143,35,378,303,387,310,40.64577893693039,139.70325694127536,40.43677024576215,151.09268678529745,0.7376,5,28,3,4,5000,100,71.0,10.0,15.0,0.35,0.35,0.3,0.1,4.3556,0.0392,2.3572,2.3261,145.1749,2.7686,2.7662,-2.3678,-2.3679
143,27,174,204,143,202,184.666858371439,98.32598842625484,184.43266846868985,129.38701635017324,0.664,5,28,3,4,5000,100,71.0,10.0,15.0,0.35,0.35,0.3,0.1,15.1692,0.1364,8.3667,6.3570,111.7381,-2.7952,-2.7004,0.2216,0.1993
143,49,351,169,371,157,331.44037952168014,89.94442728707543,330.94539590092285,113.25193155085701,0.7188,5,28,3,4,5000,100,71.0,10.0,15.0,0.35,0.35,0.3,0.1,12.756,0.1147,7.0256,7.1030,100.2614,2.204,2.2256,1.2134,1.1933
144,56,477,422,485,430,45.690277197865086,293.47061181658376,45.66465440142321,304.78352973873115,0.6407,5,28,3,4,5000,100,71.0,10.0,15.0,0.35,0.35,0.3,0.1,2.1029,0.0189,1.1053,2.1582,299.0201,5.2428,5.0549,-5.3682,-5.3241
144,55,133,341,95,376,137.13691085375726,189.63649437806004,137.1832393001825,241.29857024027308,0.9141,5,28,3,4,5000,100,71.0,10.0,15.0,0.35,0.35,0.3,0.1,13.332,0.1199,7.3457,7.4782,212.3708,-3.9079,-3.8729,-3.6235,-3.7575
144,35,378,303,387,310,40.64577893693039,139.70325694127536,40.43677024576215,151.09268678529745,0.7176,5,28,3,4,5000,100,71.0,10.0,15.0,0.35,0.35,0.3,0.1,4.3556,0.0392,2.3572,2.3261,145.1749,2.7686,2.7662,-2.3678,-2.3679
144,27,173,200,142,196,186.91122711902466,99.72462083156798,187.01650174472292,130.98091464026353,0.6807,5,28,3,4,5000,100,71.0,10.0,15.0,0.35,0.35,0.3,0.1,15.0665,0.1355,8.3097,7.4509,113.2354,-2.8205,-2.8300,0.3449,0.4470
144,49,350,164,370,150,328.3924977537511,91.58602513484249,327.68038349181984,115.96551211459379,0.6732,5,28,3,4,5000,100,71.0,10.0,15.0,0.35,0.35,0.3,0.1,13.0627,0.1175,7.1961,7.1036,102.3439,2.1779,2.1427,1.3612,1.4915
145,57,169,344,140,380,127.96502408956887,167.4305826305338,128.15722658736905,213.65392577717827,0.7381,5,28,3,4,5000,100,71.0,10.0,15.0,0.35,0.35,0.3,0.1,13.4888,0.1213,7.4329,7.4329,187.7389,-2.9052,-2.9052,-3.7087,-3.7087
145,54,154,335,119,368,133.81146139079118,170.4494059831245,134.44374777291932,218.50629281556172,0.5461,5,28,3,4,5000,100,71.0,10.0,15.0,0.35,0.35,0.3,0.1,13.7401,0.1236,7.5725,7.4543,191.509,-3.3484,-3.2882,-3.4472,-3.3446
145,35,378,303,387,310,40.64577893693039,139.70325694127536,40.43677024576215,151.09268678529745,0.6676,5,28,3,4,5000,100,71.0,10.0,15.0,0.35,0.35,0.3,0.1,4.3556,0.0392,2.3572,2.3859,145.1749,2.7686,2.7685,-2.3678,-2.3652
145,27,172,191,141,185,191.85977912094796,102.18121158021175,191.6459742484832,133.75350462698165,0.6656,5,28,3,4,5000,100,71.0,10.0,15.0,0.35,0.35,0.3,0.1,14.8816,0.1338,8.2069,7.2911,115.8549,-2.8465,-2.9443,0.5915,0.8201
145,49,349,155,369,140,323.48894388050473,95.80187889597991,323.4146817003066,120.80149005703531,0.7947,5,28,3,4,5000,100,71.0,10.0,15.0,0.35,0.35,0.3,0.1,12.8352,0.1154,7.0697,7.2017,106.859,2.1541,2.0682,1.597,1.7617
146,58,233,411,216,474,101.08828646356078,202.7856010667424,102.06488441052542,267.9178978717174,0.5911,5,28,3,4,5000,100,71.0,10.0,15.0,0.35,0.35,0.3,0.1,15.388,0.1384,8.4884,8.4884,230.8455,-1.1692,-1.1692,-5.6736,-5.6736
146,54,145,317,108,343,140.4170221138566,164.78470802838473,141.3828225263712,209.89759407863636,0.423,5,28,3,4,5000,100,71.0,10.0,15.0,0.35,0.35,0.3,0.1,13.3897,0.1204,7.3778,7.1933,184.6253,-3.5984,-3.3608,-2.9183,-2.9860
146,35,378,303,387,310,40.64577893693039,139.70325694127536,40.43677024576215,151.09268678529745,0.7032,5,28,3,4,5000,100,71.0,10.0,15.0,0.35,0.35,0.3,0.1,4.3556,0.0392,2.3572,2.4147,145.1749,2.7686,2.7684,-2.3678,-2.3626
146,27,162,172,132,162,199.98310652189997,117.04699910719626,199.6538240580533,148.66068747318505,0.7306,5,28,3,4,5000,100,71.0,10.0,15.0,0.35,0.35,0.3,0.1,13.2314,0.119,7.2898,7.7816,130.9732,-3.0924,-3.0815,1.1133,1.1909
146,49,339,138,360,118,312.15786211634435,99.82484660644363,313.11181199325904,128.76334882255898,0.6562,5,28,3,4,5000,100,71.0,10.0,15.0,0.35,0.35,0.3,0.1,14.0785,0.1266,7.7606,7.1066,112.4623,1.9137,1.9980,2.0742,2.2544
147,59,227,388,211,446,104.34222603039358,181.66177363441105,104.61090603822542,241.82018112638985,0.7106,5,28,3,4,5000,100,71.0,10.0,15.0,0.35,0.35,0.3,0.1,15.7978,0.1421,8.7161,8.7453,207.468,-1.3032,-1.2989,-5.0405,-4.8718
147,54,155,299,123,320,143.3658861240326,145.8012345626744,144.06418990812514,184.0244548966251,0.5981,5,28,3,4,5000,100,71.0,10.0,15.0,0.35,0.35,0.3,0.1,12.8878,0.1159,7.0989,7.0468,162.698,-3.2928,-3.4071,-2.4139,-2.6215
147,35,378,302,387,310,40.33314162856101,139.05394636614957,40.43677024576215,151.09268678529745,0.6926,5,28,3,4,5000,100,71.0,10.0,15.0,0.35,0.35,0.3,0.1,4.6142,0.0415,2.5009,2.4434,144.8236,2.7681,2.7683,-2.3548,-2.3600
147,27,155,146,121,129,209.42745640318972,134.33167906342868,208.79622578510924,172.30786401090347,0.5687,5,28,3,4,5000,100,71.0,10.0,15.0,0.35,0.35,0.3,0.1,13.7726,0.1238,7.5906,7.3926,150.9682,-3.3111,-3.2025,1.8409,1.5737
147,49,332,111,347,83,300.7128277151589,117.47765745025733,300.17352002964435,149.21796138535066,0.8499,5,28,3,4,5000,100,71.0,10.0,15.0,0.35,0.35,0.3,0.1,13.2352,0.119,7.2919,6.9402,131.4591,1.6699,1.9422,2.845,2.7591
148,59,227,382,211,439,104.82647997035568,175.85505395068975,105.04132947318067,235.05318547086316,0.7037,4,28,3,4,5000,100,71.0,10.0,15.0,0.35,0.35,0.3,0.1,16.0213,0.1441,8.8403,8.7111,201.1899,-1.3024,-1.2848,-4.8778,-4.7547
148,35,378,302,387,310,40.33314162856101,139.05394636614957,40.43677024576215,151.09268678529745,0.7513,4,28,3,4,5000,100,71.0,10.0,15.0,0.35,0.35,0.3,0.1,4.6142,0.0415,2.5009,2.4987,144.8236,2.7681,2.7681,-2.3548,-2.3598
148,54,147,292,120,313,147.3807569288072,148.4082207965583,146.39700805973735,182.49657531033287,0.5576,4,28,3,4,5000,100,71.0,10.0,15.0,0.35,0.35,0.3,0.1,11.4561,0.103,6.3032,6.9090,163.6966,-3.4388,-3.3965,-2.247,-2.2889
148,27,154,138,120,119,212.09259132873416,139.2838827718412,211.46005019802902,178.1937148162078,0.5403,4,28,3,4,5000,100,71.0,10.0,15.0,0.35,0.35,0.3,0.1,13.6295,0.1226,7.5111,7.2072,156.3544,-3.3369,-3.2987,2.0639,1.9626
149,59,227,376,212,430,105.34376604776386,170.06175348972502,105.38846783275899,226.10616975217638,0.7574,4,28,3,4,5000,100,71.0,10.0,15.0,0.35,0.35,0.3,0.1,15.7321,0.1415,8.6796,8.6645,194.1198,-1.2911,-1.2346,-4.6971,-4.6604
149,35,378,302,387,310,40.33314162856101,139.05394636614957,40.43677024576215,151.09268678529745,0.7583,4,28,3,4,5000,100,71.0,10.0,15.0,0.35,0.35,0.3,0.1,4.6142,0.0415,2.5009,2.5539,144.8236,2.7681,2.7679,-2.3548,-2.3596
149,54,152,287,121,305,147.9946167919165,141.50971698084905,148.37133196989194,177.341478509682,0.7165,4,28,3,4,5000,100,71.0,10.0,15.0,0.35,0.35,0.3,0.1,12.4972,0.1124,6.8818,6.6040,157.4123,-3.3573,-3.3183,-2.0813,-2.0334
149,27,148,131,120,111,213.15360586678057,148.11144452742334,213.60299194026265,182.49657531033287,0.5674,4,28,3,4,5000,100,71.0,10.0,15.0,0.35,0.35,0.3,0.1,11.5662,0.104,6.3644,7.1057,163.5159,-3.4256,-3.3222,2.2589,2.2852
150,59,229,366,214,416,105.6008378066155,159.89058759038946,105.87117861145701,212.08488866489287,0.7058,4,28,3,4,5000,100,71.0,10.0,15.0,0.35,0.35,0.3,0.1,15.6043,0.1403,8.6085,8.5368,182.3259,-1.2423,-1.1613,-4.4034,-4.4759
150,35,378,302,387,311,40.33314162856101,139.05394636614957,40.724158887371054,151.74320413119,0.5267,4,28,3,4,5000,100,71.0,10.0,15.0,0.35,0.35,0.3,0.1,4.8527,0.0436,2.6335,2.5252,145.1217,2.7676,2.7680,-2.3669,-2.3622
150,54,154,276,124,292,151.52579638992563,134.23859355639868,151.60698057861703,168.23792675850473,0.7262,4,28,3,4,5000,100,71.0,10.0,15.0,0.35,0.35,0.3,0.1,12.5001,0.1124,6.8834,6.5002,149.3274,-3.2953,-3.2625,-1.7839,-1.8458
150,27,154,121,121,98,217.63892232842204,149.01342221424215,217.05159612610825,189.20095137181525,0.5522,4,28,3,4,5000,100,71.0,10.0,15.0,0.35,0.35,0.3,0.1,13.214,0.1188,7.2802,6.8863,166.7196,-3.3275,-3.2827,2.5359,2.4877
151,59,236,362,224,410,103.49573328079582,154.2595215861893,103.62699485989154,203.73512215619573,0.7308,6,28,3,4,5000,100,71.0,10.0,15.0,0.35,0.35,0.3,0.1,15.3691,0.1382,8.4779,8.3809,175.5785,-1.0338,-1.0710,-4.283,-4.3067
151,35,378,302,387,311,40.33314162856101,139.05394636614957,40.724158887371054,151.74320413119,0.5267,6,28,3,4,5000,100,71.0,10.0,15.0,0.35,0.35,0.3,0.1,4.8527,0.0436,2.6335,2.4987,145.1217,2.7676,2.7681,-2.3669,-2.3598
151,54,155,271,131,285,153.23940084665117,131.03434664239754,152.62801936781966,158.7765725792064,0.634,6,28,3,4,5000,100,71.0,10.0,15.0,0.35,0.35,0.3,0.1,10.6454,0.0957,5.8527,6.4991,143.5776,-3.2075,-3.1731,-1.6411,-1.6720
151,60,140,258,108,272,160.78732818281438,139.7855500400524,159.90476880809518,174.63103962354458,0.4253,6,28,3,4,5000,100,71.0,10.0,15.0,0.35,0.35,0.3,0.1,12.3247,0.1108,6.7859,6.7859,155.2774,-3.6684,-3.6684,-1.3137,-1.3137
151,27,157,114,128,90,220.43677024576215,151.09268678529745,220.27201218115778,188.73261509341728,0.752,6,28,3,4,5000,100,71.0,10.0,15.0,0.35,0.35,0.3,0.1,12.3176,0.1108,6.782,6.6713,167.8281,-3.2098,-3.2258,2.7265,2.6680
151,49,337,76,353,43,295.54505604400185,150.7348665704123,295.60793148921834,187.40864441108366,0.7604,6,28,3,4,5000,100,71.0,10.0,15.0,0.35,0.35,0.3,0.1,12.0612,0.1085,6.6395,6.7791,167.083,1.8103,1.9062,3.7818,3.2492
152,59,239,357,229,401,102.82134379339892,148.70776711389354,102.81736823279518,193.82982226685345,0.7978,5,28,3,4,5000,100,71.0,10.0,15.0,0.35,0.35,0.3,0.1,14.6492,0.1317,8.0778,8.2062,168.2969,-0.937,-0.9658,-4.118,-4.1820
152,35,378,303,387,310,40.64577893693039,139.70325694127536,40.43677024576215,151.09268678529745,0.655,5,28,3,4,5000,100,71.0,10.0,15.0,0.35,0.35,0.3,0.1,4.3556,0.0392,2.3572,2.4987,145.1749,2.7686,2.7681,-2.3678,-2.3598
152,54,164,266,137,277,153.434948822922,120.74767078498864,154.29004621918875,149.83324063771698,0.5303,5,28,3,4,5000,100,71.0,10.0,15.0,0.35,0.35,0.3,0.1,11.954,0.1075,6.58,6.3754,133.7272,-3.0138,-3.0877,-1.4759,-1.5389
152,27,160,109,133,85,222.6029714699404,152.16109883935513,222.41697933136493,188.2817038376273,0.7328,5,28,3,4,5000,100,71.0,10.0,15.0,0.35,0.35,0.3,0.1,11.799,0.1061,6.4938,6.6556,168.3052,-3.1139,-3.1391,2.8533,2.8022
152,49,341,72,356,39,296.2367121953073,156.08010763707205,295.89885120689485,192.31484602078956,0.711,5,28,3,4,5000,100,71.0,10.0,15.0,0.35,0.35,0.3,0.1,11.5661,0.104,6.3644,6.5846,172.3132,1.8989,1.9262,3.8848,3.6072
153,59,242,354,233,397,101.92932217723833,145.13442045221387,101.90426571549175,189.06612599828665,0.7798,5,28,3,4,5000,100,71.0,10.0,15.0,0.35,0.35,0.3,0.1,14.6186,0.1315,8.0608,8.0315,164.2128,-0.8508,-0.8606,-4.032,-4.0866
153,35,378,302,387,309,40.33314162856101,139.05394636614957,40.14690361300763,150.4460036026215,0.7665,5,28,3,4,5000,100,71.0,10.0,15.0,0.35,0.35,0.3,0.1,4.3761,0.0394,2.3686,2.4722,144.5258,2.7686,2.7682,-2.3427,-2.3574
153,54,164,262,139,273,155.15761089454483,119.01260437449471,155.36160327538616,146.32156368765337,0.7677,5,28,3,4,5000,100,71.0,10.0,15.0,0.35,0.35,0.3,0.1,11.4458,0.1029,6.2975,6.1780,131.2617,-2.9918,-2.9955,-1.378,-1.4406
153,27,162,105,136,80,224.2079429078376,153.45683432157722,224.14490260373327,189.52572384771415,0.7701,5,28,3,4,5000,100,71.0,10.0,15.0,0.35,0.35,0.3,0.1,11.6949,0.1052,6.4359,6.3391,169.5947,-3.0524,-3.0681,2.9656,2.9020
153,49,344,66,359,32,296.25024236968886,162.78820596099706,295.7960264944999,199.92248497855363,0.6658,5,28,3,4,5000,100,71.0,10.0,15.0,0.35,0.35,0.3,0.1,11.3854,0.1024,6.264,6.2589,179.4544,1.9741,1.9652,4.0475,3.9444
154,56,456,412,477,434,47.38594403038881,271.7646040234085,47.27989253817822,302.1737910540886,0.6384,6,28,3,4,5000,100,71.0,10.0,15.0,0.35,0.35,0.3,0.1,5.8922,0.053,3.2111,2.1582,286.1636,4.8671,5.0549,-5.28,-5.3241
154,59,245,356,237,398,100.61965527615514,146.50938536489735,100.6568482469213,189.2643653728826,0.7727,6,28,3,4,5000,100,71.0,10.0,15.0,0.35,0.35,0.3,0.1,14.1604,0.1273,7.8061,7.7964,165.1648,-0.7653,-0.7800,-4.0734,-3.9597
154,35,378,302,387,310,40.33314162856101,139.05394636614957,40.43677024576215,151.09268678529745,0.7859,6,28,3,4,5000,100,71.0,10.0,15.0,0.35,0.35,0.3,0.1,4.6142,0.0415,2.5009,2.4319,144.8236,2.7681,2.7684,-2.3548,-2.3550
154,54,166,263,142,275,154.3063003406004,117.63077828527702,154.14445781119667,144.46106741956464,0.7944,6,28,3,4,5000,100,71.0,10.0,15.0,0.35,0.35,0.3,0.1,11.3843,0.1024,6.2633,6.2012,129.6726,-2.9301,-2.9057,-1.4154,-1.3137
154,27,164,106,139,82,224.46454101443547,151.32745950421557,224.34646431932217,185.98118184375537,0.7517,6,28,3,4,5000,100,71.0,10.0,15.0,0.35,0.35,0.3,0.1,11.425,0.1027,6.286,6.1826,166.8742,-2.9919,-3.0003,2.9299,3.0228
154,49,345,67,361,34,296.72289039077987,162.33915116200404,296.565051177078,199.01004999748127,0.7724,6,28,3,4,5000,100,71.0,10.0,15.0,0.35,0.35,0.3,0.1,11.2857,0.1015,6.2085,6.1163,178.8139,2.0117,2.0223,4.011,4.0893
155,59,247,351,239,391,100.19598824728679,141.23030836190935,100.44562205652511,182.0164827701052,0.7225,5,28,3,4,5000,100,71.0,10.0,15.0,0.35,0.35,0.3,0.1,14.0318,0.1262,7.7347,7.6086,159.0503,-0.7161,-0.7164,-3.9265,-3.8589
155,35,378,302,387,310,40.33314162856101,139.05394636614957,40.43677024576215,151.09268678529745,0.7408,5,28,3,4,5000,100,71.0,10.0,15.0,0.35,0.35,0.3,0.1,4.6142,0.0415,2.5009,2.4568,144.8236,2.7681,2.7683,-2.3548,-2.3508
155,54,169,259,147,269,155.47227951974193,113.21660655575224,155.4870141933307,137.38267721950973,0.8607,5,28,3,4,5000,100,71.0,10.0,15.0,0.35,0.35,0.3,0.1,10.7241,0.0964,5.8964,6.0226,124.1344,-2.8341,-2.8602,-1.2928,-1.2039
155,27,163,102,142,78,225.2616227456948,154.85799947048264,225.86805144974554,186.69761648183942,0.4923,5,28,3,4,5000,100,71.0,10.0,15.0,0.35,0.35,0.3,0.1,10.3667,0.0932,5.6978,5.9747,169.2938,-2.9727,-2.9526,3.0349,3.1392
155,49,348,63,364,31,297.02463313460794,167.26326554267678,296.9436521391923,203.03940504246953,0.7932,5,28,3,4,5000,100,71.0,10.0,15.0,0.35,0.35,0.3,0.1,10.7441,0.0966,5.9076,5.9423,183.4231,2.0882,2.0781,4.1019,4.2159
156,59,250,342,243,377,99.60520415501296,131.84839779079607,99.96835617047384,167.5291019494822,0.7269,4,28,3,4,5000,100,71.0,10.0,15.0,0.35,0.35,0.3,0.1,13.254,0.1192,7.3024,7.4217,147.5625,-0.6308,-0.6774,-3.6488,-3.7580
156,54,172,249,150,256,159.69552629003957,106.6255128944288,160.1678701497816,129.6919426949878,0.7458,4,28,3,4,5000,100,71.0,10.0,15.0,0.35,0.35,0.3,0.1,10.8547,0.0976,5.969,5.8440,117.033,-2.7589,-2.8245,-1.0066,-1.0976
156,27,168,91,145,65,229.32080495498445,159.55249919697278,229.17476989191243,194.26270872197782,0.7247,4,28,3,4,5000,100,71.0,10.0,15.0,0.35,0.35,0.3,0.1,10.9098,0.0981,5.9996,5.7911,175.205,-2.8705,-2.9270,3.3302,3.2853
156,49,350,52,366,18,295.989233583833,178.0,295.8518625420604,215.5736533067063,0.7578,4,28,3,4,5000,100,71.0,10.0,15.0,0.35,0.35,0.3,0.1,10.6168,0.0955,5.8368,5.8111,194.9933,2.1384,2.1137,4.4012,4.3171
157,59,250,341,244,375,99.67826005313395,130.86252328302402,99.74709013910746,165.38742394752995,0.7896,4,28,3,4,5000,100,71.0,10.0,15.0,0.35,0.35,0.3,0.1,12.9601,0.1165,7.1391,7.2268,146.1132,-0.6188,-0.6681,-3.614,-3.6075
157,54,166,246,150,252,162.21611155730747,111.31936040060597,161.84729411334885,128.39003076563228,0.8027,4,28,3,4,5000,100,71.0,10.0,15.0,0.35,0.35,0.3,0.1,7.9195,0.0712,4.3378,5.6929,119.2469,-2.8462,-2.8085,-0.9238,-0.9414
157,27,166,87,147,61,229.7020554233162,163.8932579455299,230.3815470521319,196.02550854416882,0.4433,4,28,3,4,5000,100,71.0,10.0,15.0,0.35,0.35,0.3,0.1,9.9282,0.0893,5.4541,5.5325,178.5251,-2.8753,-2.9318,3.4354,3.4795
157,49,352,47,367,14,295.8663567940945,183.3712082089225,295.63159765041394,219.61101975993827,0.7356,4,28,3,4,5000,100,71.0,10.0,15.0,0.35,0.35,0.3,0.1,10.0008,0.0899,5.4945,5.6316,199.8616,2.178,2.1323,4.5178,4.4638
158,59,249,338,242,371,100.3448574814752,128.08200498118384,100.68491240000272,161.8054387219416,0.7276,3,28,3,4,5000,100,71.0,10.0,15.0,0.35,0.35,0.3,0.1,12.9371,0.1163,7.1263,7.0405,142.9822,-0.656,-0.6810,-3.5275,-3.4691
158,54,169,243,149,249,163.2497354949743,107.56393447619885,163.25802961470689,128.4445405612866,0.8578,3,28,3,4,5000,100,71.0,10.0,15.0,0.35,0.35,0.3,0.1,9.839,0.0885,5.4045,5.6007,117.0805,-2.8134,-2.8218,-0.8465,-0.7825
158,49,351,46,366,12,295.44994567495195,183.8396040030548,295.1735245245302,220.9886874932742,0.7303,3,28,3,4,5000,100,71.0,10.0,15.0,0.35,0.35,0.3,0.1,10.205,0.0918,5.6079,5.3876,200.7097,2.1524,2.1262,4.5536,4.6213
159,59,246,331,240,361,102.32472743413737,121.80722474467596,102.12101545258575,152.3975065412817,0.774,4,28,3,4,5000,100,71.0,10.0,15.0,0.35,0.35,0.3,0.1,12.4063,0.1116,6.8313,6.9112,135.396,-0.7187,-0.7160,-3.3208,-3.4461
159,54,168,236,147,239,167.0053832080835,106.73331251301067,167.81136679806812,127.88275880665071,0.6205,4,28,3,4,5000,100,71.0,10.0,15.0,0.35,0.35,0.3,0.1,10.0248,0.0901,5.5078,5.4396,116.3548,-2.85,-2.8580,-0.6347,-0.7331
159,27,165,77,144,50,231.59991698191388,172.2614292289484,231.68690932618236,206.4654934849889,0.7682,4,28,3,4,5000,100,71.0,10.0,15.0,0.35,0.35,0.3,0.1,10.0435,0.0903,5.5182,5.4222,187.8189,-2.9245,-2.9477,3.6961,3.6001
159,49,349,38,364,5,293.87076688722186,190.2761151589973,293.96248897457815,226.52372944131042,0.7766,4,28,3,4,5000,100,71.0,10.0,15.0,0.35,0.35,0.3,0.1,9.6713,0.087,5.3114,5.2512,206.8238,2.1044,2.0997,4.7443,4.6778
160,59,244,328,237,357,103.57043438516149,119.33147112141039,103.57043438516149,149.164338901763,0.8264,4,28,3,4,5000,100,71.0,10.0,15.0,0.35,0.35,0.3,0.1,12.3564,0.1111,6.8036,6.7750,132.5905,-0.7807,-0.7362,-3.2344,-3.5223
160,54,166,231,145,233,169.83791680599924,107.68936809174804,170.61085243866876,128.7245120402482,0.5903,4,28,3,4,5000,100,71.0,10.0,15.0,0.35,0.35,0.3,0.1,9.8948,0.089,5.4356,5.2912,117.2711,-2.9004,-2.8716,-0.4979,-0.7946
160,27,160,69,142,42,231.93135679831585,181.63975335812367,232.59464336859145,214.00934559032697,0.4191,4,28,3,4,5000,100,71.0,10.0,15.0,0.35,0.35,0.3,0.1,9.0983,0.0818,4.9929,5.2167,196.5004,-3.0161,-2.9669,3.901,3.5672
160,49,348,31,361,1,292.77702382372377,196.30843079195554,292.87006326823797,229.00218339570478,0.6622,4,28,3,4,5000,100,71.0,10.0,15.0,0.35,0.35,0.3,0.1,8.5486,0.0769,4.6874,5.1647,211.3987,2.058,2.0828,4.8894,4.6166
161,59,243,339,236,370,102.86275101895822,130.26895255585654,102.83560948640144,162.04937519163718,0.8108,4,28,3,4,5000,100,71.0,10.0,15.0,0.35,0.35,0.3,0.1,12.0903,0.1087,6.6557,6.6958,144.4316,-0.8059,-0.7339,-3.5336,-3.6523
161,54,164,240,144,245,165.4655449194599,111.57060544785082,165.54324459994515,132.1854757528224,0.8357,4,28,3,4,5000,100,71.0,10.0,15.0,0.35,0.35,0.3,0.1,9.405,0.0846,5.1634,5.2223,121.0063,-2.9399,-2.8747,-0.7599,-0.9069
161,27,159,79,140,53,229.64797069138703,174.52220489095365,230.3009265165257,206.65188119153427,0.4331,4,28,3,4,5000,100,71.0,10.0,15.0,0.35,0.35,0.3,0.1,9.3738,0.0843,5.146,5.2298,189.2329,-3.0522,-2.9544,3.6378,3.4725
161,49,346,40,359,8,293.2789491980027,187.2431574183687,293.0968219181608,221.77691493931465,0.7487,4,28,3,4,5000,100,71.0,10.0,15.0,0.35,0.35,0.3,0.1,9.3893,0.0844,5.1546,5.0141,203.0522,2.0057,2.0961,4.6841,4.4864
162,59,246,356,240,390,100.23480276342322,146.32839779072276,100.1915018500277,180.8535318980528,0.8244,4,28,3,4,5000,100,71.0,10.0,15.0,0.35,0.35,0.3,0.1,11.7349,0.1055,6.4582,6.6283,161.7694,-0.7196,-0.7192,-3.9952,-3.8317
162,54,167,258,148,265,156.34200300123732,114.63420083029322,156.85719893270578,134.8517704741024,0.6551,4,28,3,4,5000,100,71.0,10.0,15.0,0.35,0.35,0.3,0.1,9.0119,0.081,4.9449,5.0817,123.9238,-2.8544,-2.8683,-1.234,-1.0767
162,27,162,96,144,74,226.52076966114376,159.86244086714052,227.15296278910046,188.22327167489146,0.4468,4,28,3,4,5000,100,71.0,10.0,15.0,0.35,0.35,0.3,0.1,9.0608,0.0815,4.9721,5.2257,172.8875,-2.9664,-2.9270,3.1658,3.3083
162,49,349,57,363,29,296.41700039673367,173.07223925286226,296.43967768021486,204.37710243566914,0.8127,4,28,3,4,5000,100,71.0,10.0,15.0,0.35,0.35,0.3,0.1,9.2233,0.0829,5.0624,4.9078,187.4265,2.0934,2.1067,4.2117,4.3556
163,59,249,362,243,399,98.71745696459966,151.75308893067054,98.81522102322316,189.2353032602532,0.8045,3,28,3,4,5000,100,71.0,10.0,15.0,0.35,0.35,0.3,0.1,12.2242,0.1099,6.7301,6.5571,168.4341,-0.6446,-0.6921,-4.1773,-4.0112
163,54,168,264,149,273,153.434948822922,116.27553482998907,153.62157936648757,137.2953021774598,0.7609,3,28,3,4,5000,100,71.0,10.0,15.0,0.35,0.35,0.3,0.1,9.2186,0.0829,5.0597,4.9433,125.9142,-2.8286,-2.8569,-1.4081,-1.2515
163,27,170,103,148,83,226.90011096557686,149.2816130673835,226.13218027513128,178.932948335403,0.464,3,28,3,4,5000,100,71.0,10.0,15.0,0.35,0.35,0.3,0.1,10.0466,0.0903,5.5199,5.3311,162.7679,-2.8126,-2.8863,2.9619,3.1205
164,59,249,364,243,400,98.60448159309266,153.73028328862208,98.76906225314762,190.22355269524328,0.7732,4,28,3,4,5000,100,71.0,10.0,15.0,0.35,0.35,0.3,0.1,11.799,0.1061,6.4938,6.4715,170.041,-0.6451,-0.6650,-4.218,-4.1116
164,54,168,267,150,276,152.12804747359667,117.64777940955791,152.31893843151474,137.7679207943562,0.7747,4,28,3,4,5000,100,71.0,10.0,15.0,0.35,0.35,0.3,0.1,8.7603,0.0788,4.8051,4.8024,126.9154,-2.818,-2.8405,-1.4838,-1.3566
164,27,171,106,149,87,226.3836869673685,146.4137971640651,225.46205272143075,175.3681841155915,0.3986,4,28,3,4,5000,100,71.0,10.0,15.0,0.35,0.35,0.3,0.1,10.0066,0.09,5.4977,5.3809,159.5883,-2.7879,-2.8436,2.875,3.0054
164,49,354,68,368,43,299.6591092359951,165.71059109181888,299.59862563627377,194.36306233438492,0.7912,4,28,3,4,5000,100,71.0,10.0,15.0,0.35,0.35,0.3,0.1,8.8492,0.0796,4.8545,4.9152,178.8968,2.2192,2.1192,3.9024,4.2283
165,59,249,361,243,396,98.77505574447967,150.7647173578752,98.95663560791192,186.27130750601393,0.7566,3,28,3,4,5000,100,71.0,10.0,15.0,0.35,0.35,0.3,0.1,11.7157,0.1053,6.4475,6.4288,166.6477,-0.6452,-0.6601,-4.1318,-4.0923
165,54,167,263,149,271,154.09349200048564,116.73045875006231,154.37413976865759,136.41847382227965,0.7554,3,28,3,4,5000,100,71.0,10.0,15.0,0.35,0.35,0.3,0.1,8.6489,0.0778,4.7432,4.6925,125.8089,-2.8434,-2.8512,-1.3718,-1.3345
165,27,170,103,148,83,226.90011096557686,149.2816130673835,226.13218027513128,178.932948335403,0.4519,3,28,3,4,5000,100,71.0,10.0,15.0,0.35,0.35,0.3,0.1,10.0466,0.0903,5.5199,5.4466,162.7679,-2.8126,-2.8281,2.9619,3.0223
166,59,248,358,242,391,99.33499846313823,147.95945390545344,99.5142205448402,181.49655644116226,0.7724,4,28,3,4,5000,100,71.0,10.0,15.0,0.35,0.35,0.3,0.1,11.3204,0.1018,6.2278,6.3038,163.021,-0.6705,-0.6753,-4.0355,-4.0295
166,54,166,260,149,267,155.63754698468782,116.36150566231085,155.90798047100967,134.73678042761748,0.7254,4,28,3,4,5000,100,71.0,10.0,15.0,0.35,0.35,0.3,0.1,8.1381,0.0732,4.4593,4.5463,124.8768,-2.8579,-2.8673,-1.2854,-1.2701
166,27,169,99,147,79,227.6506896834218,152.89865924853626,226.77604425335875,182.5212316416915,0.4078,4,28,3,4,5000,100,71.0,10.0,15.0,0.35,0.35,0.3,0.1,9.8213,0.0883,5.3947,5.2288,166.4019,-2.8385,-2.8697,3.0626,3.1014
166,49,352,61,365,35,297.9147020555127,170.88300090997933,297.71850162818333,199.9449924354196,0.7323,4,28,3,4,5000,100,71.0,10.0,15.0,0.35,0.35,0.3,0.1,8.7154,0.0784,4.7801,4.8357,184.2752,2.1573,2.1395,4.0902,4.1519
167,59,247,353,241,385,100.05433559999435,143.19916200872126,100.15905599584681,175.75551200460256,0.7508,3,28,3,4,5000,100,71.0,10.0,15.0,0.35,0.35,0.3,0.1,11.3512,0.1021,6.2449,6.2112,157.8158,-0.6953,-0.7004,-3.8987,-3.9413
167,54,164,254,147,260,158.74949449286677,115.8792474949678,158.99321056922815,133.8992158304148,0.7649,3,28,3,4,5000,100,71.0,10.0,15.0,0.35,0.35,0.3,0.1,8.0229,0.0721,4.3953,4.4923,124.2392,-2.9083,-2.8976,-1.1234,-1.1705
167,49,351,55,363,28,296.71084164999723,175.75551200460256,296.3153979443531,205.27298896834918,0.6317,3,28,3,4,5000,100,71.0,10.0,15.0,0.35,0.35,0.3,0.1,8.615,0.0775,4.7243,4.7611,189.3709,2.1202,2.1325,4.2529,4.1902
168,59,246,352,240,383,100.52078431387436,142.3938200906205,100.59942371643346,173.9683879329805,0.774,4,28,3,4,5000,100,71.0,10.0,15.0,0.35,0.35,0.3,0.1,11.0991,0.0998,6.1048,6.1255,156.6055,-0.7205,-0.7105,-3.8633,-3.9251
168,54,164,253,147,258,159.2117543109697,115.52056094046635,159.79638483167486,133.19534526401438,0.6565,4,28,3,4,5000,100,71.0,10.0,15.0,0.35,0.35,0.3,0.1,7.9029,0.0711,4.3286,4.4447,123.7299,-2.9087,-2.9004,-1.0861,-1.1382
168,27,167,92,145,71,228.81407483429035,159.45218719101973,227.99034497516539,189.76301009416983,0.4106,4,28,3,4,5000,100,71.0,10.0,15.0,0.35,0.35,0.3,0.1,9.6525,0.0868,5.3009,5.0272,173.2922,-2.8891,-2.9011,3.2502,3.1604
168,49,350,53,363,26,296.13100054493856,177.1016657177453,296.0700675563207,207.06762180505189,0.7894,4,28,3,4,5000,100,71.0,10.0,15.0,0.35,0.35,0.3,0.1,8.6744,0.078,4.7573,4.7395,190.9159,2.1076,2.1126,4.3024,4.2552
169,59,244,349,238,379,101.55100726252527,139.83204210766573,101.50773069691286,170.42593699317015,0.7845,4,28,3,4,5000,100,71.0,10.0,15.0,0.35,0.35,0.3,0.1,10.9659,0.0986,6.0308,6.0700,153.6206,-0.7704,-0.6932,-3.7772,-3.9880
169,54,162,249,144,254,161.4089322732197,116.05602095539895,161.83404347077447,134.7145129523913,0.7502,4,28,3,4,5000,100,71.0,10.0,15.0,0.35,0.35,0.3,0.1,8.2744,0.0744,4.535,4.4280,124.6911,-2.9697,-2.8731,-0.9857,-1.1807
169,27,159,88,143,67,227.6573906829055,167.7647161950331,228.34194385726113,194.07730418572905,0.3858,4,28,3,4,5000,100,71.0,10.0,15.0,0.35,0.35,0.3,0.1,8.0868,0.0727,4.4308,4.7958,179.9643,-3.0204,-2.9103,3.3574,3.1472
169,49,348,49,361,22,294.99764733185947,179.84715733088473,295.09938086642137,209.8118204487059,0.7556,4,28,3,4,5000,100,71.0,10.0,15.0,0.35,0.35,0.3,0.1,8.5518,0.0769,4.6892,4.7830,193.6774,2.058,2.1149,4.4029,4.2273
170,59,247,359,241,391,99.65183346680425,149.11069713471264,99.82527704214846,181.6645259812713,0.7724,5,28,3,4,5000,100,71.0,10.0,15.0,0.35,0.35,0.3,0.1,10.9447,0.0984,6.019,6.0033,163.7857,-0.6958,-0.6412,-4.0507,-4.1330
170,54,166,257,149,264,156.99740340664215,115.15641536623133,157.0830973815533,133.5402561027947,0.797,5,28,3,4,5000,100,71.0,10.0,15.0,0.35,0.35,0.3,0.1,8.2205,0.0739,4.5051,4.4376,123.6689,-2.8576,-2.8181,-1.2104,-1.3130
170,61,146,243,125,248,166.1779453642683,129.75746606650424,166.23921488820875,151.34397906755325,0.7,5,28,3,4,5000,100,71.0,10.0,15.0,0.35,0.35,0.3,0.1,8.5399,0.0768,4.6826,4.6826,139.7219,-3.4051,-3.4051,-0.8357,-0.8357
170,27,162,95,146,75,226.76627048600903,160.58953888718904,227.39500551687235,186.1316738225926,0.4288,5,28,3,4,5000,100,71.0,10.0,15.0,0.35,0.35,0.3,0.1,8.1924,0.0737,4.4895,4.6687,172.4198,-2.9451,-2.8789,3.1697,3.0534
170,49,351,56,363,29,296.85812166210434,174.86280336309378,296.43967768021486,204.37710243566914,0.6385,5,28,3,4,5000,100,71.0,10.0,15.0,0.35,0.35,0.3,0.1,8.6547,0.0778,4.7464,4.7636,188.4715,2.1201,2.1574,4.2277,4.1078
171,59,251,370,246,404,97.57088890083429,159.38946012832844,97.71189241265888,193.75241933973368,0.7826,4,28,3,4,5000,100,71.0,10.0,15.0,0.35,0.35,0.3,0.1,10.8212,0.0973,5.9504,5.9388,174.8991,-0.5841,-0.5567,-4.3499,-4.3327
171,54,171,268,155,276,150.99358409772998,115.48592987892508,151.32096373061935,133.3604139165742,0.7023,4,28,3,4,5000,100,71.0,10.0,15.0,0.35,0.35,0.3,0.1,7.988,0.0718,4.3759,4.2555,123.7812,-2.7212,-2.7267,-1.4979,-1.4810
171,27,165,105,150,87,225.0,151.32085117392117,225.6958659395088,174.6682569902156,0.4183,4,28,3,4,5000,100,71.0,10.0,15.0,0.35,0.35,0.3,0.1,7.9647,0.0716,4.3629,4.5475,162.1585,-2.8586,-2.8099,2.896,2.8674
171,49,351,66,367,41,298.41763805901707,166.00301202086666,299.05460409907715,195.616972678753,0.4646,4,28,3,4,5000,100,71.0,10.0,15.0,0.35,0.35,0.3,0.1,9.1071,0.0819,4.9978,4.7246,179.5974,2.1686,2.2350,3.9508,3.9235
172,59,256,380,253,416,95.44033203100551,168.7601848778319,95.32102123270121,204.88289338058462,0.7802,4,28,3,4,5000,100,71.0,10.0,15.0,0.35,0.35,0.3,0.1,10.7512,0.0967,5.9115,5.8918,185.0754,-0.435,-0.4375,-4.6239,-4.5223
172,54,174,278,159,289,146.04094018032373,118.15244390193544,145.72885929801004,136.74063039199433,0.7421,4,28,3,4,5000,100,71.0,10.0,15.0,0.35,0.35,0.3,0.1,8.1099,0.0729,4.4436,4.1120,126.7688,-2.6334,-2.5627,-1.7847,-1.6438
172,27,173,116,156,100,224.11859600341785,137.90213921473443,223.99491399474581,161.24515496597098,0.7848,4,28,3,4,5000,100,71.0,10.0,15.0,0.35,0.35,0.3,0.1,8.6777,0.078,4.7592,4.6084,148.6629,-2.6812,-2.6723,2.5939,2.6923
172,49,359,77,372,54,302.7995312726192,160.60510577189007,302.33018573505035,186.98663053812163,0.6311,4,28,3,4,5000,100,71.0,10.0,15.0,0.35,0.35,0.3,0.1,8.4404,0.0759,4.6273,4.7186,172.7947,2.3328,2.3398,3.6551,3.7415
173,59,261,389,259,426,93.55618109425512,177.341478509682,93.47631274920114,214.39449619801343,0.7686,3,28,3,4,5000,100,71.0,10.0,15.0,0.35,0.35,0.3,0.1,10.5188,0.0946,5.7823,5.8590,194.1156,-0.2984,-0.3108,-4.862,-4.6470
173,27,178,126,162,112,222.4551956201869,127.40486646906389,222.27368900609375,148.66068747318505,0.7352,3,28,3,4,5000,100,71.0,10.0,15.0,0.35,0.35,0.3,0.1,8.5625,0.077,4.6951,4.6323,137.2145,-2.5444,-2.5324,2.3199,2.5648
173,49,365,87,379,66,306.6492474676686,155.80115532305913,306.2368208744129,181.01104938649465,0.6417,3,28,3,4,5000,100,71.0,10.0,15.0,0.35,0.35,0.3,0.1,8.3237,0.0748,4.5625,4.6755,167.4626,2.4954,2.4523,3.3812,3.6097
174,59,266,384,264,420,91.99787985647667,172.10461934532728,92.2025981617658,208.153789300123,0.7379,3,28,3,4,5000,100,71.0,10.0,15.0,0.35,0.35,0.3,0.1,10.5427,0.0948,5.7956,5.7979,188.4204,-0.1741,-0.1790,-4.725,-4.6926
174,54,179,284,169,294,142.25319461272534,117.61377470347595,141.4761245383512,131.65485179058157,0.5972,3,28,3,4,5000,100,71.0,10.0,15.0,0.35,0.35,0.3,0.1,6.2642,0.0563,3.4179,3.8534,124.2389,-2.4515,-2.4065,-1.9262,-1.7320
174,49,368,83,383,61,306.6561084159669,160.80111939908875,306.3195815749287,187.40864441108366,0.6811,3,28,3,4,5000,100,71.0,10.0,15.0,0.35,0.35,0.3,0.1,8.4976,0.0764,4.6591,4.5837,173.0883,2.5821,2.5726,3.4927,3.5432
175,59,270,382,269,418,90.67403689798452,170.01176429882727,90.83434557554679,206.0218435020908,0.75,3,28,3,4,5000,100,71.0,10.0,15.0,0.35,0.35,0.3,0.1,10.6496,0.0958,5.855,5.7710,186.2926,-0.0622,-0.0522,-4.6744,-4.6632
175,27,186,120,171,105,226.930587441167,125.93649193144932,226.6523046776513,147.13938969562162,0.726,3,28,3,4,5000,100,71.0,10.0,15.0,0.35,0.35,0.3,0.1,8.6347,0.0776,4.7353,4.5948,135.7148,-2.3322,-2.3803,2.4818,2.5251
175,49,372,80,387,58,307.14668669802177,165.60193235587562,306.7506558210937,192.20041623263984,0.6383,3,28,3,4,5000,100,71.0,10.0,15.0,0.35,0.35,0.3,0.1,8.267,0.0743,4.5309,4.5642,177.9125,2.6827,2.6975,3.5686,3.5684
176,59,275,379,275,413,88.97084519569401,167.0269439342048,89.14490260373329,201.02238681301145,0.7652,5,28,3,4,5000,100,71.0,10.0,15.0,0.35,0.35,0.3,0.1,10.2719,0.0924,5.6451,5.7627,182.4546,0.0746,0.0622,-4.5779,-4.5912
176,54,191,279,181,289,140.40379136024973,105.11898020814318,139.7636416907262,119.20570456148481,0.6313,5,28,3,4,5000,100,71.0,10.0,15.0,0.35,0.35,0.3,0.1,6.9834,0.0628,3.8176,3.7838,111.72,-2.1496,-2.2471,-1.7997,-1.8022
176,62,153,266,135,274,155.5923313322199,130.6789960169575,155.65064465951124,150.3761949245957,0.8869,5,28,3,4,5000,100,71.0,10.0,15.0,0.35,0.35,0.3,0.1,7.7938,0.0701,4.2679,4.1543,139.8374,-3.1963,-2.8349,-1.4483,-1.6943
176,27,189,118,175,103,228.55618109425512,125.39936203984452,228.3338506615366,145.91093173576817,0.7633,5,28,3,4,5000,100,71.0,10.0,15.0,0.35,0.35,0.3,0.1,8.4075,0.0756,4.609,4.5682,134.8798,-2.2456,-2.2133,2.5325,2.5178
176,49,375,78,391,56,307.5479225565953,169.01183390520322,307.3371311581613,196.2065238466856,0.7614,5,28,3,4,5000,100,71.0,10.0,15.0,0.35,0.35,0.3,0.1,8.2807,0.0745,4.5385,4.5556,181.5967,2.77,2.8048,3.6185,3.6383
177,59,279,375,281,409,87.54095600989538,163.1502375113196,87.38424512457813,197.20547659738054,0.7668,4,28,3,4,5000,100,71.0,10.0,15.0,0.35,0.35,0.3,0.1,10.5096,0.0945,5.7772,5.7431,178.5687,0.199,0.1890,-4.4766,-4.5790
177,54,193,274,185,282,141.87481802870425,100.42410069301094,141.1799242491831,111.66467659918243,0.6822,4,28,3,4,5000,100,71.0,10.0,15.0,0.35,0.35,0.3,0.1,5.8939,0.053,3.2121,3.6189,105.7465,-2.077,-2.1505,-1.6516,-1.8066
177,27,193,112,183,96,231.6912644325523,127.4401820463232,232.50308739104958,146.2087548678259,0.4054,4,28,3,4,5000,100,71.0,10.0,15.0,0.35,0.35,0.3,0.1,7.6273,0.0686,4.1754,4.6407,136.1808,-2.098,-2.0359,2.6975,2.5174
177,49,382,72,399,49,308.15722658736905,178.04493814764857,307.9236218223632,206.63494380186523,0.6877,4,28,3,4,5000,100,71.0,10.0,15.0,0.35,0.35,0.3,0.1,8.2651,0.0743,4.5299,4.4927,191.2775,2.9572,2.9226,3.7808,3.6713
178,59,282,376,284,410,86.5106750942036,164.30459518832697,86.53177074108285,198.36330305779848,0.8026,2,28,3,4,5000,100,71.0,10.0,15.0,0.35,0.35,0.3,0.1,10.4437,0.0939,5.7406,5.7219,179.7347,0.2736,0.3159,-4.502,-4.6216
178,49,385,74,402,51,309.3120087467375,178.36199146679206,308.919259067183,206.93235609734887,0.6275,2,28,3,4,5000,100,71.0,10.0,15.0,0.35,0.35,0.3,0.1,8.2463,0.0742,4.5194,4.4898,191.5879,3.0322,3.0524,3.731,3.6389
179,59,289,382,292,417,84.28940686250037,170.84788555905513,84.42780219603621,205.9732992404598,0.7917,3,28,3,4,5000,100,71.0,10.0,15.0,0.35,0.35,0.3,0.1,10.3662,0.0932,5.6976,5.7275,186.7735,0.4602,0.4229,-4.6643,-4.7261
179,27,204,117,192,102,234.40531150095688,116.8289347721702,233.9726266148964,136.01470508735443,0.7123,3,28,3,4,5000,100,71.0,10.0,15.0,0.35,0.35,0.3,0.1,8.4384,0.0759,4.6262,4.7451,125.6939,-1.8463,-1.8858,2.5574,2.4420
179,49,390,76,408,55,310.9464457681686,180.05554698481245,310.9004865965981,207.7137453323684,0.8284,3,28,3,4,5000,100,71.0,10.0,15.0,0.35,0.35,0.3,0.1,7.932,0.0713,4.3448,4.4596,192.8983,3.1707,3.1774,3.6576,3.5543
180,59,293,390,297,427,83.27148790623133,179.2344832893492,83.36748538486154,216.44860821913363,0.7858,5,28,3,4,5000,100,71.0,10.0,15.0,0.35,0.35,0.3,0.1,10.4591,0.0941,5.7492,5.6691,196.0915,0.5721,0.4951,-4.8874,-4.8812
180,62,172,276,157,285,147.3807569288072,118.72657663724664,147.59332995610313,136.2130683891968,0.7023,5,28,3,4,5000,100,71.0,10.0,15.0,0.35,0.35,0.3,0.1,7.6278,0.0686,4.1757,4.0755,126.8701,-2.6849,-2.7916,-1.7109,-1.7862
180,63,492,159,521,152,346.45502663205446,226.29405648403582,346.4520610119995,256.12692166189794,0.9979,5,28,3,4,5000,100,71.0,10.0,15.0,0.35,0.35,0.3,0.1,6.8771,0.0618,3.7585,3.7585,240.2881,5.8621,5.8621,1.4124,1.4124
180,27,212,126,199,112,235.09750438407525,104.86181383134664,233.87055585675915,123.81033882515628,0.4016,5,28,3,4,5000,100,71.0,10.0,15.0,0.35,0.35,0.3,0.1,9.215,0.0829,5.0578,4.7282,113.551,-1.6574,-1.7911,2.3179,2.3573
180,49,396,86,415,65,314.5416435419996,176.7823520603796,314.2097634975708,205.08047201037937,0.6731,5,28,3,4,5000,100,71.0,10.0,15.0,0.35,0.35,0.3,0.1,8.2411,0.0741,4.5165,4.4787,189.8829,3.3317,3.2646,3.4065,3.3994
181,59,294,398,299,436,83.25442035251719,187.29655629509048,83.12697006165854,225.6213642366343,0.7607,5,28,3,4,5000,100,71.0,10.0,15.0,0.35,0.35,0.3,0.1,10.3217,0.0928,5.6728,5.6131,204.6804,0.6095,0.5200,-5.1,-4.9815
181,64,213,296,204,309,125.08347387909274,102.6498904042279,125.03164382952616,118.46096403457132,0.8511,5,28,3,4,5000,100,71.0,10.0,15.0,0.35,0.35,0.3,0.1,7.9522,0.0715,4.356,4.2006,109.9901,-1.5853,-1.6733,-2.2594,-2.2290
181,62,174,284,160,294,143.6955028774248,121.60592090848209,143.79054318281396,138.80922159568507,0.8863,5,28,3,4,5000,100,71.0,10.0,15.0,0.35,0.35,0.3,0.1,7.3465,0.0661,4.0194,4.0755,129.6393,-2.6234,-2.7916,-1.9238,-1.7862
181,27,215,134,202,121,233.84181456019166,96.60745312862771,232.43140797117252,114.80853626799707,0.3715,5,28,3,4,5000,100,71.0,10.0,15.0,0.35,0.35,0.3,0.1,9.574,0.0861,5.2573,4.8915,104.9245,-1.5818,-1.7454,2.1049,2.2864
181,49,398,93,418,75,316.6365770416167,173.31185764395926,316.8215133516011,200.21238722916223,0.7472,5,28,3,4,5000,100,71.0,10.0,15.0,0.35,0.35,0.3,0.1,8.009,0.072,4.3875,4.4757,185.7935,3.3951,3.3095,3.1954,3.2846
182,59,293,404,296,442,83.75808565258495,193.14502323383846,84.0428688852918,231.24878378058554,0.6756,3,28,3,4,5000,100,71.0,10.0,15.0,0.35,0.35,0.3,0.1,9.9847,0.0898,5.4855,5.6074,210.4864,0.5601,0.4877,-5.2522,-5.0139
182,62,172,289,159,300,142.40372885278802,126.21014222319853,142.08993014415523,143.22360140703069,0.8419,3,28,3,4,5000,100,71.0,10.0,15.0,0.35,0.35,0.3,0.1,7.0222,0.0631,3.8392,4.0114,134.1797,-2.6619,-2.6567,-2.062,-1.8989
182,49,398,101,418,82,318.62148470411734,167.91962362987834,318.3177811683348,195.48913013259843,0.6932,3,28,3,4,5000,100,71.0,10.0,15.0,0.35,0.35,0.3,0.1,8.4366,0.0759,4.6252,4.5171,180.6586,3.3932,3.2992,3.0064,3.2343
183,65,455,412,488,446,47.54148653978478,271.0885464197999,47.290610042638534,318.4525082331744,0.5233,5,28,3,4,5000,100,71.0,10.0,15.0,0.35,0.35,0.3,0.1,8.9345,0.0803,4.9019,4.9019,292.8679,4.974,4.9740,-5.4103,-5.4103
183,59,287,395,289,431,85.3141001604973,183.61372497719228,85.5612836322953,219.65882636488797,0.7335,5,28,3,4,5000,100,71.0,10.0,15.0,0.35,0.35,0.3,0.1,9.9399,0.0894,5.4606,5.5673,200.0254,0.3983,0.4206,-5.0036,-4.9672
183,64,206,294,197,306,128.8298249049704,105.26157893552613,128.58539819266028,120.2538980657176,0.7861,5,28,3,4,5000,100,71.0,10.0,15.0,0.35,0.35,0.3,0.1,7.3931,0.0665,4.0453,4.2006,112.2594,-1.7613,-1.6733,-2.1985,-2.2290
183,27,206,134,196,121,229.7636416907262,102.17631819555841,230.13255443987296,118.56221995222593,0.747,5,28,3,4,5000,100,71.0,10.0,15.0,0.35,0.35,0.3,0.1,8.2552,0.0742,4.5244,4.8570,109.7611,-1.7719,-1.7655,2.1088,2.2692
183,49,393,95,412,76,315.9628636256362,168.31518053936787,315.83031548625803,195.18196638009363,0.8022,5,28,3,4,5000,100,71.0,10.0,15.0,0.35,0.35,0.3,0.1,8.2196,0.0739,4.5046,4.4898,180.7557,3.2569,3.2470,3.1571,3.2570
184,59,283,388,285,424,86.42366562500266,176.34341496069538,86.49097341138344,212.3982109152523,0.7914,3,28,3,4,5000,100,71.0,10.0,15.0,0.35,0.35,0.3,0.1,10.3142,0.0927,5.6687,5.5818,192.6988,0.2985,0.3061,-4.8264,-4.8202
184,27,204,125,190,111,231.98848972998346,110.42191811411355,230.92750419239016,130.09611831257686,0.4196,3,28,3,4,5000,100,71.0,10.0,15.0,0.35,0.35,0.3,0.1,9.0967,0.0818,4.992,4.8029,119.4544,-1.8695,-1.8580,2.3432,2.3618
184,49,388,86,406,65,312.6337520085442,171.26587517658035,312.35119424054136,198.90952717253137,0.7032,3,28,3,4,5000,100,71.0,10.0,15.0,0.35,0.35,0.3,0.1,8.3047,0.0747,4.5519,4.5168,184.0555,3.1193,3.1495,3.4063,3.3841
185,59,281,382,282,416,86.96952315413941,170.23806859806652,87.19362974821176,204.24495097798624,0.7513,4,28,3,4,5000,100,71.0,10.0,15.0,0.35,0.35,0.3,0.1,10.0988,0.0908,5.5489,5.6154,185.6974,0.2364,0.1817,-4.6539,-4.6306
185,54,200,281,190,291,136.21887523513132,99.72462083156798,136.0674996837402,113.86395390991831,0.8485,4,28,3,4,5000,100,71.0,10.0,15.0,0.35,0.35,0.3,0.1,7.3618,0.0662,4.0279,3.6859,106.3263,-1.9238,-2.0501,-1.8488,-1.7667
185,27,200,120,188,106,231.95295746817393,116.82465493208187,231.60483549675396,135.2479205015737,0.698,4,28,3,4,5000,100,71.0,10.0,15.0,0.35,0.35,0.3,0.1,8.1278,0.0731,4.4536,4.7800,125.363,-1.9469,-1.9926,2.4711,2.5139
185,49,386,81,404,61,311.0307365432805,173.65770930194836,311.15905097466305,200.5617112013158,0.7797,4,28,3,4,5000,100,71.0,10.0,15.0,0.35,0.35,0.3,0.1,7.9951,0.0719,4.3798,4.4992,186.1426,3.0706,3.0298,3.52,3.5714
186,59,274,371,273,404,89.27933637748235,159.0125781188394,89.70158718000512,192.00260414900626,0.6671,4,28,3,4,5000,100,71.0,10.0,15.0,0.35,0.35,0.3,0.1,10.4518,0.094,5.7451,5.6795,173.9573,0.0373,0.0796,-4.3651,-4.4979
186,66,174,256,157,261,155.82089285331082,107.42439201596628,156.92177859395915,125.00399993600205,0.4024,4,28,3,4,5000,100,71.0,10.0,15.0,0.35,0.35,0.3,0.1,8.4111,0.0756,4.611,4.3803,115.5494,-2.6574,-2.6564,-1.1603,-1.1797
186,27,194,109,180,92,232.86402479549955,129.20139318134306,232.5238204386386,151.2084653714864,0.7132,4,28,3,4,5000,100,71.0,10.0,15.0,0.35,0.35,0.3,0.1,8.7278,0.0785,4.787,4.9531,139.3414,-2.1199,-2.0914,2.7808,2.6449
186,49,380,70,397,47,307.25528945357706,178.4040358287895,307.14668669802177,207.0024154448445,0.7927,4,28,3,4,5000,100,71.0,10.0,15.0,0.35,0.35,0.3,0.1,8.252,0.0742,4.5226,4.5607,191.6422,2.9074,2.9296,3.8307,3.7205
187,59,270,369,269,401,90.72984306402411,157.01273833673497,90.90938044919915,189.02380802428036,0.7213,3,28,3,4,5000,100,71.0,10.0,15.0,0.35,0.35,0.3,0.1,10.2876,0.0925,5.6538,5.7061,171.5376,-0.0622,-0.0049,-4.3041,-4.4229
187,66,170,252,153,257,158.58703052512826,109.5627673984187,159.2858251556513,127.22421153223941,0.5265,3,28,3,4,5000,100,71.0,10.0,15.0,0.35,0.35,0.3,0.1,8.2947,0.0746,4.5463,4.1406,117.7348,-2.7575,-2.5802,-1.0606,-1.2788
187,49,376,66,392,42,305.4633642415406,179.25400971805345,305.2175929681927,208.08652046684813,0.674,3,28,3,4,5000,100,71.0,10.0,15.0,0.35,0.35,0.3,0.1,8.278,0.0744,4.537,4.6037,192.5972,2.795,2.8519,3.9429,3.8025
188,59,268,370,267,403,91.45021629093343,158.05062480104277,91.49954703797764,191.06543381784158,0.765,5,28,3,4,5000,100,71.0,10.0,15.0,0.35,0.35,0.3,0.1,10.5166,0.0946,5.7811,5.7817,172.997,-0.1119,-0.0845,-4.3398,-4.3895
188,66,184,267,174,275,147.9946167919165,103.77379245262264,147.2647737278924,116.50321883965266,0.6963,5,28,3,4,5000,100,71.0,10.0,15.0,0.35,0.35,0.3,0.1,6.4265,0.0578,3.5081,3.9781,109.7707,-2.326,-2.5545,-1.4756,-1.3333
188,27,190,106,173,88,232.27500495788925,134.01492454200763,231.3965852114722,158.67261893597143,0.425,5,28,3,4,5000,100,71.0,10.0,15.0,0.35,0.35,0.3,0.1,9.3688,0.0842,5.1432,5.0411,145.3051,-2.255,-2.1756,2.8654,2.7190
188,49,374,68,391,43,305.3112134396332,176.4652940382329,305.15098548888295,206.69300907384363,0.7118,5,28,3,4,5000,100,71.0,10.0,15.0,0.35,0.35,0.3,0.1,8.7733,0.0789,4.8123,4.6926,190.3868,2.7556,2.7789,3.9028,3.8516
188,67,491,64,500,58,325.94920830302925,264.31988196123274,325.96338964632963,275.13632984395207,0.9429,5,28,3,4,5000,100,71.0,10.0,15.0,0.35,0.35,0.3,0.1,2.2298,0.0201,1.1758,1.1758,269.6197,5.6063,5.6063,3.7877,3.7877
189,59,267,374,267,408,91.76782705585607,162.077142126828,91.46131009088123,196.0637651377735,0.6845,4,28,3,4,5000,100,71.0,10.0,15.0,0.35,0.35,0.3,0.1,10.5533,0.0949,5.8015,5.8418,177.4578,-0.1243,-0.1293,-4.4514,-4.4209
189,66,183,271,173,279,146.4587523458772,106.78014796768171,145.9111283842834,119.54078801814885,0.7717,4,28,3,4,5000,100,71.0,10.0,15.0,0.35,0.35,0.3,0.1,6.2702,0.0564,3.4212,3.7216,112.8007,-2.3514,-2.5560,-1.5759,-1.3539
189,27,190,110,172,92,231.20344790169182,130.87398519186308,230.1944289077348,156.20499351813308,0.4075,4,28,3,4,5000,100,71.0,10.0,15.0,0.35,0.35,0.3,0.1,9.8126,0.0882,5.3899,5.2129,142.4219,-2.2659,-2.2445,2.7639,2.7602
189,49,373,71,390,47,305.61448173995694,173.44163283364233,305.5705120459807,202.85216291674092,0.8017,4,28,3,4,5000,100,71.0,10.0,15.0,0.35,0.35,0.3,0.1,8.6918,0.0782,4.767,4.7685,186.9976,2.731,2.7360,3.8159,3.8309
190,59,266,375,265,410,92.10809531235701,163.11039206623224,92.02476508156104,198.12369873389704,0.7734,3,28,3,4,5000,100,71.0,10.0,15.0,0.35,0.35,0.3,0.1,10.779,0.0969,5.927,5.8857,178.9202,-0.1616,-0.1666,-4.4869,-4.4403
190,27,189,112,171,94,230.3073268493312,129.9576854210631,229.4387163677047,155.32224567009067,0.4572,3,28,3,4,5000,100,71.0,10.0,15.0,0.35,0.35,0.3,0.1,9.8876,0.0889,5.4316,5.2570,141.5124,-2.2905,-2.2991,2.7137,2.7574
190,49,372,73,389,49,305.7321637371789,171.2337583538947,305.6704603573019,200.6439632782407,0.771,3,28,3,4,5000,100,71.0,10.0,15.0,0.35,0.35,0.3,0.1,8.7949,0.0791,4.8243,4.8102,184.7759,2.7057,2.7058,3.7655,3.8006
191,59,265,376,264,412,92.4440680576354,164.14932226482082,92.29061004263853,200.15993605114886,0.7397,3,28,3,4,5000,100,71.0,10.0,15.0,0.35,0.35,0.3,0.1,10.9925,0.0988,6.0456,5.9193,180.3749,-0.1864,-0.2262,-4.5225,-4.4149
191,27,189,113,171,96,230.02407525853957,129.18978287774928,228.9542477155211,153.8083222715858,0.3959,3,28,3,4,5000,100,71.0,10.0,15.0,0.35,0.35,0.3,0.1,9.6742,0.087,5.3129,5.2808,140.4282,-2.2913,-2.3488,2.6773,2.7746
191,49,372,75,388,50,306.1267157727899,169.61426826773743,305.60453398043313,199.24858845171275,0.5823,3,28,3,4,5000,100,71.0,10.0,15.0,0.35,0.35,0.3,0.1,8.9344,0.0803,4.9018,4.8350,183.241,2.6927,2.6533,3.7274,3.8178
192,59,263,372,261,406,93.21949489685284,160.25292509030842,93.24525490389017,194.31160541768986,0.8108,4,28,3,4,5000,100,71.0,10.0,15.0,0.35,0.35,0.3,0.1,10.6824,0.0961,5.8732,5.9391,175.6465,-0.2486,-0.2958,-4.4007,-4.3500
192,66,179,270,169,278,148.05002855366683,109.60383204979651,147.34919770340446,122.3315167894194,0.6535,4,28,3,4,5000,100,71.0,10.0,15.0,0.35,0.35,0.3,0.1,6.1026,0.0549,3.3281,3.4553,115.6185,-2.4519,-2.5424,-1.5512,-1.3820
192,27,184,110,168,92,229.21417852273404,134.7145129523913,229.08561677997488,158.79546593023366,0.7758,4,28,3,4,5000,100,71.0,10.0,15.0,0.35,0.35,0.3,0.1,9.124,0.082,5.0072,5.1036,145.7671,-2.3928,-2.4197,2.7667,2.8183
192,49,370,72,386,48,304.99202019855863,170.89177862027185,304.8040117527132,199.7298175035465,0.7386,4,28,3,4,5000,100,71.0,10.0,15.0,0.35,0.35,0.3,0.1,8.6531,0.0778,4.7455,4.8672,184.1889,2.6439,2.6007,3.7912,3.8573
193,27,181,103,162,84,230.14276455788422,141.9929575718458,229.32506043473848,168.77203559831824,0.4473,2,28,3,4,5000,100,71.0,10.0,15.0,0.35,0.35,0.3,0.1,9.5829,0.0862,5.2622,4.8983,154.2287,-2.5033,-2.4958,2.9516,2.8872
193,49,364,65,380,39,302.04040507383985,173.4156855650607,301.97560369958364,203.94361965994426,0.7916,2,28,3,4,5000,100,71.0,10.0,15.0,0.35,0.35,0.3,0.1,8.9966,0.0809,4.9364,4.9307,187.4448,2.493,2.5280,3.9888,3.9389
194,59,257,365,254,398,95.59933933652057,153.73353570382747,95.52754015165618,186.86893802876924,0.8018,3,28,3,4,5000,100,71.0,10.0,15.0,0.35,0.35,0.3,0.1,10.8188,0.0973,5.9491,5.9555,168.6895,-0.4101,-0.3579,-4.2132,-4.2628
194,27,174,102,160,83,228.301865674435,147.32277488562318,229.03492751613095,170.83617883809038,0.4265,3,28,3,4,5000,100,71.0,10.0,15.0,0.35,0.35,0.3,0.1,8.2187,0.0739,4.5041,4.7501,158.2106,-2.6205,-2.5790,2.9824,2.9806
194,49,363,64,379,38,301.5858975038667,173.738308959193,301.5891264356175,204.26698215815497,0.8073,3,28,3,4,5000,100,71.0,10.0,15.0,0.35,0.35,0.3,0.1,8.9814,0.0808,4.928,4.9241,187.7699,2.4681,2.4657,4.0138,4.0013
195,59,255,362,251,394,96.46593209893953,150.9602596712128,96.58194465517802,183.20753259623362,0.7668,3,28,3,4,5000,100,71.0,10.0,15.0,0.35,0.35,0.3,0.1,10.7316,0.0965,5.9006,5.9670,165.528,-0.4723,-0.4126,-4.1268,-4.2030
195,66,171,259,160,266,155.04524942542102,111.40017953306898,154.25929164376717,124.33824833895642,0.681,3,28,3,4,5000,100,71.0,10.0,15.0,0.35,0.35,0.3,0.1,6.1034,0.0549,3.3285,3.2997,117.5142,-2.6645,-2.5696,-1.2635,-1.3636
195,27,172,99,158,80,228.49259316085605,150.89400253157845,229.1849161251184,174.41330224498358,0.4186,3,28,3,4,5000,100,71.0,10.0,15.0,0.35,0.35,0.3,0.1,8.0402,0.0723,4.4049,4.8027,161.8034,-2.6711,-2.6235,3.058,3.0499
196,59,255,359,251,391,96.59673829789422,147.97972834141845,96.69126443255229,180.22763384120648,0.7723,3,28,3,4,5000,100,71.0,10.0,15.0,0.35,0.35,0.3,0.1,10.9267,0.0983,6.009,5.9965,162.5194,-0.4722,-0.4473,-4.0509,-4.1877
196,66,170,257,159,263,156.1940564815423,111.48542505637228,155.70903759164904,123.97580409095961,0.7828,3,28,3,4,5000,100,71.0,10.0,15.0,0.35,0.35,0.3,0.1,5.8992,0.053,3.215,3.2681,117.3993,-2.69,-2.6373,-1.2011,-1.3211
196,27,171,96,156,76,228.9542477155211,153.8083222715858,229.53777250790662,178.75122377203465,0.4614,3,28,3,4,5000,100,71.0,10.0,15.0,0.35,0.35,0.3,0.1,8.3409,0.075,4.572,4.8049,165.3444,-2.7074,-2.6459,3.1441,3.0549
197,66,170,258,159,264,155.72555886556054,111.89280584559492,155.2892005377698,124.39051410778879,0.7579,3,28,3,4,5000,100,71.0,10.0,15.0,0.35,0.35,0.3,0.1,5.8821,0.0529,3.2055,3.2808,117.8111,-2.6901,-2.6860,-1.2262,-1.2998
197,27,177,97,157,77,230.4403320310055,149.164338901763,229.57392125990086,177.341478509682,0.4127,3,28,3,4,5000,100,71.0,10.0,15.0,0.35,0.35,0.3,0.1,9.5971,0.0863,5.2701,4.9241,162.0371,-2.6153,-2.6426,3.1135,3.0366
197,49,357,58,375,31,298.8964162638126,175.90054007876157,299.64250657650234,208.25465180878913,0.3975,3,28,3,4,5000,100,71.0,10.0,15.0,0.35,0.35,0.3,0.1,9.3661,0.0842,5.1417,4.9174,190.7151,2.3422,2.4158,4.1735,4.0338
198,59,255,365,252,399,96.3401917459099,153.9415473483361,96.10468487692889,188.06647760831805,0.7215,4,28,3,4,5000,100,71.0,10.0,15.0,0.35,0.35,0.3,0.1,11.0961,0.0998,6.1032,5.9891,169.3016,-0.4596,-0.4598,-4.2235,-4.2201
198,66,170,263,159,270,153.434948822922,114.03946685248927,152.8297342256772,127.01574705523721,0.696,4,28,3,4,5000,100,71.0,10.0,15.0,0.35,0.35,0.3,0.1,5.9864,0.0538,3.2635,3.3191,120.1783,-2.6898,-2.6933,-1.3637,-1.3522
198,27,177,102,157,83,229.1849161251184,145.34441853748632,228.28386228790635,172.81782315490494,0.4079,4,28,3,4,5000,100,71.0,10.0,15.0,0.35,0.35,0.3,0.1,9.6028,0.0864,5.2733,5.1042,157.895,-2.6153,-2.6314,2.9765,2.9878
198,49,360,63,375,37,300.5662698895545,173.04623659588788,300.47985098146296,203.0615670184784,0.7624,4,28,3,4,5000,100,71.0,10.0,15.0,0.35,0.35,0.3,0.1,8.8749,0.0798,4.8688,4.9094,186.8562,2.3812,2.3935,4.0394,4.0065
199,59,258,369,252,403,95.09569991955861,157.62296786953354,95.97777359236066,192.04426573058618,0.4262,4,28,3,4,5000,100,71.0,10.0,15.0,0.35,0.35,0.3,0.1,10.9473,0.0984,6.0205,5.9601,173.1394,-0.4225,-0.4598,-4.3242,-4.2678
199,66,175,267,160,275,150.44631636769256,111.50784725749125,150.64224645720873,128.50291825480073,0.8233,4,28,3,4,5000,100,71.0,10.0,15.0,0.35,0.35,0.3,0.1,7.8746,0.0708,4.3128,3.3392,119.4037,-2.6092,-2.6932,-1.4731,-1.4173
199,27,177,105,158,87,228.39971415912325,143.0873858870865,227.63518458245142,169.17742166140255,0.4655,4,28,3,4,5000,100,71.0,10.0,15.0,0.35,0.35,0.3,0.1,9.2915,0.0836,5.1003,5.2508,155.0425,-2.6041,-2.6130,2.8907,2.9219
199,49,361,66,375,41,301.36602721059563,170.98830369355676,301.0622027917458,199.6246477767713,0.6871,4,28,3,4,5000,100,71.0,10.0,15.0,0.35,0.35,0.3,0.1,8.5927,0.0773,4.712,4.8718,184.2001,2.3947,2.3762,3.9537,3.9770
200,59,255,371,251,405,96.10277965365579,159.90622251807463,96.20982614718626,194.1391253714717,0.7613,4,28,3,4,5000,100,71.0,10.0,15.0,0.35,0.35,0.3,0.1,10.7527,0.0967,5.9124,5.8958,175.3677,-0.4723,-0.4699,-4.3753,-4.3134
200,66,170,269,158,277,150.80251395393555,116.84605256490268,150.3092734879832,131.2288078129189,0.7612,4,28,3,4,5000,100,71.0,10.0,15.0,0.35,0.35,0.3,0.1,6.4475,0.058,3.5198,3.3387,123.6205,-2.7011,-2.7032,-1.5256,-1.4498
200,27,177,108,157,90,227.5895018472409,140.85808461000738,226.69178856826449,167.6573887426379,0.4171,4,28,3,4,5000,100,71.0,10.0,15.0,0.35,0.35,0.3,0.1,9.6601,0.0869,5.3051,5.0542,153.0938,-2.6151,-2.6393,2.8143,2.8885
200,49,360,70,375,45,301.7872531216648,167.05687654209268,301.6648936589541,196.2090721653818,0.7584,4,28,3,4,5000,100,71.0,10.0,15.0,0.35,0.35,0.3,0.1,8.9244,0.0803,4.8963,4.7112,180.4632,2.3811,2.3772,3.8521,3.9262
201,59,255,371,251,404,96.10277965365579,159.90622251807463,96.24191434741505,193.14502323383846,0.7688,4,28,3,4,5000,100,71.0,10.0,15.0,0.35,0.35,0.3,0.1,10.4699,0.0941,5.7552,5.7805,174.961,-0.4726,-0.4825,-4.365,-4.3223
201,66,170,269,159,277,150.80251395393555,116.84605256490268,150.0915726785949,130.36103712382777,0.6716,4,28,3,4,5000,100,71.0,10.0,15.0,0.35,0.35,0.3,0.1,6.0798,0.0547,3.3154,3.3642,123.2341,-2.6896,-2.7156,-1.5262,-1.4647
201,27,177,108,157,90,227.5895018472409,140.85808461000738,226.69178856826449,167.6573887426379,0.4198,4,28,3,4,5000,100,71.0,10.0,15.0,0.35,0.35,0.3,0.1,9.6601,0.0869,5.3051,4.8606,153.0938,-2.6151,-2.6655,2.8143,2.8774
201,49,360,69,375,45,301.6075022462489,167.90771274721124,301.6648936589541,196.2090721653818,0.8006,4,28,3,4,5000,100,71.0,10.0,15.0,0.35,0.35,0.3,0.1,8.6437,0.0777,4.7403,4.6363,180.9585,2.382,2.3701,3.8661,3.8995
202,66,168,264,157,271,153.434948822922,116.27553482998907,152.84020430770352,129.25169244539896,0.7062,2,28,3,4,5000,100,71.0,10.0,15.0,0.35,0.35,0.3,0.1,5.8773,0.0529,3.2029,3.3225,122.4207,-2.7402,-2.7246,-1.3889,-1.4636
202,27,169,103,155,85,226.6211459136534,149.96666296213968,227.34687429248729,172.67889274604468,0.4006,2,28,3,4,5000,100,71.0,10.0,15.0,0.35,0.35,0.3,0.1,7.8283,0.0704,4.2871,4.7015,160.5234,-2.7467,-2.6940,2.9465,2.8836
203,59,253,368,249,400,96.94413051099325,157.15279189374905,96.97492951599615,189.40168953839878,0.8095,3,28,3,4,5000,100,71.0,10.0,15.0,0.35,0.35,0.3,0.1,10.3485,0.0931,5.6877,5.7081,171.7768,-0.5224,-0.4975,-4.2788,-4.3183
203,66,168,266,156,273,152.56027205180072,117.18361660232202,152.26182037161277,131.06105447462264,0.7971,3,28,3,4,5000,100,71.0,10.0,15.0,0.35,0.35,0.3,0.1,6.2168,0.0559,3.3915,3.2591,123.7344,-2.7517,-2.7324,-1.4384,-1.4363
203,27,169,104,155,86,226.3574658445306,149.24141516348604,227.12109639666144,171.9447585708852,0.3813,3,28,3,4,5000,100,71.0,10.0,15.0,0.35,0.35,0.3,0.1,7.8608,0.0707,4.3052,4.4979,159.7907,-2.7466,-2.7203,2.9214,2.9100
204,59,253,368,249,399,96.94413051099325,157.15279189374905,97.01185827447512,188.40912929048847,0.7801,3,28,3,4,5000,100,71.0,10.0,15.0,0.35,0.35,0.3,0.1,10.0588,0.0905,5.5267,5.6317,171.3674,-0.5227,-0.5026,-4.2684,-4.2969
204,66,168,266,157,273,152.56027205180072,117.18361660232202,152.05696557661707,130.17680284904833,0.7314,3,28,3,4,5000,100,71.0,10.0,15.0,0.35,0.35,0.3,0.1,5.8414,0.0525,3.183,3.2306,123.339,-2.7402,-2.7425,-1.4389,-1.4238
204,27,169,104,155,86,226.3574658445306,149.24141516348604,227.12109639666144,171.9447585708852,0.39,3,28,3,4,5000,100,71.0,10.0,15.0,0.35,0.35,0.3,0.1,7.8608,0.0707,4.3052,4.4438,159.7907,-2.7466,-2.7282,2.9214,2.9304
205,66,168,264,157,271,153.434948822922,116.27553482998907,152.84020430770352,129.25169244539896,0.6751,2,28,3,4,5000,100,71.0,10.0,15.0,0.35,0.35,0.3,0.1,5.8773,0.0529,3.2029,3.3667,122.4207,-2.7402,-2.7293,-1.3889,-1.4434
205,27,169,103,155,85,226.6211459136534,149.96666296213968,227.34687429248729,172.67889274604468,0.4065,2,28,3,4,5000,100,71.0,10.0,15.0,0.35,0.35,0.3,0.1,7.8283,0.0704,4.2871,4.5770,160.5234,-2.7467,-2.7099,2.9465,2.9120
206,59,254,369,250,401,96.54038582819662,158.02847844613325,96.63947051889366,190.2761151589973,0.7847,2,28,3,4,5000,100,71.0,10.0,15.0,0.35,0.35,0.3,0.1,10.2961,0.0926,5.6586,5.5739,172.6595,-0.4976,-0.5077,-4.3041,-4.2877
206,66,168,267,157,274,152.12804747359667,117.64777940955791,151.66954191445993,130.64838307457157,0.7028,2,28,3,4,5000,100,71.0,10.0,15.0,0.35,0.35,0.3,0.1,5.8227,0.0524,3.1726,3.4906,123.8077,-2.7403,-2.7086,-1.464,-1.4606
207,59,254,368,250,399,96.58194465517802,157.0350279396288,96.70983680775694,188.28967045486058,0.762,2,28,3,4,5000,100,71.0,10.0,15.0,0.35,0.35,0.3,0.1,10.0652,0.0905,5.5302,5.5616,171.248,-0.4978,-0.5027,-4.2684,-4.2979
207,27,175,104,156,86,228.07146211707038,145.16542288024377,227.3662479914558,171.26587517658035,0.4723,2,28,3,4,5000,100,71.0,10.0,15.0,0.35,0.35,0.3,0.1,9.1728,0.0825,5.0343,4.7158,157.1392,-2.6544,-2.6865,2.9161,2.8935
208,59,254,370,250,401,96.49934627965457,159.02201105507376,96.63947051889366,190.2761151589973,0.7583,2,28,3,4,5000,100,71.0,10.0,15.0,0.35,0.35,0.3,0.1,9.9505,0.0895,5.4665,5.5562,173.2508,-0.4979,-0.5002,-4.319,-4.3204
208,49,359,66,373,44,300.79030868800555,169.95587662684687,301.0138840604151,196.02295783912658,0.7,2,28,3,4,5000,100,71.0,10.0,15.0,0.35,0.35,0.3,0.1,7.9208,0.0712,4.3386,4.6214,182.0611,2.3469,2.3528,3.9198,3.9421
209,59,254,370,250,402,96.49934627965457,159.02201105507376,96.60483549675398,191.2694434560837,0.7823,4,28,3,4,5000,100,71.0,10.0,15.0,0.35,0.35,0.3,0.1,10.2376,0.0921,5.6261,5.4896,173.6614,-0.4976,-0.4879,-4.3294,-4.3162
209,66,172,268,158,275,150.75117366345305,114.61239025515522,151.0735741647464,130.24976007655445,0.7814,4,28,3,4,5000,100,71.0,10.0,15.0,0.35,0.35,0.3,0.1,7.1019,0.0639,3.8835,3.6151,121.9318,-2.6741,-2.6880,-1.487,-1.4777
209,27,175,106,156,89,227.53854459839877,143.68368035375485,226.67763946615347,169.07099100673656,0.4066,4,28,3,4,5000,100,71.0,10.0,15.0,0.35,0.35,0.3,0.1,9.0271,0.0812,4.9533,4.8075,155.347,-2.655,-2.6609,2.8544,2.8679
209,49,359,67,373,44,300.9637565320735,169.09760495051373,301.0138840604151,196.02295783912658,0.7748,4,28,3,4,5000,100,71.0,10.0,15.0,0.35,0.35,0.3,0.1,8.2009,0.0737,4.4942,4.5705,181.5675,2.346,2.3281,3.9059,4.0099
210,59,252,372,251,404,97.1250163489018,161.24515496597098,96.24191434741505,193.14502323383846,0.393,4,28,3,4,5000,100,71.0,10.0,15.0,0.35,0.35,0.3,0.1,10.0102,0.09,5.4997,5.4542,175.7594,-0.5103,-0.4805,-4.3809,-4.3142
210,66,173,269,159,277,150.06848815949223,114.23659658795863,150.0915726785949,130.36103712382777,0.8778,4,28,3,4,5000,100,71.0,10.0,15.0,0.35,0.35,0.3,0.1,7.3311,0.0659,4.0108,3.6209,121.7673,-2.6484,-2.6780,-1.5241,-1.4877
210,68,154,255,136,260,159.97791676335524,125.59060474414477,160.55996517182382,144.22205101855957,0.5191,4,28,3,4,5000,100,71.0,10.0,15.0,0.35,0.35,0.3,0.1,7.6792,0.0691,4.2043,4.3287,134.263,-3.1718,-3.1584,-1.1364,-1.1153
210,27,176,107,157,90,227.563770211465,142.2708684165525,226.69178856826449,167.6573887426379,0.4125,4,28,3,4,5000,100,71.0,10.0,15.0,0.35,0.35,0.3,0.1,9.1091,0.0819,4.9989,4.7851,153.9244,-2.6297,-2.6561,2.8292,2.8656
211,66,173,269,160,277,150.06848815949223,114.23659658795863,149.87095735585805,129.49517365523704,0.8058,3,28,3,4,5000,100,71.0,10.0,15.0,0.35,0.35,0.3,0.1,6.962,0.0626,3.8057,3.6307,121.3883,-2.6371,-2.6779,-1.5247,-1.4627
211,68,155,255,137,261,159.82054133548908,124.65151423067431,160.05097781644287,143.6175476743702,0.6438,3,28,3,4,5000,100,71.0,10.0,15.0,0.35,0.35,0.3,0.1,7.8621,0.0707,4.3059,4.2933,133.4641,-3.1461,-3.1618,-1.1486,-1.0924
211,27,176,108,158,92,227.29061004263852,141.53444810363305,226.46880071438582,165.51737068960466,0.4131,3,28,3,4,5000,100,71.0,10.0,15.0,0.35,0.35,0.3,0.1,8.6861,0.0781,4.7638,4.7662,152.5893,-2.6189,-2.6612,2.7935,2.8807
212,59,256,369,253,399,95.81897090139458,157.8131806916013,95.801586887647,187.9627622695517,0.7812,3,28,3,4,5000,100,71.0,10.0,15.0,0.35,0.35,0.3,0.1,9.6966,0.0872,5.3254,5.4206,171.5735,-0.4358,-0.4805,-4.2834,-4.2847
212,66,170,266,159,273,152.10272896905238,115.41230437002807,151.63880567042628,128.41339493993607,0.7997,3,28,3,4,5000,100,71.0,10.0,15.0,0.35,0.35,0.3,0.1,5.9297,0.0533,3.232,3.4772,121.5662,-2.69,-2.6912,-1.4388,-1.4306
212,68,155,252,136,257,161.12545024179667,123.64869590901475,161.6915317211053,143.2515270424717,0.5486,3,28,3,4,5000,100,71.0,10.0,15.0,0.35,0.35,0.3,0.1,8.1678,0.0734,4.4758,4.2875,132.7302,-3.1573,-3.1637,-1.0608,-1.0762
213,59,255,368,252,398,96.21922968879116,156.92354826475216,96.13725594926198,187.0721785835617,0.7888,2,28,3,4,5000,100,71.0,10.0,15.0,0.35,0.35,0.3,0.1,9.7465,0.0876,5.3532,5.4080,170.6767,-0.4607,-0.4805,-4.2581,-4.2400
213,68,154,251,136,255,161.71084164999723,124.27791436936813,162.4542712543037,142.63590010933433,0.4692,2,28,3,4,5000,100,71.0,10.0,15.0,0.35,0.35,0.3,0.1,7.6487,0.0688,4.1873,4.3289,132.8256,-3.1719,-3.1709,-1.024,-1.0337
214,68,154,250,136,255,162.14968169778317,123.96773773849388,162.4542712543037,142.63590010933433,0.6369,2,28,3,4,5000,100,71.0,10.0,15.0,0.35,0.35,0.3,0.1,7.787,0.07,4.2642,5.1790,132.6482,-3.1713,-3.2307,-1.0113,-0.9762
214,27,170,103,156,86,226.90011096557686,149.2816130673835,227.3662479914558,171.26587517658035,0.4981,2,28,3,4,5000,100,71.0,10.0,15.0,0.35,0.35,0.3,0.1,7.627,0.0686,4.1753,4.7584,159.5199,-2.7224,-2.6662,2.9347,2.9132
215,59,254,365,250,394,96.70983680775694,154.05518491761322,96.89242312248516,183.3248482884958,0.7593,3,28,3,4,5000,100,71.0,10.0,15.0,0.35,0.35,0.3,0.1,9.6479,0.0868,5.2984,5.3929,167.4204,-0.4981,-0.4830,-4.1716,-4.1780
215,66,168,262,157,269,154.3231843181618,115.39497389401325,153.6345848774464,128.35108102388543,0.6695,3,28,3,4,5000,100,71.0,10.0,15.0,0.35,0.35,0.3,0.1,5.9111,0.0532,3.2217,3.3021,121.5287,-2.7401,-2.7096,-1.3388,-1.3810
215,27,174,101,155,83,228.55926682128322,148.07092894960846,227.7927023657133,174.1551032843999,0.4408,3,28,3,4,5000,100,71.0,10.0,15.0,0.35,0.35,0.3,0.1,9.0022,0.0809,4.9395,4.7627,160.0573,-2.68,-2.6762,2.9916,2.9580
216,66,168,262,157,268,154.3231843181618,115.39497389401325,154.03593146176996,127.91012469699183,0.8416,3,28,3,4,5000,100,71.0,10.0,15.0,0.35,0.35,0.3,0.1,5.7203,0.0514,3.1156,3.2287,121.3307,-2.7405,-2.7375,-1.3265,-1.3287
216,68,153,247,134,251,163.61045966596524,124.04031602668546,164.21924669048462,143.40502083260543,0.5379,3,28,3,4,5000,100,71.0,10.0,15.0,0.35,0.35,0.3,0.1,8.0521,0.0724,4.4115,5.9911,133.0216,-3.2077,-3.2932,-0.9236,-0.9142
216,27,174,100,155,82,228.81407483429035,148.8220413782851,228.01278750418334,174.89711261195822,0.4224,3,28,3,4,5000,100,71.0,10.0,15.0,0.35,0.35,0.3,0.1,8.9576,0.0805,4.9147,4.6465,160.8094,-2.6802,-2.7169,3.0168,3.0412
217,59,254,362,250,392,96.84277341263095,151.07613974417006,96.96825674137854,181.3394606807906,0.7533,3,28,3,4,5000,100,71.0,10.0,15.0,0.35,0.35,0.3,0.1,10.1244,0.091,5.5632,5.4733,164.8302,-0.4977,-0.5053,-4.1062,-4.1172
217,66,168,260,157,266,155.22485943116808,114.54256850621083,154.84688286152561,127.04723531033645,0.8199,3,28,3,4,5000,100,71.0,10.0,15.0,0.35,0.35,0.3,0.1,5.7561,0.0518,3.1355,3.3768,120.4713,-2.7405,-2.7492,-1.2764,-1.3300
217,27,174,99,155,80,229.06631877480598,149.57606760441325,228.4473868518652,176.3887751530692,0.4899,3,28,3,4,5000,100,71.0,10.0,15.0,0.35,0.35,0.3,0.1,9.1475,0.0823,5.0203,4.8514,161.8797,-2.6794,-2.7205,3.0533,3.0720
218,59,253,361,249,390,97.26695440581169,150.20652449211386,97.36259251121254,179.47980387776224,0.7855,3,28,3,4,5000,100,71.0,10.0,15.0,0.35,0.35,0.3,0.1,9.8743,0.0888,5.4242,5.5481,163.5436,-0.5228,-0.5226,-4.0705,-4.0616
218,68,152,244,112,250,165.06858282186246,124.1933975700802,166.63978155523552,164.4506004853737,0.5567,3,28,3,4,5000,100,71.0,10.0,15.0,0.35,0.35,0.3,0.1,15.5101,0.1395,8.5562,6.8609,141.5147,-3.4452,-3.3528,-0.8613,-0.8595
218,49,358,58,371,32,299.18080605249986,176.38594048279472,298.81079374297303,205.4288197892399,0.6553,3,28,3,4,5000,100,71.0,10.0,15.0,0.35,0.35,0.3,0.1,8.459,0.0761,4.6377,4.6569,189.8028,2.3078,2.2927,4.1665,4.0340
219,59,252,357,248,387,97.85331330197822,146.37281168304446,97.80899246029573,176.63804799646084,0.7926,3,28,3,4,5000,100,71.0,10.0,15.0,0.35,0.35,0.3,0.1,10.4198,0.0937,5.7274,5.6712,160.0875,-0.5472,-0.5299,-3.9798,-4.0526
219,68,151,240,111,245,166.97080519205628,124.19742348374221,168.41658139531296,164.34719346554112,0.5106,3,28,3,4,5000,100,71.0,10.0,15.0,0.35,0.35,0.3,0.1,15.4741,0.1391,8.5362,6.9296,141.479,-3.47,-3.3673,-0.7506,-0.8319
219,27,166,93,152,74,228.3067464802425,159.3643623900902,228.9909130984298,182.87700784953805,0.3962,3,28,3,4,5000,100,71.0,10.0,15.0,0.35,0.35,0.3,0.1,7.6402,0.0687,4.1826,4.7475,170.313,-2.8223,-2.7511,3.2094,3.0803
220,59,252,357,248,387,97.85331330197822,146.37281168304446,97.80899246029573,176.63804799646084,0.7991,2,28,3,4,5000,100,71.0,10.0,15.0,0.35,0.35,0.3,0.1,10.4198,0.0937,5.7274,5.7335,160.0875,-0.5472,-0.5422,-3.9798,-4.0618
220,68,151,240,111,245,166.97080519205628,124.19742348374221,168.41658139531296,164.34719346554112,0.4606,2,28,3,4,5000,100,71.0,10.0,15.0,0.35,0.35,0.3,0.1,15.4741,0.1391,8.5362,7.8298,141.479,-3.47,-3.4186,-0.7506,-0.8314
221,59,253,362,248,394,97.21902082486967,151.19854496654392,97.51214410305275,183.5755975068582,0.7173,5,28,3,4,5000,100,71.0,10.0,15.0,0.35,0.35,0.3,0.1,10.7552,0.0967,5.9137,5.8213,165.8214,-0.5345,-0.5520,-4.1267,-4.1278
221,66,167,259,155,266,155.88580146069305,115.03912377969506,155.22485943116808,128.86038956948718,0.6761,5,28,3,4,5000,100,71.0,10.0,15.0,0.35,0.35,0.3,0.1,6.3019,0.0567,3.4388,3.5802,121.5581,-2.7765,-2.7481,-1.2632,-1.3694
221,68,152,245,132,249,164.62374875117382,124.45481107614924,165.19601984372952,144.80676779764127,0.5489,5,28,3,4,5000,100,71.0,10.0,15.0,0.35,0.35,0.3,0.1,8.4055,0.0756,4.6079,7.6482,133.8616,-3.2436,-3.4119,-0.8733,-0.8240
221,27,172,98,152,78,228.74298829568716,151.6443206981389,228.15484286479196,179.8777362543792,0.5032,5,28,3,4,5000,100,71.0,10.0,15.0,0.35,0.35,0.3,0.1,9.4708,0.0852,5.1999,4.7888,164.5588,-2.7404,-2.7633,3.0891,3.0550
221,49,356,57,369,31,298.45483547778986,176.2980430974774,298.1873737645758,205.35335400231475,0.6823,5,28,3,4,5000,100,71.0,10.0,15.0,0.35,0.35,0.3,0.1,8.4663,0.0761,4.6417,4.8079,189.7197,2.2579,2.2694,4.1914,4.0275
222,59,252,363,247,395,97.54492903875683,152.31874474272692,97.77913719091435,184.69975636150687,0.7091,3,28,3,4,5000,100,71.0,10.0,15.0,0.35,0.35,0.3,0.1,10.6849,0.0961,5.8747,5.8369,166.9537,-0.5594,-0.5570,-4.152,-4.1948
222,68,152,246,110,253,164.18080605249986,124.72369462135092,165.79744123863634,167.10774967068403,0.4653,3,28,3,4,5000,100,71.0,10.0,15.0,0.35,0.35,0.3,0.1,16.1512,0.1452,8.9125,7.3522,142.8379,-3.464,-3.3925,-0.9213,-0.8484
222,27,166,100,151,81,226.57655005518373,154.20765220960988,227.27244973278292,178.33115263464205,0.4135,3,28,3,4,5000,100,71.0,10.0,15.0,0.35,0.35,0.3,0.1,8.0674,0.0725,4.42,4.7013,165.3944,-2.8332,-2.7963,3.0329,3.0033
223,66,171,266,155,274,151.86865763593894,114.5294721894762,152.08023357189137,132.41223508422476,0.8047,3,28,3,4,5000,100,71.0,10.0,15.0,0.35,0.35,0.3,0.1,8.0533,0.0724,4.4122,3.8548,122.8233,-2.7209,-2.7491,-1.4478,-1.3961
223,27,172,105,152,87,226.93680038622105,146.4547711752676,226.1691393279074,173.27723451163456,0.4541,3,28,3,4,5000,100,71.0,10.0,15.0,0.35,0.35,0.3,0.1,9.3293,0.0839,5.1213,4.9450,158.7409,-2.741,-2.7871,2.8905,2.9316
223,49,352,65,369,39,298.5558142085112,167.35889578985635,299.27907221417723,198.33809518093088,0.4351,3,28,3,4,5000,100,71.0,10.0,15.0,0.35,0.35,0.3,0.1,9.4207,0.0847,5.1721,4.9299,181.5363,2.2049,2.2437,3.9863,4.0362
224,59,251,372,247,406,97.4773303066608,161.37224048763778,97.34300811700683,195.6041921841145,0.7451,4,28,3,4,5000,100,71.0,10.0,15.0,0.35,0.35,0.3,0.1,10.6642,0.0959,5.8631,5.8659,176.8469,-0.5719,-0.5619,-4.4008,-4.2516
224,66,170,269,155,278,150.80251395393555,116.84605256490268,150.57254359681028,134.33167906342868,0.8105,4,28,3,4,5000,100,71.0,10.0,15.0,0.35,0.35,0.3,0.1,7.7417,0.0696,4.239,4.0181,124.9802,-2.7345,-2.7532,-1.5358,-1.3882
224,27,166,109,150,91,224.1776290200018,147.80054127099805,224.76421623012337,171.82840277439584,0.4754,4,28,3,4,5000,100,71.0,10.0,15.0,0.35,0.35,0.3,0.1,8.3599,0.0752,4.5826,4.8272,158.9113,-2.8446,-2.8129,2.7947,2.8952
224,49,354,69,369,43,299.83110512878665,164.84234892769516,299.85429385556984,194.85892332659543,0.7957,4,28,3,4,5000,100,71.0,10.0,15.0,0.35,0.35,0.3,0.1,9.2801,0.0834,5.094,5.1130,178.5982,2.2303,2.2102,3.8874,4.0043
225,59,251,369,247,402,97.61854648756893,158.39823231336896,97.49585763972986,191.637678967368,0.7183,4,28,3,4,5000,100,71.0,10.0,15.0,0.35,0.35,0.3,0.1,10.5603,0.095,5.8054,5.5671,173.4397,-0.572,-0.5860,-4.3146,-4.2106
225,66,170,266,154,275,152.10272896905238,115.41230437002807,151.90231703256407,133.76471881628578,0.8145,4,28,3,4,5000,100,71.0,10.0,15.0,0.35,0.35,0.3,0.1,8.1907,0.0737,4.4885,4.1629,123.9127,-2.7454,-2.7474,-1.46,-1.4194
225,27,171,107,150,88,226.11239961629778,145.69145479402695,225.465809082765,173.95401691251627,0.4976,4,28,3,4,5000,100,71.0,10.0,15.0,0.35,0.35,0.3,0.1,9.8328,0.0884,5.4011,4.8161,158.5733,-2.7762,-2.8179,2.8509,2.9002
225,49,354,67,368,40,299.48890781227254,166.58031096140985,299.1676133795778,196.9771560359221,0.6613,4,28,3,4,5000,100,71.0,10.0,15.0,0.35,0.35,0.3,0.1,9.298,0.0836,5.1039,5.0643,180.508,2.2178,2.1766,3.9496,4.0371
226,59,251,367,247,400,97.71567356354846,156.41611170208776,97.57467968315785,189.6549498431296,0.7621,3,28,3,4,5000,100,71.0,10.0,15.0,0.35,0.35,0.3,0.1,10.6811,0.096,5.8725,5.2087,171.4393,-0.5718,-0.6053,-4.2639,-4.1407
226,27,165,105,149,86,225.0,151.32085117392117,225.69027719786507,176.08236708995025,0.4369,3,28,3,4,5000,100,71.0,10.0,15.0,0.35,0.35,0.3,0.1,8.4106,0.0756,4.6108,4.3929,162.7653,-2.8694,-2.8530,2.9068,3.0556
226,49,349,65,367,37,297.64597536373867,165.94577427581578,298.495638618245,199.12307751739877,0.388,3,28,3,4,5000,100,71.0,10.0,15.0,0.35,0.35,0.3,0.1,10.1065,0.0909,5.5532,4.7882,181.0269,2.1403,2.1618,4.0069,4.1273
227,59,249,360,244,386,98.833414651219,149.77650015940418,99.1416402235249,176.23847480048164,0.6981,4,28,3,4,5000,100,71.0,10.0,15.0,0.35,0.35,0.3,0.1,9.0265,0.0812,4.953,4.6786,161.9336,-0.6357,-0.6260,-4.0135,-3.9787
227,66,169,259,154,264,155.47227951974193,113.21660655575224,156.21796957677864,128.94960255851896,0.4918,4,28,3,4,5000,100,71.0,10.0,15.0,0.35,0.35,0.3,0.1,7.2249,0.065,3.9518,4.2264,120.572,-2.7613,-2.7471,-1.2369,-1.4109
227,27,166,98,149,81,227.0825652797309,155.66630977832037,226.80399511620058,179.6941846582688,0.7125,4,28,3,4,5000,100,71.0,10.0,15.0,0.35,0.35,0.3,0.1,7.9678,0.0716,4.3646,4.3454,166.8195,-2.8585,-2.8551,3.0583,3.1208
227,49,353,59,365,35,297.89727103094765,173.11845655504212,297.71850162818333,199.9449924354196,0.756,4,28,3,4,5000,100,71.0,10.0,15.0,0.35,0.35,0.3,0.1,7.9968,0.0719,4.3808,4.4098,185.5672,2.1719,2.1336,4.1191,4.3007
228,59,244,348,241,362,101.63363399894044,138.85243966167826,101.676737830954,153.16984037335808,0.8053,5,28,3,4,5000,100,71.0,10.0,15.0,0.35,0.35,0.3,0.1,5.4523,0.049,2.9667,4.1180,145.6602,-0.7385,-0.6143,-3.5798,-3.8793
228,69,379,306,388,313,41.299456944821664,142.42541907960108,41.04575228447891,153.8083222715858,0.6897,5,28,3,4,5000,100,71.0,10.0,15.0,0.35,0.35,0.3,0.1,4.2732,0.0384,2.3114,2.3883,147.8982,2.7939,2.7936,-2.4431,-2.4240
228,70,139,221,118,222,176.12874376801437,133.30416347586447,176.28471089457122,154.3243337908834,0.6597,5,28,3,4,5000,100,71.0,10.0,15.0,0.35,0.35,0.3,0.1,8.1272,0.0731,4.4532,6.0364,143.0462,-3.5818,-3.5855,-0.2371,-0.2897
228,71,128,220,107,221,176.82016988013575,144.22205101855957,176.8778695378843,165.24527224704494,0.7533,5,28,3,4,5000,100,71.0,10.0,15.0,0.35,0.35,0.3,0.1,7.5547,0.0679,4.1351,4.3941,154.0196,-3.8591,-3.5832,-0.2123,-0.4651
228,49,349,34,358,14,293.39254975754636,193.94071259021402,293.47739989209293,215.87033144922904,0.7748,5,28,3,4,5000,100,71.0,10.0,15.0,0.35,0.35,0.3,0.1,5.9509,0.0535,3.2438,4.0296,204.3188,2.0393,2.1355,4.7042,4.4242
229,59,247,348,243,363,100.41602830757071,138.27870407260838,100.87145292585484,153.7595525487766,0.5904,5,28,3,4,5000,100,71.0,10.0,15.0,0.35,0.35,0.3,0.1,5.8951,0.053,3.2128,3.5428,145.6088,-0.6756,-0.5800,-3.5909,-3.8375
229,69,380,306,389,314,41.03534527714388,143.17821063276352,41.08175113593263,155.21919984331836,0.7935,5,28,3,4,5000,100,71.0,10.0,15.0,0.35,0.35,0.3,0.1,4.4875,0.0404,2.4305,2.4076,148.9558,2.8185,2.7935,-2.4552,-2.4193
229,70,141,221,108,221,176.06982445427454,131.30879635424276,176.85887016436388,164.24676556937126,0.654,5,28,3,4,5000,100,71.0,10.0,15.0,0.35,0.35,0.3,0.1,12.3934,0.1114,6.8242,6.2183,145.9424,-3.6555,-3.5536,-0.223,-0.3598
229,27,161,73,150,58,231.39049531464696,177.88198334851114,231.61346048231474,196.468827043885,0.6545,5,28,3,4,5000,100,71.0,10.0,15.0,0.35,0.35,0.3,0.1,5.5216,0.0497,3.0052,3.9935,186.714,-2.9163,-2.8814,3.6672,3.2108
229,49,351,32,360,12,293.69613654636885,196.57314160383152,293.74949449286675,218.5040045399626,0.7668,5,28,3,4,5000,100,71.0,10.0,15.0,0.35,0.35,0.3,0.1,5.8757,0.0528,3.202,3.5614,206.9592,2.0895,2.1779,4.7546,4.4736
230,59,253,357,250,372,97.46519085612142,146.23952953972466,97.82907651005961,161.50541786577935,0.6284,4,28,3,4,5000,100,71.0,10.0,15.0,0.35,0.35,0.3,0.1,5.5165,0.0496,3.0024,3.2513,153.4938,-0.5132,-0.5141,-3.8175,-3.8743
230,69,379,304,388,312,40.68937417517947,141.1134295522577,40.763605200941164,153.15351775261317,0.7759,4,28,3,4,5000,100,71.0,10.0,15.0,0.35,0.35,0.3,0.1,4.5501,0.0409,2.4653,2.4191,146.8872,2.7933,2.7935,-2.405,-2.4164
230,70,146,228,114,229,172.763077974032,127.01181047445942,173.85888938312323,158.91192529196795,0.5572,4,28,3,4,5000,100,71.0,10.0,15.0,0.35,0.35,0.3,0.1,12.4073,0.1116,6.8318,6.0996,141.1823,-3.5192,-3.5418,-0.4089,-0.4110
230,49,356,39,366,20,295.89885120689485,192.31484602078956,296.08559977828145,213.7755832643195,0.696,4,28,3,4,5000,100,71.0,10.0,15.0,0.35,0.35,0.3,0.1,5.877,0.0528,3.2027,3.3225,202.4781,2.2271,2.2354,4.5669,4.4533
231,59,257,366,255,382,95.56320882074401,154.72879499304582,95.71059313749964,170.84788555905513,0.7313,4,28,3,4,5000,100,71.0,10.0,15.0,0.35,0.35,0.3,0.1,5.5058,0.0495,2.9964,3.0244,162.3893,-0.4005,-0.4455,-4.0553,-3.9350
231,69,379,304,388,312,40.68937417517947,141.1134295522577,40.763605200941164,153.15351775261317,0.7759,4,28,3,4,5000,100,71.0,10.0,15.0,0.35,0.35,0.3,0.1,4.5501,0.0409,2.4653,2.4499,146.8872,2.7933,2.7934,-2.405,-2.4088
231,71,138,233,128,235,171.09325581622025,135.63554106501732,170.92524197899132,145.82523787054146,0.5871,4,28,3,4,5000,100,71.0,10.0,15.0,0.35,0.35,0.3,0.1,4.026,0.0362,2.1741,3.8209,140.5459,-3.4835,-3.4800,-0.5513,-0.5024
231,70,148,233,117,237,170.3878852456341,125.76565508913791,170.8376529542783,157.00318468107582,0.8627,4,28,3,4,5000,100,71.0,10.0,15.0,0.35,0.35,0.3,0.1,12.2851,0.1105,6.764,6.1061,139.659,-3.4579,-3.5318,-0.5701,-0.4958
232,59,260,368,258,384,94.39870535499554,156.46085772486356,94.65335158726839,172.5688268488837,0.6602,5,28,3,4,5000,100,71.0,10.0,15.0,0.35,0.35,0.3,0.1,5.4443,0.049,2.9622,2.9715,164.1206,-0.3254,-0.3730,-4.1056,-4.0380
232,69,379,304,388,312,40.68937417517947,141.1134295522577,40.763605200941164,153.15351775261317,0.7565,5,28,3,4,5000,100,71.0,10.0,15.0,0.35,0.35,0.3,0.1,4.5501,0.0409,2.4653,2.4653,146.8872,2.7933,2.7933,-2.405,-2.4050
232,70,140,236,130,238,169.69515353123398,134.16407864998737,169.62415507994896,144.3606594609487,0.6893,5,28,3,4,5000,100,71.0,10.0,15.0,0.35,0.35,0.3,0.1,4.0712,0.0366,2.1992,5.2356,139.0757,-3.4333,-3.5322,-0.6265,-0.5815
232,71,150,235,119,240,169.3236443173042,124.1491039033307,169.62925847171536,155.54099138169335,0.8998,5,28,3,4,5000,100,71.0,10.0,15.0,0.35,0.35,0.3,0.1,12.4817,0.1122,6.8732,3.4770,138.0834,-3.407,-3.4181,-0.6318,-0.5247
232,49,361,51,371,33,298.93359946480336,183.96195258802837,298.9457803372243,204.55317157159897,0.8446,5,28,3,4,5000,100,71.0,10.0,15.0,0.35,0.35,0.3,0.1,5.894,0.053,3.2122,3.2050,193.7119,2.3522,2.2847,4.254,4.4167
233,59,260,368,259,384,94.39870535499554,156.46085772486356,94.32227705949104,172.4905794529081,0.7598,4,28,3,4,5000,100,71.0,10.0,15.0,0.35,0.35,0.3,0.1,5.4191,0.0487,2.9483,2.9607,164.0852,-0.3129,-0.3329,-4.1057,-4.0956
233,72,393,325,402,334,43.04193257076596,165.55965692160635,43.18169703554817,178.2806775845324,0.707,4,28,3,4,5000,100,71.0,10.0,15.0,0.35,0.35,0.3,0.1,4.1143,0.037,2.2231,2.2231,171.6848,3.145,3.1450,-2.9445,-2.9445
233,69,379,304,388,312,40.68937417517947,141.1134295522577,40.763605200941164,153.15351775261317,0.7759,4,28,3,4,5000,100,71.0,10.0,15.0,0.35,0.35,0.3,0.1,4.5501,0.0409,2.4653,2.4653,146.8872,2.7933,2.7933,-2.405,-2.4050
233,70,141,237,120,240,169.19560540246076,133.3641631023867,169.56252464888183,154.55743269089325,0.7856,4,28,3,4,5000,100,71.0,10.0,15.0,0.35,0.35,0.3,0.1,8.1857,0.0736,4.4858,4.3710,143.1808,-3.5316,-3.5598,-0.6614,-0.6275
234,72,393,325,402,334,43.04193257076596,165.55965692160635,43.18169703554817,178.2806775845324,0.6632,4,28,3,4,5000,100,71.0,10.0,15.0,0.35,0.35,0.3,0.1,4.1143,0.037,2.2231,2.2231,171.6848,3.145,3.1450,-2.9445,-2.9445
234,69,379,304,388,312,40.68937417517947,141.1134295522577,40.763605200941164,153.15351775261317,0.7759,4,28,3,4,5000,100,71.0,10.0,15.0,0.35,0.35,0.3,0.1,4.5501,0.0409,2.4653,2.4653,146.8872,2.7933,2.7933,-2.405,-2.4050
234,70,132,237,120,239,169.8753283446022,142.21462653327893,169.92752216256108,154.37940277122465,0.7864,4,28,3,4,5000,100,71.0,10.0,15.0,0.35,0.35,0.3,0.1,4.5612,0.041,2.4715,3.9154,148.0475,-3.6576,-3.5746,-0.6513,-0.6457
234,71,150,236,141,237,168.8708107103888,124.33824833895642,169.19560540246076,133.3641631023867,0.6386,4,28,3,4,5000,100,71.0,10.0,15.0,0.35,0.35,0.3,0.1,3.895,0.035,2.1012,3.0702,128.6931,-3.1705,-3.2804,-0.6141,-0.6051
235,72,393,325,402,334,43.04193257076596,165.55965692160635,43.18169703554817,178.2806775845324,0.682,4,28,3,4,5000,100,71.0,10.0,15.0,0.35,0.35,0.3,0.1,4.1143,0.037,2.2231,2.2231,171.6848,3.145,3.1450,-2.9445,-2.9445
235,69,379,304,388,312,40.68937417517947,141.1134295522577,40.763605200941164,153.15351775261317,0.7759,4,28,3,4,5000,100,71.0,10.0,15.0,0.35,0.35,0.3,0.1,4.5501,0.0409,2.4653,2.4653,146.8872,2.7933,2.7933,-2.405,-2.4050
235,70,132,236,120,239,170.2724214485984,142.04224723651762,169.92752216256108,154.37940277122465,0.6361,4,28,3,4,5000,100,71.0,10.0,15.0,0.35,0.35,0.3,0.1,4.6285,0.0416,2.5089,4.1170,147.9541,-3.6574,-3.5552,-0.6388,-0.6515
235,71,150,236,141,237,168.8708107103888,124.33824833895642,169.19560540246076,133.3641631023867,0.6784,4,28,3,4,5000,100,71.0,10.0,15.0,0.35,0.35,0.3,0.1,3.895,0.035,2.1012,3.0556,128.6931,-3.1705,-3.2178,-0.6141,-0.6176
236,72,393,325,402,334,43.04193257076596,165.55965692160635,43.18169703554817,178.2806775845324,0.6895,3,28,3,4,5000,100,71.0,10.0,15.0,0.35,0.35,0.3,0.1,4.1143,0.037,2.2231,2.2504,171.6848,3.145,3.1424,-2.9445,-2.9444
236,69,379,304,388,312,40.68937417517947,141.1134295522577,40.763605200941164,153.15351775261317,0.7759,3,28,3,4,5000,100,71.0,10.0,15.0,0.35,0.35,0.3,0.1,4.5501,0.0409,2.4653,2.4653,146.8872,2.7933,2.7933,-2.405,-2.4050
236,70,141,237,120,240,169.19560540246076,133.3641631023867,169.56252464888183,154.55743269089325,0.7782,3,28,3,4,5000,100,71.0,10.0,15.0,0.35,0.35,0.3,0.1,8.1857,0.0736,4.4858,4.1170,143.1808,-3.5316,-3.5552,-0.6614,-0.6515
237,72,393,325,402,334,43.04193257076596,165.55965692160635,43.18169703554817,178.2806775845324,0.6895,3,28,3,4,5000,100,71.0,10.0,15.0,0.35,0.35,0.3,0.1,4.1143,0.037,2.2231,2.2504,171.6848,3.145,3.1424,-2.9445,-2.9444
237,69,379,304,388,312,40.68937417517947,141.1134295522577,40.763605200941164,153.15351775261317,0.7759,3,28,3,4,5000,100,71.0,10.0,15.0,0.35,0.35,0.3,0.1,4.5501,0.0409,2.4653,2.4653,146.8872,2.7933,2.7933,-2.405,-2.4050
237,70,150,236,120,240,168.8708107103888,124.33824833895642,169.56252464888183,154.55743269089325,0.7725,3,28,3,4,5000,100,71.0,10.0,15.0,0.35,0.35,0.3,0.1,12.0497,0.1084,6.6331,4.5199,137.8107,-3.3976,-3.5300,-0.6448,-0.6536
238,72,392,325,402,334,43.27918516632713,164.83021567661677,43.18169703554817,178.2806775845324,0.7035,3,28,3,4,5000,100,71.0,10.0,15.0,0.35,0.35,0.3,0.1,4.3595,0.0392,2.3594,2.2504,171.2918,3.1319,3.1424,-2.944,-2.9444
238,69,379,304,388,312,40.68937417517947,141.1134295522577,40.763605200941164,153.15351775261317,0.7759,3,28,3,4,5000,100,71.0,10.0,15.0,0.35,0.35,0.3,0.1,4.5501,0.0409,2.4653,2.4653,146.8872,2.7933,2.7933,-2.405,-2.4050
238,70,141,237,120,240,169.19560540246076,133.3641631023867,169.56252464888183,154.55743269089325,0.7877,3,28,3,4,5000,100,71.0,10.0,15.0,0.35,0.35,0.3,0.1,8.1857,0.0736,4.4858,4.4769,143.1808,-3.5316,-3.5327,-0.6614,-0.6586
239,72,393,325,402,334,43.04193257076596,165.55965692160635,43.18169703554817,178.2806775845324,0.6653,3,28,3,4,5000,100,71.0,10.0,15.0,0.35,0.35,0.3,0.1,4.1143,0.037,2.2231,2.2776,171.6848,3.145,3.1398,-2.9445,-2.9443
239,69,379,304,388,312,40.68937417517947,141.1134295522577,40.763605200941164,153.15351775261317,0.7759,3,28,3,4,5000,100,71.0,10.0,15.0,0.35,0.35,0.3,0.1,4.5501,0.0409,2.4653,2.4653,146.8872,2.7933,2.7933,-2.405,-2.4050
239,70,141,237,120,240,169.19560540246076,133.3641631023867,169.56252464888183,154.55743269089325,0.78,3,28,3,4,5000,100,71.0,10.0,15.0,0.35,0.35,0.3,0.1,8.1857,0.0736,4.4858,4.0741,143.1808,-3.5316,-3.5579,-0.6614,-0.6566
240,59,260,368,259,384,94.39870535499554,156.46085772486356,94.32227705949104,172.4905794529081,0.767,5,28,3,4,5000,100,71.0,10.0,15.0,0.35,0.35,0.3,0.1,5.4191,0.0487,2.9483,2.9540,164.0852,-0.3129,-0.3129,-4.1057,-4.1057
240,72,393,325,402,334,43.04193257076596,165.55965692160635,43.18169703554817,178.2806775845324,0.6752,5,28,3,4,5000,100,71.0,10.0,15.0,0.35,0.35,0.3,0.1,4.1143,0.037,2.2231,2.2776,171.6848,3.145,3.1398,-2.9445,-2.9443
240,69,379,304,388,312,40.68937417517947,141.1134295522577,40.763605200941164,153.15351775261317,0.7759,5,28,3,4,5000,100,71.0,10.0,15.0,0.35,0.35,0.3,0.1,4.5501,0.0409,2.4653,2.4653,146.8872,2.7933,2.7933,-2.405,-2.4050
240,70,131,237,120,240,169.94566440000565,143.19916200872126,169.56252464888183,154.55743269089325,0.544,5,28,3,4,5000,100,71.0,10.0,15.0,0.35,0.35,0.3,0.1,4.2421,0.0381,2.2942,3.1992,148.6617,-3.671,-3.6126,-0.664,-0.6579
240,71,150,236,141,237,168.8708107103888,124.33824833895642,169.19560540246076,133.3641631023867,0.6683,5,28,3,4,5000,100,71.0,10.0,15.0,0.35,0.35,0.3,0.1,3.895,0.035,2.1012,2.1012,128.6931,-3.1705,-3.1705,-0.6141,-0.6141
241,72,392,325,402,334,43.27918516632713,164.83021567661677,43.18169703554817,178.2806775845324,0.7889,4,28,3,4,5000,100,71.0,10.0,15.0,0.35,0.35,0.3,0.1,4.3595,0.0392,2.3594,2.2776,171.2918,3.1319,3.1398,-2.944,-2.9443
241,69,379,304,388,312,40.68937417517947,141.1134295522577,40.763605200941164,153.15351775261317,0.7759,4,28,3,4,5000,100,71.0,10.0,15.0,0.35,0.35,0.3,0.1,4.5501,0.0409,2.4653,2.4653,146.8872,2.7933,2.7933,-2.405,-2.4050
241,70,132,237,120,239,169.8753283446022,142.21462653327893,169.92752216256108,154.37940277122465,0.7791,4,28,3,4,5000,100,71.0,10.0,15.0,0.35,0.35,0.3,0.1,4.5612,0.041,2.4715,2.7609,148.0475,-3.6576,-3.6405,-0.6513,-0.6584
241,71,150,236,141,237,168.8708107103888,124.33824833895642,169.19560540246076,133.3641631023867,0.6275,4,28,3,4,5000,100,71.0,10.0,15.0,0.35,0.35,0.3,0.1,3.895,0.035,2.1012,2.1012,128.6931,-3.1705,-3.1705,-0.6141,-0.6141
242,72,393,325,402,334,43.04193257076596,165.55965692160635,43.18169703554817,178.2806775845324,0.6986,5,28,3,4,5000,100,71.0,10.0,15.0,0.35,0.35,0.3,0.1,4.1143,0.037,2.2231,2.3049,171.6848,3.145,3.1371,-2.9445,-2.9442
242,69,379,304,388,312,40.68937417517947,141.1134295522577,40.763605200941164,153.15351775261317,0.7759,5,28,3,4,5000,100,71.0,10.0,15.0,0.35,0.35,0.3,0.1,4.5501,0.0409,2.4653,2.4653,146.8872,2.7933,2.7933,-2.405,-2.4050
242,70,131,237,120,239,169.94566440000565,143.19916200872126,169.92752216256108,154.37940277122465,0.8161,5,28,3,4,5000,100,71.0,10.0,15.0,0.35,0.35,0.3,0.1,4.1781,0.0376,2.2586,2.3225,148.5793,-3.6711,-3.6683,-0.6515,-0.6590
242,71,150,236,141,237,168.8708107103888,124.33824833895642,169.19560540246076,133.3641631023867,0.6386,5,28,3,4,5000,100,71.0,10.0,15.0,0.35,0.35,0.3,0.1,3.895,0.035,2.1012,2.1012,128.6931,-3.1705,-3.1705,-0.6141,-0.6141
242,49,362,51,372,33,299.20546151643515,184.44782460088814,299.19031151823907,205.03902067655318,0.8255,5,28,3,4,5000,100,71.0,10.0,15.0,0.35,0.35,0.3,0.1,5.8793,0.0529,3.204,3.2057,194.1991,2.3773,2.3335,4.2541,4.3323
243,72,392,325,402,334,43.27918516632713,164.83021567661677,43.18169703554817,178.2806775845324,0.7154,5,28,3,4,5000,100,71.0,10.0,15.0,0.35,0.35,0.3,0.1,4.3595,0.0392,2.3594,2.3049,171.2918,3.1319,3.1371,-2.944,-2.9442
243,69,379,304,388,312,40.68937417517947,141.1134295522577,40.763605200941164,153.15351775261317,0.7759,5,28,3,4,5000,100,71.0,10.0,15.0,0.35,0.35,0.3,0.1,4.5501,0.0409,2.4653,2.4653,146.8872,2.7933,2.7933,-2.405,-2.4050
243,70,131,237,120,240,169.94566440000565,143.19916200872126,169.56252464888183,154.55743269089325,0.5607,5,28,3,4,5000,100,71.0,10.0,15.0,0.35,0.35,0.3,0.1,4.2421,0.0381,2.2942,2.3617,148.6617,-3.671,-3.6707,-0.664,-0.6589
243,71,150,236,141,237,168.8708107103888,124.33824833895642,169.19560540246076,133.3641631023867,0.6435,5,28,3,4,5000,100,71.0,10.0,15.0,0.35,0.35,0.3,0.1,3.895,0.035,2.1012,2.1012,128.6931,-3.1705,-3.1705,-0.6141,-0.6141
243,49,362,51,372,33,299.20546151643515,184.44782460088814,299.19031151823907,205.03902067655318,0.8277,5,28,3,4,5000,100,71.0,10.0,15.0,0.35,0.35,0.3,0.1,5.8793,0.0529,3.204,3.2067,194.1991,2.3773,2.3689,4.2541,4.2541
244,59,260,368,259,384,94.39870535499554,156.46085772486356,94.32227705949104,172.4905794529081,0.7623,5,28,3,4,5000,100,71.0,10.0,15.0,0.35,0.35,0.3,0.1,5.4191,0.0487,2.9483,2.9519,164.0852,-0.3129,-0.3098,-4.1057,-4.1057
244,72,392,325,402,334,43.27918516632713,164.83021567661677,43.18169703554817,178.2806775845324,0.7298,5,28,3,4,5000,100,71.0,10.0,15.0,0.35,0.35,0.3,0.1,4.3595,0.0392,2.3594,2.3049,171.2918,3.1319,3.1371,-2.944,-2.9442
244,69,379,304,388,312,40.68937417517947,141.1134295522577,40.763605200941164,153.15351775261317,0.7759,5,28,3,4,5000,100,71.0,10.0,15.0,0.35,0.35,0.3,0.1,4.5501,0.0409,2.4653,2.4653,146.8872,2.7933,2.7933,-2.405,-2.4050
244,70,131,237,120,240,169.94566440000565,143.19916200872126,169.56252464888183,154.55743269089325,0.5686,5,28,3,4,5000,100,71.0,10.0,15.0,0.35,0.35,0.3,0.1,4.2421,0.0381,2.2942,2.7645,148.6617,-3.671,-3.6455,-0.664,-0.6610
244,71,150,236,141,237,168.8708107103888,124.33824833895642,169.19560540246076,133.3641631023867,0.6483,5,28,3,4,5000,100,71.0,10.0,15.0,0.35,0.35,0.3,0.1,3.895,0.035,2.1012,2.1012,128.6931,-3.1705,-3.1705,-0.6141,-0.6141
245,59,261,368,259,384,94.03341107277019,156.3873396410336,94.32227705949104,172.4905794529081,0.6497,5,28,3,4,5000,100,71.0,10.0,15.0,0.35,0.35,0.3,0.1,5.4452,0.049,2.9627,2.9531,164.0447,-0.3004,-0.3087,-4.1056,-4.1057
245,72,393,325,402,334,43.04193257076596,165.55965692160635,43.18169703554817,178.2806775845324,0.6793,5,28,3,4,5000,100,71.0,10.0,15.0,0.35,0.35,0.3,0.1,4.1143,0.037,2.2231,2.3253,171.6848,3.145,3.1352,-2.9445,-2.9441
245,69,379,304,388,312,40.68937417517947,141.1134295522577,40.763605200941164,153.15351775261317,0.7759,5,28,3,4,5000,100,71.0,10.0,15.0,0.35,0.35,0.3,0.1,4.5501,0.0409,2.4653,2.4653,146.8872,2.7933,2.7933,-2.405,-2.4050
245,70,131,237,119,240,169.94566440000565,143.19916200872126,169.62925847171536,155.54099138169335,0.6364,5,28,3,4,5000,100,71.0,10.0,15.0,0.35,0.35,0.3,0.1,4.5943,0.0413,2.4899,2.8910,149.1151,-3.6826,-3.6391,-0.6639,-0.6633
245,71,150,236,141,237,168.8708107103888,124.33824833895642,169.19560540246076,133.3641631023867,0.6261,5,28,3,4,5000,100,71.0,10.0,15.0,0.35,0.35,0.3,0.1,3.895,0.035,2.1012,2.1012,128.6931,-3.1705,-3.1705,-0.6141,-0.6141
246,72,392,325,402,334,43.27918516632713,164.83021567661677,43.18169703554817,178.2806775845324,0.7223,3,28,3,4,5000,100,71.0,10.0,15.0,0.35,0.35,0.3,0.1,4.3595,0.0392,2.3594,2.3140,171.2918,3.1319,3.1363,-2.944,-2.9442
246,69,379,304,388,312,40.68937417517947,141.1134295522577,40.763605200941164,153.15351775261317,0.7978,3,28,3,4,5000,100,71.0,10.0,15.0,0.35,0.35,0.3,0.1,4.5501,0.0409,2.4653,2.4653,146.8872,2.7933,2.7933,-2.405,-2.4050
246,70,141,237,120,240,169.19560540246076,133.3641631023867,169.56252464888183,154.55743269089325,0.7652,3,28,3,4,5000,100,71.0,10.0,15.0,0.35,0.35,0.3,0.1,8.1857,0.0736,4.4858,3.0900,143.1808,-3.5316,-3.6284,-0.6614,-0.6631
