Frame_Number,Track_ID,Center_X,Center_Y,Right_X,Right_Y,Angle_A_deg,A_px,Angle_B_deg,C_px,Pair_Score,Pair_Count,Binary_Threshold,Blur_Size,Min_Area_px2,Max_Area_px2,Max_Width_px,Max_Radial_Gap_px,Max_Angle_Diff_deg,Max_Center_Offset_px,Weight_Angle,Weight_Area,Weight_Center,Min_Score_Threshold,Zprime_mm,Zdoubleprime,Z_mm,B_px,X_mm,Y_mm
0,1,411.0000,248.0000,421,250,12.149091607441346,147.29901561110313,12.094757077012101,157.4960316960399,0.8538,1,27,1,4,5000,100,71.0,10.0,15.0,0.35,0.35,0.3,0.1,0.7273,0.0335,0.7273,,411.0000,248.0000
1,1,411.0000,248.0000,421,250,12.149091607441346,147.29901561110313,12.094757077012101,157.4960316960399,0.8448,1,27,1,4,5000,100,71.0,10.0,15.0,0.35,0.35,0.3,0.1,0.7273,0.0335,0.7273,,411.0000,248.0000
2,1,411.0000,248.0000,421,250,12.149091607441346,147.29901561110313,12.094757077012101,157.4960316960399,0.8635,1,27,1,4,5000,100,71.0,10.0,15.0,0.35,0.35,0.3,0.1,0.7302,0.0335,0.7302,,411.0000,248.0000
3,1,411.0000,248.0000,421,250,12.149091607441346,147.29901561110313,12.094757077012101,157.4960316960399,0.8527,1,27,1,4,5000,100,71.0,10.0,15.0,0.35,0.35,0.3,0.1,0.7332,0.0335,0.7332,,411.0000,248.0000
4,1,411.0000,248.0000,421,251,12.149091607441346,147.29901561110313,12.449996507806603,157.70859202973057,0.6508,1,27,1,4,5000,100,71.0,10.0,15.0,0.35,0.35,0.3,0.1,0.7332,0.0341,0.7332,,411.0000,248.0000
5,1,411.0000,248.0000,421,251,12.149091607441346,147.29901561110313,12.449996507806603,157.70859202973057,0.6365,1,27,1,4,5000,100,71.0,10.0,15.0,0.35,0.35,0.3,0.1,0.7332,0.0341,0.7332,,411.0000,248.0000
6,1,411.0000,248.0000,421,250,12.149091607441346,147.29901561110313,12.094757077012101,157.4960316960399,0.855,1,27,1,4,5000,100,71.0,10.0,15.0,0.35,0.35,0.3,0.1,0.7332,0.0335,0.7332,,411.0000,248.0000
7,1,411.0000,248.0000,421,250,12.149091607441346,147.29901561110313,12.094757077012101,157.4960316960399,0.8438,1,27,1,4,5000,100,71.0,10.0,15.0,0.35,0.35,0.3,0.1,0.7302,0.0335,0.7302,,411.0000,248.0000
8,1,411.0000,248.0000,421,250,12.149091607441346,147.29901561110313,12.094757077012101,157.4960316960399,0.8685,1,27,1,4,5000,100,71.0,10.0,15.0,0.35,0.35,0.3,0.1,0.7273,0.0335,0.7273,,411.0000,248.0000
9,1,411.0000,248.0000,421,250,12.149091607441346,147.29901561110313,12.094757077012101,157.4960316960399,0.8491,1,27,1,4,5000,100,71.0,10.0,15.0,0.35,0.35,0.3,0.1,0.7273,0.0335,0.7273,,411.0000,248.0000
10,1,411.0000,248.0000,421,250,12.149091607441346,147.29901561110313,12.094757077012101,157.4960316960399,0.8584,1,27,1,4,5000,100,71.0,10.0,15.0,0.35,0.35,0.3,0.1,0.7273,0.0335,0.7273,,411.0000,248.0000
11,1,411.0000,248.0000,421,250,12.149091607441346,147.29901561110313,12.094757077012101,157.4960316960399,0.8745,1,27,1,4,5000,100,71.0,10.0,15.0,0.35,0.35,0.3,0.1,0.7273,0.0335,0.7273,,411.0000,248.0000
12,1,411.0000,248.0000,421,250,12.149091607441346,147.29901561110313,12.094757077012101,157.4960316960399,0.8436,1,27,1,4,5000,100,71.0,10.0,15.0,0.35,0.35,0.3,0.1,0.7273,0.0335,0.7273,,411.0000,248.0000
13,1,411.0000,248.0000,421,250,12.149091607441346,147.29901561110313,12.094757077012101,157.4960316960399,0.842,1,27,1,4,5000,100,71.0,10.0,15.0,0.35,0.35,0.3,0.1,0.7273,0.0335,0.7273,,411.0000,248.0000
14,1,411.0000,248.0000,421,250,12.149091607441346,147.29901561110313,12.094757077012101,157.4960316960399,0.8433,1,27,1,4,5000,100,71.0,10.0,15.0,0.35,0.35,0.3,0.1,0.7273,0.0335,0.7273,,411.0000,248.0000
15,1,411.0000,248.0000,421,250,12.149091607441346,147.29901561110313,12.094757077012101,157.4960316960399,0.8781,1,27,1,4,5000,100,71.0,10.0,15.0,0.35,0.35,0.3,0.1,0.7273,0.0335,0.7273,,411.0000,248.0000
16,1,411.0000,248.0000,421,250,12.149091607441346,147.29901561110313,12.094757077012101,157.4960316960399,0.8423,1,27,1,4,5000,100,71.0,10.0,15.0,0.35,0.35,0.3,0.1,0.7302,0.0335,0.7302,,411.0000,248.0000
17,1,411.0000,248.0000,421,250,12.149091607441346,147.29901561110313,12.094757077012101,157.4960316960399,0.858,1,27,1,4,5000,100,71.0,10.0,15.0,0.35,0.35,0.3,0.1,0.7302,0.0335,0.7302,,411.0000,248.0000
18,1,411.0000,248.0000,421,251,12.149091607441346,147.29901561110313,12.449996507806603,157.70859202973057,0.6808,1,27,1,4,5000,100,71.0,10.0,15.0,0.35,0.35,0.3,0.1,0.7302,0.0341,0.7302,,411.0000,248.0000
19,1,411.0000,248.0000,421,250,12.149091607441346,147.29901561110313,12.094757077012101,157.4960316960399,0.8642,1,27,1,4,5000,100,71.0,10.0,15.0,0.35,0.35,0.3,0.1,0.7302,0.0335,0.7302,,411.0000,248.0000
20,1,411.0000,248.0000,421,250,12.149091607441346,147.29901561110313,12.094757077012101,157.4960316960399,0.8525,1,27,1,4,5000,100,71.0,10.0,15.0,0.35,0.35,0.3,0.1,0.7302,0.0335,0.7302,,411.0000,248.0000
21,1,411.0000,248.0000,421,250,12.149091607441346,147.29901561110313,12.094757077012101,157.4960316960399,0.8806,1,27,1,4,5000,100,71.0,10.0,15.0,0.35,0.35,0.3,0.1,0.7273,0.0335,0.7273,,411.0000,248.0000
22,1,411.0000,248.0000,421,250,12.149091607441346,147.29901561110313,12.094757077012101,157.4960316960399,0.855,1,27,1,4,5000,100,71.0,10.0,15.0,0.35,0.35,0.3,0.1,0.7407,0.0335,0.7407,,411.0000,248.0000
23,1,411.0000,248.0000,421,250,12.149091607441346,147.29901561110313,12.094757077012101,157.4960316960399,0.8568,1,27,1,4,5000,100,71.0,10.0,15.0,0.35,0.35,0.3,0.1,0.7542,0.0335,0.7542,,411.0000,248.0000
24,1,411.0000,248.0000,422,250,12.149091607441346,147.29901561110313,12.019002454544527,158.47397262642215,0.7762,1,27,1,4,5000,100,71.0,10.0,15.0,0.35,0.35,0.3,0.1,0.7609,0.0365,0.7609,,411.0000,248.0000
25,1,411.0000,248.0000,422,250,11.768288932020644,147.09180806557515,12.019002454544527,158.47397262642215,0.7117,1,27,1,4,5000,100,71.0,10.0,15.0,0.35,0.35,0.3,0.1,0.7721,0.0372,0.7721,,411.0000,248.0000
27,2,135.0000,446.0000,113,475,120.89319526292691,278.5139134765084,120.8329444773688,300.4663042672173,0.8057,1,27,1,4,5000,100,71.0,10.0,15.0,0.35,0.35,0.3,0.1,0.8347,0.0379,0.8347,,135.0000,446.0000
28,2,139.7500,441.5000,124,466,119.85207626918267,265.18672666632466,119.86863008834868,287.14108030722457,0.8951,2,27,1,4,5000,100,71.0,10.0,15.0,0.35,0.35,0.3,0.1,0.8360,0.0397,0.8360,,139.7500,441.5000
28,3,445.0000,212.0000,449,222,1.3558599761066599,169.04733065032408,1.573664054102554,182.0686683644388,0.698,2,27,1,4,5000,100,71.0,10.0,15.0,0.35,0.35,0.3,0.1,0.7933,0.0371,0.7933,,445.0000,212.0000
29,3,448.0000,209.2500,462,209,357.7852448726808,181.13530854032848,357.6507213525199,195.1640335717624,0.7902,1,27,1,4,5000,100,71.0,10.0,15.0,0.35,0.35,0.3,0.1,0.7879,0.0373,0.7879,,448.0000,209.2500
30,2,143.0000,438.4000,142,448,118.25283625152029,242.94237999986746,118.41895215226042,262.65186083483206,0.6854,2,27,1,4,5000,100,71.0,10.0,15.0,0.35,0.35,0.3,0.1,0.8386,0.039,0.8386,,143.0000,438.4000
30,3,450.2000,207.2000,468,203,355.71846376492937,187.52333188166213,356.0156839976278,201.48697228356974,0.6277,2,27,1,4,5000,100,71.0,10.0,15.0,0.35,0.35,0.3,0.1,0.7830,0.0359,0.7830,,450.2000,207.2000
31,2,150.2000,431.6000,145,445,118.17105416636024,239.35329536064467,118.15068858817492,258.58847615468096,0.8687,2,27,1,4,5000,100,71.0,10.0,15.0,0.35,0.35,0.3,0.1,0.8474,0.0386,0.8474,,150.2000,431.6000
31,3,455.6000,202.0000,471,200,355.1864491062935,190.67249408344142,355.23635830927384,204.70710783946902,0.8765,2,27,1,4,5000,100,71.0,10.0,15.0,0.35,0.35,0.3,0.1,0.7710,0.0355,0.7710,,455.6000,202.0000
32,2,156.7333,425.4667,147,443,117.97279266495207,236.64741705752886,117.96711550611938,255.88278566562465,0.9617,2,27,1,4,5000,100,71.0,10.0,15.0,0.35,0.35,0.3,0.1,0.8519,0.0391,0.8519,,156.7333,425.4667
32,3,460.0000,197.6000,473,198,354.6441749571448,192.84190415985836,354.7303469173082,206.87435800504613,0.828,2,27,1,4,5000,100,71.0,10.0,15.0,0.35,0.35,0.3,0.1,0.7794,0.0351,0.7794,,460.0000,197.6000
33,2,161.2000,420.8000,151,439,117.56236246502958,231.2444593930847,117.58808136574584,250.4795400826183,0.8479,2,27,1,4,5000,100,71.0,10.0,15.0,0.35,0.35,0.3,0.1,0.8545,0.0399,0.8545,,161.2000,420.8000
33,3,463.8000,194.0000,477,194,353.59564727361584,197.2308292331602,353.7496604222195,211.25576915199264,0.7665,2,27,1,4,5000,100,71.0,10.0,15.0,0.35,0.35,0.3,0.1,0.7755,0.0343,0.7755,,463.8000,194.0000
34,2,165.0000,416.8000,157,433,116.79377562880317,224.0557966221807,116.98789058174849,242.39636960977776,0.7159,3,27,1,4,5000,100,71.0,10.0,15.0,0.35,0.35,0.3,0.1,0.8619,0.0393,0.8619,,165.0000,416.8000
34,4,29.6667,341.0000,4,358,151.7693050691079,276.94223224347706,151.80327640203575,298.41246622753545,0.8598,3,27,1,4,5000,100,71.0,10.0,15.0,0.35,0.35,0.3,0.1,0.8385,0.0373,0.8385,,29.6667,341.0000
34,3,467.6000,190.0000,483,188,352.3115522300971,201.8142710513803,352.3532379864328,217.9380645963435,0.8613,3,27,1,4,5000,100,71.0,10.0,15.0,0.35,0.35,0.3,0.1,0.7803,0.0384,0.7803,,467.6000,190.0000
35,2,169.2000,412.2000,162,427,116.56505117707799,216.8985938174796,116.56505117707799,234.7871376374779,1.0,2,27,1,4,5000,100,71.0,10.0,15.0,0.35,0.35,0.3,0.1,0.8725,0.0396,0.8725,,169.2000,412.2000
35,3,471.8000,185.6000,488,183,351.17025533209096,208.47062143141417,351.25383773744477,223.6000894454204,0.7967,2,27,1,4,5000,100,71.0,10.0,15.0,0.35,0.35,0.3,0.1,0.7850,0.035,0.7850,,471.8000,185.6000
36,2,173.0000,408.2000,165,424,116.20394810417116,212.8778992756176,116.23193993315664,230.76611536358627,0.8847,3,27,1,4,5000,100,71.0,10.0,15.0,0.35,0.35,0.3,0.1,0.8719,0.0403,0.8719,,173.0000,408.2000
36,4,31.2500,339.0000,12,350,152.4720851972858,266.1296676434253,152.4548677932286,287.60041724587256,0.8613,3,27,1,4,5000,100,71.0,10.0,15.0,0.35,0.35,0.3,0.1,0.8325,0.0388,0.8325,,31.2500,339.0000
36,3,475.6000,181.6000,492,179,350.2267735128206,212.07781590727495,350.41383984465574,228.18632737304836,0.6898,3,27,1,4,5000,100,71.0,10.0,15.0,0.35,0.35,0.3,0.1,0.7933,0.0366,0.7933,,475.6000,181.6000
37,2,175.6000,405.0000,169,419,115.82099197418928,206.63010429267078,115.88027367006886,224.51725991557976,0.8159,3,27,1,4,5000,100,71.0,10.0,15.0,0.35,0.35,0.3,0.1,0.8705,0.0415,0.8705,,175.6000,405.0000
37,4,32.6000,337.2000,16,345,153.04116959683518,260.2844597743015,152.98022996122887,281.7534383108749,0.8175,3,27,1,4,5000,100,71.0,10.0,15.0,0.35,0.35,0.3,0.1,0.8414,0.0396,0.8414,,32.6000,337.2000
37,3,478.8000,178.4000,496,174,349.3641044239643,216.72332592501436,349.3652390612597,233.00214591286493,0.9311,3,27,1,4,5000,100,71.0,10.0,15.0,0.35,0.35,0.3,0.1,0.7830,0.0362,0.7830,,478.8000,178.4000
38,2,177.6000,402.6000,171,417,115.43929646747563,204.86336910243372,115.64100582430528,221.84679398179276,0.7134,3,27,1,4,5000,100,71.0,10.0,15.0,0.35,0.35,0.3,0.1,0.8697,0.0398,0.8697,,177.6000,402.6000
38,4,36.0000,333.2000,18,342,153.33582127561036,258.48984506165806,153.34298135854587,278.61442891566116,0.9519,3,27,1,4,5000,100,71.0,10.0,15.0,0.35,0.35,0.3,0.1,0.8527,0.0375,0.8527,,36.0000,333.2000
38,3,480.8000,175.8000,498,171,348.94653752077977,219.06391761310215,348.73777424227643,235.53555994796199,0.6894,3,27,1,4,5000,100,71.0,10.0,15.0,0.35,0.35,0.3,0.1,0.7944,0.0362,0.7944,,480.8000,175.8000
39,2,179.4000,400.4000,172,416,115.55996517182382,203.9607805437114,115.51919977172064,220.5130381632796,0.9266,2,27,1,4,5000,100,71.0,10.0,15.0,0.35,0.35,0.3,0.1,0.8722,0.039,0.8722,,179.4000,400.4000
39,3,482.6000,173.6000,499,170,348.74108779701186,220.238507078122,348.54765908804814,236.7129062810053,0.687,2,27,1,4,5000,100,71.0,10.0,15.0,0.35,0.35,0.3,0.1,0.7884,0.0361,0.7884,,482.6000,173.6000
40,2,180.8000,398.2000,173,414,115.54882463540712,201.72506041639943,115.50848649788338,218.27734651126764,0.9134,3,27,1,4,5000,100,71.0,10.0,15.0,0.35,0.35,0.3,0.1,0.8562,0.0394,0.8562,,180.8000,398.2000
40,4,38.4000,329.8000,19,340,153.73597466701838,255.36248745655655,153.620071860515,276.82666056577716,0.8627,3,27,1,4,5000,100,71.0,10.0,15.0,0.35,0.35,0.3,0.1,0.8538,0.0403,0.8538,,38.4000,329.8000
40,3,484.2000,171.2000,500,169,348.23171106797935,220.63771209836273,348.35942778608825,237.89283301520456,0.7792,3,27,1,4,5000,100,71.0,10.0,15.0,0.35,0.35,0.3,0.1,0.7813,0.0376,0.7813,,484.2000,171.2000
41,2,183.0000,394.2000,174,412,115.27772223555296,199.06029237394384,115.4975514933378,216.04166264866598,0.6732,3,27,1,4,5000,100,71.0,10.0,15.0,0.35,0.35,0.3,0.1,0.8583,0.0409,0.8583,,183.0000,394.2000
41,4,41.8667,323.9333,21,337,153.94197788383678,252.68557536986555,153.99665415548856,273.70787347096905,0.8186,3,27,1,4,5000,100,71.0,10.0,15.0,0.35,0.35,0.3,0.1,0.8520,0.0399,0.8520,,41.8667,323.9333
41,3,486.6000,167.4000,501,167,347.83346622453433,223.00896842952304,347.9386905429555,239.28226010300054,0.7776,3,27,1,4,5000,100,71.0,10.0,15.0,0.35,0.35,0.3,0.1,0.7753,0.0352,0.7753,,486.6000,167.4000
42,2,186.4000,388.4000,178,406,115.37431728522067,193.68531178176625,115.21572129599058,208.90667772955464,0.7474,3,27,1,4,5000,100,71.0,10.0,15.0,0.35,0.35,0.3,0.1,0.8747,0.0378,0.8747,,186.4000,388.4000
42,4,46.0667,316.7333,25,332,154.6758185980528,247.81444671366518,154.5826239426368,267.9346935355703,0.8602,3,27,1,4,5000,100,71.0,10.0,15.0,0.35,0.35,0.3,0.1,0.8599,0.039,0.8599,,46.0667,316.7333
42,3,490.0000,162.0000,504,162,346.7594800848128,227.03523955544875,346.93477846315267,243.29817097545143,0.6934,3,27,1,4,5000,100,71.0,10.0,15.0,0.35,0.35,0.3,0.1,0.7714,0.0346,0.7714,,490.0000,162.0000
43,2,190.2000,381.6000,184,394,114.86369657175187,180.75397644312005,115.1231278053967,195.49424543960367,0.6732,2,27,1,4,5000,100,71.0,10.0,15.0,0.35,0.35,0.3,0.1,0.8864,0.0392,0.8864,,190.2000,381.6000
43,3,494.0000,155.6000,511,151,344.7235261807067,235.3146829248018,344.86416449625193,252.76866894455097,0.7361,2,27,1,4,5000,100,71.0,10.0,15.0,0.35,0.35,0.3,0.1,0.7600,0.0358,0.7600,,494.0000,155.6000
44,2,194.2000,373.6000,190,386,114.61083521971831,170.48753620133056,114.4950205240369,185.71483516402236,0.8619,3,27,1,4,5000,100,71.0,10.0,15.0,0.35,0.35,0.3,0.1,0.8950,0.0427,0.8950,,194.2000,373.6000
44,4,50.2667,308.3333,37,311,157.78240573048168,230.08259386576813,157.7703789087622,248.46730167166865,0.9399,3,27,1,4,5000,100,71.0,10.0,15.0,0.35,0.35,0.3,0.1,0.8558,0.0384,0.8558,,50.2667,308.3333
44,3,498.0000,147.8000,517,142,343.27819837366275,243.28789530101986,343.3007557660064,261.00766272276377,0.842,3,27,1,4,5000,100,71.0,10.0,15.0,0.35,0.35,0.3,0.1,0.7640,0.0351,0.7640,,498.0000,147.8000
45,2,198.0000,365.4000,193,378,114.67686317033706,162.87418457201866,114.68480437326792,177.19198627477485,0.8917,3,27,1,4,5000,100,71.0,10.0,15.0,0.35,0.35,0.3,0.1,0.9064,0.0421,0.9064,,198.0000,365.4000
45,4,54.2667,299.1333,40,304,159.14554196042167,224.72205054244233,159.03017444753746,243.10080213771406,0.7596,3,27,1,4,5000,100,71.0,10.0,15.0,0.35,0.35,0.3,0.1,0.8555,0.0393,0.8555,,54.2667,299.1333
45,3,501.6000,140.0000,520,134,341.9299875128086,248.2438317461282,341.8372381058151,266.2667835085706,0.787,3,27,1,4,5000,100,71.0,10.0,15.0,0.35,0.35,0.3,0.1,0.7719,0.035,0.7719,,501.6000,140.0000
46,5,109.5000,435.0000,94,466,124.99202019855868,280.7507791618752,124.79076592393928,303.19960422137757,0.621,4,27,1,4,5000,100,71.0,10.0,15.0,0.35,0.35,0.3,0.1,0.8404,0.0384,0.8404,,109.5000,435.0000
46,2,201.0000,357.0000,195,369,114.90476880809518,154.35349040433132,115.3461759419467,168.1903683330291,0.5422,4,27,1,4,5000,100,71.0,10.0,15.0,0.35,0.35,0.3,0.1,0.9074,0.0429,0.9074,,201.0000,357.0000
46,4,58.2667,288.7333,42,294,161.15285843567565,219.78398485785993,161.10791370040863,237.81084920583416,0.8893,4,27,1,4,5000,100,71.0,10.0,15.0,0.35,0.35,0.3,0.1,0.8586,0.0394,0.8586,,58.2667,288.7333
46,3,504.4000,132.3000,523,125,340.13295499291337,253.06125740618614,340.23283132320836,272.02941017470886,0.7509,4,27,1,4,5000,100,71.0,10.0,15.0,0.35,0.35,0.3,0.1,0.7805,0.0361,0.7805,,504.4000,132.3000
47,2,203.0000,349.6000,197,362,115.52969799053305,148.49915824677257,115.76932762433871,161.01242188104618,0.822,3,27,1,4,5000,100,71.0,10.0,15.0,0.35,0.35,0.3,0.1,0.8971,0.0404,0.8971,,203.0000,349.6000
47,4,60.6000,280.8000,43,288,162.56720750091566,216.96543503516867,162.41324435830185,234.98297810692586,0.7619,3,27,1,4,5000,100,71.0,10.0,15.0,0.35,0.35,0.3,0.1,0.8533,0.0399,0.8533,,60.6000,280.8000
47,3,506.4000,124.7000,524,119,339.1555116452894,255.7381473304286,339.1270026374922,275.0509043795348,0.8726,3,27,1,4,5000,100,71.0,10.0,15.0,0.35,0.35,0.3,0.1,0.7900,0.0364,0.7900,,506.4000,124.7000
48,5,110.8750,431.0000,98,447,126.39352648021114,264.60914572251653,126.30779871180249,285.41373477812874,0.7233,4,27,1,4,5000,100,71.0,10.0,15.0,0.35,0.35,0.3,0.1,0.8371,0.0378,0.8371,,110.8750,431.0000
48,2,204.8000,343.0000,199,350,116.75107578158553,137.7425134081704,117.07967008819517,149.37536610833797,0.6986,4,27,1,4,5000,100,71.0,10.0,15.0,0.35,0.35,0.3,0.1,0.8943,0.0405,0.8943,,204.8000,343.0000
48,4,61.5000,276.7500,46,275,165.17352002964432,211.02606474082768,165.29472794387,228.4841351166422,0.8039,4,27,1,4,5000,100,71.0,10.0,15.0,0.35,0.35,0.3,0.1,0.8531,0.0397,0.8531,,61.5000,276.7500
48,3,508.2000,117.9000,527,106,336.85882006785266,262.0877715575452,336.8812456346543,282.70302439132126,0.8377,4,27,1,4,5000,100,71.0,10.0,15.0,0.35,0.35,0.3,0.1,0.7913,0.0378,0.7913,,508.2000,117.9000
49,2,206.4000,337.2000,201,345,117.336664855814,132.83448347473634,117.27676338311369,144.01388821915754,0.9013,3,27,1,4,5000,100,71.0,10.0,15.0,0.35,0.35,0.3,0.1,0.8942,0.0404,0.8942,,206.4000,337.2000
49,4,62.3333,273.0000,48,270,166.4295656148385,208.83007446246816,166.39547113536793,225.32199182503248,0.926,3,27,1,4,5000,100,71.0,10.0,15.0,0.35,0.35,0.3,0.1,0.8520,0.038,0.8520,,62.3333,273.0000
49,3,510.0000,112.3000,529,101,336.0375110254218,265.9191606484948,336.118723982391,286.53097563788805,0.7853,3,27,1,4,5000,100,71.0,10.0,15.0,0.35,0.35,0.3,0.1,0.7960,0.0373,0.7960,,510.0000,112.3000
50,5,112.1000,427.8000,101,440,126.78079075110094,257.2003110418026,126.6637986084599,278.0017985553331,0.7389,3,27,1,4,5000,100,71.0,10.0,15.0,0.35,0.35,0.3,0.1,0.8331,0.0389,0.8331,,112.1000,427.8000
50,2,208.4000,331.8000,203,342,117.1597956922965,129.25169244539896,117.11244642795575,140.4314779527724,0.9397,3,27,1,4,5000,100,71.0,10.0,15.0,0.35,0.35,0.3,0.1,0.8973,0.0415,0.8973,,208.4000,331.8000
50,3,512.2000,106.9000,530,98,335.6265630664545,268.972117514065,335.6546043761199,288.6693610343848,0.8827,3,27,1,4,5000,100,71.0,10.0,15.0,0.35,0.35,0.3,0.1,0.7904,0.0353,0.7904,,512.2000,106.9000
51,5,114.9000,420.8000,103,435,126.96055544916335,252.80031645549812,126.95390899254761,272.80029325497435,0.8577,3,27,1,4,5000,100,71.0,10.0,15.0,0.35,0.35,0.3,0.1,0.8369,0.0381,0.8369,,114.9000,420.8000
51,2,210.4000,328.2000,205,338,117.18111108547723,124.77980605851253,117.13045170034678,135.95955280891445,0.8897,3,27,1,4,5000,100,71.0,10.0,15.0,0.35,0.35,0.3,0.1,0.8887,0.0429,0.8887,,210.4000,328.2000
51,3,514.4000,102.6000,533,94,335.22485943116806,272.03860020225073,335.1838948674762,293.0614270080592,0.8599,3,27,1,4,5000,100,71.0,10.0,15.0,0.35,0.35,0.3,0.1,0.7909,0.0372,0.7909,,514.4000,102.6000
52,5,117.4000,415.6000,106,431,127.14668669802178,248.4028985338134,126.95547753666443,267.8002987302292,0.6201,3,27,1,4,5000,100,71.0,10.0,15.0,0.35,0.35,0.3,0.1,0.8357,0.0376,0.8357,,117.4000,415.6000
52,2,212.6000,325.0000,208,333,116.77884040695511,119.85407794480753,116.95883040316482,130.14222988715076,0.8145,3,27,1,4,5000,100,71.0,10.0,15.0,0.35,0.35,0.3,0.1,0.8857,0.0412,0.8857,,212.6000,325.0000
52,3,516.6000,99.4000,535,90,334.732689499661,276.4489102890442,334.6446346788999,296.56871041969345,0.7538,3,27,1,4,5000,100,71.0,10.0,15.0,0.35,0.35,0.3,0.1,0.7877,0.0351,0.7877,,516.6000,99.4000
53,5,119.4000,412.2000,108,428,127.01067323360311,244.20073709962466,127.00001652778104,264.20068130116545,0.833,3,27,1,4,5000,100,71.0,10.0,15.0,0.35,0.35,0.3,0.1,0.8305,0.0393,0.8305,,119.4000,412.2000
53,2,214.8000,321.8000,210,330,116.346366057655,117.17081547894082,116.76750891929619,126.56223765404908,0.6196,3,27,1,4,5000,100,71.0,10.0,15.0,0.35,0.35,0.3,0.1,0.8833,0.0385,0.8833,,214.8000,321.8000
53,3,518.8000,96.4000,538,86,334.3516030793073,279.54427198567316,334.20111714279676,301.0016611249845,0.695,3,27,1,4,5000,100,71.0,10.0,15.0,0.35,0.35,0.3,0.1,0.7918,0.037,0.7918,,518.8000,96.4000
54,5,121.2000,409.2000,110,424,127.06040660133849,240.6013300046365,127.17864789562506,259.8037721050255,0.709,3,27,1,4,5000,100,71.0,10.0,15.0,0.35,0.35,0.3,0.1,0.8302,0.0384,0.8302,,121.2000,409.2000
54,2,216.8000,319.0000,212,327,116.1139126302907,113.59577456930342,116.56505117707799,122.98373876248843,0.6164,3,27,1,4,5000,100,71.0,10.0,15.0,0.35,0.35,0.3,0.1,0.8701,0.0397,0.8701,,216.8000,319.0000
54,3,521.0000,93.6000,540,83,333.9788797557134,282.65172916506276,333.8562337270906,304.11346566701053,0.7173,3,27,1,4,5000,100,71.0,10.0,15.0,0.35,0.35,0.3,0.1,0.7862,0.0366,0.7862,,521.0000,93.6000
55,5,123.0000,406.6000,112,421,127.30394827798344,237.60681808399355,127.22771206992545,256.20499604808646,0.7651,3,27,1,4,5000,100,71.0,10.0,15.0,0.35,0.35,0.3,0.1,0.8409,0.0377,0.8409,,123.0000,406.6000
55,2,218.4000,316.6000,214,324,115.86635679409451,110.02272492535349,116.35046124594861,119.40686747419514,0.6602,3,27,1,4,5000,100,71.0,10.0,15.0,0.35,0.35,0.3,0.1,0.8678,0.0409,0.8678,,218.4000,316.6000
55,3,522.8000,91.2000,542,81,333.7941653044725,285.3278815678552,333.6855118590563,306.79146011582526,0.7057,3,27,1,4,5000,100,71.0,10.0,15.0,0.35,0.35,0.3,0.1,0.7888,0.0362,0.7888,,522.8000,91.2000
56,5,124.4000,404.4000,113,419,127.40535663140857,235.41028014935966,127.32103619263131,254.00787389370433,0.7919,3,27,1,4,5000,100,71.0,10.0,15.0,0.35,0.35,0.3,0.1,0.8380,0.038,0.8380,,124.4000,404.4000
56,2,220.2000,314.2000,216,322,115.85186254206042,107.78682665335315,115.90650799951439,116.73045875006231,0.8952,3,27,1,4,5000,100,71.0,10.0,15.0,0.35,0.35,0.3,0.1,0.8643,0.0398,0.8643,,220.2000,314.2000
56,3,524.4000,89.2000,544,79,333.6128854543324,288.00694436072195,333.5177461345261,309.4721312170128,0.7938,3,27,1,4,5000,100,71.0,10.0,15.0,0.35,0.35,0.3,0.1,0.7889,0.0359,0.7889,,524.4000,89.2000
57,5,125.8000,402.6000,115,418,127.31327831853166,232.606964642076,127.09726065683458,252.00198411917316,0.6367,3,27,1,4,5000,100,71.0,10.0,15.0,0.35,0.35,0.3,0.1,0.8407,0.04,0.8407,,125.8000,402.6000
57,2,221.8000,312.2000,217,320,115.83675422400157,105.55093557141026,115.89364699422802,114.49454135459908,0.8545,3,27,1,4,5000,100,71.0,10.0,15.0,0.35,0.35,0.3,0.1,0.8579,0.0406,0.8579,,221.8000,312.2000
57,3,525.8000,87.6000,545,77,333.34652948028327,289.79475495598604,333.27030623151455,311.26194756185663,0.8045,3,27,1,4,5000,100,71.0,10.0,15.0,0.35,0.35,0.3,0.1,0.7931,0.0357,0.7931,,525.8000,87.6000
58,5,127.2000,401.2000,116,416,127.26640190097714,231.2055362658948,127.19100753970427,249.8039231077046,0.7406,2,27,1,4,5000,100,71.0,10.0,15.0,0.35,0.35,0.3,0.1,0.8474,0.0387,0.8474,,127.2000,401.2000
58,3,527.2000,86.2000,547,76,333.25892547651927,291.1374245953275,333.2714805659992,313.4980063732463,0.8763,2,27,1,4,5000,100,71.0,10.0,15.0,0.35,0.35,0.3,0.1,0.7944,0.037,0.7944,,527.2000,86.2000
59,5,128.4000,400.2000,118,415,127.01988625483148,229.20078533896867,126.96238469951436,247.8003228407905,0.7776,3,27,1,4,5000,100,71.0,10.0,15.0,0.35,0.35,0.3,0.1,0.8528,0.039,0.8528,,128.4000,400.2000
59,2,223.0000,310.8000,220,317,114.81419699053517,102.45974819410792,115.17352452453017,110.4943437466371,0.6993,3,27,1,4,5000,100,71.0,10.0,15.0,0.35,0.35,0.3,0.1,0.8378,0.0377,0.8378,,223.0000,310.8000
59,3,528.2000,85.2000,548,74,333.17212598968547,292.48076859855246,333.028602589613,315.29351404683223,0.7051,3,27,1,4,5000,100,71.0,10.0,15.0,0.35,0.35,0.3,0.1,0.8032,0.0375,0.8032,,528.2000,85.2000
60,5,129.2000,399.6000,119,414,126.97050470576842,227.80035118497952,126.9164039501705,246.4000811688178,0.79,3,27,1,4,5000,100,71.0,10.0,15.0,0.35,0.35,0.3,0.1,0.8493,0.0392,0.8493,,129.2000,399.6000
60,2,224.0000,309.8000,221,316,114.5377284765778,101.13357503816425,114.9217705225852,109.16501271011697,0.7884,3,27,1,4,5000,100,71.0,10.0,15.0,0.35,0.35,0.3,0.1,0.8223,0.0382,0.8223,,224.0000,309.8000
60,3,529.2000,84.6000,550,74,333.1741200654691,294.7168132292421,333.1925139671721,317.0772776469484,0.891,3,27,1,4,5000,100,71.0,10.0,15.0,0.35,0.35,0.3,0.1,0.8003,0.0365,0.8003,,529.2000,84.6000
61,5,129.8000,399.2000,119,414,126.97050470576842,227.80035118497952,126.9164039501705,246.4000811688178,0.796,3,27,1,4,5000,100,71.0,10.0,15.0,0.35,0.35,0.3,0.1,0.8517,0.0392,0.8517,,129.8000,399.2000
61,2,224.8000,309.2000,222,316,114.5377284765778,101.13357503816425,114.44395478041653,108.74741376235114,0.8886,3,27,1,4,5000,100,71.0,10.0,15.0,0.35,0.35,0.3,0.1,0.8033,0.0363,0.8033,,224.8000,309.2000
61,3,530.0000,84.2000,551,74,333.1741200654691,294.7168132292421,333.2737796853869,317.9701243827791,0.8107,3,27,1,4,5000,100,71.0,10.0,15.0,0.35,0.35,0.3,0.1,0.7979,0.038,0.7979,,530.0000,84.2000
62,5,130.0000,399.0000,119,414,126.97050470576842,227.80035118497952,126.9164039501705,246.4000811688178,0.7399,3,27,1,4,5000,100,71.0,10.0,15.0,0.35,0.35,0.3,0.1,0.8527,0.0392,0.8527,,130.0000,399.0000
62,2,225.0000,309.0000,222,316,114.5377284765778,101.13357503816425,114.44395478041653,108.74741376235114,0.8969,3,27,1,4,5000,100,71.0,10.0,15.0,0.35,0.35,0.3,0.1,0.8151,0.0363,0.8151,,225.0000,309.0000
62,3,530.6000,84.0000,550,74,333.26158844571495,295.6095397648729,333.1925139671721,317.0772776469484,0.8194,3,27,1,4,5000,100,71.0,10.0,15.0,0.35,0.35,0.3,0.1,0.7932,0.035,0.7932,,530.6000,84.0000
63,5,130.0000,399.0000,119,414,126.97050470576842,227.80035118497952,126.9164039501705,246.4000811688178,0.8186,3,27,1,4,5000,100,71.0,10.0,15.0,0.35,0.35,0.3,0.1,0.8527,0.0392,0.8527,,130.0000,399.0000
63,2,225.2000,309.0000,222,316,114.5377284765778,101.13357503816425,114.44395478041653,108.74741376235114,0.931,3,27,1,4,5000,100,71.0,10.0,15.0,0.35,0.35,0.3,0.1,0.8337,0.0363,0.8337,,225.2000,309.0000
63,3,530.6000,84.0000,551,74,333.26158844571495,295.6095397648729,333.2737796853869,317.9701243827791,0.9275,3,27,1,4,5000,100,71.0,10.0,15.0,0.35,0.35,0.3,0.1,0.7932,0.0364,0.7932,,530.6000,84.0000
64,5,130.0000,399.2000,119,414,126.97050470576842,227.80035118497952,126.9164039501705,246.4000811688178,0.8361,3,27,1,4,5000,100,71.0,10.0,15.0,0.35,0.35,0.3,0.1,0.8451,0.0392,0.8451,,130.0000,399.2000
64,2,225.4000,309.0000,222,317,114.5377284765778,101.13357503816425,114.22774531795417,109.65856099730654,0.8303,3,27,1,4,5000,100,71.0,10.0,15.0,0.35,0.35,0.3,0.1,0.8607,0.0404,0.8607,,225.4000,309.0000
64,3,530.8000,84.0000,551,74,333.26158844571495,295.6095397648729,333.2737796853869,317.9701243827791,0.9099,3,27,1,4,5000,100,71.0,10.0,15.0,0.35,0.35,0.3,0.1,0.7866,0.0364,0.7866,,530.8000,84.0000
65,5,130.0000,399.4000,119,414,126.97050470576842,227.80035118497952,126.9164039501705,246.4000811688178,0.8306,3,27,1,4,5000,100,71.0,10.0,15.0,0.35,0.35,0.3,0.1,0.8375,0.0392,0.8375,,130.0000,399.4000
65,2,225.6000,309.2000,222,317,114.0202467972649,100.72239075796404,114.22774531795417,109.65856099730654,0.8683,3,27,1,4,5000,100,71.0,10.0,15.0,0.35,0.35,0.3,0.1,0.8680,0.0425,0.8680,,225.6000,309.2000
65,3,530.8000,84.0000,550,74,333.1741200654691,294.7168132292421,333.1925139671721,317.0772776469484,0.8658,3,27,1,4,5000,100,71.0,10.0,15.0,0.35,0.35,0.3,0.1,0.7928,0.0365,0.7928,,530.8000,84.0000
66,5,130.0000,399.6000,119,414,126.8197701175025,228.60008748904713,126.9164039501705,246.4000811688178,0.748,3,27,1,4,5000,100,71.0,10.0,15.0,0.35,0.35,0.3,0.1,0.8369,0.0375,0.8369,,130.0000,399.6000
66,2,225.8000,309.4000,222,317,114.0202467972649,100.72239075796404,114.22774531795417,109.65856099730654,0.8556,3,27,1,4,5000,100,71.0,10.0,15.0,0.35,0.35,0.3,0.1,0.8754,0.0425,0.8754,,225.8000,309.4000
66,3,530.8000,84.0000,551,74,333.26158844571495,295.6095397648729,333.2737796853869,317.9701243827791,0.8999,3,27,1,4,5000,100,71.0,10.0,15.0,0.35,0.35,0.3,0.1,0.7928,0.0364,0.7928,,530.8000,84.0000
67,5,130.0000,399.8000,119,414,126.8197701175025,228.60008748904713,126.9164039501705,246.4000811688178,0.7014,3,27,1,4,5000,100,71.0,10.0,15.0,0.35,0.35,0.3,0.1,0.8364,0.0375,0.8364,,130.0000,399.8000
67,2,226.0000,309.6000,222,317,113.7907738657772,101.6366075781753,114.22774531795417,109.65856099730654,0.7544,3,27,1,4,5000,100,71.0,10.0,15.0,0.35,0.35,0.3,0.1,0.8646,0.038,0.8646,,226.0000,309.6000
67,3,530.6000,84.2000,551,74,333.26158844571495,295.6095397648729,333.2737796853869,317.9701243827791,0.8576,3,27,1,4,5000,100,71.0,10.0,15.0,0.35,0.35,0.3,0.1,0.7965,0.0364,0.7965,,530.6000,84.2000
68,5,130.0000,400.0000,119,415,126.8197701175025,228.60008748904713,126.7771861094251,247.20032362438363,0.7589,3,27,1,4,5000,100,71.0,10.0,15.0,0.35,0.35,0.3,0.1,0.8358,0.0391,0.8358,,130.0000,400.0000
68,2,226.0000,309.8000,222,317,113.7907738657772,101.6366075781753,114.22774531795417,109.65856099730654,0.742,3,27,1,4,5000,100,71.0,10.0,15.0,0.35,0.35,0.3,0.1,0.8450,0.038,0.8450,,226.0000,309.8000
68,3,530.6000,84.4000,551,74,333.26158844571495,295.6095397648729,333.2737796853869,317.9701243827791,0.879,3,27,1,4,5000,100,71.0,10.0,15.0,0.35,0.35,0.3,0.1,0.7999,0.0364,0.7999,,530.6000,84.4000
69,5,130.0000,400.0000,119,415,126.8197701175025,228.60008748904713,126.7771861094251,247.20032362438363,0.8034,3,27,1,4,5000,100,71.0,10.0,15.0,0.35,0.35,0.3,0.1,0.8429,0.0391,0.8429,,130.0000,400.0000
69,2,225.8000,310.0000,222,317,113.7907738657772,101.6366075781753,114.22774531795417,109.65856099730654,0.6898,3,27,1,4,5000,100,71.0,10.0,15.0,0.35,0.35,0.3,0.1,0.8427,0.038,0.8427,,225.8000,310.0000
69,3,530.4000,84.6000,550,74,333.3478732372049,294.2668856667362,333.1925139671721,317.0772776469484,0.6605,3,27,1,4,5000,100,71.0,10.0,15.0,0.35,0.35,0.3,0.1,0.8036,0.0373,0.8036,,530.4000,84.6000
70,5,129.8000,400.0000,119,415,126.8197701175025,228.60008748904713,126.7771861094251,247.20032362438363,0.8253,4,27,1,4,5000,100,71.0,10.0,15.0,0.35,0.35,0.3,0.1,0.8442,0.0391,0.8442,,129.8000,400.0000
70,2,225.2000,310.4000,222,317,113.7907738657772,101.6366075781753,114.22774531795417,109.65856099730654,0.7405,4,27,1,4,5000,100,71.0,10.0,15.0,0.35,0.35,0.3,0.1,0.8302,0.038,0.8302,,225.2000,310.4000
70,6,75.6667,244.6667,69,242,172.83645253416765,184.43969204051496,172.80376457091864,199.5720421301541,0.9711,4,27,1,4,5000,100,71.0,10.0,15.0,0.35,0.35,0.3,0.1,0.8747,0.0394,0.8747,,75.6667,244.6667
70,3,530.2000,84.8000,550,74,333.3478732372049,294.2668856667362,333.1925139671721,317.0772776469484,0.6742,4,27,1,4,5000,100,71.0,10.0,15.0,0.35,0.35,0.3,0.1,0.8043,0.0373,0.8043,,530.2000,84.8000
71,5,129.2000,400.4000,119,415,126.8197701175025,228.60008748904713,126.7771861094251,247.20032362438363,0.7741,2,27,1,4,5000,100,71.0,10.0,15.0,0.35,0.35,0.3,0.1,0.8366,0.0391,0.8366,,129.2000,400.4000
71,3,529.8000,85.2000,550,74,333.3478732372049,294.2668856667362,333.1925139671721,317.0772776469484,0.6464,2,27,1,4,5000,100,71.0,10.0,15.0,0.35,0.35,0.3,0.1,0.8057,0.0373,0.8057,,529.8000,85.2000
72,5,126.8000,401.8000,119,415,127.01988625483148,229.20078533896867,126.7771861094251,247.20032362438363,0.6183,3,27,1,4,5000,100,71.0,10.0,15.0,0.35,0.35,0.3,0.1,0.8278,0.0378,0.8278,,126.8000,401.8000
72,2,223.0000,311.6000,221,318,114.30454926593673,102.04410811016969,114.48668093171604,110.98198051936178,0.8131,3,27,1,4,5000,100,71.0,10.0,15.0,0.35,0.35,0.3,0.1,0.8482,0.042,0.8482,,223.0000,311.6000
72,3,528.0000,86.2000,550,75,333.3478732372049,294.2668856667362,333.3540226344866,316.6275414426231,0.9568,3,27,1,4,5000,100,71.0,10.0,15.0,0.35,0.35,0.3,0.1,0.8050,0.0366,0.8050,,528.0000,86.2000
73,5,123.6000,403.6000,117,417,127.11686068327027,232.0021551624036,126.86989764584402,250.0,0.546,3,27,1,4,5000,100,71.0,10.0,15.0,0.35,0.35,0.3,0.1,0.8215,0.0373,0.8215,,123.6000,403.6000
73,2,219.8000,313.2000,220,319,114.85158585971216,104.69479452198185,114.73950886974812,112.30761327710601,0.8228,3,27,1,4,5000,100,71.0,10.0,15.0,0.35,0.35,0.3,0.1,0.8679,0.0351,0.8679,,219.8000,313.2000
73,3,525.2000,87.8000,549,76,333.434948822922,292.92490505247247,333.434948822922,315.28558482747036,0.9136,3,27,1,4,5000,100,71.0,10.0,15.0,0.35,0.35,0.3,0.1,0.8043,0.0368,0.8043,,525.2000,87.8000
74,5,120.0000,405.6000,107,422,128.10391580534647,241.4560001325293,127.9716037610504,260.0480724789169,0.744,4,27,1,4,5000,100,71.0,10.0,15.0,0.35,0.35,0.3,0.1,0.8139,0.0371,0.8139,,120.0000,405.6000
74,2,216.0000,315.0000,211,325,117.71081401525309,111.8257573191436,117.40757543781842,121.6552506059644,0.7959,4,27,1,4,5000,100,71.0,10.0,15.0,0.35,0.35,0.3,0.1,0.8840,0.0421,0.8840,,216.0000,315.0000
74,6,73.2500,245.7500,58,249,171.45471810469914,195.1665955024066,171.29504289360108,211.43556938225885,0.8531,4,27,1,4,5000,100,71.0,10.0,15.0,0.35,0.35,0.3,0.1,0.8649,0.04,0.8649,,73.2500,245.7500
74,3,521.8000,89.6000,541,81,333.434948822922,283.98063314247327,333.6024798645239,305.8954069612684,0.659,4,27,1,4,5000,100,71.0,10.0,15.0,0.35,0.35,0.3,0.1,0.8021,0.0372,0.8021,,521.8000,89.6000
75,5,116.0000,407.6000,102,424,128.55046529615774,245.50560075077718,128.55839990066497,264.7149410214694,0.9075,4,27,1,4,5000,100,71.0,10.0,15.0,0.35,0.35,0.3,0.1,0.8171,0.0376,0.8171,,116.0000,407.6000
75,2,212.0000,317.0000,205,327,119.43848967467153,115.97413504743201,119.40718906073367,126.26955294131677,0.8921,4,27,1,4,5000,100,71.0,10.0,15.0,0.35,0.35,0.3,0.1,0.8657,0.0425,0.8657,,212.0000,317.0000
75,6,70.4000,246.8000,52,251,171.1016869355374,200.4120754844877,171.0136891772164,217.671771252039,0.8804,4,27,1,4,5000,100,71.0,10.0,15.0,0.35,0.35,0.3,0.1,0.8630,0.0413,0.8630,,70.4000,246.8000
75,3,518.0000,91.6000,535,83,333.52706414470333,278.16721589720095,333.434948822922,299.63310898497184,0.8028,4,27,1,4,5000,100,71.0,10.0,15.0,0.35,0.35,0.3,0.1,0.8010,0.0372,0.8010,,518.0000,91.6000
76,5,111.4000,409.4000,100,425,128.76825439495988,247.53585598858197,128.76044476566935,266.74519677025114,0.8614,4,27,1,4,5000,100,71.0,10.0,15.0,0.35,0.35,0.3,0.1,0.8247,0.0374,0.8247,,111.4000,409.4000
76,2,207.4000,318.8000,202,328,120.46554491945989,118.33849753989612,120.35262472763701,128.63125592172378,0.8544,4,27,1,4,5000,100,71.0,10.0,15.0,0.35,0.35,0.3,0.1,0.8817,0.0417,0.8817,,207.4000,318.8000
76,6,64.0000,249.2000,50,252,170.95419873840925,203.5313243704762,170.8376529542783,219.80445855350615,0.8452,4,27,1,4,5000,100,71.0,10.0,15.0,0.35,0.35,0.3,0.1,0.8574,0.0384,0.8574,,64.0000,249.2000
76,3,513.4000,93.4000,532,85,333.434948822922,275.0363612324741,333.52149827297234,296.05573799539843,0.7981,4,27,1,4,5000,100,71.0,10.0,15.0,0.35,0.35,0.3,0.1,0.7983,0.0368,0.7983,,513.4000,93.4000
77,5,107.2000,410.4000,97,426,129.3055692822446,249.42533953069002,129.12480726970492,269.40861159213154,0.7029,3,27,1,4,5000,100,71.0,10.0,15.0,0.35,0.35,0.3,0.1,0.8300,0.0385,0.8300,,107.2000,410.4000
77,2,203.2000,320.0000,200,328,121.04549082686316,120.22063050907694,121.11533231474182,129.65338406690356,0.8607,3,27,1,4,5000,100,71.0,10.0,15.0,0.35,0.35,0.3,0.1,0.8840,0.0378,0.8840,,203.2000,320.0000
77,3,509.0000,94.6000,529,85,333.434948822922,272.80029325497435,333.2602671095334,293.3734821008879,0.6563,3,27,1,4,5000,100,71.0,10.0,15.0,0.35,0.35,0.3,0.1,0.8045,0.0363,0.8045,,509.0000,94.6000
78,5,102.6000,411.4000,91,427,130.03718490699598,253.38705570727168,129.96621304379997,274.0,0.792,4,27,1,4,5000,100,71.0,10.0,15.0,0.35,0.35,0.3,0.1,0.8288,0.0391,0.8288,,102.6000,411.4000
78,2,198.4000,321.2000,194,329,122.79088024150376,123.71337841963576,123.09573428450825,133.6899397860587,0.7595,4,27,1,4,5000,100,71.0,10.0,15.0,0.35,0.35,0.3,0.1,0.8554,0.0388,0.8554,,198.4000,321.2000
78,6,58.2000,250.6000,42,254,170.71644719473866,210.76052761368766,170.66160502376403,228.02192877001983,0.8811,4,27,1,4,5000,100,71.0,10.0,15.0,0.35,0.35,0.3,0.1,0.8543,0.0393,0.8543,,58.2000,250.6000
78,3,504.2000,95.6000,524,86,332.9574950456124,268.337474088134,332.9908043898101,288.4614358974177,0.8447,4,27,1,4,5000,100,71.0,10.0,15.0,0.35,0.35,0.3,0.1,0.8050,0.0361,0.8050,,504.2000,95.6000
79,5,97.4000,412.2000,84,428,131.08175113593262,258.69866640553056,130.9350526922573,279.3027031734566,0.7438,4,27,1,4,5000,100,71.0,10.0,15.0,0.35,0.35,0.3,0.1,0.8381,0.0383,0.8381,,97.4000,412.2000
79,2,193.4000,322.2000,187,331,124.80849814997232,127.88275880665071,125.05942696688697,139.26952286842948,0.814,4,27,1,4,5000,100,71.0,10.0,15.0,0.35,0.35,0.3,0.1,0.8483,0.0426,0.8483,,193.4000,322.2000
79,6,51.8000,252.0000,35,255,170.75388725443676,217.83020910791964,170.6979452887012,235.0914715594762,0.9401,4,27,1,4,5000,100,71.0,10.0,15.0,0.35,0.35,0.3,0.1,0.8485,0.0381,0.8485,,51.8000,252.0000
79,3,499.0000,96.6000,518,87,332.4556291685825,261.658173959844,332.6190830595079,282.66764936936096,0.6747,4,27,1,4,5000,100,71.0,10.0,15.0,0.35,0.35,0.3,0.1,0.8101,0.0386,0.8101,,499.0000,96.6000
80,5,92.2000,413.2000,77,429,131.7776340456985,264.1685068285014,131.867534801432,284.682279041039,0.7478,4,27,1,4,5000,100,71.0,10.0,15.0,0.35,0.35,0.3,0.1,0.8402,0.0374,0.8402,,92.2000,413.2000
80,2,188.0000,323.2000,180,332,127.12606186827438,134.2013412749664,127.10829757176431,144.20124826089406,0.8561,4,27,1,4,5000,100,71.0,10.0,15.0,0.35,0.35,0.3,0.1,0.8543,0.0359,0.8543,,188.0000,323.2000
80,6,45.2000,253.4000,27,257,170.78897345918335,224.89997776789573,170.53767779197437,243.3105012119288,0.6434,4,27,1,4,5000,100,71.0,10.0,15.0,0.35,0.35,0.3,0.1,0.8508,0.0393,0.8508,,45.2000,253.4000
80,3,493.6000,97.4000,509,88,332.1261341064405,254.53094114468678,331.93980302095406,274.23530042647684,0.6647,4,27,1,4,5000,100,71.0,10.0,15.0,0.35,0.35,0.3,0.1,0.8079,0.0373,0.8079,,493.6000,97.4000
81,5,87.2000,414.2000,72,431,132.57622865588644,267.5256997000475,132.34025005829892,289.5185658986311,0.5698,3,27,1,4,5000,100,71.0,10.0,15.0,0.35,0.35,0.3,0.1,0.8377,0.0395,0.8377,,87.2000,414.2000
81,2,182.8000,324.2000,175,333,128.46336635120292,136.65284482951682,128.418055344822,148.05404418657398,0.8123,3,27,1,4,5000,100,71.0,10.0,15.0,0.35,0.35,0.3,0.1,0.8610,0.04,0.8610,,182.8000,324.2000
81,3,488.4000,98.4000,504,89,331.79250912098473,249.64775184247102,331.6272103525184,269.3566409056959,0.6952,3,27,1,4,5000,100,71.0,10.0,15.0,0.35,0.35,0.3,0.1,0.8090,0.038,0.8090,,488.4000,98.4000
82,5,82.0000,415.4000,68,431,132.90109406679645,270.29613389761977,132.91995376970752,292.227650984639,0.8673,4,27,1,4,5000,100,71.0,10.0,15.0,0.35,0.35,0.3,0.1,0.8346,0.039,0.8346,,82.0000,415.4000
82,2,177.4000,325.4000,171,334,129.49105030178396,139.94641831786907,129.36931724236476,151.34397906755325,0.8712,4,27,1,4,5000,100,71.0,10.0,15.0,0.35,0.35,0.3,0.1,0.8531,0.0391,0.8531,,177.4000,325.4000
82,6,41.7500,254.0000,18,259,170.61848983925177,233.1179958733345,170.42577211490817,252.5173261382276,0.7504,4,27,1,4,5000,100,71.0,10.0,15.0,0.35,0.35,0.3,0.1,0.8497,0.0399,0.8497,,41.7500,254.0000
82,3,483.2000,99.4000,500,90,331.46358976552096,247.00809703327542,331.40677214690265,265.36390108679063,0.8347,4,27,1,4,5000,100,71.0,10.0,15.0,0.35,0.35,0.3,0.1,0.8036,0.0358,0.8036,,483.2000,99.4000
83,5,76.8000,416.6000,64,432,133.37187615683376,273.7608445340568,133.3555967353049,295.6924077483221,0.8643,4,27,1,4,5000,100,71.0,10.0,15.0,0.35,0.35,0.3,0.1,0.8423,0.0385,0.8423,,76.8000,416.6000
83,2,172.4000,326.6000,166,335,130.47117576306746,143.28293687665675,130.5612836322953,155.32224567009067,0.9387,4,27,1,4,5000,100,71.0,10.0,15.0,0.35,0.35,0.3,0.1,0.8684,0.0403,0.8684,,172.4000,326.6000
83,6,38.3333,254.6667,14,259,170.53767779197437,237.22773868163057,170.57440585073414,256.46247288833507,0.9193,4,27,1,4,5000,100,71.0,10.0,15.0,0.35,0.35,0.3,0.1,0.8567,0.039,0.8567,,38.3333,254.6667
83,3,478.0000,100.4000,496,91,331.2201936956028,243.01851781294363,331.17960253946467,261.37520922994975,0.8475,4,27,1,4,5000,100,71.0,10.0,15.0,0.35,0.35,0.3,0.1,0.7969,0.0364,0.7969,,478.0000,100.4000
84,5,72.2000,418.0000,56,434,134.27842883658445,280.7436553156634,134.19684074818977,302.67143902258107,0.7857,3,27,1,4,5000,100,71.0,10.0,15.0,0.35,0.35,0.3,0.1,0.8396,0.0376,0.8396,,72.2000,418.0000
84,2,167.6000,328.0000,158,337,132.01571785640664,149.40214188558343,132.2499148250876,162.1141573089778,0.7896,3,27,1,4,5000,100,71.0,10.0,15.0,0.35,0.35,0.3,0.1,0.8629,0.0408,0.8629,,167.6000,328.0000
84,3,473.2000,101.4000,489,92,330.6158428740487,236.4148895480147,330.6177453770203,254.77244748991205,0.8931,3,27,1,4,5000,100,71.0,10.0,15.0,0.35,0.35,0.3,0.1,0.7892,0.0374,0.7892,,473.2000,101.4000
85,5,67.6000,419.6000,49,437,134.8585292269718,286.379119350556,134.7383772543052,309.7159989409653,0.7173,3,27,1,4,5000,100,71.0,10.0,15.0,0.35,0.35,0.3,0.1,0.8420,0.0391,0.8420,,67.6000,419.6000
85,2,163.0000,329.6000,152,339,133.1692513519745,154.93547043850222,133.30821143173551,167.6573887426379,0.8019,3,27,1,4,5000,100,71.0,10.0,15.0,0.35,0.35,0.3,0.1,0.8665,0.0394,0.8665,,163.0000,329.6000
85,3,468.4000,102.8000,481,95,330.1931438440337,229.34035841953332,330.3128183608063,246.3331078032346,0.7513,3,27,1,4,5000,100,71.0,10.0,15.0,0.35,0.35,0.3,0.1,0.7932,0.0357,0.7932,,468.4000,102.8000
86,5,62.0000,422.2000,47,438,135.0,288.4995667241114,134.87007782015758,311.8348922106056,0.6957,3,27,1,4,5000,100,71.0,10.0,15.0,0.35,0.35,0.3,0.1,0.8406,0.0389,0.8406,,62.0000,422.2000
86,2,157.6000,332.0000,149,340,133.71555647819923,157.7244432546839,133.81146139079118,170.4494059831245,0.8634,3,27,1,4,5000,100,71.0,10.0,15.0,0.35,0.35,0.3,0.1,0.8644,0.0388,0.8644,,157.6000,332.0000
86,3,463.0000,104.8000,478,96,330.03523466379875,226.24102192131292,330.16746587060226,243.232399157678,0.746,3,27,1,4,5000,100,71.0,10.0,15.0,0.35,0.35,0.3,0.1,0.7924,0.0362,0.7924,,463.0000,104.8000
87,5,56.2000,425.6000,43,440,135.13873042988763,292.0359566902678,135.12817826382354,316.07752213657966,0.8366,3,27,1,4,5000,100,71.0,10.0,15.0,0.35,0.35,0.3,0.1,0.8469,0.0395,0.8469,,56.2000,425.6000
87,2,151.9000,335.1000,145,342,133.99491399474581,161.24515496597098,134.3041340604912,174.6682569902156,0.7072,3,27,1,4,5000,100,71.0,10.0,15.0,0.35,0.35,0.3,0.1,0.8590,0.04,0.8590,,151.9000,335.1000
87,3,457.3000,107.8000,475,98,330.0955208442111,222.64321233758733,330.22546250513,239.63513932643517,0.7723,3,27,1,4,5000,100,71.0,10.0,15.0,0.35,0.35,0.3,0.1,0.7838,0.0368,0.7838,,457.3000,107.8000
88,5,50.2000,429.6000,34,446,135.53545898556453,302.65491900843114,135.49605496039524,326.6955769519998,0.8254,3,27,1,4,5000,100,71.0,10.0,15.0,0.35,0.35,0.3,0.1,0.8421,0.0382,0.8421,,50.2000,429.6000
88,2,145.7000,338.9000,137,348,134.76225954070702,170.41420128616042,134.78047701474037,184.55622449540954,0.9282,3,27,1,4,5000,100,71.0,10.0,15.0,0.35,0.35,0.3,0.1,0.8583,0.0398,0.8583,,145.7000,338.9000
88,3,451.3000,111.6000,467,102,330.08952442565493,214.5809870421888,330.10109816138544,230.70543990118657,0.8939,3,27,1,4,5000,100,71.0,10.0,15.0,0.35,0.35,0.3,0.1,0.7789,0.0362,0.7789,,451.3000,111.6000
89,5,43.6000,434.0000,24,453,135.9052755789158,313.28740798187215,135.83724824434785,338.74031351464504,0.765,3,27,1,4,5000,100,71.0,10.0,15.0,0.35,0.35,0.3,0.1,0.8402,0.039,0.8402,,43.6000,434.0000
89,2,139.1000,343.1000,127,355,135.66879195296866,181.738823590338,135.41219274140232,196.5807722031837,0.6669,3,27,1,4,5000,100,71.0,10.0,15.0,0.35,0.35,0.3,0.1,0.8701,0.0392,0.8701,,139.1000,343.1000
89,3,444.7000,115.8000,456,109,330.15005321046823,202.9211669589942,330.2551187030578,217.68095920406083,0.8101,3,27,1,4,5000,100,71.0,10.0,15.0,0.35,0.35,0.3,0.1,0.7771,0.0351,0.7771,,444.7000,115.8000
90,5,36.6000,438.6000,17,458,136.13317533903384,321.7965195585558,136.05011054053864,347.2477501726973,0.7759,3,27,1,4,5000,100,71.0,10.0,15.0,0.35,0.35,0.3,0.1,0.8368,0.038,0.8368,,36.6000,438.6000
90,2,132.1000,347.7000,119,360,136.06485469345898,190.24457942343588,135.98436670305472,205.7984450864486,0.8541,3,27,1,4,5000,100,71.0,10.0,15.0,0.35,0.35,0.3,0.1,0.8718,0.0393,0.8718,,132.1000,347.7000
90,3,437.5000,120.2000,448,115,330.6583452990197,193.87109119205988,330.5971789944163,207.76188293332345,0.8093,3,27,1,4,5000,100,71.0,10.0,15.0,0.35,0.35,0.3,0.1,0.7784,0.0346,0.7784,,437.5000,120.2000
91,5,30.8000,442.4000,11,461,136.36098279297607,327.48282397707516,136.37483478056942,353.6551993114197,0.8397,3,27,1,4,5000,100,71.0,10.0,15.0,0.35,0.35,0.3,0.1,0.8333,0.0384,0.8333,,30.8000,442.4000
91,2,125.9000,351.5000,113,364,136.44759968685648,195.93111034238538,136.33221985386965,212.8966885604377,0.8246,3,27,1,4,5000,100,71.0,10.0,15.0,0.35,0.35,0.3,0.1,0.8705,0.0415,0.8705,,125.9000,351.5000
91,3,431.1000,124.2000,442,118,330.5588708182813,187.17104476921637,330.5025387916316,201.06217943710845,0.8512,3,27,1,4,5000,100,71.0,10.0,15.0,0.35,0.35,0.3,0.1,0.7754,0.0358,0.7754,,431.1000,124.2000
92,5,26.2000,445.2000,6,465,136.58101077996065,333.17412864746865,136.46303190857435,360.0347205478938,0.6929,3,27,1,4,5000,100,71.0,10.0,15.0,0.35,0.35,0.3,0.1,0.8206,0.0387,0.8206,,26.2000,445.2000
92,2,120.8000,354.6000,107,367,136.60226134627098,202.3116407921205,136.8476102659946,219.31712199461307,0.6905,3,27,1,4,5000,100,71.0,10.0,15.0,0.35,0.35,0.3,0.1,0.8682,0.0403,0.8682,,120.8000,354.6000
92,3,425.8000,127.2000,436,121,330.4520106411297,180.47160441465576,330.40137436372623,194.36306233438492,0.8568,3,27,1,4,5000,100,71.0,10.0,15.0,0.35,0.35,0.3,0.1,0.7727,0.0371,0.7727,,425.8000,127.2000
93,5,24.0000,446.5000,3,466,136.6846843178963,336.7283771825594,136.67483799052923,362.9008128952042,0.8933,3,27,1,4,5000,100,71.0,10.0,15.0,0.35,0.35,0.3,0.1,0.8190,0.0374,0.8190,,24.0000,446.5000
93,2,117.0000,356.6000,104,369,137.1647891534535,205.91503102007877,136.99999229903418,222.87440409342656,0.822,3,27,1,4,5000,100,71.0,10.0,15.0,0.35,0.35,0.3,0.1,0.8725,0.0396,0.8725,,117.0000,356.6000
93,3,421.6000,129.2000,432,123,330.5363720236403,176.87566254292872,330.32996618433947,189.89734068701435,0.7227,3,27,1,4,5000,100,71.0,10.0,15.0,0.35,0.35,0.3,0.1,0.7763,0.0355,0.7763,,421.6000,129.2000
94,5,22.0000,447.6667,1,467,136.90915243299636,339.599764428658,136.77604425335872,365.042463283383,0.5463,3,27,1,4,5000,100,71.0,10.0,15.0,0.35,0.35,0.3,0.1,0.8136,0.0361,0.8136,,22.0000,447.6667
94,2,114.2000,358.0000,100,370,137.32153058983272,209.4755355644186,137.50509286724142,226.49061790723252,0.7502,3,27,1,4,5000,100,71.0,10.0,15.0,0.35,0.35,0.3,0.1,0.8670,0.039,0.8670,,114.2000,358.0000
94,3,418.4000,130.6000,429,125,330.3369113377359,173.7728402253931,330.407703640642,186.30083198955393,0.8305,3,27,1,4,5000,100,71.0,10.0,15.0,0.35,0.35,0.3,0.1,0.7813,0.0348,0.7813,,418.4000,130.6000
95,2,112.4000,358.6000,98,371,137.68977032315047,210.95023109728987,137.65888439424342,228.64164100180878,0.8091,2,27,1,4,5000,100,71.0,10.0,15.0,0.35,0.35,0.3,0.1,0.8666,0.0402,0.8666,,112.4000,358.6000
95,3,416.4000,131.4000,426,126,330.130200777048,170.67220043111882,330.216326712023,183.19934497699495,0.8367,2,27,1,4,5000,100,71.0,10.0,15.0,0.35,0.35,0.3,0.1,0.7911,0.0354,0.7911,,416.4000,131.4000
96,2,111.4000,359.0000,98,371,137.68977032315047,210.95023109728987,137.65888439424342,228.64164100180878,0.9501,2,27,1,4,5000,100,71.0,10.0,15.0,0.35,0.35,0.3,0.1,0.8696,0.0402,0.8696,,111.4000,359.0000
96,3,415.2000,131.8000,425,125,329.96215525432655,169.80577139779436,329.7886776141652,182.8332573685652,0.7634,2,27,1,4,5000,100,71.0,10.0,15.0,0.35,0.35,0.3,0.1,0.7965,0.0369,0.7965,,415.2000,131.8000
97,2,111.0000,359.0000,98,371,137.68977032315047,210.95023109728987,137.65888439424342,228.64164100180878,0.9501,2,27,1,4,5000,100,71.0,10.0,15.0,0.35,0.35,0.3,0.1,0.8749,0.0402,0.8749,,111.0000,359.0000
97,3,414.6000,132.0000,426,125,329.96215525432655,169.80577139779436,329.9456239171256,183.69812192834198,0.8906,2,27,1,4,5000,100,71.0,10.0,15.0,0.35,0.35,0.3,0.1,0.8051,0.0393,0.8051,,414.6000,132.0000
98,2,111.0000,359.0000,98,371,137.68977032315047,210.95023109728987,137.65888439424342,228.64164100180878,0.9327,2,27,1,4,5000,100,71.0,10.0,15.0,0.35,0.35,0.3,0.1,0.8749,0.0402,0.8749,,111.0000,359.0000
98,3,414.4000,132.0000,426,125,330.130200777048,170.67220043111882,329.9456239171256,183.69812192834198,0.7295,2,27,1,4,5000,100,71.0,10.0,15.0,0.35,0.35,0.3,0.1,0.8220,0.0368,0.8220,,414.4000,132.0000
99,2,111.0000,359.0000,98,371,137.68977032315047,210.95023109728987,137.65888439424342,228.64164100180878,0.9112,2,27,1,4,5000,100,71.0,10.0,15.0,0.35,0.35,0.3,0.1,0.8749,0.0402,0.8749,,111.0000,359.0000
99,3,414.4000,132.0000,426,125,330.130200777048,170.67220043111882,329.9456239171256,183.69812192834198,0.7613,2,27,1,4,5000,100,71.0,10.0,15.0,0.35,0.35,0.3,0.1,0.8220,0.0368,0.8220,,414.4000,132.0000
100,2,111.0000,359.0000,98,371,137.68977032315047,210.95023109728987,137.65888439424342,228.64164100180878,0.9501,2,27,1,4,5000,100,71.0,10.0,15.0,0.35,0.35,0.3,0.1,0.8685,0.0402,0.8685,,111.0000,359.0000
100,3,414.6000,131.8000,426,125,329.96215525432655,169.80577139779436,329.9456239171256,183.69812192834198,0.9001,2,27,1,4,5000,100,71.0,10.0,15.0,0.35,0.35,0.3,0.1,0.7944,0.0393,0.7944,,414.6000,131.8000
101,2,110.8000,358.6000,98,371,137.68977032315047,210.95023109728987,137.65888439424342,228.64164100180878,0.9327,2,27,1,4,5000,100,71.0,10.0,15.0,0.35,0.35,0.3,0.1,0.8690,0.0402,0.8690,,110.8000,358.6000
101,3,414.4000,131.6000,425,125,329.96215525432655,169.80577139779436,329.7886776141652,182.8332573685652,0.7447,2,27,1,4,5000,100,71.0,10.0,15.0,0.35,0.35,0.3,0.1,0.7947,0.0369,0.7947,,414.4000,131.6000
102,2,109.2000,355.7000,98,370,137.68977032315047,210.95023109728987,137.8446556047734,227.96929617823537,0.7894,2,27,1,4,5000,100,71.0,10.0,15.0,0.35,0.35,0.3,0.1,0.8661,0.0388,0.8661,,109.2000,355.7000
102,3,412.7000,128.8000,425,125,329.8399391619129,171.1724276862369,329.7886776141652,182.8332573685652,0.8422,2,27,1,4,5000,100,71.0,10.0,15.0,0.35,0.35,0.3,0.1,0.7963,0.0329,0.7963,,412.7000,128.8000
103,2,106.2000,350.3000,97,369,138.27598181323415,210.35446275275456,138.19953970956257,228.04385543136215,0.7776,2,27,1,4,5000,100,71.0,10.0,15.0,0.35,0.35,0.3,0.1,0.8599,0.0404,0.8599,,106.2000,350.3000
103,3,410.1000,124.1000,425,124,329.6709139580163,170.30854353202602,329.5186100091761,183.33848477611022,0.7735,2,27,1,4,5000,100,71.0,10.0,15.0,0.35,0.35,0.3,0.1,0.7859,0.0368,0.7859,,410.1000,124.1000
104,2,102.8000,344.3000,86,351,143.62735314406524,207.40781084616847,143.4862882244458,225.20435164534453,0.7861,2,27,1,4,5000,100,71.0,10.0,15.0,0.35,0.35,0.3,0.1,0.8589,0.0411,0.8589,,102.8000,344.3000
104,3,406.9000,118.1000,415,108,323.33137475637574,170.8010538609174,323.6288560630249,183.8069639594757,0.6488,2,27,1,4,5000,100,71.0,10.0,15.0,0.35,0.35,0.3,0.1,0.7869,0.0367,0.7869,,406.9000,118.1000
105,2,99.0000,337.3000,82,341,146.07859141821808,206.0728026693479,146.1672284614734,222.71281956816046,0.8479,2,27,1,4,5000,100,71.0,10.0,15.0,0.35,0.35,0.3,0.1,0.8547,0.0388,0.8547,,99.0000,337.3000
105,3,403.1000,111.3000,409,96,319.6858998395027,173.11268006705922,319.565262384417,186.560981987124,0.7924,2,27,1,4,5000,100,71.0,10.0,15.0,0.35,0.35,0.3,0.1,0.8035,0.0374,0.8035,,403.1000,111.3000
106,2,94.8000,328.9000,80,339,147.0810269599701,206.08978625831995,146.87931278126803,223.2778538055219,0.6921,2,27,1,4,5000,100,71.0,10.0,15.0,0.35,0.35,0.3,0.1,0.8516,0.04,0.8516,,94.8000,328.9000
106,3,398.8000,102.6000,408,93,318.72131326474977,174.3158053648607,318.67054863271613,187.76847445724215,0.8623,2,27,1,4,5000,100,71.0,10.0,15.0,0.35,0.35,0.3,0.1,0.7995,0.0372,0.7995,,398.8000,102.6000
107,2,91.4000,321.2000,78,332,148.55719292953563,205.11947737842937,148.6809253593194,221.23742902140225,0.8079,2,27,1,4,5000,100,71.0,10.0,15.0,0.35,0.35,0.3,0.1,0.8598,0.0378,0.8598,,91.4000,321.2000
107,3,395.3000,94.6000,406,88,317.0700306530411,176.18456232031227,317.13691085375723,189.63649437806004,0.8505,2,27,1,4,5000,100,71.0,10.0,15.0,0.35,0.35,0.3,0.1,0.7907,0.0368,0.7907,,395.3000,94.6000
108,2,89.0000,314.6000,73,321,151.7947689529435,203.11819219360927,151.80502093753785,220.1181500921721,0.9696,2,27,1,4,5000,100,71.0,10.0,15.0,0.35,0.35,0.3,0.1,0.8724,0.0402,0.8724,,89.0000,314.6000
108,3,392.5000,87.3000,401,76,313.65737597346225,181.06904760339356,313.5418768441028,194.51735141112732,0.8006,2,27,1,4,5000,100,71.0,10.0,15.0,0.35,0.35,0.3,0.1,0.7816,0.0358,0.7816,,392.5000,87.3000
109,2,86.6000,307.6000,70,313,153.81606812094316,201.69779374103229,154.0195793436272,219.14607000811125,0.7176,2,27,1,4,5000,100,71.0,10.0,15.0,0.35,0.35,0.3,0.1,0.8799,0.0415,0.8799,,86.6000,307.6000
109,3,389.9000,80.3000,398,68,311.2733550767607,184.94593804677083,311.3217612780066,198.39858870465787,0.8517,2,27,1,4,5000,100,71.0,10.0,15.0,0.35,0.35,0.3,0.1,0.7844,0.0351,0.7844,,389.9000,80.3000
110,2,84.2000,300.8000,68,306,155.86344843327723,200.53179299053804,155.90407908333268,217.9954127957742,0.8581,2,27,1,4,5000,100,71.0,10.0,15.0,0.35,0.35,0.3,0.1,0.8930,0.0417,0.8930,,84.2000,300.8000
110,3,387.3000,73.3000,395,61,309.6106882400266,188.2153022471871,309.36931724236473,201.79197209007103,0.6523,2,27,1,4,5000,100,71.0,10.0,15.0,0.35,0.35,0.3,0.1,0.7867,0.0348,0.7867,,387.3000,73.3000
111,2,82.0000,294.8000,66,301,157.40212959195907,200.38463014912097,157.3194403929751,217.846276075585,0.8577,2,27,1,4,5000,100,71.0,10.0,15.0,0.35,0.35,0.3,0.1,0.8981,0.0418,0.8981,,82.0000,294.8000
111,3,385.0000,67.2000,394,55,308.1909498203866,190.85072700935672,308.09469370140613,205.84703058339218,0.8069,2,27,1,4,5000,100,71.0,10.0,15.0,0.35,0.35,0.3,0.1,0.7819,0.0378,0.7819,,385.0000,67.2000
112,2,80.2000,290.2000,64,296,158.67560263350637,200.7436175822285,158.7358753394477,217.83020910791964,0.7973,2,27,1,4,5000,100,71.0,10.0,15.0,0.35,0.35,0.3,0.1,0.8950,0.0408,0.8950,,80.2000,290.2000
112,3,383.2000,62.6000,392,50,306.81070781203107,193.60010330575756,306.81496402939456,208.60009587725506,0.9267,2,27,1,4,5000,100,71.0,10.0,15.0,0.35,0.35,0.3,0.1,0.7967,0.0373,0.7967,,383.2000,62.6000
113,2,78.8000,286.8000,62,291,160.2118592232983,200.8606482116395,160.15165398110315,217.947241322298,0.8792,2,27,1,4,5000,100,71.0,10.0,15.0,0.35,0.35,0.3,0.1,0.8909,0.0408,0.8909,,78.8000,286.8000
113,3,381.8000,59.2000,390,46,305.46987216740007,196.45864704817652,305.7273982227997,210.6418761785035,0.6227,2,27,1,4,5000,100,71.0,10.0,15.0,0.35,0.35,0.3,0.1,0.8069,0.0348,0.8069,,381.8000,59.2000
114,2,77.8000,284.6000,61,289,160.84438755456034,201.13676938839401,160.73473569081997,218.22007240398395,0.8183,2,27,1,4,5000,100,71.0,10.0,15.0,0.35,0.35,0.3,0.1,0.8832,0.0407,0.8832,,77.8000,284.6000
114,3,380.8000,56.8000,389,42,304.89696299914846,197.51708786836647,304.8820053961409,213.32838535928593,0.8801,2,27,1,4,5000,100,71.0,10.0,15.0,0.35,0.35,0.3,0.1,0.8098,0.0385,0.8098,,380.8000,56.8000
115,2,77.2000,283.2000,61,288,161.1139126302907,200.81085628023203,160.98296604188758,217.89217516927954,0.7763,2,27,1,4,5000,100,71.0,10.0,15.0,0.35,0.35,0.3,0.1,0.8702,0.0408,0.8702,,77.2000,283.2000
115,3,380.2000,55.4000,388,42,304.89696299914846,197.51708786836647,304.66108945705895,212.7580785775243,0.6426,2,27,1,4,5000,100,71.0,10.0,15.0,0.35,0.35,0.3,0.1,0.8150,0.0371,0.8150,,380.2000,55.4000
116,2,77.0000,282.8000,61,288,160.84438755456034,201.13676938839401,160.98296604188758,217.89217516927954,0.752,2,27,1,4,5000,100,71.0,10.0,15.0,0.35,0.35,0.3,0.1,0.8572,0.04,0.8572,,77.0000,282.8000
116,3,380.0000,55.0000,389,42,304.89696299914846,197.51708786836647,304.8820053961409,213.32838535928593,0.8969,2,27,1,4,5000,100,71.0,10.0,15.0,0.35,0.35,0.3,0.1,0.8309,0.0385,0.8309,,380.0000,55.0000
117,2,77.0000,282.8000,62,288,160.84438755456034,201.13676938839401,160.89690910874924,216.9469981354893,0.9126,2,27,1,4,5000,100,71.0,10.0,15.0,0.35,0.35,0.3,0.1,0.8445,0.0378,0.8445,,77.0000,282.8000
117,3,380.0000,55.0000,389,42,304.89696299914846,197.51708786836647,304.8820053961409,213.32838535928593,0.8842,2,27,1,4,5000,100,71.0,10.0,15.0,0.35,0.35,0.3,0.1,0.8309,0.0385,0.8309,,380.0000,55.0000
118,2,77.6000,282.8000,62,288,160.84438755456034,201.13676938839401,160.89690910874924,216.9469981354893,0.9476,2,27,1,4,5000,100,71.0,10.0,15.0,0.35,0.35,0.3,0.1,0.8436,0.0378,0.8436,,77.6000,282.8000
118,3,380.2000,54.8000,389,42,304.89696299914846,197.51708786836647,304.8820053961409,213.32838535928593,0.9126,2,27,1,4,5000,100,71.0,10.0,15.0,0.35,0.35,0.3,0.1,0.8214,0.0385,0.8214,,380.2000,54.8000
119,2,79.9000,282.2000,62,288,160.84438755456034,201.13676938839401,160.89690910874924,216.9469981354893,0.9476,2,27,1,4,5000,100,71.0,10.0,15.0,0.35,0.35,0.3,0.1,0.8492,0.0378,0.8492,,79.9000,282.2000
119,3,382.2000,54.1000,389,42,304.89696299914846,197.51708786836647,304.8820053961409,213.32838535928593,0.8824,2,27,1,4,5000,100,71.0,10.0,15.0,0.35,0.35,0.3,0.1,0.8105,0.0385,0.8105,,382.2000,54.1000
120,2,83.9000,281.2000,64,287,160.8328765995142,197.9747458642137,160.97439396243132,214.73006310249156,0.7846,2,27,1,4,5000,100,71.0,10.0,15.0,0.35,0.35,0.3,0.1,0.8671,0.0406,0.8671,,83.9000,281.2000
120,3,386.0000,52.9000,389,42,304.9684222676388,198.90952717253137,304.8820053961409,213.32838535928593,0.8024,2,27,1,4,5000,100,71.0,10.0,15.0,0.35,0.35,0.3,0.1,0.8039,0.035,0.8039,,386.0000,52.9000
121,2,88.5000,280.0000,77,284,160.49149101319188,185.6582882609877,160.5757404411149,201.4671189052943,0.8375,2,27,1,4,5000,100,71.0,10.0,15.0,0.35,0.35,0.3,0.1,0.8774,0.0408,0.8774,,88.5000,280.0000
121,3,390.4000,51.7000,402,38,307.0342254347894,209.2008604188807,307.0232312124734,224.2008028531566,0.882,2,27,1,4,5000,100,71.0,10.0,15.0,0.35,0.35,0.3,0.1,0.8032,0.0346,0.8032,,390.4000,51.7000
122,2,93.7000,278.8000,82,283,160.26081916410516,180.61284561182242,160.3657977834786,196.42046736529267,0.8664,2,27,1,4,5000,100,71.0,10.0,15.0,0.35,0.35,0.3,0.1,0.8798,0.0419,0.8798,,93.7000,278.8000
122,3,395.6000,50.3000,409,36,308.15722658736905,213.65392577717827,308.11526191261237,230.05434140654683,0.8563,2,27,1,4,5000,100,71.0,10.0,15.0,0.35,0.35,0.3,0.1,0.7928,0.037,0.7928,,395.6000,50.3000
123,2,98.9000,277.8000,86,282,160.23757906760525,177.451401797788,160.24597356156946,192.31744590650115,0.9017,2,27,1,4,5000,100,71.0,10.0,15.0,0.35,0.35,0.3,0.1,0.8726,0.0402,0.8726,,98.9000,277.8000
123,3,401.2000,49.1000,412,35,308.78436410029735,215.5203006679417,308.5444477800833,232.69937687926884,0.6677,2,27,1,4,5000,100,71.0,10.0,15.0,0.35,0.35,0.3,0.1,0.7964,0.0383,0.7964,,401.2000,49.1000
124,7,611.0000,352.0000,637,363,21.427120773614114,369.5416079415145,21.533924130326284,397.763748976701,0.6272,3,27,1,4,5000,100,71.0,10.0,15.0,0.35,0.35,0.3,0.1,0.7996,0.0368,0.7996,,611.0000,352.0000
124,2,102.6000,277.2000,90,282,159.90476880809518,174.63103962354458,159.83516755526492,188.55768348173987,0.9235,3,27,1,4,5000,100,71.0,10.0,15.0,0.35,0.35,0.3,0.1,0.8634,0.0383,0.8634,,102.6000,277.2000
124,3,405.2000,48.4000,416,35,309.43679117925603,218.81956036881164,309.3065458926541,235.2126697267815,0.7573,3,27,1,4,5000,100,71.0,10.0,15.0,0.35,0.35,0.3,0.1,0.7951,0.0361,0.7951,,405.2000,48.4000
125,2,105.0000,277.0000,93,282,159.56104408508696,171.81676286090365,159.51616114359317,185.74444810007108,0.9431,2,27,1,4,5000,100,71.0,10.0,15.0,0.35,0.35,0.3,0.1,0.8532,0.039,0.8532,,105.0000,277.0000
125,3,407.6000,48.2000,419,35,310.0382092898091,220.73740054644117,309.867445560127,237.12443990445186,0.6857,2,27,1,4,5000,100,71.0,10.0,15.0,0.35,0.35,0.3,0.1,0.7950,0.0358,0.7950,,407.6000,48.2000
126,2,107.2000,277.2000,94,282,159.44395478041653,170.88007490635061,159.4076686677801,184.808008484481,0.9223,2,27,1,4,5000,100,71.0,10.0,15.0,0.35,0.35,0.3,0.1,0.8520,0.0392,0.8520,,107.2000,277.2000
126,3,409.8000,48.2000,420,35,310.23635830927384,221.38202275704322,310.0524011410102,237.7666923688009,0.7361,2,27,1,4,5000,100,71.0,10.0,15.0,0.35,0.35,0.3,0.1,0.7954,0.0357,0.7954,,409.8000,48.2000
127,2,109.2000,277.4000,96,282,159.20588504449634,169.00887550658396,159.18735351674064,182.9371476764629,0.8392,2,27,1,4,5000,100,71.0,10.0,15.0,0.35,0.35,0.3,0.1,0.8607,0.0396,0.8607,,109.2000,277.4000
127,3,411.6000,48.4000,422,35,310.4333543946014,222.02927734873165,310.41932136549747,239.0585702291386,0.8648,2,27,1,4,5000,100,71.0,10.0,15.0,0.35,0.35,0.3,0.1,0.7977,0.0369,0.7977,,411.6000,48.4000
128,2,111.2000,277.8000,98,283,158.64322732659522,167.5022387910084,158.66773687211142,181.43042743707574,0.9416,2,27,1,4,5000,100,71.0,10.0,15.0,0.35,0.35,0.3,0.1,0.8692,0.0399,0.8692,,111.2000,277.8000
128,3,413.4000,48.6000,424,35,310.99219545762764,222.5758297749331,310.78228251621346,240.36014644695155,0.6325,2,27,1,4,5000,100,71.0,10.0,15.0,0.35,0.35,0.3,0.1,0.7999,0.0384,0.7999,,413.4000,48.6000
129,8,21.0000,370.3333,2,381,148.3280915539084,291.39835277502857,148.2479638256966,311.64242329952447,0.7384,3,27,1,4,5000,100,71.0,10.0,15.0,0.35,0.35,0.3,0.1,0.7818,0.0336,0.7818,,21.0000,370.3333
129,2,113.4000,278.4000,100,283,158.39128859711622,165.64117845511726,158.43559342048044,179.56892826989863,0.8954,3,27,1,4,5000,100,71.0,10.0,15.0,0.35,0.35,0.3,0.1,0.8783,0.0403,0.8783,,113.4000,278.4000
129,3,415.4000,49.0000,426,36,311.37851529588266,223.89283150650448,311.2977871468006,240.91907354960503,0.8091,3,27,1,4,5000,100,71.0,10.0,15.0,0.35,0.35,0.3,0.1,0.8022,0.0366,0.8022,,415.4000,49.0000
130,8,22.2500,370.7500,3,382,148.12040315297727,289.69811873741946,147.9946167919165,311.3213773578679,0.7763,3,27,1,4,5000,100,71.0,10.0,15.0,0.35,0.35,0.3,0.1,0.7962,0.036,0.7962,,22.2500,370.7500
130,2,115.6000,279.2000,103,284,157.6771416162449,163.23296235748464,157.7781887746114,177.15812146215595,0.8066,3,27,1,4,5000,100,71.0,10.0,15.0,0.35,0.35,0.3,0.1,0.8871,0.0409,0.8871,,115.6000,279.2000
130,3,417.6000,49.6000,429,36,311.9495055058586,225.88713996153035,311.8294215802835,242.90944814889355,0.7595,3,27,1,4,5000,100,71.0,10.0,15.0,0.35,0.35,0.3,0.1,0.7986,0.0363,0.7986,,417.6000,49.6000
131,8,23.6000,371.6000,4,384,147.74202865818486,288.5342267392207,147.58522894105016,311.5413295214617,0.6578,3,27,1,4,5000,100,71.0,10.0,15.0,0.35,0.35,0.3,0.1,0.8054,0.0383,0.8054,,23.6000,371.6000
131,2,118.0000,280.2000,105,285,157.08044516753338,161.7714437099453,157.2296210912378,175.69291391516052,0.8148,3,27,1,4,5000,100,71.0,10.0,15.0,0.35,0.35,0.3,0.1,0.8901,0.0413,0.8901,,118.0000,280.2000
131,3,420.6000,51.0000,431,37,312.4949071327586,226.49061790723252,312.33699923393283,243.50770008359078,0.6935,3,27,1,4,5000,100,71.0,10.0,15.0,0.35,0.35,0.3,0.1,0.7940,0.0362,0.7940,,420.6000,51.0000
132,8,26.2000,373.0000,7,385,147.2527595155474,286.54144551879403,147.1313210666325,309.5545186231337,0.6824,3,27,1,4,5000,100,71.0,10.0,15.0,0.35,0.35,0.3,0.1,0.8228,0.0386,0.8228,,26.2000,373.0000
132,2,120.6000,281.8000,107,286,156.47293605257903,160.3277892319357,156.67187893193966,174.24408167854654,0.7901,3,27,1,4,5000,100,71.0,10.0,15.0,0.35,0.35,0.3,0.1,0.8757,0.0416,0.8757,,120.6000,281.8000
132,3,423.8000,52.8000,433,38,313.03736122058444,227.11450856341168,312.84204954784246,244.12496799794977,0.6394,3,27,1,4,5000,100,71.0,10.0,15.0,0.35,0.35,0.3,0.1,0.7966,0.0361,0.7966,,423.8000,52.8000
133,8,29.2000,375.0000,10,388,146.4211862749993,285.6711395993652,146.36141114796064,308.6907837950463,0.7654,2,27,1,4,5000,100,71.0,10.0,15.0,0.35,0.35,0.3,0.1,0.8306,0.0387,0.8306,,29.2000,375.0000
133,2,123.2000,283.4000,111,289,155.3764352138364,158.40454538932903,155.22485943116808,171.81385275931623,0.8699,2,27,1,4,5000,100,71.0,10.0,15.0,0.35,0.35,0.3,0.1,0.8785,0.0406,0.8785,,123.2000,283.4000
134,8,32.2000,376.8000,14,390,145.75096699318806,284.29737951659,145.6358955760357,306.4930668057599,0.6755,3,27,1,4,5000,100,71.0,10.0,15.0,0.35,0.35,0.3,0.1,0.8291,0.0376,0.8291,,32.2000,376.8000
134,2,125.6000,285.0000,115,291,153.92464441605125,156.97770542341354,154.04123073843937,169.0562036720333,0.8588,3,27,1,4,5000,100,71.0,10.0,15.0,0.35,0.35,0.3,0.1,0.8688,0.037,0.8688,,125.6000,285.0000
134,3,426.6000,54.8000,440,43,315.0,227.6883835420683,314.8348829368889,245.3670719554684,0.7132,3,27,1,4,5000,100,71.0,10.0,15.0,0.35,0.35,0.3,0.1,0.8069,0.0374,0.8069,,426.6000,54.8000
135,2,128.0000,286.6000,117,293,153.10376303450664,154.7384890710776,153.13018691250096,168.15469068687915,0.8937,2,27,1,4,5000,100,71.0,10.0,15.0,0.35,0.35,0.3,0.1,0.8589,0.0415,0.8589,,128.0000,286.6000
135,3,429.4000,56.8000,443,45,315.88686073747164,228.42285349763057,315.6585431775636,246.0894146443524,0.6346,2,27,1,4,5000,100,71.0,10.0,15.0,0.35,0.35,0.3,0.1,0.8171,0.0372,0.8171,,429.4000,56.8000
136,8,35.2000,378.8000,18,393,144.79214624291748,282.71894170713074,144.74628676581972,304.92130132216084,0.7875,3,27,1,4,5000,100,71.0,10.0,15.0,0.35,0.35,0.3,0.1,0.8213,0.0378,0.8213,,35.2000,378.8000
136,2,130.4000,288.0000,119,294,152.604633336664,154.30489298787643,152.51338037571207,166.83225107874077,0.8995,3,27,1,4,5000,100,71.0,10.0,15.0,0.35,0.35,0.3,0.1,0.8441,0.039,0.8441,,130.4000,288.0000
136,3,432.6000,58.8000,445,46,316.2415098584652,228.44911906155383,316.14904494732616,246.82990094394967,0.8047,3,27,1,4,5000,100,71.0,10.0,15.0,0.35,0.35,0.3,0.1,0.8137,0.0387,0.8137,,432.6000,58.8000
137,8,38.4000,380.2000,20,393,144.55710422167067,281.0871750898643,144.52820463914227,303.29028998634294,0.8553,3,27,1,4,5000,100,71.0,10.0,15.0,0.35,0.35,0.3,0.1,0.8207,0.038,0.8207,,38.4000,380.2000
137,2,133.0000,289.0000,121,295,151.92751306414706,153.0,151.88679112394405,165.5294535724685,0.9062,3,27,1,4,5000,100,71.0,10.0,15.0,0.35,0.35,0.3,0.1,0.8597,0.0393,0.8597,,133.0000,289.0000
137,3,435.2000,60.0000,447,47,316.76782705585606,229.21169254643183,316.6365770416167,247.58836806279893,0.7473,3,27,1,4,5000,100,71.0,10.0,15.0,0.35,0.35,0.3,0.1,0.8102,0.0385,0.8102,,435.2000,60.0000
138,8,41.4000,381.2000,24,395,143.86724826377605,279.8231584411841,143.77683999272006,301.21918929576844,0.7325,3,27,1,4,5000,100,71.0,10.0,15.0,0.35,0.35,0.3,0.1,0.8246,0.0368,0.8246,,41.4000,381.2000
138,2,135.6000,289.8000,125,296,151.05607659939844,150.8409758653132,150.91114857713953,162.49615380063616,0.8078,3,27,1,4,5000,100,71.0,10.0,15.0,0.35,0.35,0.3,0.1,0.8588,0.0372,0.8588,,135.6000,289.8000
138,3,439.2000,60.8000,450,49,317.62640563829075,231.46706029152398,317.44704864232364,248.421013603922,0.6878,3,27,1,4,5000,100,71.0,10.0,15.0,0.35,0.35,0.3,0.1,0.8088,0.0353,0.8088,,439.2000,60.8000
139,8,45.2000,381.6000,27,395,143.3786725062156,276.6026030246281,143.43690413140592,298.80428377116687,0.743,3,27,1,4,5000,100,71.0,10.0,15.0,0.35,0.35,0.3,0.1,0.8150,0.0386,0.8150,,45.2000,381.6000
139,2,139.6000,290.4000,128,297,149.96671956400488,147.85127662620977,150.07787014393645,160.37767924496225,0.906,3,27,1,4,5000,100,71.0,10.0,15.0,0.35,0.35,0.3,0.1,0.8726,0.0406,0.8726,,139.6000,290.4000
139,3,445.0000,61.6000,454,50,318.30520361672734,233.02574965011914,318.2336121248879,250.7149776140229,0.8329,3,27,1,4,5000,100,71.0,10.0,15.0,0.35,0.35,0.3,0.1,0.7966,0.0366,0.7966,,445.0000,61.6000
140,8,50.3000,382.1000,30,396,143.13010235415598,275.0,142.93718800062294,297.00168349691216,0.6214,2,27,1,4,5000,100,71.0,10.0,15.0,0.35,0.35,0.3,0.1,0.8083,0.0385,0.8083,,50.3000,382.1000
140,2,145.2000,290.8000,131,297,149.37446728130536,145.2618325645109,149.53445508054014,157.78466338652817,0.7756,2,27,1,4,5000,100,71.0,10.0,15.0,0.35,0.35,0.3,0.1,0.8877,0.0413,0.8877,,145.2000,290.8000
141,8,56.5000,382.3000,40,395,142.1063105776065,268.6428856307198,141.89855199656063,288.46663585239804,0.5711,3,27,1,4,5000,100,71.0,10.0,15.0,0.35,0.35,0.3,0.1,0.8104,0.0356,0.8104,,56.5000,382.3000
141,2,151.6000,291.2000,140,298,147.68752137387,138.43771162512041,147.4704617216689,150.63200191194434,0.7726,3,27,1,4,5000,100,71.0,10.0,15.0,0.35,0.35,0.3,0.1,0.9061,0.0422,0.9061,,151.6000,291.2000
141,3,452.0000,62.2000,465,50,319.88950480670303,240.58470441821524,319.8545666782367,259.02316498722655,0.8545,3,27,1,4,5000,100,71.0,10.0,15.0,0.35,0.35,0.3,0.1,0.7874,0.0369,0.7874,,452.0000,62.2000
142,8,63.5000,382.5000,49,395,140.58724396420436,261.457453517776,140.76788889791413,281.4391586115905,0.6053,3,27,1,4,5000,100,71.0,10.0,15.0,0.35,0.35,0.3,0.1,0.8080,0.0368,0.8080,,63.5000,382.5000
142,2,158.8000,291.4000,150,297,145.33270051592177,130.09611831257686,145.6372145092901,141.73566946961517,0.6713,3,27,1,4,5000,100,71.0,10.0,15.0,0.35,0.35,0.3,0.1,0.9156,0.0428,0.9156,,158.8000,291.4000
142,3,459.8000,62.8000,475,51,321.55694649816337,247.69335881286764,321.4074402825332,266.12027356065903,0.7243,3,27,1,4,5000,100,71.0,10.0,15.0,0.35,0.35,0.3,0.1,0.7886,0.0359,0.7886,,459.8000,62.8000
143,8,71.1000,382.9000,57,396,139.59284533039397,256.08787554275193,139.55635843848924,275.9365869180816,0.797,3,27,1,4,5000,100,71.0,10.0,15.0,0.35,0.35,0.3,0.1,0.8026,0.0373,0.8026,,71.1000,382.9000
143,2,166.4000,291.8000,158,298,143.13010235415598,125.0,143.38324848092935,135.80132547217644,0.7868,3,27,1,4,5000,100,71.0,10.0,15.0,0.35,0.35,0.3,0.1,0.9028,0.0414,0.9028,,166.4000,291.8000
143,3,468.2000,63.4000,484,51,322.6789638073687,254.00787389370433,322.58484419312464,273.2123716086078,0.7573,3,27,1,4,5000,100,71.0,10.0,15.0,0.35,0.35,0.3,0.1,0.7882,0.0364,0.7882,,468.2000,63.4000
144,8,77.9000,383.3000,66,397,138.40451829948873,250.04999500099976,138.15484286479196,269.81660438156877,0.563,4,27,1,4,5000,100,71.0,10.0,15.0,0.35,0.35,0.3,0.1,0.8116,0.038,0.8116,,77.9000,383.3000
144,2,173.0000,292.2000,167,299,140.81248238311272,118.69709347747316,140.64824737373527,129.3213052826177,0.8028,4,27,1,4,5000,100,71.0,10.0,15.0,0.35,0.35,0.3,0.1,0.8893,0.0428,0.8893,,173.0000,292.2000
144,9,40.0000,224.0000,13,224,178.53744678090217,235.07658326596462,178.4213820277019,254.09643838511394,0.7987,4,27,1,4,5000,100,71.0,10.0,15.0,0.35,0.35,0.3,0.1,0.8594,0.0389,0.8594,,40.0000,224.0000
144,3,476.2000,64.2000,492,52,323.9239884436314,259.8249410660955,323.74616226255523,279.0161285660741,0.6805,4,27,1,4,5000,100,71.0,10.0,15.0,0.35,0.35,0.3,0.1,0.7828,0.0356,0.7828,,476.2000,64.2000
145,8,83.8000,383.6000,71,397,137.4610546505303,247.00809703327542,137.43664824681014,266.11275805567834,0.8298,4,27,1,4,5000,100,71.0,10.0,15.0,0.35,0.35,0.3,0.1,0.8246,0.0372,0.8246,,83.8000,383.6000
145,2,178.6000,292.6000,173,299,138.86073262488327,115.52056094046635,138.90049374238188,124.73972903610141,0.8683,4,27,1,4,5000,100,71.0,10.0,15.0,0.35,0.35,0.3,0.1,0.8910,0.0384,0.8910,,178.6000,292.6000
145,9,47.2500,224.7500,19,225,178.24914581345718,229.10696191953662,178.1523897340054,248.12899870833317,0.7611,4,27,1,4,5000,100,71.0,10.0,15.0,0.35,0.35,0.3,0.1,0.8557,0.0399,0.8557,,47.2500,224.7500
145,3,483.0000,65.0000,499,53,324.86580694308435,264.12118430750684,324.7436412870372,284.1126537132762,0.7383,4,27,1,4,5000,100,71.0,10.0,15.0,0.35,0.35,0.3,0.1,0.7864,0.0365,0.7864,,483.0000,65.0000
146,8,88.8000,384.0000,75,397,136.82620328790867,244.07580789582568,136.8476102659946,263.1805463935357,0.8358,2,27,1,4,5000,100,71.0,10.0,15.0,0.35,0.35,0.3,0.1,0.8234,0.0377,0.8234,,88.8000,384.0000
146,2,183.6000,293.0000,176,299,137.86240522611175,113.27841806805037,137.97802065194978,122.494897852931,0.8679,2,27,1,4,5000,100,71.0,10.0,15.0,0.35,0.35,0.3,0.1,0.8760,0.0391,0.8760,,183.6000,293.0000
147,8,93.6000,384.6000,79,398,136.17599453001793,241.17421089328766,136.08678145299822,260.969346858975,0.7423,3,27,1,4,5000,100,71.0,10.0,15.0,0.35,0.35,0.3,0.1,0.8280,0.0394,0.8280,,93.6000,384.6000
147,2,188.4000,293.6000,181,300,136.10881212775993,109.62207806824317,136.01697803071917,119.5198728245642,0.8669,3,27,1,4,5000,100,71.0,10.0,15.0,0.35,0.35,0.3,0.1,0.8751,0.0432,0.8751,,188.4000,293.6000
147,3,489.4000,65.8000,507,54,326.0158088794358,270.142554959414,325.816959920525,290.11894112587686,0.6308,3,27,1,4,5000,100,71.0,10.0,15.0,0.35,0.35,0.3,0.1,0.7808,0.0357,0.7808,,489.4000,65.8000
148,8,99.4000,385.1333,84,398,135.33902432445146,239.00627606822377,135.3148088073891,257.390753524675,0.8514,4,27,1,4,5000,100,71.0,10.0,15.0,0.35,0.35,0.3,0.1,0.8367,0.037,0.8367,,99.4000,385.1333
148,2,193.6000,294.2000,186,300,134.24615166692922,107.48953437428223,134.30130561701654,115.97413504743201,0.8604,4,27,1,4,5000,100,71.0,10.0,15.0,0.35,0.35,0.3,0.1,0.9000,0.038,0.9000,,193.6000,294.2000
148,9,52.2000,225.2000,32,226,177.88866937442398,217.14741536569116,177.80676542362446,235.17227727774377,0.7815,4,27,1,4,5000,100,71.0,10.0,15.0,0.35,0.35,0.3,0.1,0.8560,0.0398,0.8560,,52.2000,225.2000
148,3,495.6000,66.8000,512,55,326.659292653523,272.9175699730598,326.52634609834,293.7158490786631,0.7519,4,27,1,4,5000,100,71.0,10.0,15.0,0.35,0.35,0.3,0.1,0.7884,0.0367,0.7884,,495.6000,66.8000
149,8,105.4000,385.7333,91,400,133.96464681345506,234.7977853387889,133.88295364968144,253.899586451022,0.7452,3,27,1,4,5000,100,71.0,10.0,15.0,0.35,0.35,0.3,0.1,0.8438,0.0391,0.8438,,105.4000,385.7333
149,2,199.0000,295.0000,193,302,131.08175113593262,103.47946656221224,131.04244688587215,112.69871339105873,0.9089,3,27,1,4,5000,100,71.0,10.0,15.0,0.35,0.35,0.3,0.1,0.8839,0.0426,0.8839,,199.0000,295.0000
149,3,501.8000,67.8000,518,56,327.3390872783262,277.94963572561124,327.32249663755255,298.197920851236,0.8563,3,27,1,4,5000,100,71.0,10.0,15.0,0.35,0.35,0.3,0.1,0.7898,0.0351,0.7898,,501.8000,67.8000
150,2,204.2000,295.8000,200,303,127.67359333983046,99.80981915623332,127.92107839538778,109.01834707974616,0.7691,2,27,1,4,5000,100,71.0,10.0,15.0,0.35,0.35,0.3,0.1,0.8652,0.0441,0.8652,,204.2000,295.8000
150,3,507.0000,68.6000,527,58,328.4455862532798,282.81619472724685,328.55261022038786,304.76384299978895,0.7329,2,27,1,4,5000,100,71.0,10.0,15.0,0.35,0.35,0.3,0.1,0.7933,0.0374,0.7933,,507.0000,68.6000
151,8,111.4000,386.3333,104,401,131.6126131945083,227.37853900489378,131.536756017283,245.81497106563708,0.7706,4,27,1,4,5000,100,71.0,10.0,15.0,0.35,0.35,0.3,0.1,0.8452,0.039,0.8452,,111.4000,386.3333
151,2,209.4000,296.2000,206,303,125.46987216740006,98.22932352408826,125.34816653319575,105.43718509140881,0.8347,4,27,1,4,5000,100,71.0,10.0,15.0,0.35,0.35,0.3,0.1,0.8808,0.0354,0.8808,,209.4000,296.2000
151,9,64.2000,225.2000,53,228,177.10873040377945,198.25236442474022,177.0574795436314,214.28252378577213,0.9158,4,27,1,4,5000,100,71.0,10.0,15.0,0.35,0.35,0.3,0.1,0.8544,0.0389,0.8544,,64.2000,225.2000
151,3,512.2000,69.2000,533,59,329.24135874744775,287.43347056318964,329.29032508181774,309.38648968563575,0.8504,4,27,1,4,5000,100,71.0,10.0,15.0,0.35,0.35,0.3,0.1,0.7905,0.0368,0.7905,,512.2000,69.2000
152,8,117.6000,386.5333,107,401,131.04244688587215,225.39742678211746,131.0090869015702,243.83601046605074,0.8043,4,27,1,4,5000,100,71.0,10.0,15.0,0.35,0.35,0.3,0.1,0.8599,0.0393,0.8599,,117.6000,386.5333
152,2,214.2000,296.4000,209,303,123.52447324857697,95.96353474106714,123.99645914825051,103.73041983911952,0.6895,4,27,1,4,5000,100,71.0,10.0,15.0,0.35,0.35,0.3,0.1,0.8616,0.0389,0.8616,,214.2000,296.4000
152,9,77.2000,224.2000,56,228,177.06432655357884,195.25624189766637,177.01571785640664,211.28653530218153,0.8846,4,27,1,4,5000,100,71.0,10.0,15.0,0.35,0.35,0.3,0.1,0.8470,0.0394,0.8470,,77.2000,224.2000
152,3,517.2000,69.6000,536,59,329.5444718251082,290.01551682625535,329.571702453491,311.96954979612997,0.8507,4,27,1,4,5000,100,71.0,10.0,15.0,0.35,0.35,0.3,0.1,0.7979,0.0365,0.7979,,517.2000,69.6000
153,8,123.6000,386.3333,111,401,130.26656166942453,222.79138223908032,130.29214775562778,241.23018053303363,0.7878,3,27,1,4,5000,100,71.0,10.0,15.0,0.35,0.35,0.3,0.1,0.8561,0.0397,0.8561,,123.6000,386.3333
153,2,218.8000,296.0000,214,303,121.80938928779315,92.9623579735368,121.64465903709257,101.01980003939822,0.8153,3,27,1,4,5000,100,71.0,10.0,15.0,0.35,0.35,0.3,0.1,0.8542,0.0415,0.8542,,218.8000,296.0000
153,3,522.2000,69.4000,540,59,329.9403098956687,293.47061181658376,329.9396909368545,315.42510997065534,0.9282,3,27,1,4,5000,100,71.0,10.0,15.0,0.35,0.35,0.3,0.1,0.7924,0.0361,0.7924,,522.2000,69.4000
154,8,128.6000,385.6000,116,400,129.436791179256,218.81956036881164,129.5272883287495,237.25513693068902,0.7679,3,27,1,4,5000,100,71.0,10.0,15.0,0.35,0.35,0.3,0.1,0.8626,0.0404,0.8626,,128.6000,385.6000
154,2,223.6000,295.2000,219,302,119.11614626607891,90.4267659490264,119.45367272692096,97.6165969494942,0.7565,3,27,1,4,5000,100,71.0,10.0,15.0,0.35,0.35,0.3,0.1,0.8693,0.0382,0.8693,,223.6000,295.2000
154,3,527.0000,68.8000,546,58,330.2551187030578,298.30353668704635,330.3215100748648,321.1261434389919,0.7922,3,27,1,4,5000,100,71.0,10.0,15.0,0.35,0.35,0.3,0.1,0.7869,0.0368,0.7869,,527.0000,68.8000
155,8,134.0000,384.4000,123,398,128.36748538486154,214.27319011019554,128.50505973229562,231.29418496797535,0.6921,3,27,1,4,5000,100,71.0,10.0,15.0,0.35,0.35,0.3,0.1,0.8599,0.0382,0.8599,,134.0000,384.4000
155,2,228.4000,294.2000,226,301,116.26663835708312,85.86617494683223,116.01678294077378,93.47192091746055,0.8368,3,27,1,4,5000,100,71.0,10.0,15.0,0.35,0.35,0.3,0.1,0.8736,0.0424,0.8736,,228.4000,294.2000
155,3,532.0000,68.0000,553,57,330.74461508066196,304.8885042109656,330.77558080979907,327.7132893246778,0.824,3,27,1,4,5000,100,71.0,10.0,15.0,0.35,0.35,0.3,0.1,0.7810,0.0361,0.7810,,532.0000,68.0000
156,8,139.2000,382.8000,128,397,127.63525375501736,209.61870145576228,127.67611749417541,227.42251427684113,0.827,4,27,1,4,5000,100,71.0,10.0,15.0,0.35,0.35,0.3,0.1,0.8602,0.0407,0.8602,,139.2000,382.8000
156,2,233.0000,293.2000,231,299,113.47099311816089,82.85529554590944,113.70264595096624,89.55445270895244,0.7899,4,27,1,4,5000,100,71.0,10.0,15.0,0.35,0.35,0.3,0.1,0.8615,0.0389,0.8615,,233.0000,293.2000
156,9,91.4000,223.2000,78,224,178.03634246594802,175.10282693320517,177.87890360333856,189.12958520548815,0.8012,4,27,1,4,5000,100,71.0,10.0,15.0,0.35,0.35,0.3,0.1,0.8456,0.0385,0.8456,,91.4000,223.2000
156,3,536.8000,67.2000,558,56,331.03522928531214,309.7434422227531,331.0457972809476,332.5687898766209,0.8713,4,27,1,4,5000,100,71.0,10.0,15.0,0.35,0.35,0.3,0.1,0.7843,0.0355,0.7843,,536.8000,67.2000
157,2,237.4000,292.0000,235,298,111.13982480865766,80.4114419718985,111.55707928503772,87.09190547921202,0.7353,2,27,1,4,5000,100,71.0,10.0,15.0,0.35,0.35,0.3,0.1,0.8430,0.0399,0.8430,,237.4000,292.0000
157,3,541.4000,66.2000,562,55,331.22921168238804,313.72918257631056,331.2264984800302,336.55460181076114,0.8728,2,27,1,4,5000,100,71.0,10.0,15.0,0.35,0.35,0.3,0.1,0.7790,0.0351,0.7790,,541.4000,66.2000
158,8,144.2000,381.2000,136,394,126.42008722461989,203.8062805705457,126.50562421019102,220.20445045457188,0.7366,3,27,1,4,5000,100,71.0,10.0,15.0,0.35,0.35,0.3,0.1,0.8603,0.0387,0.8603,,144.2000,381.2000
158,2,241.4000,290.8000,239,297,109.35899417569473,78.43468620451031,109.29004621918874,84.75848040166836,0.9285,3,27,1,4,5000,100,71.0,10.0,15.0,0.35,0.35,0.3,0.1,0.8381,0.0388,0.8381,,241.4000,290.8000
158,3,545.4000,65.2000,566,54,331.4907184469752,316.36213427020624,331.40296798307725,340.5436829541843,0.7399,3,27,1,4,5000,100,71.0,10.0,15.0,0.35,0.35,0.3,0.1,0.7781,0.0368,0.7781,,545.4000,65.2000
159,8,149.0000,379.8000,140,393,126.06940989958102,200.4195599236761,125.8138738398465,217.03686322834653,0.6257,4,27,1,4,5000,100,71.0,10.0,15.0,0.35,0.35,0.3,0.1,0.8497,0.0398,0.8497,,149.0000,379.8000
159,2,245.0000,289.6000,243,295,106.77122381863043,76.24303246854758,107.10272896905236,81.60882305241266,0.7672,4,27,1,4,5000,100,71.0,10.0,15.0,0.35,0.35,0.3,0.1,0.8521,0.034,0.8521,,245.0000,289.6000
159,9,104.6000,224.8000,90,220,179.30130561701654,164.01219466856725,179.02897806892085,177.02542190318317,0.7088,4,27,1,4,5000,100,71.0,10.0,15.0,0.35,0.35,0.3,0.1,0.8516,0.0382,0.8516,,104.6000,224.8000
159,3,549.0000,64.4000,570,53,331.51781425295957,320.8317315977333,331.57534948417646,344.53591975293375,0.8188,4,27,1,4,5000,100,71.0,10.0,15.0,0.35,0.35,0.3,0.1,0.7838,0.0356,0.7838,,549.0000,64.4000
160,8,153.2000,378.8000,144,392,125.30133826228993,197.27392123643713,125.10174005584747,213.90184664934523,0.6732,3,27,1,4,5000,100,71.0,10.0,15.0,0.35,0.35,0.3,0.1,0.8376,0.0404,0.8376,,153.2000,378.8000
160,2,248.2000,288.6000,247,294,104.2259638987518,73.24616030891995,104.56027561935689,79.55501241279521,0.803,3,27,1,4,5000,100,71.0,10.0,15.0,0.35,0.35,0.3,0.1,0.8621,0.0413,0.8621,,248.2000,288.6000
160,3,552.2000,63.6000,574,51,331.6992442339936,324.8261073251348,331.5991740823763,349.0057306119772,0.7328,3,27,1,4,5000,100,71.0,10.0,15.0,0.35,0.35,0.3,0.1,0.7904,0.0359,0.7904,,552.2000,63.6000
161,2,251.0000,288.0000,250,293,102.0947570770121,71.58910531638176,102.60860679336623,77.87810988975015,0.7202,2,27,1,4,5000,100,71.0,10.0,15.0,0.35,0.35,0.3,0.1,0.8698,0.0421,0.8698,,251.0000,288.0000
161,3,555.2000,63.0000,578,51,331.9480971406867,327.47060936823016,331.90839216396813,352.529431395451,0.8508,2,27,1,4,5000,100,71.0,10.0,15.0,0.35,0.35,0.3,0.1,0.7889,0.0369,0.7889,,555.2000,63.0000
162,8,156.6000,378.4000,150,390,124.09873234696992,194.42736432920137,124.07051199781962,208.84922791334424,0.8157,3,27,1,4,5000,100,71.0,10.0,15.0,0.35,0.35,0.3,0.1,0.8440,0.0358,0.8440,,156.6000,378.4000
162,2,253.8000,287.8000,252,293,100.52078431387436,71.19691004531025,101.1648801775486,77.46612162745726,0.6777,3,27,1,4,5000,100,71.0,10.0,15.0,0.35,0.35,0.3,0.1,0.8970,0.0422,0.8970,,253.8000,287.8000
162,3,558.0000,63.2000,580,50,331.95817984775545,329.70592957967864,331.91801285207805,354.76471075911707,0.8725,3,27,1,4,5000,100,71.0,10.0,15.0,0.35,0.35,0.3,0.1,0.7917,0.0366,0.7917,,558.0000,63.2000
163,8,160.2000,378.8000,152,391,123.60786416844729,193.31321734428818,123.46149515006859,208.568933448872,0.7402,3,27,1,4,5000,100,71.0,10.0,15.0,0.35,0.35,0.3,0.1,0.8371,0.038,0.8371,,160.2000,378.8000
163,2,256.6000,288.4000,254,294,99.59313426273035,72.00694410957877,99.58294472353258,78.08969202141856,0.9056,3,27,1,4,5000,100,71.0,10.0,15.0,0.35,0.35,0.3,0.1,0.8879,0.0405,0.8879,,256.6000,288.4000
163,3,560.8000,63.8000,582,51,332.273706914608,331.0060422409235,332.2114812305765,356.0631966379002,0.8198,3,27,1,4,5000,100,71.0,10.0,15.0,0.35,0.35,0.3,0.1,0.7893,0.0365,0.7893,,560.8000,63.8000
164,8,164.0000,379.8000,155,393,122.69946112100192,192.50974001333023,122.47119229084849,208.61447696648477,0.6521,3,27,1,4,5000,100,71.0,10.0,15.0,0.35,0.35,0.3,0.1,0.8320,0.0401,0.8320,,164.0000,379.8000
164,2,259.8000,289.6000,258,295,96.3401917459099,72.44308110509934,96.58194465517802,78.5175139698144,0.7876,3,27,1,4,5000,100,71.0,10.0,15.0,0.35,0.35,0.3,0.1,0.8701,0.0402,0.8701,,259.8000,289.6000
164,3,564.0000,64.8000,585,53,332.8188889145228,332.74614948936676,332.71878887745163,357.7988261579403,0.7219,3,27,1,4,5000,100,71.0,10.0,15.0,0.35,0.35,0.3,0.1,0.7918,0.0363,0.7918,,564.0000,64.8000
165,8,168.0000,381.2000,159,394,121.37300514010845,192.0833152566875,121.3902681041878,207.3475343475297,0.8239,4,27,1,4,5000,100,71.0,10.0,15.0,0.35,0.35,0.3,0.1,0.8483,0.0382,0.8483,,168.0000,381.2000
165,2,263.8000,291.2000,262,297,93.09405805891711,74.10802925459562,93.57633437499736,80.15609770940699,0.7928,4,27,1,4,5000,100,71.0,10.0,15.0,0.35,0.35,0.3,0.1,0.8465,0.0392,0.8465,,263.8000,291.2000
165,9,117.0000,231.0000,109,221,178.82285511401793,146.03081866510234,178.54978370906656,158.05062480104277,0.7727,4,27,1,4,5000,100,71.0,10.0,15.0,0.35,0.35,0.3,0.1,0.8512,0.0395,0.8512,,117.0000,231.0000
165,3,568.0000,66.4000,589,55,333.28236388533776,335.85860119996926,333.29277596456507,360.45526768241297,0.9125,4,27,1,4,5000,100,71.0,10.0,15.0,0.35,0.35,0.3,0.1,0.7933,0.0353,0.7933,,568.0000,66.4000
166,8,172.0000,382.8000,165,397,119.78203808778588,191.26160095534075,119.5387822595581,206.8912757948,0.6053,3,27,1,4,5000,100,71.0,10.0,15.0,0.35,0.35,0.3,0.1,0.8552,0.0393,0.8552,,172.0000,382.8000
166,2,268.0000,292.8000,268,299,89.24615166692924,76.00657866263946,89.30130561701652,82.00609733428362,0.8796,3,27,1,4,5000,100,71.0,10.0,15.0,0.35,0.35,0.3,0.1,0.8526,0.038,0.8526,,268.0000,292.8000
166,3,572.0000,68.2000,596,57,333.9633534155755,339.44955442598535,334.06531704971195,365.8428624423333,0.7516,3,27,1,4,5000,100,71.0,10.0,15.0,0.35,0.35,0.3,0.1,0.7950,0.0374,0.7950,,572.0000,68.2000
167,8,175.4000,384.2000,171,399,117.9129384572766,190.11838417154718,117.81041544384634,205.7668583615933,0.7282,3,27,1,4,5000,100,71.0,10.0,15.0,0.35,0.35,0.3,0.1,0.8526,0.0395,0.8526,,175.4000,384.2000
167,2,271.4000,294.2000,274,301,84.87180895814716,78.31347265956222,85.23635830927383,84.29116205154607,0.6825,3,27,1,4,5000,100,71.0,10.0,15.0,0.35,0.35,0.3,0.1,0.8599,0.0368,0.8599,,271.4000,294.2000
167,3,575.6000,69.8000,602,59,334.7013592624509,343.99127895922015,334.74947635568975,370.3903346471125,0.8098,3,27,1,4,5000,100,71.0,10.0,15.0,0.35,0.35,0.3,0.1,0.7997,0.037,0.7997,,575.6000,69.8000
168,8,178.0000,385.4000,173,400,117.23908807506251,190.07893097342483,117.1878068642843,205.73040611440985,0.7546,3,27,1,4,5000,100,71.0,10.0,15.0,0.35,0.35,0.3,0.1,0.8576,0.0395,0.8576,,178.0000,385.4000
168,2,274.0000,295.4000,276,303,83.50065372034544,79.51100552753688,84.02567671351939,86.46964785403026,0.8016,3,27,1,4,5000,100,71.0,10.0,15.0,0.35,0.35,0.3,0.1,0.8448,0.0419,0.8448,,274.0000,295.4000
168,3,578.6000,71.4000,604,61,335.1436546957871,344.9550695380487,335.16020369839464,371.35562470494506,0.8772,3,27,1,4,5000,100,71.0,10.0,15.0,0.35,0.35,0.3,0.1,0.8035,0.0369,0.8035,,578.6000,71.4000
169,8,179.8000,386.6000,173,400,117.23908807506251,190.07893097342483,117.1878068642843,205.73040611440985,0.8077,2,27,1,4,5000,100,71.0,10.0,15.0,0.35,0.35,0.3,0.1,0.8569,0.0395,0.8569,,179.8000,386.6000
169,2,275.8000,296.6000,276,303,83.50065372034544,79.51100552753688,84.02567671351939,86.46964785403026,0.7857,2,27,1,4,5000,100,71.0,10.0,15.0,0.35,0.35,0.3,0.1,0.8553,0.0419,0.8553,,275.8000,296.6000
170,8,180.4000,390.0667,173,401,117.1017640916799,190.9685838037241,117.06110613747323,206.6204249342257,0.797,3,27,1,4,5000,100,71.0,10.0,15.0,0.35,0.35,0.3,0.1,0.8515,0.0394,0.8515,,180.4000,390.0667
170,2,276.4000,300.0667,276,303,83.58121326976122,80.50465825031493,84.02567671351939,86.46964785403026,0.7408,3,27,1,4,5000,100,71.0,10.0,15.0,0.35,0.35,0.3,0.1,0.8754,0.0357,0.8754,,276.4000,300.0667
170,3,580.6000,73.8000,605,61,335.3638703501095,345.44464100634127,335.22485943116806,372.2633476451852,0.6474,3,27,1,4,5000,100,71.0,10.0,15.0,0.35,0.35,0.3,0.1,0.7940,0.0374,0.7940,,580.6000,73.8000
171,8,180.6000,394.6667,174,403,116.56505117707799,192.3018460649819,116.56505117707799,207.95432190748045,0.8291,3,27,1,4,5000,100,71.0,10.0,15.0,0.35,0.35,0.3,0.1,0.8441,0.0391,0.8441,,180.6000,394.6667
171,2,276.6000,304.6667,277,306,83.0470425318261,82.60750571225353,83.58915997976756,89.56003573022959,0.683,3,27,1,4,5000,100,71.0,10.0,15.0,0.35,0.35,0.3,0.1,0.8752,0.0404,0.8752,,276.6000,304.6667
171,3,581.2000,77.6000,606,64,335.5834594660623,345.9393010341554,335.709037591649,371.9274122728789,0.6753,3,27,1,4,5000,100,71.0,10.0,15.0,0.35,0.35,0.3,0.1,0.7993,0.0362,0.7993,,581.2000,77.6000
172,9,125.2000,239.8000,124,237,172.23483398157467,133.2216198670471,172.03824910899192,144.3918280236108,0.7117,2,27,1,4,5000,100,71.0,10.0,15.0,0.35,0.35,0.3,0.1,0.8546,0.0402,0.8546,,125.2000,239.8000
172,3,581.6000,82.0000,605,70,336.49478362419234,343.50254729768744,336.49523616531906,368.5824195481928,0.9037,2,27,1,4,5000,100,71.0,10.0,15.0,0.35,0.35,0.3,0.1,0.7978,0.0352,0.7978,,581.6000,82.0000
173,8,180.8000,400.2667,174,420,114.58157448256868,206.73654732533385,114.61384540041917,223.28905033610582,0.7652,3,27,1,4,5000,100,71.0,10.0,15.0,0.35,0.35,0.3,0.1,0.8333,0.0385,0.8333,,180.8000,400.2667
173,2,276.8000,310.0667,277,322,84.11401216697173,97.51410154434076,84.55966796899449,105.47511554864494,0.6677,3,27,1,4,5000,100,71.0,10.0,15.0,0.35,0.35,0.3,0.1,0.8685,0.0392,0.8685,,276.8000,310.0667
173,3,581.8000,87.2000,606,79,337.8220628813909,339.08700948281694,337.8497620716492,366.0122948754591,0.8158,3,27,1,4,5000,100,71.0,10.0,15.0,0.35,0.35,0.3,0.1,0.7970,0.0382,0.7970,,581.8000,87.2000
174,8,180.8000,406.6667,174,424,114.12840293026787,210.38060747131613,114.19320898728877,226.93170778892932,0.7283,3,27,1,4,5000,100,71.0,10.0,15.0,0.35,0.35,0.3,0.1,0.8282,0.0378,0.8282,,180.8000,406.6667
174,2,276.8000,316.2667,277,328,84.40066066347944,102.48902380255166,84.8521151758637,111.44954015158609,0.7702,3,27,1,4,5000,100,71.0,10.0,15.0,0.35,0.35,0.3,0.1,0.8995,0.0419,0.8995,,276.8000,316.2667
174,3,581.6000,93.0000,606,85,338.67053848472045,338.1626827430845,338.7250300282933,363.79252328765637,0.7852,3,27,1,4,5000,100,71.0,10.0,15.0,0.35,0.35,0.3,0.1,0.7982,0.0365,0.7982,,581.6000,93.0000
175,8,180.6000,413.4667,174,429,113.5835899570958,214.9534833400008,113.68606411286666,231.50161986474308,0.698,3,27,1,4,5000,100,71.0,10.0,15.0,0.35,0.35,0.3,0.1,0.8333,0.0371,0.8333,,180.6000,413.4667
175,2,276.6000,323.0667,277,332,84.61068824002659,106.47065323364932,85.0302592718897,115.43396380615195,0.7573,3,27,1,4,5000,100,71.0,10.0,15.0,0.35,0.35,0.3,0.1,0.8854,0.0404,0.8854,,276.6000,323.0667
175,3,581.4000,98.6000,606,89,339.4638906806256,336.3762774037432,339.3144102800404,362.36031791574527,0.6467,3,27,1,4,5000,100,71.0,10.0,15.0,0.35,0.35,0.3,0.1,0.7987,0.0372,0.7987,,581.4000,98.6000
176,8,180.2000,418.4000,173,435,113.30120971051018,219.93862780330335,113.32535088097586,237.40261161158273,0.8495,4,27,1,4,5000,100,71.0,10.0,15.0,0.35,0.35,0.3,0.1,0.8438,0.0382,0.8438,,180.2000,418.4000
176,2,276.2000,328.0000,276,338,85.36453657309735,111.36426715962351,85.74616356388081,121.33424908079334,0.7082,4,27,1,4,5000,100,71.0,10.0,15.0,0.35,0.35,0.3,0.1,0.8787,0.0428,0.8787,,276.2000,328.0000
176,9,131.2000,250.2000,123,261,162.86700384965687,139.17614738165446,163.00917670801385,150.57224179774968,0.823,4,27,1,4,5000,100,71.0,10.0,15.0,0.35,0.35,0.3,0.1,0.8631,0.0393,0.8631,,131.2000,250.2000
176,3,581.2000,103.2000,605,95,340.0462007796428,334.0538878684096,340.1531171384744,359.3438464757676,0.7219,4,27,1,4,5000,100,71.0,10.0,15.0,0.35,0.35,0.3,0.1,0.7931,0.0365,0.7931,,581.2000,103.2000
177,8,179.8000,423.0000,172,440,112.89579708143857,223.61797781037194,113.07443950640852,242.39224410034245,0.6972,3,27,1,4,5000,100,71.0,10.0,15.0,0.35,0.35,0.3,0.1,0.8447,0.0403,0.8447,,179.8000,423.0000
177,2,275.6000,332.4000,276,342,85.56352551434264,116.3486140871476,85.88181029601122,125.32358118087753,0.7176,3,27,1,4,5000,100,71.0,10.0,15.0,0.35,0.35,0.3,0.1,0.8816,0.0371,0.8816,,275.6000,332.4000
177,3,580.8000,107.8000,604,100,340.85638595258376,332.3808057033378,340.8539698567644,356.7323926979438,0.8958,3,27,1,4,5000,100,71.0,10.0,15.0,0.35,0.35,0.3,0.1,0.7955,0.0353,0.7955,,580.8000,107.8000
178,8,179.2000,427.4000,172,445,112.73600488258145,227.69277546729498,112.61986494804043,247.0,0.7267,4,27,1,4,5000,100,71.0,10.0,15.0,0.35,0.35,0.3,0.1,0.8542,0.0407,0.8542,,179.2000,427.4000
178,2,275.0000,336.8000,275,347,86.18592516570965,120.26637102698326,86.47854662307776,130.24592124131948,0.7394,4,27,1,4,5000,100,71.0,10.0,15.0,0.35,0.35,0.3,0.1,0.8846,0.0398,0.8846,,275.0000,336.8000
178,9,132.8000,264.0000,122,271,159.5377284765778,143.024473430249,159.573975236911,154.72879499304582,0.9398,4,27,1,4,5000,100,71.0,10.0,15.0,0.35,0.35,0.3,0.1,0.8595,0.0393,0.8595,,132.8000,264.0000
178,3,580.2000,112.2000,604,104,341.45528928163253,330.14239352134103,341.4631014990624,355.4405716853381,0.8813,4,27,1,4,5000,100,71.0,10.0,15.0,0.35,0.35,0.3,0.1,0.7942,0.0369,0.7942,,580.2000,112.2000
179,8,178.6000,431.8000,172,449,112.25939956791261,232.31228981696168,112.26825365464875,250.69702830308938,0.8343,4,27,1,4,5000,100,71.0,10.0,15.0,0.35,0.35,0.3,0.1,0.8476,0.0381,0.8476,,178.6000,431.8000
179,2,274.2000,342.2000,275,352,86.7689900996318,124.19742348374221,86.60866058020366,135.2368293032634,0.8947,4,27,1,4,5000,100,71.0,10.0,15.0,0.35,0.35,0.3,0.1,0.8793,0.0426,0.8793,,274.2000,342.2000
179,9,129.2000,279.7500,122,276,158.05130091647302,144.4714504668656,157.85876187986565,156.5439235486322,0.8675,4,27,1,4,5000,100,71.0,10.0,15.0,0.35,0.35,0.3,0.1,0.8593,0.0401,0.8593,,129.2000,279.7500
179,3,579.8000,116.6000,604,109,342.28190032875426,328.58636612008115,342.23065584788026,353.88274894377093,0.8178,4,27,1,4,5000,100,71.0,10.0,15.0,0.35,0.35,0.3,0.1,0.7905,0.0371,0.7905,,579.8000,116.6000
180,8,177.8000,436.4000,171,454,112.11646558554305,236.39373934180236,112.05106271907673,255.70490804832042,0.7831,3,27,1,4,5000,100,71.0,10.0,15.0,0.35,0.35,0.3,0.1,0.8364,0.0392,0.8364,,177.8000,436.4000
180,2,273.2000,347.4000,274,356,86.8697551377809,128.191263352851,87.11703654746047,139.17614738165446,0.7784,3,27,1,4,5000,100,71.0,10.0,15.0,0.35,0.35,0.3,0.1,0.8939,0.0411,0.8939,,273.2000,347.4000
180,3,579.0000,121.0000,603,114,342.89727103094765,326.43529220965064,342.9572038328472,351.4327816240255,0.7634,3,27,1,4,5000,100,71.0,10.0,15.0,0.35,0.35,0.3,0.1,0.7977,0.0369,0.7977,,579.0000,121.0000
181,8,177.0000,440.8000,170,458,111.8895567699047,241.40422531513403,111.9242737287184,259.7883754135277,0.776,2,27,1,4,5000,100,71.0,10.0,15.0,0.35,0.35,0.3,0.1,0.8290,0.0367,0.8290,,177.0000,440.8000
181,3,578.2000,125.4000,602,118,343.5706985484666,325.28141662259156,343.53641023447904,349.32220084042757,0.8315,2,27,1,4,5000,100,71.0,10.0,15.0,0.35,0.35,0.3,0.1,0.7991,0.0356,0.7991,,578.2000,125.4000
182,8,176.0000,445.0000,169,464,111.67187893193966,246.41834347304587,111.6412539858945,265.73106705840775,0.8011,3,27,1,4,5000,100,71.0,10.0,15.0,0.35,0.35,0.3,0.1,0.8304,0.0377,0.8304,,176.0000,445.0000
182,2,272.2000,352.4000,272,367,87.9249736385826,138.0905500025255,88.09084756700362,150.08331019803634,0.8242,3,27,1,4,5000,100,71.0,10.0,15.0,0.35,0.35,0.3,0.1,0.9072,0.0416,0.9072,,272.2000,352.4000
182,3,577.2000,129.6000,601,124,344.3234816366543,321.9767072320605,344.44050486106323,346.70592726401435,0.6987,3,27,1,4,5000,100,71.0,10.0,15.0,0.35,0.35,0.3,0.1,0.8007,0.037,0.8007,,577.2000,129.6000
183,8,175.0000,449.2000,168,468,111.63088683651792,249.57563983690395,111.52538240186465,269.8184574857695,0.7183,4,27,1,4,5000,100,71.0,10.0,15.0,0.35,0.35,0.3,0.1,0.8269,0.039,0.8269,,175.0000,449.2000
183,2,271.2000,357.4000,271,371,88.38646106711883,142.0563268566381,88.51213247117222,154.0519392932137,0.8596,4,27,1,4,5000,100,71.0,10.0,15.0,0.35,0.35,0.3,0.1,0.9038,0.0405,0.9038,,271.2000,357.4000
183,9,125.0000,292.5500,118,295,152.4471884232822,155.65346125287417,152.36839528544908,168.1814496310458,0.9398,4,27,1,4,5000,100,71.0,10.0,15.0,0.35,0.35,0.3,0.1,0.8652,0.0387,0.8652,,125.0000,292.5500
183,3,576.2000,133.6000,600,128,344.96476533620125,319.95312156626943,345.0364603549348,344.68826495835333,0.7837,4,27,1,4,5000,100,71.0,10.0,15.0,0.35,0.35,0.3,0.1,0.8025,0.0372,0.8025,,576.2000,133.6000
184,8,173.8000,453.2000,167,472,111.50780264451886,253.6631624812716,111.41296947487176,273.9069184960467,0.7385,3,27,1,4,5000,100,71.0,10.0,15.0,0.35,0.35,0.3,0.1,0.8218,0.0384,0.8218,,173.8000,453.2000
184,2,269.8000,362.4000,270,375,88.8147391813776,145.03103116229988,88.91223615961592,158.02847844613325,0.8977,3,27,1,4,5000,100,71.0,10.0,15.0,0.35,0.35,0.3,0.1,0.9154,0.0429,0.9154,,269.8000,362.4000
184,3,574.8000,137.8000,599,132,345.61412987544617,317.9701243827791,345.63936775744,342.70833080040524,0.8574,3,27,1,4,5000,100,71.0,10.0,15.0,0.35,0.35,0.3,0.1,0.8127,0.0374,0.8127,,574.8000,137.8000
185,8,173.2500,455.0000,165,476,111.38862282781885,257.75181861628056,111.49563104446548,278.36127604248406,0.7333,3,27,1,4,5000,100,71.0,10.0,15.0,0.35,0.35,0.3,0.1,0.8224,0.0384,0.8224,,173.2500,455.0000
185,2,268.2000,366.4000,268,379,89.23097531742197,149.01342221424215,89.64632684075355,162.00308639035245,0.6446,3,27,1,4,5000,100,71.0,10.0,15.0,0.35,0.35,0.3,0.1,0.9189,0.0418,0.9189,,268.2000,366.4000
185,3,573.4000,141.8000,598,136,346.09557174318076,316.26729201736936,346.2492135698907,340.76678241870934,0.6502,3,27,1,4,5000,100,71.0,10.0,15.0,0.35,0.35,0.3,0.1,0.8108,0.0373,0.8108,,573.4000,141.8000
186,8,172.6667,457.0000,164,479,111.4767909795404,262.20602586515815,111.46126703402422,281.5190934910099,0.7713,3,27,1,4,5000,100,71.0,10.0,15.0,0.35,0.35,0.3,0.1,0.8140,0.0355,0.8140,,172.6667,457.0000
186,2,266.4000,370.4000,266,384,90.0,153.0,90.34308439952353,167.0029939851379,0.7052,3,27,1,4,5000,100,71.0,10.0,15.0,0.35,0.35,0.3,0.1,0.9231,0.0438,0.9231,,266.4000,370.4000
186,3,571.8000,145.8000,596,140,346.89567385530296,313.1549137407874,346.8274465766731,337.8905148121208,0.8018,3,27,1,4,5000,100,71.0,10.0,15.0,0.35,0.35,0.3,0.1,0.8079,0.038,0.8079,,571.8000,145.8000
187,2,264.4000,374.6000,264,389,91.08776384038408,158.02847844613325,90.99924367025729,172.02616080119907,0.9119,2,27,1,4,5000,100,71.0,10.0,15.0,0.35,0.35,0.3,0.1,0.9127,0.0424,0.9127,,264.4000,374.6000
187,3,570.0000,149.8000,593,145,347.53127173004486,310.31919051196303,347.54565070184145,333.8562564937192,0.8872,2,27,1,4,5000,100,71.0,10.0,15.0,0.35,0.35,0.3,0.1,0.7989,0.0365,0.7989,,570.0000,149.8000
188,2,261.6000,379.8000,261,393,91.76782705585607,162.077142126828,91.95250904939961,176.10224302944013,0.8365,2,27,1,4,5000,100,71.0,10.0,15.0,0.35,0.35,0.3,0.1,0.9106,0.0415,0.9106,,261.6000,379.8000
188,3,567.8000,154.2000,591,150,348.17851165939277,307.52235691084314,348.31647852606255,330.85495311389855,0.6891,2,27,1,4,5000,100,71.0,10.0,15.0,0.35,0.35,0.3,0.1,0.7926,0.0365,0.7926,,567.8000,154.2000
189,2,258.8000,384.8000,259,397,92.4146565208508,166.14752480852673,92.5448043798131,180.17769007288334,0.8402,3,27,1,4,5000,100,71.0,10.0,15.0,0.35,0.35,0.3,0.1,0.9080,0.0405,0.9080,,258.8000,384.8000
189,9,120.6000,304.1500,106,321,147.0305960965379,176.40861656959956,147.13904651383348,191.66898549321954,0.8487,3,27,1,4,5000,100,71.0,10.0,15.0,0.35,0.35,0.3,0.1,0.8742,0.0415,0.8742,,120.6000,304.1500
189,3,565.4000,158.4000,588,154,348.8375466842193,304.765483609939,348.8961665633639,327.1238297648155,0.7876,3,27,1,4,5000,100,71.0,10.0,15.0,0.35,0.35,0.3,0.1,0.7850,0.0354,0.7850,,565.4000,158.4000
190,3,563.0000,162.6000,585,159,349.66108945705895,300.8853602287755,349.66344585350066,323.24603632527345,0.8858,1,27,1,4,5000,100,71.0,10.0,15.0,0.35,0.35,0.3,0.1,0.7840,0.0358,0.7840,,563.0000,162.6000
191,2,256.2000,389.8000,253,407,93.92271289051047,175.410946066658,94.21417852273404,190.51509126575775,0.6718,3,27,1,4,5000,100,71.0,10.0,15.0,0.35,0.35,0.3,0.1,0.8955,0.0413,0.8955,,256.2000,389.8000
191,9,115.8000,315.9500,100,331,145.71312302279105,186.38937737972086,145.68119744315692,202.20039564748632,0.8769,3,27,1,4,5000,100,71.0,10.0,15.0,0.35,0.35,0.3,0.1,0.8698,0.0407,0.8698,,115.8000,315.9500
191,3,560.2000,167.6000,582,163,350.31584789562186,297.2355967915014,350.2724214485984,319.59505628216465,0.815,3,27,1,4,5000,100,71.0,10.0,15.0,0.35,0.35,0.3,0.1,0.7857,0.0362,0.7857,,560.2000,167.6000
192,2,253.2000,395.6000,251,411,94.49715161466777,178.54971296532514,94.71475451870495,194.65867563507155,0.8112,3,27,1,4,5000,100,71.0,10.0,15.0,0.35,0.35,0.3,0.1,0.8903,0.0432,0.8903,,253.2000,395.6000
192,9,111.4000,324.9500,98,335,145.30484646876604,189.73665961010275,145.07629747118673,206.11889772653063,0.7318,3,27,1,4,5000,100,71.0,10.0,15.0,0.35,0.35,0.3,0.1,0.8743,0.0414,0.8743,,111.4000,324.9500
192,3,557.4000,172.6000,580,168,351.0172629600254,294.61330587738223,351.1025893307543,316.8122472380132,0.7718,3,27,1,4,5000,100,71.0,10.0,15.0,0.35,0.35,0.3,0.1,0.7929,0.0363,0.7929,,557.4000,172.6000
193,2,249.8000,402.0000,249,415,94.99676066457135,183.69812192834198,95.1944289077348,198.8164983093707,0.7682,2,27,1,4,5000,100,71.0,10.0,15.0,0.35,0.35,0.3,0.1,0.8831,0.0395,0.8831,,249.8000,402.0000
193,9,108.6000,330.4000,96,339,144.42803389403807,194.2498391247725,144.4940298857589,210.05951537600004,0.8575,2,27,1,4,5000,100,71.0,10.0,15.0,0.35,0.35,0.3,0.1,0.8723,0.0391,0.8723,,108.6000,330.4000
194,9,106.4000,334.8000,94,344,143.82386194304047,198.2145302443794,143.71745696459968,214.61127649776466,0.7922,2,27,1,4,5000,100,71.0,10.0,15.0,0.35,0.35,0.3,0.1,0.8736,0.0397,0.8736,,106.4000,334.8000
194,3,554.8000,177.2000,576,176,352.4576695860691,289.5047495292607,352.44179659650575,311.7081968765018,0.8522,2,27,1,4,5000,100,71.0,10.0,15.0,0.35,0.35,0.3,0.1,0.7995,0.0369,0.7995,,554.8000,177.2000
195,2,247.2000,407.0000,245,424,95.97777359236066,192.04426573058618,96.06663307360512,208.16579930430456,0.92,2,27,1,4,5000,100,71.0,10.0,15.0,0.35,0.35,0.3,0.1,0.8721,0.0403,0.8721,,247.2000,407.0000
195,3,552.6000,181.6000,574,181,353.19686666649693,287.020905161976,353.3118210175253,309.1035425225664,0.7371,2,27,1,4,5000,100,71.0,10.0,15.0,0.35,0.35,0.3,0.1,0.7972,0.037,0.7972,,552.6000,181.6000
196,9,103.6000,340.6000,90,352,142.90716270295846,205.60155641434235,142.66680426181418,222.60727750906977,0.6315,2,27,1,4,5000,100,71.0,10.0,15.0,0.35,0.35,0.3,0.1,0.8640,0.0397,0.8640,,103.6000,340.6000
196,3,550.4000,185.8000,572,184,353.7487077630654,284.6928169097352,353.82480644308316,306.7800515027012,0.8375,2,27,1,4,5000,100,71.0,10.0,15.0,0.35,0.35,0.3,0.1,0.7966,0.0373,0.7966,,550.4000,185.8000
197,2,244.6000,412.0000,241,431,96.91122711902469,199.44924166313595,96.92721812600917,215.5736533067063,0.878,3,27,1,4,5000,100,71.0,10.0,15.0,0.35,0.35,0.3,0.1,0.8601,0.0389,0.8601,,244.6000,412.0000
197,9,100.8000,345.8000,88,355,142.41463029097474,208.21623375712088,142.3695835770251,226.01991062736045,0.9219,3,27,1,4,5000,100,71.0,10.0,15.0,0.35,0.35,0.3,0.1,0.8679,0.041,0.8679,,100.8000,345.8000
197,3,548.8000,189.0000,570,188,354.3296426561061,283.3866616480035,354.53289841191116,304.38462510448846,0.6345,3,27,1,4,5000,100,71.0,10.0,15.0,0.35,0.35,0.3,0.1,0.7933,0.0357,0.7933,,548.8000,189.0000
198,2,242.0000,416.8000,239,433,97.1250163489018,201.55644370746373,97.38604315126727,217.8072542409917,0.6168,2,27,1,4,5000,100,71.0,10.0,15.0,0.35,0.35,0.3,0.1,0.8606,0.0388,0.8606,,242.0000,416.8000
198,3,547.0000,192.2000,568,190,354.8978347476418,281.1138559374119,354.87422987247845,302.20853727186466,0.8754,2,27,1,4,5000,100,71.0,10.0,15.0,0.35,0.35,0.3,0.1,0.7915,0.0362,0.7915,,547.0000,192.2000
199,2,239.6000,420.6000,237,437,97.57615489568907,204.78769494283586,97.76516601842535,222.03603311174518,0.7713,2,27,1,4,5000,100,71.0,10.0,15.0,0.35,0.35,0.3,0.1,0.8537,0.0404,0.8537,,239.6000,420.6000
199,3,545.4000,195.4000,567,194,355.4913823499614,279.8660393831306,355.61589973760505,300.8803749000589,0.7184,2,27,1,4,5000,100,71.0,10.0,15.0,0.35,0.35,0.3,0.1,0.7890,0.0362,0.7890,,545.4000,195.4000
200,2,238.2000,423.2000,235,441,97.97503972999289,209.02152999152983,98.13010235415598,226.27416997969522,0.6946,3,27,1,4,5000,100,71.0,10.0,15.0,0.35,0.35,0.3,0.1,0.8446,0.0396,0.8446,,238.2000,423.2000
200,9,98.2000,350.4000,83,365,141.13527209207248,218.3323155192561,141.1886159632416,236.13555429032706,0.8365,3,27,1,4,5000,100,71.0,10.0,15.0,0.35,0.35,0.3,0.1,0.8611,0.0392,0.8611,,98.2000,350.4000
200,3,544.0000,198.2000,564,198,356.26860300083956,276.5863337187866,356.33960145212455,297.6071235706565,0.7787,3,27,1,4,5000,100,71.0,10.0,15.0,0.35,0.35,0.3,0.1,0.7862,0.0366,0.7862,,544.0000,198.2000
201,9,96.4000,353.6000,81,368,141.05695220530956,221.14474897677312,140.9293424810033,239.57671005337727,0.8325,2,27,1,4,5000,100,71.0,10.0,15.0,0.35,0.35,0.3,0.1,0.8613,0.04,0.8613,,96.4000,353.6000
201,3,542.8000,200.4000,563,201,356.8778695378843,275.40878707840824,356.9059419410829,296.4321170183825,0.8523,2,27,1,4,5000,100,71.0,10.0,15.0,0.35,0.35,0.3,0.1,0.7894,0.0368,0.7894,,542.8000,200.4000
202,2,236.8000,425.4000,233,444,98.66413543310807,212.4241040936739,98.51842270201475,229.53213282675696,0.7593,3,27,1,4,5000,100,71.0,10.0,15.0,0.35,0.35,0.3,0.1,0.8451,0.0387,0.8451,,236.8000,425.4000
202,9,93.8000,357.4000,81,369,141.01853460858132,222.55111772354684,140.74415832376715,240.20824298928628,0.6055,3,27,1,4,5000,100,71.0,10.0,15.0,0.35,0.35,0.3,0.1,0.8504,0.0382,0.8504,,93.8000,357.4000
202,3,541.6000,202.0000,562,202,357.08563996448567,275.35613303502066,357.0891621738322,295.3811097548386,0.8869,3,27,1,4,5000,100,71.0,10.0,15.0,0.35,0.35,0.3,0.1,0.7930,0.0351,0.7930,,541.6000,202.0000
203,2,235.8000,427.0000,233,444,98.3580684437,213.2650932525058,98.51842270201475,229.53213282675696,0.7141,3,27,1,4,5000,100,71.0,10.0,15.0,0.35,0.35,0.3,0.1,0.8476,0.0367,0.8476,,235.8000,427.0000
203,9,90.4000,360.8000,80,369,141.01853460858132,222.55111772354684,140.89460814703557,240.9834019180574,0.7998,3,27,1,4,5000,100,71.0,10.0,15.0,0.35,0.35,0.3,0.1,0.8576,0.0398,0.8576,,90.4000,360.8000
203,3,541.0000,203.0000,562,202,357.07502205084364,274.35743110038044,357.0891621738322,295.3811097548386,0.8817,3,27,1,4,5000,100,71.0,10.0,15.0,0.35,0.35,0.3,0.1,0.7953,0.0369,0.7953,,541.0000,203.0000
204,3,540.6000,203.4000,561,202,357.06432655357884,273.3587386567329,357.07927847899964,294.38240436547835,0.8848,1,27,1,4,5000,100,71.0,10.0,15.0,0.35,0.35,0.3,0.1,0.7964,0.037,0.7964,,540.6000,203.4000
205,2,234.2000,428.8000,232,445,98.62369195492597,213.41274563624359,98.72727769517279,230.6707610426601,0.7118,2,27,1,4,5000,100,71.0,10.0,15.0,0.35,0.35,0.3,0.1,0.8491,0.0389,0.8491,,234.2000,428.8000
205,3,540.0000,203.8000,561,202,357.2736890060937,273.3093485411723,357.07927847899964,294.38240436547835,0.6408,2,27,1,4,5000,100,71.0,10.0,15.0,0.35,0.35,0.3,0.1,0.8055,0.0371,0.8055,,540.0000,203.8000
206,2,231.8000,431.4000,232,446,98.62369195492597,213.41274563624359,98.68975028913958,231.65923249462776,0.8716,2,27,1,4,5000,100,71.0,10.0,15.0,0.35,0.35,0.3,0.1,0.8502,0.041,0.8502,,231.8000,431.4000
206,3,539.0000,204.8000,561,203,357.2736890060937,273.3093485411723,357.2736890060937,294.3331445828009,0.8808,2,27,1,4,5000,100,71.0,10.0,15.0,0.35,0.35,0.3,0.1,0.8083,0.037,0.8083,,539.0000,204.8000
207,3,537.4000,206.8000,560,204,357.47388308838043,272.26457720386617,357.45953259538965,293.28825411188905,0.8846,1,27,1,4,5000,100,71.0,10.0,15.0,0.35,0.35,0.3,0.1,0.8053,0.0372,0.8053,,537.4000,206.8000
208,2,228.8000,434.0000,227,451,99.72021594806087,219.14607000811125,99.7003919439458,237.39418695494632,0.8658,3,27,1,4,5000,100,71.0,10.0,15.0,0.35,0.35,0.3,0.1,0.8693,0.04,0.8693,,228.8000,434.0000
208,9,87.2000,364.0000,75,375,140.64054943215683,230.21728866442677,140.54846629371806,248.65236777477105,0.827,3,27,1,4,5000,100,71.0,10.0,15.0,0.35,0.35,0.3,0.1,0.8549,0.0385,0.8549,,87.2000,364.0000
208,3,534.6000,209.4000,557,208,358.08375562750365,269.15051551130273,358.2224256558572,290.13962156175774,0.7126,3,27,1,4,5000,100,71.0,10.0,15.0,0.35,0.35,0.3,0.1,0.8056,0.0375,0.8056,,534.6000,209.4000
209,3,531.6000,212.2000,552,213,359.13522371770904,265.03018695990085,359.19590150391076,285.02806879323305,0.8046,1,27,1,4,5000,100,71.0,10.0,15.0,0.35,0.35,0.3,0.1,0.8068,0.0364,0.8068,,531.6000,212.2000
210,2,225.8000,436.8000,219,458,101.16162621460838,227.29936207565564,101.264205604628,245.73359558676546,0.7668,1,27,1,4,5000,100,71.0,10.0,15.0,0.35,0.35,0.3,0.1,0.8680,0.039,0.8680,,225.8000,436.8000
211,2,222.8000,439.6000,216,460,101.6047623563788,228.67444107289296,101.853004167744,248.29418035870273,0.6932,3,27,1,4,5000,100,71.0,10.0,15.0,0.35,0.35,0.3,0.1,0.8574,0.0411,0.8574,,222.8000,439.6000
211,9,84.2000,366.8000,64,384,140.52754015165618,242.24987100099764,140.55723220955082,262.86498435508673,0.9351,3,27,1,4,5000,100,71.0,10.0,15.0,0.35,0.35,0.3,0.1,0.8659,0.0408,0.8659,,84.2000,366.8000
211,3,528.8000,214.8000,546,217,0.0,259.0,0.0,279.0,0.9064,3,27,1,4,5000,100,71.0,10.0,15.0,0.35,0.35,0.3,0.1,0.8074,0.0372,0.8074,,528.8000,214.8000
212,2,220.8000,441.4000,216,460,101.79879244973131,229.85647695899283,101.853004167744,248.29418035870273,0.8178,2,27,1,4,5000,100,71.0,10.0,15.0,0.35,0.35,0.3,0.1,0.8513,0.0386,0.8513,,220.8000,441.4000
212,3,526.6000,216.8000,545,218,0.22207555269346138,258.00193797721755,0.2060990373841261,278.0017985553331,0.8897,2,27,1,4,5000,100,71.0,10.0,15.0,0.35,0.35,0.3,0.1,0.8064,0.0373,0.8064,,526.6000,216.8000
213,2,220.2000,441.8000,216,460,101.79879244973131,229.85647695899283,101.853004167744,248.29418035870273,0.8729,2,27,1,4,5000,100,71.0,10.0,15.0,0.35,0.35,0.3,0.1,0.8495,0.0386,0.8495,,220.2000,441.8000
213,3,525.2000,217.8000,545,218,0.22207555269346138,258.00193797721755,0.2060990373841261,278.0017985553331,0.8711,2,27,1,4,5000,100,71.0,10.0,15.0,0.35,0.35,0.3,0.1,0.8106,0.0373,0.8106,,525.2000,217.8000
214,2,220.0000,442.0000,216,460,101.79879244973131,229.85647695899283,101.853004167744,248.29418035870273,0.8229,2,27,1,4,5000,100,71.0,10.0,15.0,0.35,0.35,0.3,0.1,0.8383,0.0386,0.8383,,220.0000,442.0000
214,3,525.0000,217.8000,545,218,0.22207555269346138,258.00193797721755,0.2060990373841261,278.0017985553331,0.8919,2,27,1,4,5000,100,71.0,10.0,15.0,0.35,0.35,0.3,0.1,0.8112,0.0373,0.8112,,525.0000,217.8000
215,2,220.0000,442.0000,216,460,101.79879244973131,229.85647695899283,101.853004167744,248.29418035870273,0.833,2,27,1,4,5000,100,71.0,10.0,15.0,0.35,0.35,0.3,0.1,0.8383,0.0386,0.8383,,220.0000,442.0000
215,3,525.0000,217.8000,545,218,0.22207555269346138,258.00193797721755,0.2060990373841261,278.0017985553331,0.8941,2,27,1,4,5000,100,71.0,10.0,15.0,0.35,0.35,0.3,0.1,0.8112,0.0373,0.8112,,525.0000,217.8000
216,2,220.0000,442.0000,216,460,101.79879244973131,229.85647695899283,101.853004167744,248.29418035870273,0.833,2,27,1,4,5000,100,71.0,10.0,15.0,0.35,0.35,0.3,0.1,0.8383,0.0386,0.8383,,220.0000,442.0000
216,3,525.2000,217.8000,545,218,0.0,258.0,0.2060990373841261,278.0017985553331,0.6543,2,27,1,4,5000,100,71.0,10.0,15.0,0.35,0.35,0.3,0.1,0.8028,0.0373,0.8028,,525.2000,217.8000
217,2,220.0000,442.0000,216,460,101.79879244973131,229.85647695899283,101.853004167744,248.29418035870273,0.8759,2,27,1,4,5000,100,71.0,10.0,15.0,0.35,0.35,0.3,0.1,0.8383,0.0386,0.8383,,220.0000,442.0000
217,3,525.2000,217.8000,545,218,0.22207555269346138,258.00193797721755,0.2060990373841261,278.0017985553331,0.9035,2,27,1,4,5000,100,71.0,10.0,15.0,0.35,0.35,0.3,0.1,0.8028,0.0373,0.8028,,525.2000,217.8000
218,2,220.0000,442.0000,216,460,101.79879244973131,229.85647695899283,101.853004167744,248.29418035870273,0.833,2,27,1,4,5000,100,71.0,10.0,15.0,0.35,0.35,0.3,0.1,0.8383,0.0386,0.8383,,220.0000,442.0000
218,3,525.2000,217.8000,545,218,0.22121812666486637,259.0019304947359,0.2060990373841261,278.0017985553331,0.8887,2,27,1,4,5000,100,71.0,10.0,15.0,0.35,0.35,0.3,0.1,0.8028,0.0354,0.8028,,525.2000,217.8000
219,2,220.0000,442.0000,216,460,101.79879244973131,229.85647695899283,101.853004167744,248.29418035870273,0.8229,2,27,1,4,5000,100,71.0,10.0,15.0,0.35,0.35,0.3,0.1,0.8383,0.0386,0.8383,,220.0000,442.0000
219,3,525.2000,218.0000,545,218,0.22207555269346138,258.00193797721755,0.2060990373841261,278.0017985553331,0.8999,2,27,1,4,5000,100,71.0,10.0,15.0,0.35,0.35,0.3,0.1,0.8028,0.0373,0.8028,,525.2000,218.0000
220,2,220.0000,442.0000,216,460,101.79879244973131,229.85647695899283,101.853004167744,248.29418035870273,0.8229,3,27,1,4,5000,100,71.0,10.0,15.0,0.35,0.35,0.3,0.1,0.8383,0.0386,0.8383,,220.0000,442.0000
220,9,81.0000,369.8000,63,384,140.495507479157,243.65754656894993,140.6953020304399,263.6380093992518,0.6523,3,27,1,4,5000,100,71.0,10.0,15.0,0.35,0.35,0.3,0.1,0.8574,0.0394,0.8574,,81.0000,369.8000
220,3,525.2000,217.8000,545,218,0.22207555269346138,258.00193797721755,0.2060990373841261,278.0017985553331,0.9007,3,27,1,4,5000,100,71.0,10.0,15.0,0.35,0.35,0.3,0.1,0.8028,0.0373,0.8028,,525.2000,217.8000
221,2,220.0000,442.0000,216,460,101.79879244973131,229.85647695899283,101.853004167744,248.29418035870273,0.8634,2,27,1,4,5000,100,71.0,10.0,15.0,0.35,0.35,0.3,0.1,0.8383,0.0386,0.8383,,220.0000,442.0000
221,3,525.0000,217.6000,545,218,0.22207555269346138,258.00193797721755,0.2060990373841261,278.0017985553331,0.9104,2,27,1,4,5000,100,71.0,10.0,15.0,0.35,0.35,0.3,0.1,0.8112,0.0373,0.8112,,525.0000,217.6000
222,2,220.0000,442.0000,216,460,101.79879244973131,229.85647695899283,101.853004167744,248.29418035870273,0.8634,2,27,1,4,5000,100,71.0,10.0,15.0,0.35,0.35,0.3,0.1,0.8383,0.0386,0.8383,,220.0000,442.0000
222,3,525.0000,217.6000,545,218,0.0,258.0,0.2060990373841261,278.0017985553331,0.6455,2,27,1,4,5000,100,71.0,10.0,15.0,0.35,0.35,0.3,0.1,0.8112,0.0373,0.8112,,525.0000,217.6000
223,2,220.0000,442.0000,216,460,101.79879244973131,229.85647695899283,101.853004167744,248.29418035870273,0.8441,2,27,1,4,5000,100,71.0,10.0,15.0,0.35,0.35,0.3,0.1,0.8383,0.0386,0.8383,,220.0000,442.0000
223,3,525.0000,217.6000,545,218,0.0,258.0,0.2060990373841261,278.0017985553331,0.6761,2,27,1,4,5000,100,71.0,10.0,15.0,0.35,0.35,0.3,0.1,0.8112,0.0373,0.8112,,525.0000,217.6000
224,2,220.0000,442.0000,216,460,101.79879244973131,229.85647695899283,101.853004167744,248.29418035870273,0.8441,3,27,1,4,5000,100,71.0,10.0,15.0,0.35,0.35,0.3,0.1,0.8383,0.0386,0.8383,,220.0000,442.0000
224,9,79.0000,371.5000,63,384,140.67741666204535,243.02263269086689,140.6953020304399,263.6380093992518,0.98,3,27,1,4,5000,100,71.0,10.0,15.0,0.35,0.35,0.3,0.1,0.8625,0.0407,0.8625,,79.0000,371.5000
224,3,525.0000,217.6000,545,218,0.22207555269346138,258.00193797721755,0.2060990373841261,278.0017985553331,0.8878,3,27,1,4,5000,100,71.0,10.0,15.0,0.35,0.35,0.3,0.1,0.8112,0.0373,0.8112,,525.0000,217.6000
225,2,220.0000,442.0000,216,460,101.79879244973131,229.85647695899283,101.853004167744,248.29418035870273,0.8184,2,27,1,4,5000,100,71.0,10.0,15.0,0.35,0.35,0.3,0.1,0.8383,0.0386,0.8383,,220.0000,442.0000
225,3,525.2000,217.8000,545,218,0.22207555269346138,258.00193797721755,0.2060990373841261,278.0017985553331,0.913,2,27,1,4,5000,100,71.0,10.0,15.0,0.35,0.35,0.3,0.1,0.8028,0.0373,0.8028,,525.2000,217.8000
226,2,220.0000,442.0000,216,460,101.79879244973131,229.85647695899283,101.853004167744,248.29418035870273,0.8634,2,27,1,4,5000,100,71.0,10.0,15.0,0.35,0.35,0.3,0.1,0.8383,0.0386,0.8383,,220.0000,442.0000
226,3,525.2000,218.0000,545,218,0.22207555269346138,258.00193797721755,0.2060990373841261,278.0017985553331,0.9211,2,27,1,4,5000,100,71.0,10.0,15.0,0.35,0.35,0.3,0.1,0.8028,0.0373,0.8028,,525.2000,218.0000
227,2,220.0000,442.0000,216,460,101.79879244973131,229.85647695899283,101.853004167744,248.29418035870273,0.8135,3,27,1,4,5000,100,71.0,10.0,15.0,0.35,0.35,0.3,0.1,0.8383,0.0386,0.8383,,220.0000,442.0000
227,9,78.6667,371.6667,63,384,140.6446222057861,244.42994906516674,140.6953020304399,263.6380093992518,0.9,3,27,1,4,5000,100,71.0,10.0,15.0,0.35,0.35,0.3,0.1,0.8543,0.0378,0.8543,,78.6667,371.6667
227,3,525.2500,218.0000,545,218,0.22121812666486637,259.0019304947359,0.2060990373841261,278.0017985553331,0.8867,3,27,1,4,5000,100,71.0,10.0,15.0,0.35,0.35,0.3,0.1,0.8007,0.0354,0.8007,,525.2500,218.0000
228,2,220.0000,442.0000,216,460,101.79879244973131,229.85647695899283,101.853004167744,248.29418035870273,0.8049,2,27,1,4,5000,100,71.0,10.0,15.0,0.35,0.35,0.3,0.1,0.8383,0.0386,0.8383,,220.0000,442.0000
228,3,525.3333,218.0000,545,218,0.22207555269346138,258.00193797721755,0.2060990373841261,278.0017985553331,0.9146,2,27,1,4,5000,100,71.0,10.0,15.0,0.35,0.35,0.3,0.1,0.7972,0.0373,0.7972,,525.3333,218.0000
