Frame_Number,Track_ID,Center_X,Center_Y,Right_X,Right_Y,Angle_A_deg,A_px,Angle_B_deg,C_px,Pair_Score,Pair_Count,Binary_Threshold,Blur_Size,Min_Area_px2,Max_Area_px2,Max_Width_px,Max_Radial_Gap_px,Max_Angle_Diff_deg,Max_Center_Offset_px,Weight_Angle,Weight_Area,Weight_Center,Min_Score_Threshold,Zprime_mm,Zdoubleprime,Z_mm,B_px,X_mm,Y_mm,B_mm
0,1,411,248,421,250,12.149091607441346,147.29901561110313,12.094757077012101,157.4960316960399,0.8538,1,27,1,4,5000,100,71.0,10.0,15.0,0.35,0.35,0.3,0.1,0.7273,0.0335,2.6271,152.2270,3.7344,-0.8039,3.8200
1,1,411,248,421,250,12.149091607441346,147.29901561110313,12.094757077012101,157.4960316960399,0.8448,1,27,1,4,5000,100,71.0,10.0,15.0,0.35,0.35,0.3,0.1,0.7273,0.0335,2.6271,152.2270,3.7344,-0.8039,3.8200
2,1,411,248,421,250,12.149091607441346,147.29901561110313,12.094757077012101,157.4960316960399,0.8635,1,27,1,4,5000,100,71.0,10.0,15.0,0.35,0.35,0.3,0.1,0.7273,0.0335,2.6271,152.2270,3.7344,-0.8039,3.8200
3,1,411,248,421,250,12.149091607441346,147.29901561110313,12.094757077012101,157.4960316960399,0.8527,1,27,1,4,5000,100,71.0,10.0,15.0,0.35,0.35,0.3,0.1,0.7273,0.0335,2.6271,152.2270,3.7344,-0.8039,3.8200
4,1,411,248,421,251,12.149091607441346,147.29901561110313,12.449996507806603,157.70859202973057,0.6508,1,27,1,4,5000,100,71.0,10.0,15.0,0.35,0.35,0.3,0.1,0.742,0.0341,2.6804,152.3262,3.7369,-0.8045,3.8225
5,1,411,248,421,251,12.149091607441346,147.29901561110313,12.449996507806603,157.70859202973057,0.6365,1,27,1,4,5000,100,71.0,10.0,15.0,0.35,0.35,0.3,0.1,0.742,0.0341,2.6804,152.3262,3.7369,-0.8045,3.8225
6,1,411,248,421,250,12.149091607441346,147.29901561110313,12.094757077012101,157.4960316960399,0.855,1,27,1,4,5000,100,71.0,10.0,15.0,0.35,0.35,0.3,0.1,0.7273,0.0335,2.6271,152.2270,3.7344,-0.8039,3.8200
7,1,411,248,421,250,12.149091607441346,147.29901561110313,12.094757077012101,157.4960316960399,0.8438,1,27,1,4,5000,100,71.0,10.0,15.0,0.35,0.35,0.3,0.1,0.7273,0.0335,2.6271,152.2270,3.7344,-0.8039,3.8200
8,1,411,248,421,250,12.149091607441346,147.29901561110313,12.094757077012101,157.4960316960399,0.8685,1,27,1,4,5000,100,71.0,10.0,15.0,0.35,0.35,0.3,0.1,0.7273,0.0335,2.6271,152.2270,3.7344,-0.8039,3.8200
9,1,411,248,421,250,12.149091607441346,147.29901561110313,12.094757077012101,157.4960316960399,0.8491,1,27,1,4,5000,100,71.0,10.0,15.0,0.35,0.35,0.3,0.1,0.7273,0.0335,2.6271,152.2270,3.7344,-0.8039,3.8200
10,1,411,248,421,250,12.149091607441346,147.29901561110313,12.094757077012101,157.4960316960399,0.8584,1,27,1,4,5000,100,71.0,10.0,15.0,0.35,0.35,0.3,0.1,0.7273,0.0335,2.6271,152.2270,3.7344,-0.8039,3.8200
11,1,411,248,421,250,12.149091607441346,147.29901561110313,12.094757077012101,157.4960316960399,0.8745,1,27,1,4,5000,100,71.0,10.0,15.0,0.35,0.35,0.3,0.1,0.7273,0.0335,2.6271,152.2270,3.7344,-0.8039,3.8200
12,1,411,248,421,250,12.149091607441346,147.29901561110313,12.094757077012101,157.4960316960399,0.8436,1,27,1,4,5000,100,71.0,10.0,15.0,0.35,0.35,0.3,0.1,0.7273,0.0335,2.6271,152.2270,3.7344,-0.8039,3.8200
13,1,411,248,421,250,12.149091607441346,147.29901561110313,12.094757077012101,157.4960316960399,0.842,1,27,1,4,5000,100,71.0,10.0,15.0,0.35,0.35,0.3,0.1,0.7273,0.0335,2.6271,152.2270,3.7344,-0.8039,3.8200
14,1,411,248,421,250,12.149091607441346,147.29901561110313,12.094757077012101,157.4960316960399,0.8433,1,27,1,4,5000,100,71.0,10.0,15.0,0.35,0.35,0.3,0.1,0.7273,0.0335,2.6271,152.2270,3.7344,-0.8039,3.8200
15,1,411,248,421,250,12.149091607441346,147.29901561110313,12.094757077012101,157.4960316960399,0.8781,1,27,1,4,5000,100,71.0,10.0,15.0,0.35,0.35,0.3,0.1,0.7273,0.0335,2.6271,152.2270,3.7344,-0.8039,3.8200
16,1,411,248,421,250,12.149091607441346,147.29901561110313,12.094757077012101,157.4960316960399,0.8423,1,27,1,4,5000,100,71.0,10.0,15.0,0.35,0.35,0.3,0.1,0.7273,0.0335,2.6271,152.2270,3.7344,-0.8039,3.8200
17,1,411,248,421,250,12.149091607441346,147.29901561110313,12.094757077012101,157.4960316960399,0.858,1,27,1,4,5000,100,71.0,10.0,15.0,0.35,0.35,0.3,0.1,0.7273,0.0335,2.6271,152.2270,3.7344,-0.8039,3.8200
18,1,411,248,421,251,12.149091607441346,147.29901561110313,12.449996507806603,157.70859202973057,0.6808,1,27,1,4,5000,100,71.0,10.0,15.0,0.35,0.35,0.3,0.1,0.742,0.0341,2.6804,152.3262,3.7369,-0.8045,3.8225
19,1,411,248,421,250,12.149091607441346,147.29901561110313,12.094757077012101,157.4960316960399,0.8642,1,27,1,4,5000,100,71.0,10.0,15.0,0.35,0.35,0.3,0.1,0.7273,0.0335,2.6271,152.2270,3.7344,-0.8039,3.8200
20,1,411,248,421,250,12.149091607441346,147.29901561110313,12.094757077012101,157.4960316960399,0.8525,1,27,1,4,5000,100,71.0,10.0,15.0,0.35,0.35,0.3,0.1,0.7273,0.0335,2.6271,152.2270,3.7344,-0.8039,3.8200
21,1,411,248,421,250,12.149091607441346,147.29901561110313,12.094757077012101,157.4960316960399,0.8806,1,27,1,4,5000,100,71.0,10.0,15.0,0.35,0.35,0.3,0.1,0.7273,0.0335,2.6271,152.2270,3.7344,-0.8039,3.8200
22,1,411,248,421,250,12.149091607441346,147.29901561110313,12.094757077012101,157.4960316960399,0.855,1,27,1,4,5000,100,71.0,10.0,15.0,0.35,0.35,0.3,0.1,0.7273,0.0335,2.6271,152.2270,3.7344,-0.8039,3.8200
23,1,411,248,421,250,12.149091607441346,147.29901561110313,12.094757077012101,157.4960316960399,0.8568,1,27,1,4,5000,100,71.0,10.0,15.0,0.35,0.35,0.3,0.1,0.7273,0.0335,2.6271,152.2270,3.7344,-0.8039,3.8200
24,1,411,248,422,250,12.149091607441346,147.29901561110313,12.019002454544527,158.47397262642215,0.7762,1,27,1,4,5000,100,71.0,10.0,15.0,0.35,0.35,0.3,0.1,0.7945,0.0365,2.8720,152.6823,3.7456,-0.8063,3.8314
25,1,411,247,422,250,11.768288932020644,147.09180806557515,12.019002454544527,158.47397262642215,0.7117,1,27,1,4,5000,100,71.0,10.0,15.0,0.35,0.35,0.3,0.1,0.8098,0.0372,2.9277,152.5709,3.7482,-0.7809,3.8286
27,2,124,456,113,475,120.89319526292691,278.5139134765084,120.8329444773688,300.4663042672173,0.8057,1,27,1,4,5000,100,71.0,10.0,15.0,0.35,0.35,0.3,0.1,0.8243,0.0379,2.9805,289.0739,-3.7245,-6.2249,7.2541
28,2,135,447,124,466,119.85207626918267,265.18672666632466,119.86863008834868,287.14108030722457,0.8951,2,27,1,4,5000,100,71.0,10.0,15.0,0.35,0.35,0.3,0.1,0.8641,0.0397,3.1257,275.7276,-3.4441,-6.0011,6.9191
28,3,436,221,449,222,1.3558599761066599,169.04733065032408,1.573664054102554,182.0686683644388,0.698,2,27,1,4,5000,100,71.0,10.0,15.0,0.35,0.35,0.3,0.1,0.8062,0.0371,2.9147,175.3165,4.3982,-0.1041,4.3994
29,3,448,210,462,209,357.7852448726808,181.13530854032848,357.6507213525199,195.1640335717624,0.7902,1,27,1,4,5000,100,71.0,10.0,15.0,0.35,0.35,0.3,0.1,0.8105,0.0373,2.9302,187.8882,4.7114,0.1822,4.7149
30,2,152,431,142,448,118.25283625152029,242.94237999986746,118.41895215226042,262.65186083483206,0.6854,2,27,1,4,5000,100,71.0,10.0,15.0,0.35,0.35,0.3,0.1,0.8475,0.039,3.0651,252.4130,-2.9983,-5.5795,6.3341
30,3,454,203,468,203,355.71846376492937,187.52333188166213,356.0156839976278,201.48697228356974,0.6277,2,27,1,4,5000,100,71.0,10.0,15.0,0.35,0.35,0.3,0.1,0.7804,0.0359,2.8204,194.2545,4.8610,0.3639,4.8746
31,2,154,428,145,445,118.17105416636024,239.35329536064467,118.15068858817492,258.58847615468096,0.8687,2,27,1,4,5000,100,71.0,10.0,15.0,0.35,0.35,0.3,0.1,0.8398,0.0386,3.0370,248.5994,-2.9452,-5.4994,6.2384
31,3,457,201,471,200,355.1864491062935,190.67249408344142,355.23635830927384,204.70710783946902,0.8765,2,27,1,4,5000,100,71.0,10.0,15.0,0.35,0.35,0.3,0.1,0.7717,0.0355,2.7888,197.4407,4.9371,0.4158,4.9546
32,2,156,426,147,443,117.97279266495207,236.64741705752886,117.96711550611938,255.88278566562465,0.9617,2,27,1,4,5000,100,71.0,10.0,15.0,0.35,0.35,0.3,0.1,0.849,0.0391,3.0707,245.8895,-2.8942,-5.4495,6.1704
32,3,459,199,473,198,354.6441749571448,192.84190415985836,354.7303469173082,206.87435800504613,0.828,2,27,1,4,5000,100,71.0,10.0,15.0,0.35,0.35,0.3,0.1,0.7632,0.0351,2.7579,199.6118,4.9872,0.4676,5.0091
33,2,160,422,151,439,117.56236246502958,231.2444593930847,117.58808136574584,250.4795400826183,0.8479,2,27,1,4,5000,100,71.0,10.0,15.0,0.35,0.35,0.3,0.1,0.8681,0.0399,3.1401,240.4780,-2.7923,-5.3497,6.0346
33,3,463,195,477,194,353.59564727361584,197.2308292331602,353.7496604222195,211.25576915199264,0.7665,2,27,1,4,5000,100,71.0,10.0,15.0,0.35,0.35,0.3,0.1,0.7464,0.0343,2.6967,204.0025,5.0873,0.5710,5.1193
34,2,166,417,157,433,116.79377562880317,224.0557966221807,116.98789058174849,242.39636960977776,0.7159,3,27,1,4,5000,100,71.0,10.0,15.0,0.35,0.35,0.3,0.1,0.8548,0.0393,3.0917,232.8655,-2.6342,-5.2162,5.8436
34,4,23,348,4,358,151.7693050691079,276.94223224347706,151.80327640203575,298.41246622753545,0.8598,3,27,1,4,5000,100,71.0,10.0,15.0,0.35,0.35,0.3,0.1,0.8113,0.0373,2.9330,287.2768,-6.3514,-3.4100,7.2090
34,3,467,190,483,188,352.3115522300971,201.8142710513803,352.3532379864328,217.9380645963435,0.8613,3,27,1,4,5000,100,71.0,10.0,15.0,0.35,0.35,0.3,0.1,0.8351,0.0384,3.0199,209.5665,5.2116,0.7036,5.2589
35,2,170,411,162,427,116.56505117707799,216.8985938174796,116.56505117707799,234.7871376374779,1.0,2,27,1,4,5000,100,71.0,10.0,15.0,0.35,0.35,0.3,0.1,0.861,0.0396,3.1143,225.4886,-2.5305,-5.0611,5.6584
35,3,473,185,488,183,351.17025533209096,208.47062143141417,351.25383773744477,223.6000894454204,0.7967,2,27,1,4,5000,100,71.0,10.0,15.0,0.35,0.35,0.3,0.1,0.7613,0.035,2.7508,215.7705,5.3504,0.8311,5.4146
36,2,173,408,165,424,116.20394810417116,212.8778992756176,116.23193993315664,230.76611536358627,0.8847,3,27,1,4,5000,100,71.0,10.0,15.0,0.35,0.35,0.3,0.1,0.8766,0.0403,3.1711,221.4614,-2.4540,-4.9862,5.5574
36,4,31,340,12,350,152.4720851972858,266.1296676434253,152.4548677932286,287.60041724587256,0.8613,3,27,1,4,5000,100,71.0,10.0,15.0,0.35,0.35,0.3,0.1,0.843,0.0388,3.0486,276.4488,-6.1518,-3.2063,6.9372
36,3,476,181,492,179,350.2267735128206,212.07781590727495,350.41383984465574,228.18632737304836,0.6898,3,27,1,4,5000,100,71.0,10.0,15.0,0.35,0.35,0.3,0.1,0.7954,0.0366,2.8753,219.8374,5.4366,0.9364,5.5166
37,2,177,403,169,419,115.82099197418928,206.63010429267078,115.88027367006886,224.51725991557976,0.8159,3,27,1,4,5000,100,71.0,10.0,15.0,0.35,0.35,0.3,0.1,0.9019,0.0415,3.2635,215.2026,-2.3522,-4.8611,5.4003
37,4,35,335,16,345,153.04116959683518,260.2844597743015,152.98022996122887,281.7534383108749,0.8175,3,27,1,4,5000,100,71.0,10.0,15.0,0.35,0.35,0.3,0.1,0.8611,0.0396,3.1146,270.5938,-6.0524,-3.0784,6.7903
37,3,480,177,496,174,349.3641044239643,216.72332592501436,349.3652390612597,233.00214591286493,0.9311,3,27,1,4,5000,100,71.0,10.0,15.0,0.35,0.35,0.3,0.1,0.7869,0.0362,2.8443,224.5681,5.5385,1.0401,5.6353
38,2,179,402,171,417,115.43929646747563,204.86336910243372,115.64100582430528,221.84679398179276,0.7134,3,27,1,4,5000,100,71.0,10.0,15.0,0.35,0.35,0.3,0.1,0.8653,0.0398,3.1299,213.0171,-2.2962,-4.8272,5.3455
38,4,36,333,18,342,153.33582127561036,258.48984506165806,153.34298135854587,278.61442891566116,0.9519,3,27,1,4,5000,100,71.0,10.0,15.0,0.35,0.35,0.3,0.1,0.8146,0.0375,2.9451,268.1751,-6.0139,-3.0200,6.7296
38,3,482,175,498,171,348.94653752077977,219.06391761310215,348.73777424227643,235.53555994796199,0.6894,3,27,1,4,5000,100,71.0,10.0,15.0,0.35,0.35,0.3,0.1,0.7877,0.0362,2.8472,227.0013,5.5907,1.0921,5.6964
39,2,179,401,172,416,115.55996517182382,203.9607805437114,115.51919977172064,220.5130381632796,0.9266,2,27,1,4,5000,100,71.0,10.0,15.0,0.35,0.35,0.3,0.1,0.8477,0.039,3.0660,211.9142,-2.2944,-4.7974,5.3178
39,3,483,174,499,170,348.74108779701186,220.238507078122,348.54765908804814,236.7129062810053,0.687,2,27,1,4,5000,100,71.0,10.0,15.0,0.35,0.35,0.3,0.1,0.7838,0.0361,2.8329,228.1787,5.6157,1.1179,5.7259
40,2,180,399,173,414,115.54882463540712,201.72506041639943,115.50848649788338,218.27734651126764,0.9134,3,27,1,4,5000,100,71.0,10.0,15.0,0.35,0.35,0.3,0.1,0.8568,0.0394,3.0989,209.6750,-2.2692,-4.7471,5.2616
40,4,38,330,19,340,153.73597466701838,255.36248745655655,153.620071860515,276.82666056577716,0.8627,3,27,1,4,5000,100,71.0,10.0,15.0,0.35,0.35,0.3,0.1,0.8768,0.0403,3.1719,265.6617,-5.9783,-2.9500,6.6665
40,3,483,172,500,169,348.23171106797935,220.63771209836273,348.35942778608825,237.89283301520456,0.7792,3,27,1,4,5000,100,71.0,10.0,15.0,0.35,0.35,0.3,0.1,0.8181,0.0376,2.9580,228.9406,5.6243,1.1717,5.7451
41,2,182,397,174,412,115.27772223555296,199.06029237394384,115.4975514933378,216.04166264866598,0.6732,3,27,1,4,5000,100,71.0,10.0,15.0,0.35,0.35,0.3,0.1,0.8894,0.0409,3.2177,207.2036,-2.2203,-4.7017,5.1996
41,4,40,328,21,337,153.94197788383678,252.68557536986555,153.99665415548856,273.70787347096905,0.8186,3,27,1,4,5000,100,71.0,10.0,15.0,0.35,0.35,0.3,0.1,0.8682,0.0399,3.1406,262.7769,-5.9239,-2.8967,6.5942
41,3,485,170,501,167,347.83346622453433,223.00896842952304,347.9386905429555,239.28226010300054,0.7776,3,27,1,4,5000,100,71.0,10.0,15.0,0.35,0.35,0.3,0.1,0.7653,0.0352,2.7654,230.8592,5.6631,1.2209,5.7932
42,2,184,392,178,406,115.37431728522067,193.68531178176625,115.21572129599058,208.90667772955464,0.7474,3,27,1,4,5000,100,71.0,10.0,15.0,0.35,0.35,0.3,0.1,0.822,0.0378,2.9720,201.0082,-2.1616,-4.5575,5.0441
42,4,43,323,25,332,154.6758185980528,247.81444671366518,154.5826239426368,267.9346935355703,0.8602,3,27,1,4,5000,100,71.0,10.0,15.0,0.35,0.35,0.3,0.1,0.8481,0.039,3.0673,257.4821,-5.8404,-2.7637,6.4613
42,3,488,165,504,162,346.7594800848128,227.03523955544875,346.93477846315267,243.29817097545143,0.6934,3,27,1,4,5000,100,71.0,10.0,15.0,0.35,0.35,0.3,0.1,0.7517,0.0346,2.7160,234.8855,5.7376,1.3500,5.8942
43,2,191,381,184,394,114.86369657175187,180.75397644312005,115.1231278053967,195.49424543960367,0.6732,2,27,1,4,5000,100,71.0,10.0,15.0,0.35,0.35,0.3,0.1,0.8517,0.0392,3.0804,187.8354,-1.9819,-4.2767,4.7136
43,3,494,155,511,151,344.7235261807067,235.3146829248018,344.86416449625193,252.76866894455097,0.7361,2,27,1,4,5000,100,71.0,10.0,15.0,0.35,0.35,0.3,0.1,0.7774,0.0358,2.8097,243.7296,5.9001,1.6115,6.1162
44,2,196,372,190,386,114.61083521971831,170.48753620133056,114.4950205240369,185.71483516402236,0.8619,3,27,1,4,5000,100,71.0,10.0,15.0,0.35,0.35,0.3,0.1,0.9294,0.0427,3.3635,177.7757,-1.8578,-4.0559,4.4611
44,4,54,304,37,311,157.78240573048168,230.08259386576813,157.7703789087622,248.46730167166865,0.9399,3,27,1,4,5000,100,71.0,10.0,15.0,0.35,0.35,0.3,0.1,0.8352,0.0384,3.0203,238.9218,-5.5504,-2.2671,5.9955
44,3,500,147,517,142,343.27819837366275,243.28789530101986,343.3007557660064,261.00766272276377,0.842,3,27,1,4,5000,100,71.0,10.0,15.0,0.35,0.35,0.3,0.1,0.7639,0.0351,2.7604,251.8365,6.0524,1.8183,6.3196
45,2,199,365,193,378,114.67686317033706,162.87418457201866,114.68480437326792,177.19198627477485,0.8917,3,27,1,4,5000,100,71.0,10.0,15.0,0.35,0.35,0.3,0.1,0.9153,0.0421,3.3123,169.7317,-1.7782,-3.8703,4.2593
45,4,57,297,40,304,159.14554196042167,224.72205054244233,159.03017444753746,243.10080213771406,0.7596,3,27,1,4,5000,100,71.0,10.0,15.0,0.35,0.35,0.3,0.1,0.8541,0.0393,3.0891,233.5504,-5.4768,-2.0864,5.8607
45,3,503,140,520,134,341.9299875128086,248.2438317461282,341.8372381058151,266.2667835085706,0.787,3,27,1,4,5000,100,71.0,10.0,15.0,0.35,0.35,0.3,0.1,0.7615,0.035,2.7518,256.9396,6.1297,1.9999,6.4477
46,5,106,447,94,466,124.99202019855868,280.7507791618752,124.79076592393928,303.19960422137757,0.621,4,27,1,4,5000,100,71.0,10.0,15.0,0.35,0.35,0.3,0.1,0.8358,0.0384,3.0223,291.5437,-4.1955,-5.9935,7.3160
46,2,202,357,195,369,114.90476880809518,154.35349040433132,115.3461759419467,168.1903683330291,0.5422,4,27,1,4,5000,100,71.0,10.0,15.0,0.35,0.35,0.3,0.1,0.9326,0.0429,3.3754,160.9751,-1.7011,-3.6639,4.0395
46,4,59,288,42,294,161.15285843567565,219.78398485785993,161.10791370040863,237.81084920583416,0.8893,4,27,1,4,5000,100,71.0,10.0,15.0,0.35,0.35,0.3,0.1,0.8564,0.0394,3.0977,228.4423,-5.4252,-1.8519,5.7326
46,3,505,131,523,125,340.13295499291337,253.06125740618614,340.23283132320836,272.02941017470886,0.7509,4,27,1,4,5000,100,71.0,10.0,15.0,0.35,0.35,0.3,0.1,0.7853,0.0361,2.8385,262.2027,6.1881,2.2361,6.5797
47,2,203,351,197,362,115.52969799053305,148.49915824677257,115.76932762433871,161.01242188104618,0.822,3,27,1,4,5000,100,71.0,10.0,15.0,0.35,0.35,0.3,0.1,0.8789,0.0404,3.1796,154.5028,-1.6710,-3.4986,3.8771
47,4,60,282,43,288,162.56720750091566,216.96543503516867,162.41324435830185,234.98297810692586,0.7619,3,27,1,4,5000,100,71.0,10.0,15.0,0.35,0.35,0.3,0.1,0.8667,0.0399,3.1351,225.6151,-5.4016,-1.6961,5.6616
47,3,506,126,524,119,339.1555116452894,255.7381473304286,339.1270026374922,275.0509043795348,0.8726,3,27,1,4,5000,100,71.0,10.0,15.0,0.35,0.35,0.3,0.1,0.791,0.0364,2.8592,265.0432,6.2157,2.3667,6.6510
48,5,110,430,98,447,126.39352648021114,264.60914572251653,126.30779871180249,285.41373477812874,0.7233,4,27,1,4,5000,100,71.0,10.0,15.0,0.35,0.35,0.3,0.1,0.8223,0.0378,2.9733,274.6180,-4.0888,-5.5472,6.8913
48,2,205,340,199,350,116.75107578158553,137.7425134081704,117.07967008819517,149.37536610833797,0.6986,4,27,1,4,5000,100,71.0,10.0,15.0,0.35,0.35,0.3,0.1,0.8808,0.0405,3.1865,143.3233,-1.6189,-3.2116,3.5966
48,4,63,271,46,275,165.17352002964432,211.02606474082768,165.29472794387,228.4841351166422,0.8039,4,27,1,4,5000,100,71.0,10.0,15.0,0.35,0.35,0.3,0.1,0.8635,0.0397,3.1236,219.4084,-5.3225,-1.4089,5.5059
48,3,508,114,527,106,336.85882006785266,262.0877715575452,336.8812456346543,282.70302439132126,0.8377,4,27,1,4,5000,100,71.0,10.0,15.0,0.35,0.35,0.3,0.1,0.8227,0.0378,2.9746,272.0054,6.2765,2.6825,6.8257
49,2,206,335,201,345,117.336664855814,132.83448347473634,117.27676338311369,144.01388821915754,0.9013,3,27,1,4,5000,100,71.0,10.0,15.0,0.35,0.35,0.3,0.1,0.8779,0.0404,3.1758,138.1985,-1.5926,-3.0807,3.4680
49,4,64,266,48,270,166.4295656148385,208.83007446246816,166.39547113536793,225.32199182503248,0.926,3,27,1,4,5000,100,71.0,10.0,15.0,0.35,0.35,0.3,0.1,0.8258,0.038,2.9861,216.7628,-5.2876,-1.2763,5.4395
49,3,510,109,529,101,336.0375110254218,265.9191606484948,336.118723982391,286.53097563788805,0.7853,3,27,1,4,5000,100,71.0,10.0,15.0,0.35,0.35,0.3,0.1,0.8111,0.0373,2.9325,275.8406,6.3254,2.8113,6.9220
50,5,113,423,101,440,126.78079075110094,257.2003110418026,126.6637986084599,278.0017985553331,0.7389,3,27,1,4,5000,100,71.0,10.0,15.0,0.35,0.35,0.3,0.1,0.845,0.0389,3.0558,267.1968,-4.0147,-5.3703,6.7051
50,2,208,332,203,342,117.1597956922965,129.25169244539896,117.11244642795575,140.4314779527724,0.9397,3,27,1,4,5000,100,71.0,10.0,15.0,0.35,0.35,0.3,0.1,0.9012,0.0415,3.2610,134.6099,-1.5419,-3.0055,3.3779
50,3,512,106,530,98,335.6265630664545,268.972117514065,335.6546043761199,288.6693610343848,0.8827,3,27,1,4,5000,100,71.0,10.0,15.0,0.35,0.35,0.3,0.1,0.7679,0.0353,2.7750,278.4729,6.3652,2.8838,6.9880
51,5,115,419,103,435,126.96055544916335,252.80031645549812,126.95390899254761,272.80029325497435,0.8577,3,27,1,4,5000,100,71.0,10.0,15.0,0.35,0.35,0.3,0.1,0.8272,0.0381,2.9913,262.4198,-3.9594,-5.2619,6.5852
51,2,210,328,205,338,117.18111108547723,124.77980605851253,117.13045170034678,135.95955280891445,0.8897,3,27,1,4,5000,100,71.0,10.0,15.0,0.35,0.35,0.3,0.1,0.9321,0.0429,3.3736,130.1300,-1.4917,-2.9049,3.2655
51,3,514,103,533,94,335.22485943116806,272.03860020225073,335.1838948674762,293.0614270080592,0.8599,3,27,1,4,5000,100,71.0,10.0,15.0,0.35,0.35,0.3,0.1,0.8088,0.0372,2.9239,282.1590,6.4288,2.9672,7.0805
52,5,117,415,106,431,127.14668669802178,248.4028985338134,126.95547753666443,267.8002987302292,0.6201,3,27,1,4,5000,100,71.0,10.0,15.0,0.35,0.35,0.3,0.1,0.8169,0.0376,2.9537,257.7371,-3.9056,-5.1553,6.4677
52,2,213,324,208,333,116.77884040695511,119.85407794480753,116.95883040316482,130.14222988715076,0.8145,3,27,1,4,5000,100,71.0,10.0,15.0,0.35,0.35,0.3,0.1,0.8947,0.0412,3.2370,124.7865,-1.4108,-2.7956,3.1314
52,3,517,99,535,90,334.732689499661,276.4489102890442,334.6446346788999,296.56871041969345,0.7538,3,27,1,4,5000,100,71.0,10.0,15.0,0.35,0.35,0.3,0.1,0.7633,0.0351,2.7583,286.1556,6.4938,3.0651,7.1808
53,5,120,412,108,428,127.01067323360311,244.20073709962466,127.00001652778104,264.20068130116545,0.833,3,27,1,4,5000,100,71.0,10.0,15.0,0.35,0.35,0.3,0.1,0.8552,0.0393,3.0933,253.8073,-3.8339,-5.0858,6.3691
53,2,215,322,210,330,116.346366057655,117.17081547894082,116.76750891929619,126.56223765404908,0.6196,3,27,1,4,5000,100,71.0,10.0,15.0,0.35,0.35,0.3,0.1,0.8377,0.0385,3.0293,121.6856,-1.3552,-2.7364,3.0536
53,3,519,96,538,86,334.3516030793073,279.54427198567316,334.20111714279676,301.0016611249845,0.695,3,27,1,4,5000,100,71.0,10.0,15.0,0.35,0.35,0.3,0.1,0.8035,0.037,2.9048,289.8764,6.5574,3.1486,7.2742
54,5,122,409,110,424,127.06040660133849,240.6013300046365,127.17864789562506,259.8037721050255,0.709,3,27,1,4,5000,100,71.0,10.0,15.0,0.35,0.35,0.3,0.1,0.8342,0.0384,3.0168,249.8341,-3.7783,-5.0030,6.2694
54,2,217,319,212,327,116.1139126302907,113.59577456930342,116.56505117707799,122.98373876248843,0.6164,3,27,1,4,5000,100,71.0,10.0,15.0,0.35,0.35,0.3,0.1,0.8627,0.0397,3.1205,118.1035,-1.3045,-2.6612,2.9637
54,3,521,93,540,83,333.9788797557134,282.65172916506276,333.8562337270906,304.11346566701053,0.7173,3,27,1,4,5000,100,71.0,10.0,15.0,0.35,0.35,0.3,0.1,0.7952,0.0366,2.8744,292.9901,6.6070,3.2255,7.3523
55,5,123,406,112,421,127.30394827798344,237.60681808399355,127.22771206992545,256.20499604808646,0.7651,3,27,1,4,5000,100,71.0,10.0,15.0,0.35,0.35,0.3,0.1,0.8188,0.0377,2.9604,246.5557,-3.7496,-4.9214,6.1871
55,2,219,316,214,324,115.86635679409451,110.02272492535349,116.35046124594861,119.40686747419514,0.6602,3,27,1,4,5000,100,71.0,10.0,15.0,0.35,0.35,0.3,0.1,0.8892,0.0409,3.2171,114.5229,-1.2538,-2.5859,2.8738
55,3,523,91,542,81,333.7941653044725,285.3278815678552,333.6855118590563,306.79146011582526,0.7057,3,27,1,4,5000,100,71.0,10.0,15.0,0.35,0.35,0.3,0.1,0.788,0.0362,2.8484,295.6707,6.6570,3.2765,7.4196
56,5,124,404,113,419,127.40535663140857,235.41028014935966,127.32103619263131,254.00787389370433,0.7919,3,27,1,4,5000,100,71.0,10.0,15.0,0.35,0.35,0.3,0.1,0.8261,0.038,2.9871,244.3557,-3.7248,-4.8709,6.1319
56,2,220,314,216,322,115.85186254206042,107.78682665335315,115.90650799951439,116.73045875006231,0.8952,3,27,1,4,5000,100,71.0,10.0,15.0,0.35,0.35,0.3,0.1,0.866,0.0398,3.1326,112.0805,-1.2264,-2.5311,2.8126
56,3,525,89,544,79,333.6128854543324,288.00694436072195,333.5177461345261,309.4721312170128,0.7938,3,27,1,4,5000,100,71.0,10.0,15.0,0.35,0.35,0.3,0.1,0.781,0.0359,2.8229,298.3540,6.7069,3.3274,7.4869
57,5,126,402,115,418,127.31327831853166,232.606964642076,127.09726065683458,252.00198411917316,0.6367,3,27,1,4,5000,100,71.0,10.0,15.0,0.35,0.35,0.3,0.1,0.8701,0.04,3.1474,241.9164,-3.6799,-4.8282,6.0707
57,2,221,312,217,320,115.83675422400157,105.55093557141026,115.89364699422802,114.49454135459908,0.8545,3,27,1,4,5000,100,71.0,10.0,15.0,0.35,0.35,0.3,0.1,0.8836,0.0406,3.1967,109.8410,-1.2012,-2.4808,2.7564
57,3,526,87,545,77,333.34652948028327,289.79475495598604,333.27030623151455,311.26194756185663,0.8045,3,27,1,4,5000,100,71.0,10.0,15.0,0.35,0.35,0.3,0.1,0.7765,0.0357,2.8062,300.1450,6.7315,3.3787,7.5319
58,5,127,401,116,416,127.26640190097714,231.2055362658948,127.19100753970427,249.8039231077046,0.7406,2,27,1,4,5000,100,71.0,10.0,15.0,0.35,0.35,0.3,0.1,0.8406,0.0387,3.0399,240.1452,-3.6490,-4.7958,6.0262
58,3,527,86,547,76,333.25892547651927,291.1374245953275,333.2714805659992,313.4980063732463,0.8763,2,27,1,4,5000,100,71.0,10.0,15.0,0.35,0.35,0.3,0.1,0.804,0.037,2.9065,301.9042,6.7658,3.4089,7.5760
59,5,129,400,118,415,127.01988625483148,229.20078533896867,126.96238469951436,247.8003228407905,0.7776,3,27,1,4,5000,100,71.0,10.0,15.0,0.35,0.35,0.3,0.1,0.8477,0.039,3.0658,238.1379,-3.5980,-4.7713,5.9759
59,2,224,310,220,317,114.81419699053517,102.45974819410792,115.17352452453017,110.4943437466371,0.6993,3,27,1,4,5000,100,71.0,10.0,15.0,0.35,0.35,0.3,0.1,0.8202,0.0377,2.9657,106.3255,-1.1198,-2.4218,2.6681
59,3,528,85,548,74,333.17212598968547,292.48076859855246,333.028602589613,315.29351404683223,0.7051,3,27,1,4,5000,100,71.0,10.0,15.0,0.35,0.35,0.3,0.1,0.816,0.0375,2.9503,303.4590,6.7954,3.4368,7.6150
60,5,130,399,119,414,126.97050470576842,227.80035118497952,126.9164039501705,246.4000811688178,0.79,3,27,1,4,5000,100,71.0,10.0,15.0,0.35,0.35,0.3,0.1,0.8527,0.0392,3.0841,236.7354,-3.5727,-4.7463,5.9407
60,2,225,309,221,316,114.5377284765778,101.13357503816425,114.9217705225852,109.16501271011697,0.7884,3,27,1,4,5000,100,71.0,10.0,15.0,0.35,0.35,0.3,0.1,0.8303,0.0382,3.0023,104.9959,-1.0942,-2.3968,2.6348
60,3,530,84,550,74,333.1741200654691,294.7168132292421,333.1925139671721,317.0772776469484,0.891,3,27,1,4,5000,100,71.0,10.0,15.0,0.35,0.35,0.3,0.1,0.7946,0.0365,2.8722,305.4884,6.8410,3.4595,7.6660
61,5,130,399,119,414,126.97050470576842,227.80035118497952,126.9164039501705,246.4000811688178,0.796,3,27,1,4,5000,100,71.0,10.0,15.0,0.35,0.35,0.3,0.1,0.8527,0.0392,3.0841,236.7354,-3.5727,-4.7463,5.9407
61,2,225,309,222,316,114.5377284765778,101.13357503816425,114.44395478041653,108.74741376235114,0.8886,3,27,1,4,5000,100,71.0,10.0,15.0,0.35,0.35,0.3,0.1,0.7887,0.0363,2.8506,104.8024,-1.0922,-2.3924,2.6299
61,3,530,84,551,74,333.1741200654691,294.7168132292421,333.2737796853869,317.9701243827791,0.8107,3,27,1,4,5000,100,71.0,10.0,15.0,0.35,0.35,0.3,0.1,0.8251,0.038,2.9835,305.9022,6.8502,3.4642,7.6763
62,5,130,399,119,414,126.97050470576842,227.80035118497952,126.9164039501705,246.4000811688178,0.7399,3,27,1,4,5000,100,71.0,10.0,15.0,0.35,0.35,0.3,0.1,0.8527,0.0392,3.0841,236.7354,-3.5727,-4.7463,5.9407
62,2,225,309,222,316,114.5377284765778,101.13357503816425,114.44395478041653,108.74741376235114,0.8969,3,27,1,4,5000,100,71.0,10.0,15.0,0.35,0.35,0.3,0.1,0.7887,0.0363,2.8506,104.8024,-1.0922,-2.3924,2.6299
62,3,531,84,550,74,333.26158844571495,295.6095397648729,333.1925139671721,317.0772776469484,0.8194,3,27,1,4,5000,100,71.0,10.0,15.0,0.35,0.35,0.3,0.1,0.7617,0.035,2.7525,305.9673,6.8570,3.4545,7.6780
63,5,130,399,119,414,126.97050470576842,227.80035118497952,126.9164039501705,246.4000811688178,0.8186,3,27,1,4,5000,100,71.0,10.0,15.0,0.35,0.35,0.3,0.1,0.8527,0.0392,3.0841,236.7354,-3.5727,-4.7463,5.9407
63,2,225,309,222,316,114.5377284765778,101.13357503816425,114.44395478041653,108.74741376235114,0.931,3,27,1,4,5000,100,71.0,10.0,15.0,0.35,0.35,0.3,0.1,0.7887,0.0363,2.8506,104.8024,-1.0922,-2.3924,2.6299
63,3,531,84,551,74,333.26158844571495,295.6095397648729,333.2737796853869,317.9701243827791,0.9275,3,27,1,4,5000,100,71.0,10.0,15.0,0.35,0.35,0.3,0.1,0.7923,0.0364,2.8638,306.3824,6.8663,3.4591,7.6884
64,5,130,399,119,414,126.97050470576842,227.80035118497952,126.9164039501705,246.4000811688178,0.8361,3,27,1,4,5000,100,71.0,10.0,15.0,0.35,0.35,0.3,0.1,0.8527,0.0392,3.0841,236.7354,-3.5727,-4.7463,5.9407
64,2,225,309,222,317,114.5377284765778,101.13357503816425,114.22774531795417,109.65856099730654,0.8303,3,27,1,4,5000,100,71.0,10.0,15.0,0.35,0.35,0.3,0.1,0.8792,0.0404,3.1807,105.2237,-1.0966,-2.4020,2.6405
64,3,531,84,551,74,333.26158844571495,295.6095397648729,333.2737796853869,317.9701243827791,0.9099,3,27,1,4,5000,100,71.0,10.0,15.0,0.35,0.35,0.3,0.1,0.7923,0.0364,2.8638,306.3824,6.8663,3.4591,7.6884
65,5,130,399,119,414,126.97050470576842,227.80035118497952,126.9164039501705,246.4000811688178,0.8306,3,27,1,4,5000,100,71.0,10.0,15.0,0.35,0.35,0.3,0.1,0.8527,0.0392,3.0841,236.7354,-3.5727,-4.7463,5.9407
65,2,226,309,222,317,114.0202467972649,100.72239075796404,114.22774531795417,109.65856099730654,0.8683,3,27,1,4,5000,100,71.0,10.0,15.0,0.35,0.35,0.3,0.1,0.9234,0.0425,3.3418,105.0007,-1.0726,-2.4067,2.6349
65,3,530,84,550,74,333.1741200654691,294.7168132292421,333.1925139671721,317.0772776469484,0.8658,3,27,1,4,5000,100,71.0,10.0,15.0,0.35,0.35,0.3,0.1,0.7946,0.0365,2.8722,305.4884,6.8410,3.4595,7.6660
66,5,130,400,119,414,126.8197701175025,228.60008748904713,126.9164039501705,246.4000811688178,0.748,3,27,1,4,5000,100,71.0,10.0,15.0,0.35,0.35,0.3,0.1,0.8147,0.0375,2.9455,237.1666,-3.5667,-4.7643,5.9515
66,2,226,309,222,317,114.0202467972649,100.72239075796404,114.22774531795417,109.65856099730654,0.8556,3,27,1,4,5000,100,71.0,10.0,15.0,0.35,0.35,0.3,0.1,0.9234,0.0425,3.3418,105.0007,-1.0726,-2.4067,2.6349
66,3,531,84,551,74,333.26158844571495,295.6095397648729,333.2737796853869,317.9701243827791,0.8999,3,27,1,4,5000,100,71.0,10.0,15.0,0.35,0.35,0.3,0.1,0.7923,0.0364,2.8638,306.3824,6.8663,3.4591,7.6884
67,5,130,400,119,414,126.8197701175025,228.60008748904713,126.9164039501705,246.4000811688178,0.7014,3,27,1,4,5000,100,71.0,10.0,15.0,0.35,0.35,0.3,0.1,0.8147,0.0375,2.9455,237.1666,-3.5667,-4.7643,5.9515
67,2,226,310,222,317,113.7907738657772,101.6366075781753,114.22774531795417,109.65856099730654,0.7544,3,27,1,4,5000,100,71.0,10.0,15.0,0.35,0.35,0.3,0.1,0.8254,0.038,2.9845,105.4953,-1.0679,-2.4224,2.6473
67,3,531,84,551,74,333.26158844571495,295.6095397648729,333.2737796853869,317.9701243827791,0.8576,3,27,1,4,5000,100,71.0,10.0,15.0,0.35,0.35,0.3,0.1,0.7923,0.0364,2.8638,306.3824,6.8663,3.4591,7.6884
68,5,130,400,119,415,126.8197701175025,228.60008748904713,126.7771861094251,247.20032362438363,0.7589,3,27,1,4,5000,100,71.0,10.0,15.0,0.35,0.35,0.3,0.1,0.8499,0.0391,3.0737,237.5366,-3.5723,-4.7717,5.9608
68,2,226,310,222,317,113.7907738657772,101.6366075781753,114.22774531795417,109.65856099730654,0.742,3,27,1,4,5000,100,71.0,10.0,15.0,0.35,0.35,0.3,0.1,0.8254,0.038,2.9845,105.4953,-1.0679,-2.4224,2.6473
68,3,531,84,551,74,333.26158844571495,295.6095397648729,333.2737796853869,317.9701243827791,0.879,3,27,1,4,5000,100,71.0,10.0,15.0,0.35,0.35,0.3,0.1,0.7923,0.0364,2.8638,306.3824,6.8663,3.4591,7.6884
69,5,130,400,119,415,126.8197701175025,228.60008748904713,126.7771861094251,247.20032362438363,0.8034,3,27,1,4,5000,100,71.0,10.0,15.0,0.35,0.35,0.3,0.1,0.8499,0.0391,3.0737,237.5366,-3.5723,-4.7717,5.9608
69,2,226,310,222,317,113.7907738657772,101.6366075781753,114.22774531795417,109.65856099730654,0.6898,3,27,1,4,5000,100,71.0,10.0,15.0,0.35,0.35,0.3,0.1,0.8254,0.038,2.9845,105.4953,-1.0679,-2.4224,2.6473
69,3,530,85,550,74,333.3478732372049,294.2668856667362,333.1925139671721,317.0772776469484,0.6605,3,27,1,4,5000,100,71.0,10.0,15.0,0.35,0.35,0.3,0.1,0.8112,0.0373,2.9327,305.2465,6.8460,3.4360,7.6599
70,5,130,400,119,415,126.8197701175025,228.60008748904713,126.7771861094251,247.20032362438363,0.8253,4,27,1,4,5000,100,71.0,10.0,15.0,0.35,0.35,0.3,0.1,0.8499,0.0391,3.0737,237.5366,-3.5723,-4.7717,5.9608
70,2,226,310,222,317,113.7907738657772,101.6366075781753,114.22774531795417,109.65856099730654,0.7405,4,27,1,4,5000,100,71.0,10.0,15.0,0.35,0.35,0.3,0.1,0.8254,0.038,2.9845,105.4953,-1.0679,-2.4224,2.6473
70,6,84,240,69,242,172.83645253416765,184.43969204051496,172.80376457091864,199.5720421301541,0.9711,4,27,1,4,5000,100,71.0,10.0,15.0,0.35,0.35,0.3,0.1,0.8567,0.0394,3.0986,191.7077,-4.7732,-0.5999,4.8107
70,3,530,85,550,74,333.3478732372049,294.2668856667362,333.1925139671721,317.0772776469484,0.6742,4,27,1,4,5000,100,71.0,10.0,15.0,0.35,0.35,0.3,0.1,0.8112,0.0373,2.9327,305.2465,6.8460,3.4360,7.6599
71,5,130,400,119,415,126.8197701175025,228.60008748904713,126.7771861094251,247.20032362438363,0.7741,2,27,1,4,5000,100,71.0,10.0,15.0,0.35,0.35,0.3,0.1,0.8499,0.0391,3.0737,237.5366,-3.5723,-4.7717,5.9608
71,3,530,85,550,74,333.3478732372049,294.2668856667362,333.1925139671721,317.0772776469484,0.6464,2,27,1,4,5000,100,71.0,10.0,15.0,0.35,0.35,0.3,0.1,0.8112,0.0373,2.9327,305.2465,6.8460,3.4360,7.6599
72,5,129,400,119,415,127.01988625483148,229.20078533896867,126.7771861094251,247.20032362438363,0.6183,3,27,1,4,5000,100,71.0,10.0,15.0,0.35,0.35,0.3,0.1,0.8214,0.0378,2.9699,237.8605,-3.5938,-4.7657,5.9689
72,2,225,310,221,318,114.30454926593673,102.04410811016969,114.48668093171604,110.98198051936178,0.8131,3,27,1,4,5000,100,71.0,10.0,15.0,0.35,0.35,0.3,0.1,0.9121,0.042,3.3007,106.3255,-1.0982,-2.4317,2.6681
72,3,530,85,550,75,333.3478732372049,294.2668856667362,333.3540226344866,316.6275414426231,0.9568,3,27,1,4,5000,100,71.0,10.0,15.0,0.35,0.35,0.3,0.1,0.7958,0.0366,2.8765,305.0380,6.8413,3.4337,7.6547
73,5,127,402,117,417,127.11686068327027,232.0021551624036,126.86989764584402,250.0,0.546,3,27,1,4,5000,100,71.0,10.0,15.0,0.35,0.35,0.3,0.1,0.8118,0.0373,2.9349,240.6651,-3.6444,-4.8158,6.0393
73,2,223,312,220,319,114.85158585971216,104.69479452198185,114.73950886974812,112.30761327710601,0.8228,3,27,1,4,5000,100,71.0,10.0,15.0,0.35,0.35,0.3,0.1,0.7627,0.0351,2.7559,108.3677,-1.1429,-2.4676,2.7194
73,3,529,86,549,76,333.434948822922,292.92490505247247,333.434948822922,315.28558482747036,0.9136,3,27,1,4,5000,100,71.0,10.0,15.0,0.35,0.35,0.3,0.1,0.7993,0.0368,2.8893,303.6942,6.8164,3.4082,7.6209
74,5,118,407,107,422,128.10391580534647,241.4560001325293,127.9716037610504,260.0480724789169,0.744,4,27,1,4,5000,100,71.0,10.0,15.0,0.35,0.35,0.3,0.1,0.806,0.0371,2.9137,250.4074,-3.8776,-4.9446,6.2837
74,2,215,316,211,325,117.71081401525309,111.8257573191436,117.40757543781842,121.6552506059644,0.7959,4,27,1,4,5000,100,71.0,10.0,15.0,0.35,0.35,0.3,0.1,0.9152,0.0421,3.3120,116.5336,-1.3598,-2.5889,2.9243
74,6,74,246,58,249,171.45471810469914,195.1665955024066,171.29504289360108,211.43556938225885,0.8531,4,27,1,4,5000,100,71.0,10.0,15.0,0.35,0.35,0.3,0.1,0.8699,0.04,3.1466,202.9756,-5.0369,-0.7568,5.0935
74,3,521,90,541,81,333.434948822922,283.98063314247327,333.6024798645239,305.8954069612684,0.659,4,27,1,4,5000,100,71.0,10.0,15.0,0.35,0.35,0.3,0.1,0.8077,0.0372,2.9199,294.5309,6.6107,3.3054,7.3910
75,5,114,409,102,424,128.55046529615774,245.50560075077718,128.55839990066497,264.7149410214694,0.9075,4,27,1,4,5000,100,71.0,10.0,15.0,0.35,0.35,0.3,0.1,0.8185,0.0376,2.9594,254.7487,-3.9839,-4.9995,6.3927
75,2,210,318,205,327,119.43848967467153,115.97413504743201,119.40718906073367,126.26955294131677,0.8921,4,27,1,4,5000,100,71.0,10.0,15.0,0.35,0.35,0.3,0.1,0.924,0.0425,3.3438,120.9031,-1.4912,-2.6422,3.0340
75,6,69,248,52,251,171.1016869355374,200.4120754844877,171.0136891772164,217.671771252039,0.8804,4,27,1,4,5000,100,71.0,10.0,15.0,0.35,0.35,0.3,0.1,0.8975,0.0413,3.2473,208.6857,-5.1738,-0.8100,5.2368
75,3,516,93,535,83,333.52706414470333,278.16721589720095,333.434948822922,299.63310898497184,0.8028,4,27,1,4,5000,100,71.0,10.0,15.0,0.35,0.35,0.3,0.1,0.8077,0.0372,2.9199,288.5014,6.4806,3.2273,7.2397
76,5,112,410,100,425,128.76825439495988,247.53585598858197,128.76044476566935,266.74519677025114,0.8614,4,27,1,4,5000,100,71.0,10.0,15.0,0.35,0.35,0.3,0.1,0.812,0.0374,2.9358,256.7818,-4.0349,-5.0241,6.4437
76,2,207,319,202,328,120.46554491945989,118.33849753989612,120.35262472763701,128.63125592172378,0.8544,4,27,1,4,5000,100,71.0,10.0,15.0,0.35,0.35,0.3,0.1,0.906,0.0417,3.2785,123.2704,-1.5684,-2.6663,3.0934
76,6,66,249,50,252,170.95419873840925,203.5313243704762,170.8376529542783,219.80445855350615,0.8452,4,27,1,4,5000,100,71.0,10.0,15.0,0.35,0.35,0.3,0.1,0.8357,0.0384,3.0221,211.3551,-5.2378,-0.8339,5.3038
76,3,513,94,532,85,333.434948822922,275.0363612324741,333.52149827297234,296.05573799539843,0.7981,4,27,1,4,5000,100,71.0,10.0,15.0,0.35,0.35,0.3,0.1,0.8002,0.0368,2.8925,285.1592,6.4004,3.2002,7.1558
77,5,109,410,97,426,129.3055692822446,249.42533953069002,129.12480726970492,269.40861159213154,0.7029,3,27,1,4,5000,100,71.0,10.0,15.0,0.35,0.35,0.3,0.1,0.8373,0.0385,3.0280,259.0321,-4.1176,-5.0297,6.5002
77,2,205,320,200,328,121.04549082686316,120.22063050907694,121.11533231474182,129.65338406690356,0.8607,3,27,1,4,5000,100,71.0,10.0,15.0,0.35,0.35,0.3,0.1,0.8207,0.0378,2.9674,124.7590,-1.6146,-2.6823,3.1307
77,3,511,95,529,85,333.434948822922,272.80029325497435,333.2602671095334,293.3734821008879,0.6563,3,27,1,4,5000,100,71.0,10.0,15.0,0.35,0.35,0.3,0.1,0.79,0.0363,2.8554,282.7131,6.3455,3.1727,7.0944
78,5,104,411,91,427,130.03718490699598,253.38705570727168,129.96621304379997,274.0,0.792,4,27,1,4,5000,100,71.0,10.0,15.0,0.35,0.35,0.3,0.1,0.8497,0.0391,3.0732,263.2907,-4.2502,-5.0585,6.6070
78,2,200,321,194,329,122.79088024150376,123.71337841963576,123.09573428450825,133.6899397860587,0.7595,4,27,1,4,5000,100,71.0,10.0,15.0,0.35,0.35,0.3,0.1,0.8426,0.0388,3.0473,128.5083,-1.7465,-2.7109,3.2248
78,6,59,251,42,254,170.71644719473866,210.76052761368766,170.66160502376403,228.02192877001983,0.8811,4,27,1,4,5000,100,71.0,10.0,15.0,0.35,0.35,0.3,0.1,0.8552,0.0393,3.0933,219.0517,-5.4249,-0.8868,5.4969
78,3,506,95,524,86,332.9574950456124,268.337474088134,332.9908043898101,288.4614358974177,0.8447,4,27,1,4,5000,100,71.0,10.0,15.0,0.35,0.35,0.3,0.1,0.7857,0.0361,2.8400,278.0358,6.2143,3.1721,6.9771
79,5,97,412,84,428,131.08175113593262,258.69866640553056,130.9350526922573,279.3027031734566,0.7438,4,27,1,4,5000,100,71.0,10.0,15.0,0.35,0.35,0.3,0.1,0.8326,0.0383,3.0107,268.6061,-4.4294,-5.0808,6.7404
79,2,194,322,187,331,124.80849814997232,127.88275880665071,125.05942696688697,139.26952286842948,0.814,4,27,1,4,5000,100,71.0,10.0,15.0,0.35,0.35,0.3,0.1,0.9266,0.0426,3.3535,133.3335,-1.9099,-2.7472,3.3459
79,6,52,252,35,255,170.75388725443676,217.83020910791964,170.6979452887012,235.0914715594762,0.9401,4,27,1,4,5000,100,71.0,10.0,15.0,0.35,0.35,0.3,0.1,0.8285,0.0381,2.9960,226.1319,-5.6008,-0.9118,5.6746
79,3,499,96,518,87,332.4556291685825,261.658173959844,332.6190830595079,282.66764936936096,0.6747,4,27,1,4,5000,100,71.0,10.0,15.0,0.35,0.35,0.3,0.1,0.8391,0.0386,3.0345,271.7575,6.0465,3.1536,6.8195
80,5,91,414,77,429,131.7776340456985,264.1685068285014,131.867534801432,284.682279041039,0.7478,4,27,1,4,5000,100,71.0,10.0,15.0,0.35,0.35,0.3,0.1,0.8126,0.0374,2.9377,274.0420,-4.5816,-5.1283,6.8768
80,2,186,324,180,332,127.12606186827438,134.2013412749664,127.10829757176431,144.20124826089406,0.8561,4,27,1,4,5000,100,71.0,10.0,15.0,0.35,0.35,0.3,0.1,0.7809,0.0359,2.8223,139.0217,-2.1056,-2.7815,3.4886
80,6,45,253,27,257,170.78897345918335,224.89997776789573,170.53767779197437,243.3105012119288,0.6434,4,27,1,4,5000,100,71.0,10.0,15.0,0.35,0.35,0.3,0.1,0.8548,0.0393,3.0919,233.7433,-5.7899,-0.9389,5.8656
80,3,492,98,509,88,332.1261341064405,254.53094114468678,331.93980302095406,274.23530042647684,0.6647,4,27,1,4,5000,100,71.0,10.0,15.0,0.35,0.35,0.3,0.1,0.8101,0.0373,2.9289,264.0160,5.8566,3.0975,6.6252
81,5,86,414,72,431,132.57622865588644,267.5256997000475,132.34025005829892,289.5185658986311,0.5698,3,27,1,4,5000,100,71.0,10.0,15.0,0.35,0.35,0.3,0.1,0.8583,0.0395,3.1046,278.0880,-4.7214,-5.1387,6.9784
81,2,182,324,175,333,128.46336635120292,136.65284482951682,128.418055344822,148.05404418657398,0.8123,3,27,1,4,5000,100,71.0,10.0,15.0,0.35,0.35,0.3,0.1,0.8706,0.04,3.1492,142.1252,-2.2184,-2.7926,3.5665
81,3,487,99,504,89,331.79250912098473,249.64775184247102,331.6272103525184,269.3566409056959,0.6952,3,27,1,4,5000,100,71.0,10.0,15.0,0.35,0.35,0.3,0.1,0.8256,0.038,2.9852,259.1280,5.7303,3.0736,6.5026
82,5,83,415,68,431,132.90109406679645,270.29613389761977,132.91995376970752,292.227650984639,0.8673,4,27,1,4,5000,100,71.0,10.0,15.0,0.35,0.35,0.3,0.1,0.8476,0.039,3.0654,280.8344,-4.7973,-5.1623,7.0473
82,2,178,325,171,334,129.49105030178396,139.94641831786907,129.36931724236476,151.34397906755325,0.8712,4,27,1,4,5000,100,71.0,10.0,15.0,0.35,0.35,0.3,0.1,0.8506,0.0391,3.0765,145.4222,-2.3208,-2.8162,3.6492
82,6,37,255,18,259,170.61848983925177,233.1179958733345,170.42577211490817,252.5173261382276,0.7504,4,27,1,4,5000,100,71.0,10.0,15.0,0.35,0.35,0.3,0.1,0.8684,0.0399,3.1414,242.4302,-6.0022,-0.9917,6.0836
82,3,484,99,500,90,331.46358976552096,247.00809703327542,331.40677214690265,265.36390108679063,0.8347,4,27,1,4,5000,100,71.0,10.0,15.0,0.35,0.35,0.3,0.1,0.7788,0.0358,2.8149,255.8572,5.6405,3.0672,6.4205
83,5,79,416,64,432,133.37187615683376,273.7608445340568,133.3555967353049,295.6924077483221,0.8643,4,27,1,4,5000,100,71.0,10.0,15.0,0.35,0.35,0.3,0.1,0.8373,0.0385,3.0279,284.3043,-4.8994,-5.1861,7.1344
83,2,174,326,166,335,130.47117576306746,143.28293687665675,130.5612836322953,155.32224567009067,0.9387,4,27,1,4,5000,100,71.0,10.0,15.0,0.35,0.35,0.3,0.1,0.8765,0.0403,3.1709,149.0599,-2.4278,-2.8455,3.7405
83,6,33,256,14,259,170.53767779197437,237.22773868163057,170.57440585073414,256.46247288833507,0.9193,4,27,1,4,5000,100,71.0,10.0,15.0,0.35,0.35,0.3,0.1,0.847,0.039,3.0633,246.4704,-6.1008,-1.0168,6.1850
83,3,480,100,496,91,331.2201936956028,243.01851781294363,331.17960253946467,261.37520922994975,0.8475,4,27,1,4,5000,100,71.0,10.0,15.0,0.35,0.35,0.3,0.1,0.7912,0.0364,2.8599,251.8628,5.5396,3.0429,6.3203
84,5,71,418,56,434,134.27842883658445,280.7436553156634,134.19684074818977,302.67143902258107,0.7857,3,27,1,4,5000,100,71.0,10.0,15.0,0.35,0.35,0.3,0.1,0.8171,0.0376,2.9543,291.2955,-5.1033,-5.2335,7.3098
84,2,167,328,158,337,132.01571785640664,149.40214188558343,132.2499148250876,162.1141573089778,0.7896,3,27,1,4,5000,100,71.0,10.0,15.0,0.35,0.35,0.3,0.1,0.8871,0.0408,3.2096,155.4988,-2.6118,-2.8991,3.9021
84,3,473,101,489,92,330.6158428740487,236.4148895480147,330.6177453770203,254.77244748991205,0.8931,3,27,1,4,5000,100,71.0,10.0,15.0,0.35,0.35,0.3,0.1,0.8125,0.0374,2.9376,245.2506,5.3626,3.0197,6.1543
85,5,65,420,49,437,134.8585292269718,286.379119350556,134.7383772543052,309.7159989409653,0.7173,3,27,1,4,5000,100,71.0,10.0,15.0,0.35,0.35,0.3,0.1,0.8511,0.0391,3.0783,297.5907,-5.2675,-5.2935,7.4678
85,2,161,330,152,339,133.1692513519745,154.93547043850222,133.30821143173551,167.6573887426379,0.8019,3,27,1,4,5000,100,71.0,10.0,15.0,0.35,0.35,0.3,0.1,0.8573,0.0394,3.1010,161.0456,-2.7649,-2.9475,4.0413
85,3,466,103,481,95,330.1931438440337,229.34035841953332,330.3128183608063,246.3331078032346,0.7513,3,27,1,4,5000,100,71.0,10.0,15.0,0.35,0.35,0.3,0.1,0.7766,0.0357,2.8068,237.5332,5.1721,2.9629,5.9607
86,5,63,421,47,438,135.0,288.4995667241114,134.87007782015758,311.8348922106056,0.6957,3,27,1,4,5000,100,71.0,10.0,15.0,0.35,0.35,0.3,0.1,0.845,0.0389,3.0562,299.7137,-5.3182,-5.3182,7.5210
86,2,158,331,149,340,133.71555647819923,157.7244432546839,133.81146139079118,170.4494059831245,0.8634,3,27,1,4,5000,100,71.0,10.0,15.0,0.35,0.35,0.3,0.1,0.843,0.0388,3.0486,163.8402,-2.8413,-2.9717,4.1114
86,3,463,104,478,96,330.03523466379875,226.24102192131292,330.16746587060226,243.232399157678,0.746,3,27,1,4,5000,100,71.0,10.0,15.0,0.35,0.35,0.3,0.1,0.7868,0.0362,2.8440,234.4292,5.0965,2.9383,5.8828
87,5,60,423,43,440,135.13873042988763,292.0359566902678,135.12817826382354,316.07752213657966,0.8366,3,27,1,4,5000,100,71.0,10.0,15.0,0.35,0.35,0.3,0.1,0.8595,0.0395,3.1088,303.5815,-5.3998,-5.3738,7.6181
87,2,155,333,145,342,133.99491399474581,161.24515496597098,134.3041340604912,174.6682569902156,0.7072,3,27,1,4,5000,100,71.0,10.0,15.0,0.35,0.35,0.3,0.1,0.8687,0.04,3.1425,167.6885,-2.9228,-3.0272,4.2080
87,3,460,106,475,98,330.0955208442111,222.64321233758733,330.22546250513,239.63513932643517,0.7723,3,27,1,4,5000,100,71.0,10.0,15.0,0.35,0.35,0.3,0.1,0.7991,0.0368,2.8887,230.8269,5.0212,2.8878,5.7924
88,5,51,429,34,446,135.53545898556453,302.65491900843114,135.49605496039524,326.6955769519998,0.8254,3,27,1,4,5000,100,71.0,10.0,15.0,0.35,0.35,0.3,0.1,0.8304,0.0382,3.0030,314.2161,-5.6274,-5.5232,7.8850
88,2,147,338,137,348,134.76225954070702,170.41420128616042,134.78047701474037,184.55622449540954,0.9282,3,27,1,4,5000,100,71.0,10.0,15.0,0.35,0.35,0.3,0.1,0.8661,0.0398,3.1330,177.2035,-3.1313,-3.1574,4.4468
88,3,453,110,467,102,330.08952442565493,214.5809870421888,330.10109816138544,230.70543990118657,0.8939,3,27,1,4,5000,100,71.0,10.0,15.0,0.35,0.35,0.3,0.1,0.7872,0.0362,2.8455,222.3513,4.8365,2.7823,5.5797
89,5,42,435,24,453,135.9052755789158,313.28740798187215,135.83724824434785,338.74031351464504,0.765,3,27,1,4,5000,100,71.0,10.0,15.0,0.35,0.35,0.3,0.1,0.8487,0.039,3.0693,325.5171,-5.8666,-5.6841,8.1686
89,2,137,344,127,355,135.66879195296866,181.738823590338,135.41219274140232,196.5807722031837,0.6669,3,27,1,4,5000,100,71.0,10.0,15.0,0.35,0.35,0.3,0.1,0.8529,0.0392,3.0847,188.8687,-3.3902,-3.3120,4.7395
89,3,443,116,456,109,330.15005321046823,202.9211669589942,330.2551187030578,217.68095920406083,0.8101,3,27,1,4,5000,100,71.0,10.0,15.0,0.35,0.35,0.3,0.1,0.7629,0.0351,2.7568,210.0421,4.5715,2.6234,5.2708
90,5,35,440,17,458,136.13317533903384,321.7965195585558,136.05011054053864,347.2477501726973,0.7759,3,27,1,4,5000,100,71.0,10.0,15.0,0.35,0.35,0.3,0.1,0.827,0.038,2.9904,334.0380,-6.0433,-5.8089,8.3824
90,2,130,349,119,360,136.06485469345898,190.24457942343588,135.98436670305472,205.7984450864486,0.8541,3,27,1,4,5000,100,71.0,10.0,15.0,0.35,0.35,0.3,0.1,0.8538,0.0393,3.0881,197.7161,-3.5729,-3.4425,4.9615
90,3,436,122,448,115,330.6583452990197,193.87109119205988,330.5971789944163,207.76188293332345,0.8093,3,27,1,4,5000,100,71.0,10.0,15.0,0.35,0.35,0.3,0.1,0.7519,0.0346,2.7166,200.5763,4.3876,2.4664,5.0333
91,5,30,443,11,461,136.36098279297607,327.48282397707516,136.37483478056942,353.6551993114197,0.8397,3,27,1,4,5000,100,71.0,10.0,15.0,0.35,0.35,0.3,0.1,0.8353,0.0384,3.0208,340.0662,-6.1758,-5.8892,8.5337
91,2,125,352,113,364,136.44759968685648,195.93111034238538,136.33221985386965,212.8966885604377,0.8246,3,27,1,4,5000,100,71.0,10.0,15.0,0.35,0.35,0.3,0.1,0.9022,0.0415,3.2644,204.0619,-3.7112,-3.5283,5.1207
91,3,430,125,442,118,330.5588708182813,187.17104476921637,330.5025387916316,201.06217943710845,0.8512,3,27,1,4,5000,100,71.0,10.0,15.0,0.35,0.35,0.3,0.1,0.7779,0.0358,2.8113,193.8681,4.2367,2.3913,4.8649
92,5,25,446,6,465,136.58101077996065,333.17412864746865,136.46303190857435,360.0347205478938,0.6929,3,27,1,4,5000,100,71.0,10.0,15.0,0.35,0.35,0.3,0.1,0.8424,0.0387,3.0465,346.0840,-6.3081,-5.9692,8.6847
92,2,120,356,107,367,136.60226134627098,202.3116407921205,136.8476102659946,219.31712199461307,0.6905,3,27,1,4,5000,100,71.0,10.0,15.0,0.35,0.35,0.3,0.1,0.8768,0.0403,3.1720,210.4714,-3.8376,-3.6288,5.2816
92,3,424,128,436,121,330.4520106411297,180.47160441465576,330.40137436372623,194.36306233438492,0.8568,3,27,1,4,5000,100,71.0,10.0,15.0,0.35,0.35,0.3,0.1,0.8057,0.0371,2.9127,187.1599,4.0858,2.3161,4.6966
93,5,22,448,3,466,136.6846843178963,336.7283771825594,136.67483799052923,362.9008128952042,0.8933,3,27,1,4,5000,100,71.0,10.0,15.0,0.35,0.35,0.3,0.1,0.8133,0.0374,2.9403,349.3251,-6.3780,-6.0136,8.7660
93,2,116,357,104,369,137.1647891534535,205.91503102007877,136.99999229903418,222.87440409342656,0.822,3,27,1,4,5000,100,71.0,10.0,15.0,0.35,0.35,0.3,0.1,0.8599,0.0396,3.1101,214.0593,-3.9391,-3.6521,5.3716
93,3,421,130,432,123,330.5363720236403,176.87566254292872,330.32996618433947,189.89734068701435,0.7227,3,27,1,4,5000,100,71.0,10.0,15.0,0.35,0.35,0.3,0.1,0.7718,0.0355,2.7894,183.1553,4.0017,2.2607,4.5961
94,5,19,449,1,467,136.90915243299636,339.599764428658,136.77604425335872,365.042463283383,0.5463,3,27,1,4,5000,100,71.0,10.0,15.0,0.35,0.35,0.3,0.1,0.785,0.0361,2.8372,351.8618,-6.4480,-6.0320,8.8297
94,2,113,359,100,370,137.32153058983272,209.4755355644186,137.50509286724142,226.49061790723252,0.7502,3,27,1,4,5000,100,71.0,10.0,15.0,0.35,0.35,0.3,0.1,0.8485,0.039,3.0687,217.6510,-4.0153,-3.7024,5.4618
94,3,418,131,429,125,330.3369113377359,173.7728402253931,330.407703640642,186.30083198955393,0.8305,3,27,1,4,5000,100,71.0,10.0,15.0,0.35,0.35,0.3,0.1,0.7564,0.0348,2.7331,179.8189,3.9210,2.2332,4.5124
95,2,111,359,98,371,137.68977032315047,210.95023109728987,137.65888439424342,228.64164100180878,0.8091,2,27,1,4,5000,100,71.0,10.0,15.0,0.35,0.35,0.3,0.1,0.8749,0.0402,3.1651,219.4399,-4.0722,-3.7068,5.5066
95,3,415,132,426,126,330.130200777048,170.67220043111882,330.216326712023,183.19934497699495,0.8367,2,27,1,4,5000,100,71.0,10.0,15.0,0.35,0.35,0.3,0.1,0.7696,0.0354,2.7812,176.7140,3.8454,2.2085,4.4345
96,2,111,359,98,371,137.68977032315047,210.95023109728987,137.65888439424342,228.64164100180878,0.9501,2,27,1,4,5000,100,71.0,10.0,15.0,0.35,0.35,0.3,0.1,0.8749,0.0402,3.1651,219.4399,-4.0722,-3.7068,5.5066
96,3,414,132,425,125,329.96215525432655,169.80577139779436,329.7886776141652,182.8332573685652,0.7634,2,27,1,4,5000,100,71.0,10.0,15.0,0.35,0.35,0.3,0.1,0.8031,0.0369,2.9034,176.0789,3.8251,2.2118,4.4185
97,2,111,359,98,371,137.68977032315047,210.95023109728987,137.65888439424342,228.64164100180878,0.9501,2,27,1,4,5000,100,71.0,10.0,15.0,0.35,0.35,0.3,0.1,0.8749,0.0402,3.1651,219.4399,-4.0722,-3.7068,5.5066
97,3,414,132,426,125,329.96215525432655,169.80577139779436,329.9456239171256,183.69812192834198,0.8906,2,27,1,4,5000,100,71.0,10.0,15.0,0.35,0.35,0.3,0.1,0.8544,0.0393,3.0901,176.4790,3.8338,2.2168,4.4286
98,2,111,359,98,371,137.68977032315047,210.95023109728987,137.65888439424342,228.64164100180878,0.9327,2,27,1,4,5000,100,71.0,10.0,15.0,0.35,0.35,0.3,0.1,0.8749,0.0402,3.1651,219.4399,-4.0722,-3.7068,5.5066
98,3,415,132,426,125,330.130200777048,170.67220043111882,329.9456239171256,183.69812192834198,0.7295,2,27,1,4,5000,100,71.0,10.0,15.0,0.35,0.35,0.3,0.1,0.7991,0.0368,2.8888,176.9458,3.8504,2.2114,4.4403
99,2,111,359,98,371,137.68977032315047,210.95023109728987,137.65888439424342,228.64164100180878,0.9112,2,27,1,4,5000,100,71.0,10.0,15.0,0.35,0.35,0.3,0.1,0.8749,0.0402,3.1651,219.4399,-4.0722,-3.7068,5.5066
99,3,415,132,426,125,330.130200777048,170.67220043111882,329.9456239171256,183.69812192834198,0.7613,2,27,1,4,5000,100,71.0,10.0,15.0,0.35,0.35,0.3,0.1,0.7991,0.0368,2.8888,176.9458,3.8504,2.2114,4.4403
100,2,111,359,98,371,137.68977032315047,210.95023109728987,137.65888439424342,228.64164100180878,0.9501,2,27,1,4,5000,100,71.0,10.0,15.0,0.35,0.35,0.3,0.1,0.8749,0.0402,3.1651,219.4399,-4.0722,-3.7068,5.5066
100,3,414,132,426,125,329.96215525432655,169.80577139779436,329.9456239171256,183.69812192834198,0.9001,2,27,1,4,5000,100,71.0,10.0,15.0,0.35,0.35,0.3,0.1,0.8544,0.0393,3.0901,176.4790,3.8338,2.2168,4.4286
101,2,111,359,98,371,137.68977032315047,210.95023109728987,137.65888439424342,228.64164100180878,0.9327,2,27,1,4,5000,100,71.0,10.0,15.0,0.35,0.35,0.3,0.1,0.8749,0.0402,3.1651,219.4399,-4.0722,-3.7068,5.5066
101,3,414,132,425,125,329.96215525432655,169.80577139779436,329.7886776141652,182.8332573685652,0.7447,2,27,1,4,5000,100,71.0,10.0,15.0,0.35,0.35,0.3,0.1,0.8031,0.0369,2.9034,176.0789,3.8251,2.2118,4.4185
102,2,111,359,98,370,137.68977032315047,210.95023109728987,137.8446556047734,227.96929617823537,0.7894,2,27,1,4,5000,100,71.0,10.0,15.0,0.35,0.35,0.3,0.1,0.843,0.0388,3.0486,219.1298,-4.0665,-3.7015,5.4989
102,3,415,131,425,125,329.8399391619129,171.1724276862369,329.7886776141652,182.8332573685652,0.8422,2,27,1,4,5000,100,71.0,10.0,15.0,0.35,0.35,0.3,0.1,0.7161,0.0329,2.5862,176.8108,3.8363,2.2292,4.4369
103,2,110,357,97,369,138.27598181323415,210.35446275275456,138.19953970956257,228.04385543136215,0.7776,2,27,1,4,5000,100,71.0,10.0,15.0,0.35,0.35,0.3,0.1,0.8772,0.0404,3.1734,218.8423,-4.0987,-3.6549,5.4917
103,3,414,131,425,124,329.6709139580163,170.30854353202602,329.5186100091761,183.33848477611022,0.7735,2,27,1,4,5000,100,71.0,10.0,15.0,0.35,0.35,0.3,0.1,0.801,0.0368,2.8956,176.5835,3.8247,2.2376,4.4312
104,2,100,340,86,351,143.62735314406524,207.40781084616847,143.4862882244458,225.20435164534453,0.7861,2,27,1,4,5000,100,71.0,10.0,15.0,0.35,0.35,0.3,0.1,0.8943,0.0411,3.2358,215.9400,-4.3631,-3.2135,5.4188
104,3,404,115,415,108,323.33137475637574,170.8010538609174,323.6288560630249,183.8069639594757,0.6488,2,27,1,4,5000,100,71.0,10.0,15.0,0.35,0.35,0.3,0.1,0.7974,0.0367,2.8823,177.0655,3.5640,2.6535,4.4433
105,2,96,332,82,341,146.07859141821808,206.0728026693479,146.1672284614734,222.71281956816046,0.8479,2,27,1,4,5000,100,71.0,10.0,15.0,0.35,0.35,0.3,0.1,0.8437,0.0388,3.0511,214.0699,-4.4576,-2.9978,5.3719
105,3,399,105,409,96,319.6858998395027,173.11268006705922,319.565262384417,186.560981987124,0.7924,2,27,1,4,5000,100,71.0,10.0,15.0,0.35,0.35,0.3,0.1,0.8129,0.0374,2.9389,179.5854,3.4363,2.9156,4.5065
106,2,94,329,80,339,147.0810269599701,206.08978625831995,146.87931278126803,223.2778538055219,0.6921,2,27,1,4,5000,100,71.0,10.0,15.0,0.35,0.35,0.3,0.1,0.8703,0.04,3.1481,214.3398,-4.5151,-2.9230,5.3787
106,3,398,102,408,93,318.72131326474977,174.3158053648607,318.67054863271613,187.76847445724215,0.8623,2,27,1,4,5000,100,71.0,10.0,15.0,0.35,0.35,0.3,0.1,0.8077,0.0372,2.9201,180.7922,3.4095,2.9930,4.5368
107,2,92,324,78,332,148.55719292953563,205.11947737842937,148.6809253593194,221.23742902140225,0.8079,2,27,1,4,5000,100,71.0,10.0,15.0,0.35,0.35,0.3,0.1,0.8219,0.0378,2.9716,212.8738,-4.5575,-2.7866,5.3419
107,3,396,97,406,88,317.0700306530411,176.18456232031227,317.13691085375723,189.63649437806004,0.8505,2,27,1,4,5000,100,71.0,10.0,15.0,0.35,0.35,0.3,0.1,0.7994,0.0368,2.8899,182.6632,3.3562,3.1220,4.5838
108,2,88,313,73,321,151.7947689529435,203.11819219360927,151.80502093753785,220.1181500921721,0.9696,2,27,1,4,5000,100,71.0,10.0,15.0,0.35,0.35,0.3,0.1,0.8732,0.0402,3.1588,211.2768,-4.6723,-2.5058,5.3018
108,3,392,86,401,76,313.65737597346225,181.06904760339356,313.5418768441028,194.51735141112732,0.8006,2,27,1,4,5000,100,71.0,10.0,15.0,0.35,0.35,0.3,0.1,0.7784,0.0358,2.8133,187.5524,3.2491,3.4050,4.7065
109,2,86,306,70,313,153.81606812094316,201.69779374103229,154.0195793436272,219.14607000811125,0.7176,2,27,1,4,5000,100,71.0,10.0,15.0,0.35,0.35,0.3,0.1,0.9013,0.0415,3.2614,210.0602,-4.7303,-2.3260,5.2713
109,3,389,78,398,68,311.2733550767607,184.94593804677083,311.3217612780066,198.39858870465787,0.8517,2,27,1,4,5000,100,71.0,10.0,15.0,0.35,0.35,0.3,0.1,0.7629,0.0351,2.7568,191.4362,3.1689,3.6105,4.8039
110,2,84,299,68,306,155.86344843327723,200.53179299053804,155.90407908333268,217.9954127957742,0.8581,2,27,1,4,5000,100,71.0,10.0,15.0,0.35,0.35,0.3,0.1,0.9071,0.0417,3.2824,208.8993,-4.7838,-2.1436,5.2421
110,3,387,72,395,61,309.6106882400266,188.2153022471871,309.36931724236473,201.79197209007103,0.6523,2,27,1,4,5000,100,71.0,10.0,15.0,0.35,0.35,0.3,0.1,0.7568,0.0348,2.7345,194.7673,3.1161,3.7653,4.8875
111,2,82,294,66,301,157.40212959195907,200.38463014912097,157.3194403929751,217.846276075585,0.8577,2,27,1,4,5000,100,71.0,10.0,15.0,0.35,0.35,0.3,0.1,0.9077,0.0418,3.2844,208.7509,-4.8362,-2.0129,5.2384
111,3,385,67,394,55,308.1909498203866,190.85072700935672,308.09469370140613,205.84703058339218,0.8069,2,27,1,4,5000,100,71.0,10.0,15.0,0.35,0.35,0.3,0.1,0.8218,0.0378,2.9716,198.0654,3.0730,3.9064,4.9703
112,2,80,290,64,296,158.67560263350637,200.7436175822285,158.7358753394477,217.83020910791964,0.7973,2,27,1,4,5000,100,71.0,10.0,15.0,0.35,0.35,0.3,0.1,0.8874,0.0408,3.2107,208.9382,-4.8842,-1.9066,5.2431
112,3,383,62,392,50,306.81070781203107,193.60010330575756,306.81496402939456,208.60009587725506,0.9267,2,27,1,4,5000,100,71.0,10.0,15.0,0.35,0.35,0.3,0.1,0.8108,0.0373,2.9313,200.8204,3.0195,4.0346,5.0394
113,2,78,285,62,291,160.2118592232983,200.8606482116395,160.15165398110315,217.947241322298,0.8792,2,27,1,4,5000,100,71.0,10.0,15.0,0.35,0.35,0.3,0.1,0.887,0.0408,3.2089,209.0554,-4.9363,-1.7760,5.2461
113,3,381,57,390,46,305.46987216740007,196.45864704817652,305.7273982227997,210.6418761785035,0.6227,2,27,1,4,5000,100,71.0,10.0,15.0,0.35,0.35,0.3,0.1,0.7574,0.0348,2.7368,203.3032,2.9604,4.1549,5.1017
114,2,77,283,61,289,160.84438755456034,201.13676938839401,160.73473569081997,218.22007240398395,0.8183,2,27,1,4,5000,100,71.0,10.0,15.0,0.35,0.35,0.3,0.1,0.8856,0.0407,3.2040,209.3305,-4.9621,-1.7237,5.2530
114,3,380,55,389,42,304.89696299914846,197.51708786836647,304.8820053961409,213.32838535928593,0.8801,2,27,1,4,5000,100,71.0,10.0,15.0,0.35,0.35,0.3,0.1,0.8367,0.0385,3.0256,205.1185,2.9448,4.2217,5.1473
115,2,77,282,61,288,161.1139126302907,200.81085628023203,160.98296604188758,217.89217516927954,0.7763,2,27,1,4,5000,100,71.0,10.0,15.0,0.35,0.35,0.3,0.1,0.8869,0.0408,3.2087,209.0031,-4.9624,-1.6977,5.2447
115,3,380,55,388,42,304.89696299914846,197.51708786836647,304.66108945705895,212.7580785775243,0.6426,2,27,1,4,5000,100,71.0,10.0,15.0,0.35,0.35,0.3,0.1,0.8076,0.0371,2.9197,204.8545,2.9410,4.2163,5.1406
116,2,77,283,61,288,160.84438755456034,201.13676938839401,160.98296604188758,217.89217516927954,0.752,2,27,1,4,5000,100,71.0,10.0,15.0,0.35,0.35,0.3,0.1,0.8693,0.04,3.1446,209.1795,-4.9585,-1.7224,5.2492
116,3,380,55,389,42,304.89696299914846,197.51708786836647,304.8820053961409,213.32838535928593,0.8969,2,27,1,4,5000,100,71.0,10.0,15.0,0.35,0.35,0.3,0.1,0.8367,0.0385,3.0256,205.1185,2.9448,4.2217,5.1473
117,2,77,283,62,288,160.84438755456034,201.13676938839401,160.89690910874924,216.9469981354893,0.9126,2,27,1,4,5000,100,71.0,10.0,15.0,0.35,0.35,0.3,0.1,0.8221,0.0378,2.9726,208.7429,-4.9482,-1.7188,5.2382
117,3,380,55,389,42,304.89696299914846,197.51708786836647,304.8820053961409,213.32838535928593,0.8842,2,27,1,4,5000,100,71.0,10.0,15.0,0.35,0.35,0.3,0.1,0.8367,0.0385,3.0256,205.1185,2.9448,4.2217,5.1473
118,2,77,283,62,288,160.84438755456034,201.13676938839401,160.89690910874924,216.9469981354893,0.9476,2,27,1,4,5000,100,71.0,10.0,15.0,0.35,0.35,0.3,0.1,0.8221,0.0378,2.9726,208.7429,-4.9482,-1.7188,5.2382
118,3,380,55,389,42,304.89696299914846,197.51708786836647,304.8820053961409,213.32838535928593,0.9126,2,27,1,4,5000,100,71.0,10.0,15.0,0.35,0.35,0.3,0.1,0.8367,0.0385,3.0256,205.1185,2.9448,4.2217,5.1473
119,2,77,283,62,288,160.84438755456034,201.13676938839401,160.89690910874924,216.9469981354893,0.9476,2,27,1,4,5000,100,71.0,10.0,15.0,0.35,0.35,0.3,0.1,0.8221,0.0378,2.9726,208.7429,-4.9482,-1.7188,5.2382
119,3,380,55,389,42,304.89696299914846,197.51708786836647,304.8820053961409,213.32838535928593,0.8824,2,27,1,4,5000,100,71.0,10.0,15.0,0.35,0.35,0.3,0.1,0.8367,0.0385,3.0256,205.1185,2.9448,4.2217,5.1473
120,2,80,282,64,287,160.8328765995142,197.9747458642137,160.97439396243132,214.73006310249156,0.7846,2,27,1,4,5000,100,71.0,10.0,15.0,0.35,0.35,0.3,0.1,0.8826,0.0406,3.1931,206.0123,-4.8831,-1.6973,5.1697
120,3,381,54,389,42,304.9684222676388,198.90952717253137,304.8820053961409,213.32838535928593,0.8024,2,27,1,4,5000,100,71.0,10.0,15.0,0.35,0.35,0.3,0.1,0.7604,0.035,2.7476,205.8668,2.9608,4.2334,5.1660
121,2,92,279,77,284,160.49149101319188,185.6582882609877,160.5757404411149,201.4671189052943,0.8375,2,27,1,4,5000,100,71.0,10.0,15.0,0.35,0.35,0.3,0.1,0.8878,0.0408,3.2119,193.2399,-4.5708,-1.6194,4.8492
121,3,393,50,402,38,307.0342254347894,209.2008604188807,307.0232312124734,224.2008028531566,0.882,2,27,1,4,5000,100,71.0,10.0,15.0,0.35,0.35,0.3,0.1,0.7524,0.0346,2.7186,216.4413,3.2713,4.3358,5.4314
122,2,97,278,82,283,160.26081916410516,180.61284561182242,160.3657977834786,196.42046736529267,0.8664,2,27,1,4,5000,100,71.0,10.0,15.0,0.35,0.35,0.3,0.1,0.9115,0.0419,3.2983,188.1853,-4.4449,-1.5949,4.7223
122,3,399,49,409,36,308.15722658736905,213.65392577717827,308.11526191261237,230.05434140654683,0.8563,2,27,1,4,5000,100,71.0,10.0,15.0,0.35,0.35,0.3,0.1,0.8036,0.037,2.9049,221.5510,3.4349,4.3716,5.5596
123,2,100,277,86,282,160.23757906760525,177.451401797788,160.24597356156946,192.31744590650115,0.9017,2,27,1,4,5000,100,71.0,10.0,15.0,0.35,0.35,0.3,0.1,0.874,0.0402,3.1618,184.5856,-4.3592,-1.5662,4.6320
123,3,402,49,412,35,308.78436410029735,215.5203006679417,308.5444477800833,232.69937687926884,0.6677,2,27,1,4,5000,100,71.0,10.0,15.0,0.35,0.35,0.3,0.1,0.8332,0.0383,3.0131,223.7806,3.5175,4.3774,5.6156
124,7,611,352,637,363,21.427120773614114,369.5416079415145,21.533924130326284,397.763748976701,0.6272,3,27,1,4,5000,100,71.0,10.0,15.0,0.35,0.35,0.3,0.1,0.7996,0.0368,2.8906,383.1337,8.9499,-3.5123,9.6144
124,2,103,277,90,282,159.90476880809518,174.63103962354458,159.83516755526492,188.55768348173987,0.9235,3,27,1,4,5000,100,71.0,10.0,15.0,0.35,0.35,0.3,0.1,0.8336,0.0383,3.0146,181.3273,-4.2732,-1.5634,4.5502
124,3,406,48,416,35,309.43679117925603,218.81956036881164,309.3065458926541,235.2126697267815,0.7573,3,27,1,4,5000,100,71.0,10.0,15.0,0.35,0.35,0.3,0.1,0.7849,0.0361,2.8371,226.7202,3.6140,4.3940,5.6893
125,2,106,277,93,282,159.56104408508696,171.81676286090365,159.51616114359317,185.74444810007108,0.9431,2,27,1,4,5000,100,71.0,10.0,15.0,0.35,0.35,0.3,0.1,0.8468,0.039,3.0626,178.5094,-4.1975,-1.5643,4.4795
125,3,409,48,419,35,310.0382092898091,220.73740054644117,309.867445560127,237.12443990445186,0.6857,2,27,1,4,5000,100,71.0,10.0,15.0,0.35,0.35,0.3,0.1,0.7781,0.0358,2.8121,228.6377,3.6909,4.3927,5.7375
126,2,107,277,94,282,159.44395478041653,170.88007490635061,159.4076686677801,184.808008484481,0.9223,2,27,1,4,5000,100,71.0,10.0,15.0,0.35,0.35,0.3,0.1,0.8513,0.0392,3.0789,177.5713,-4.1723,-1.5646,4.4560
126,3,410,48,420,35,310.23635830927384,221.38202275704322,310.0524011410102,237.7666923688009,0.7361,2,27,1,4,5000,100,71.0,10.0,15.0,0.35,0.35,0.3,0.1,0.7758,0.0357,2.8037,229.2820,3.7165,4.3922,5.7536
127,2,109,277,96,282,159.20588504449634,169.00887550658396,159.18735351674064,182.9371476764629,0.8392,2,27,1,4,5000,100,71.0,10.0,15.0,0.35,0.35,0.3,0.1,0.8604,0.0396,3.1120,175.6974,-4.1218,-1.5652,4.4090
127,3,411,48,422,35,310.4333543946014,222.02927734873165,310.41932136549747,239.0585702291386,0.8648,2,27,1,4,5000,100,71.0,10.0,15.0,0.35,0.35,0.3,0.1,0.8029,0.0369,2.9026,230.2295,3.7470,4.3975,5.7774
128,2,111,278,98,283,158.64322732659522,167.5022387910084,158.66773687211142,181.43042743707574,0.9416,2,27,1,4,5000,100,71.0,10.0,15.0,0.35,0.35,0.3,0.1,0.8678,0.0399,3.1390,174.1884,-4.0709,-1.5918,4.3711
128,3,413,49,424,35,310.99219545762764,222.5758297749331,310.78228251621346,240.36014644695155,0.6325,2,27,1,4,5000,100,71.0,10.0,15.0,0.35,0.35,0.3,0.1,0.8352,0.0384,3.0202,231.1264,3.8045,4.3778,5.7999
129,8,19,370,2,381,148.3280915539084,291.39835277502857,148.2479638256966,311.64242329952447,0.7384,3,27,1,4,5000,100,71.0,10.0,15.0,0.35,0.35,0.3,0.1,0.7298,0.0336,2.6362,301.1806,-6.4323,-3.9683,7.5579
129,2,113,278,100,283,158.39128859711622,165.64117845511726,158.43559342048044,179.56892826989863,0.8954,3,27,1,4,5000,100,71.0,10.0,15.0,0.35,0.35,0.3,0.1,0.8771,0.0403,3.1730,172.3241,-4.0204,-1.5925,4.3243
129,3,415,49,426,36,311.37851529588266,223.89283150650448,311.2977871468006,240.91907354960503,0.8091,3,27,1,4,5000,100,71.0,10.0,15.0,0.35,0.35,0.3,0.1,0.7963,0.0366,2.8787,232.0941,3.8500,4.3702,5.8242
130,8,21,370,3,382,148.12040315297727,289.69811873741946,147.9946167919165,311.3213773578679,0.7763,3,27,1,4,5000,100,71.0,10.0,15.0,0.35,0.35,0.3,0.1,0.7822,0.036,2.8269,300.1208,-6.3952,-3.9775,7.5313
130,2,116,279,103,284,157.6771416162449,163.23296235748464,157.7781887746114,177.15812146215595,0.8066,3,27,1,4,5000,100,71.0,10.0,15.0,0.35,0.35,0.3,0.1,0.8894,0.0409,3.2177,169.9107,-3.9442,-1.6195,4.2638
130,3,418,49,429,36,311.9495055058586,225.88713996153035,311.8294215802835,242.90944814889355,0.7595,3,27,1,4,5000,100,71.0,10.0,15.0,0.35,0.35,0.3,0.1,0.7894,0.0363,2.8533,234.0892,3.9268,4.3689,5.8743
131,8,23,371,4,384,147.74202865818486,288.5342267392207,147.58522894105016,311.5413295214617,0.6578,3,27,1,4,5000,100,71.0,10.0,15.0,0.35,0.35,0.3,0.1,0.8335,0.0383,3.0141,299.5967,-6.3577,-4.0127,7.5181
131,2,118,280,105,285,157.08044516753338,161.7714437099453,157.2296210912378,175.69291391516052,0.8148,3,27,1,4,5000,100,71.0,10.0,15.0,0.35,0.35,0.3,0.1,0.8968,0.0413,3.2449,168.4450,-3.8933,-1.6461,4.2270
131,3,420,50,431,37,312.4949071327586,226.49061790723252,312.33699923393283,243.50770008359078,0.6935,3,27,1,4,5000,100,71.0,10.0,15.0,0.35,0.35,0.3,0.1,0.7871,0.0362,2.8451,234.6911,3.9784,4.3424,5.8894
132,8,26,372,7,385,147.2527595155474,286.54144551879403,147.1313210666325,309.5545186231337,0.6824,3,27,1,4,5000,100,71.0,10.0,15.0,0.35,0.35,0.3,0.1,0.8393,0.0386,3.0352,297.6038,-6.2812,-4.0397,7.4681
132,2,120,281,107,286,156.47293605257903,160.3277892319357,156.67187893193966,174.24408167854654,0.7901,3,27,1,4,5000,100,71.0,10.0,15.0,0.35,0.35,0.3,0.1,0.9043,0.0416,3.2720,166.9965,-3.8423,-1.6728,4.1906
132,3,422,51,433,38,313.03736122058444,227.11450856341168,312.84204954784246,244.12496799794977,0.6394,3,27,1,4,5000,100,71.0,10.0,15.0,0.35,0.35,0.3,0.1,0.7848,0.0361,2.8364,235.3127,4.0300,4.3160,5.9050
133,8,29,375,10,388,146.4211862749993,285.6711395993652,146.36141114796064,308.6907837950463,0.7654,2,27,1,4,5000,100,71.0,10.0,15.0,0.35,0.35,0.3,0.1,0.842,0.0387,3.0450,296.7352,-6.2037,-4.1184,7.4463
133,2,123,283,111,289,155.3764352138364,158.40454538932903,155.22485943116808,171.81385275931623,0.8699,2,27,1,4,5000,100,71.0,10.0,15.0,0.35,0.35,0.3,0.1,0.8828,0.0406,3.1938,164.8369,-3.7603,-1.7235,4.1364
134,8,32,377,14,390,145.75096699318806,284.29737951659,145.6358955760357,306.4930668057599,0.6755,3,27,1,4,5000,100,71.0,10.0,15.0,0.35,0.35,0.3,0.1,0.8168,0.0376,2.9531,294.9783,-6.1187,-4.1659,7.4022
134,2,126,286,115,291,153.92464441605125,156.97770542341354,154.04123073843937,169.0562036720333,0.8588,3,27,1,4,5000,100,71.0,10.0,15.0,0.35,0.35,0.3,0.1,0.8054,0.037,2.9116,162.7932,-3.6693,-1.7956,4.0851
134,3,428,56,440,43,315.0,227.6883835420683,314.8348829368889,245.3670719554684,0.7132,3,27,1,4,5000,100,71.0,10.0,15.0,0.35,0.35,0.3,0.1,0.8125,0.0374,2.9374,236.1974,4.1911,4.1911,5.9272
135,2,129,287,117,293,153.10376303450664,154.7384890710776,153.13018691250096,168.15469068687915,0.8937,2,27,1,4,5000,100,71.0,10.0,15.0,0.35,0.35,0.3,0.1,0.9033,0.0415,3.2685,161.1679,-3.6069,-1.8296,4.0444
135,3,431,58,443,45,315.88686073747164,228.42285349763057,315.6585431775636,246.0894146443524,0.6346,2,27,1,4,5000,100,71.0,10.0,15.0,0.35,0.35,0.3,0.1,0.8094,0.0372,2.9262,236.9273,4.2687,4.1385,5.9455
136,8,36,380,18,393,144.79214624291748,282.71894170713074,144.74628676581972,304.92130132216084,0.7875,3,27,1,4,5000,100,71.0,10.0,15.0,0.35,0.35,0.3,0.1,0.8214,0.0378,2.9699,293.4007,-6.0158,-4.2449,7.3626
136,2,130,288,119,294,152.604633336664,154.30489298787643,152.51338037571207,166.83225107874077,0.8995,3,27,1,4,5000,100,71.0,10.0,15.0,0.35,0.35,0.3,0.1,0.8481,0.039,3.0672,160.3242,-3.5720,-1.8512,4.0232
136,3,432,59,445,46,316.2415098584652,228.44911906155383,316.14904494732616,246.82990094394967,0.8047,3,27,1,4,5000,100,71.0,10.0,15.0,0.35,0.35,0.3,0.1,0.8408,0.0387,3.0406,237.2841,4.3007,4.1182,5.9544
137,8,38,380,20,393,144.55710422167067,281.0871750898643,144.52820463914227,303.29028998634294,0.8553,3,27,1,4,5000,100,71.0,10.0,15.0,0.35,0.35,0.3,0.1,0.826,0.038,2.9867,291.7669,-5.9649,-4.2457,7.3216
137,2,132,289,121,295,151.92751306414706,153.0,151.88679112394405,165.5294535724685,0.9062,3,27,1,4,5000,100,71.0,10.0,15.0,0.35,0.35,0.3,0.1,0.8551,0.0393,3.0930,159.0183,-3.5210,-1.8778,3.9904
137,3,434,60,447,47,316.76782705585606,229.21169254643183,316.6365770416167,247.58836806279893,0.7473,3,27,1,4,5000,100,71.0,10.0,15.0,0.35,0.35,0.3,0.1,0.8379,0.0385,3.0301,238.0459,4.3522,4.0916,5.9735
138,8,41,382,24,395,143.86724826377605,279.8231584411841,143.77683999272006,301.21918929576844,0.7325,3,27,1,4,5000,100,71.0,10.0,15.0,0.35,0.35,0.3,0.1,0.8005,0.0368,2.8940,290.1272,-5.8801,-4.2930,7.2805
138,2,135,290,125,296,151.05607659939844,150.8409758653132,150.91114857713953,162.49615380063616,0.8078,3,27,1,4,5000,100,71.0,10.0,15.0,0.35,0.35,0.3,0.1,0.8087,0.0372,2.9235,156.4518,-3.4356,-1.9000,3.9260
138,3,438,61,450,49,317.62640563829075,231.46706029152398,317.44704864232364,248.421013603922,0.6878,3,27,1,4,5000,100,71.0,10.0,15.0,0.35,0.35,0.3,0.1,0.7681,0.0353,2.7755,239.6446,4.4427,4.0530,6.0137
139,8,45,382,27,395,143.3786725062156,276.6026030246281,143.43690413140592,298.80428377116687,0.743,3,27,1,4,5000,100,71.0,10.0,15.0,0.35,0.35,0.3,0.1,0.8388,0.0386,3.0335,287.2751,-5.7858,-4.3003,7.2089
139,2,139,291,128,297,149.96671956400488,147.85127662620977,150.07787014393645,160.37767924496225,0.906,3,27,1,4,5000,100,71.0,10.0,15.0,0.35,0.35,0.3,0.1,0.8835,0.0406,3.1964,153.8599,-3.3426,-1.9324,3.8610
139,3,441,62,454,50,318.30520361672734,233.02574965011914,318.2336121248879,250.7149776140229,0.8329,3,27,1,4,5000,100,71.0,10.0,15.0,0.35,0.35,0.3,0.1,0.795,0.0366,2.8737,241.5469,4.5260,4.0318,6.0614
140,8,47,382,30,396,143.13010235415598,275.0,142.93718800062294,297.00168349691216,0.6214,2,27,1,4,5000,100,71.0,10.0,15.0,0.35,0.35,0.3,0.1,0.8362,0.0385,3.0240,285.5777,-5.7331,-4.2998,7.1663
140,2,142,291,131,297,149.37446728130536,145.2618325645109,149.53445508054014,157.78466338652817,0.7756,2,27,1,4,5000,100,71.0,10.0,15.0,0.35,0.35,0.3,0.1,0.8984,0.0413,3.2505,151.2645,-3.2664,-1.9337,3.7958
141,8,55,382,40,395,142.1063105776065,268.6428856307198,141.89855199656063,288.46663585239804,0.5711,3,27,1,4,5000,100,71.0,10.0,15.0,0.35,0.35,0.3,0.1,0.7736,0.0356,2.7957,278.2021,-5.5093,-4.2879,6.9812
141,2,150,291,140,298,147.68752137387,138.43771162512041,147.4704617216689,150.63200191194434,0.7726,3,27,1,4,5000,100,71.0,10.0,15.0,0.35,0.35,0.3,0.1,0.9171,0.0422,3.3187,144.2777,-3.0599,-1.9353,3.6205
141,3,451,62,465,50,319.88950480670303,240.58470441821524,319.8545666782367,259.02316498722655,0.8545,3,27,1,4,5000,100,71.0,10.0,15.0,0.35,0.35,0.3,0.1,0.8023,0.0369,2.9005,249.4637,4.7877,4.0331,6.2601
142,8,65,383,49,395,140.58724396420436,261.457453517776,140.76788889791413,281.4391586115905,0.6053,3,27,1,4,5000,100,71.0,10.0,15.0,0.35,0.35,0.3,0.1,0.8002,0.0368,2.8925,271.0806,-5.2556,-4.3189,6.8025
142,2,160,291,150,297,145.33270051592177,130.09611831257686,145.6372145092901,141.73566946961517,0.6713,3,27,1,4,5000,100,71.0,10.0,15.0,0.35,0.35,0.3,0.1,0.9309,0.0428,3.3690,135.6667,-2.8000,-1.9365,3.4044
142,3,461,63,475,51,321.55694649816337,247.69335881286764,321.4074402825332,266.12027356065903,0.7243,3,27,1,4,5000,100,71.0,10.0,15.0,0.35,0.35,0.3,0.1,0.7797,0.0359,2.8179,256.5764,5.0428,4.0031,6.4386
143,8,72,383,57,396,139.59284533039397,256.08787554275193,139.55635843848924,275.9365869180816,0.797,3,27,1,4,5000,100,71.0,10.0,15.0,0.35,0.35,0.3,0.1,0.8111,0.0373,2.9323,265.6420,-5.0759,-4.3210,6.6660
143,2,167,292,158,298,143.13010235415598,125.0,143.38324848092935,135.80132547217644,0.7868,3,27,1,4,5000,100,71.0,10.0,15.0,0.35,0.35,0.3,0.1,0.9004,0.0414,3.2578,130.1770,-2.6133,-1.9600,3.2667
143,3,469,63,484,51,322.6789638073687,254.00787389370433,322.58484419312464,273.2123716086078,0.7573,3,27,1,4,5000,100,71.0,10.0,15.0,0.35,0.35,0.3,0.1,0.7919,0.0364,2.8625,263.2604,5.2537,4.0053,6.6063
144,8,80,383,66,397,138.40451829948873,250.04999500099976,138.15484286479196,269.81660438156877,0.563,4,27,1,4,5000,100,71.0,10.0,15.0,0.35,0.35,0.3,0.1,0.8266,0.038,2.9890,259.5575,-4.8710,-4.3240,6.5134
144,2,175,292,167,299,140.81248238311272,118.69709347747316,140.64824737373527,129.3213052826177,0.8028,4,27,1,4,5000,100,71.0,10.0,15.0,0.35,0.35,0.3,0.1,0.9313,0.0428,3.3704,123.7816,-2.4076,-1.9627,3.1062
144,9,32,223,13,224,178.53744678090217,235.07658326596462,178.4213820277019,254.09643838511394,0.7987,4,27,1,4,5000,100,71.0,10.0,15.0,0.35,0.35,0.3,0.1,0.8453,0.0389,3.0570,244.2167,-6.1264,-0.1564,6.1284
144,3,477,64,492,52,323.9239884436314,259.8249410660955,323.74616226255523,279.0161285660741,0.6805,4,27,1,4,5000,100,71.0,10.0,15.0,0.35,0.35,0.3,0.1,0.7743,0.0356,2.7983,269.0788,5.4574,3.9761,6.7523
145,8,85,384,71,397,137.4610546505303,247.00809703327542,137.43664824681014,266.11275805567834,0.8298,4,27,1,4,5000,100,71.0,10.0,15.0,0.35,0.35,0.3,0.1,0.8094,0.0372,2.9263,256.2048,-4.7372,-4.3467,6.4292
145,2,180,293,173,299,138.86073262488327,115.52056094046635,138.90049374238188,124.73972903610141,0.8683,4,27,1,4,5000,100,71.0,10.0,15.0,0.35,0.35,0.3,0.1,0.8342,0.0384,3.0166,119.9533,-2.2670,-1.9803,3.0101
145,9,38,224,19,225,178.24914581345718,229.10696191953662,178.1523897340054,248.12899870833317,0.7611,4,27,1,4,5000,100,71.0,10.0,15.0,0.35,0.35,0.3,0.1,0.8665,0.0399,3.1345,238.2389,-5.9756,-0.1827,5.9784
145,3,483,65,499,53,324.86580694308435,264.12118430750684,324.7436412870372,284.1126537132762,0.7383,4,27,1,4,5000,100,71.0,10.0,15.0,0.35,0.35,0.3,0.1,0.7928,0.0365,2.8656,273.7524,5.6180,3.9534,6.8696
146,8,89,384,75,397,136.82620328790867,244.07580789582568,136.8476102659946,263.1805463935357,0.8358,2,27,1,4,5000,100,71.0,10.0,15.0,0.35,0.35,0.3,0.1,0.8188,0.0377,2.9605,253.2684,-4.6350,-4.3485,6.3555
146,2,183,293,176,299,137.86240522611175,113.27841806805037,137.97802065194978,122.494897852931,0.8679,2,27,1,4,5000,100,71.0,10.0,15.0,0.35,0.35,0.3,0.1,0.8498,0.0391,3.0736,117.7065,-2.1903,-1.9817,2.9537
147,8,93,384,79,398,136.17599453001793,241.17421089328766,136.08678145299822,260.969346858975,0.7423,3,27,1,4,5000,100,71.0,10.0,15.0,0.35,0.35,0.3,0.1,0.857,0.0394,3.0998,250.6816,-4.5385,-4.3559,6.2906
147,2,188,293,181,300,136.10881212775993,109.62207806824317,136.01697803071917,119.5198728245642,0.8669,3,27,1,4,5000,100,71.0,10.0,15.0,0.35,0.35,0.3,0.1,0.9391,0.0432,3.3988,114.3572,-2.0681,-1.9895,2.8697
147,3,491,66,507,54,326.0158088794358,270.142554959414,325.816959920525,290.11894112587686,0.6308,3,27,1,4,5000,100,71.0,10.0,15.0,0.35,0.35,0.3,0.1,0.7751,0.0357,2.8014,279.7746,5.8215,3.9243,7.0207
148,8,97,385,84,398,135.33902432445146,239.00627606822377,135.3148088073891,257.390753524675,0.8514,4,27,1,4,5000,100,71.0,10.0,15.0,0.35,0.35,0.3,0.1,0.8052,0.037,2.9108,247.8581,-4.4240,-4.3719,6.2198
148,2,192,294,186,300,134.24615166692922,107.48953437428223,134.30130561701654,115.97413504743201,0.8604,4,27,1,4,5000,100,71.0,10.0,15.0,0.35,0.35,0.3,0.1,0.8254,0.038,2.9847,111.5708,-1.9535,-2.0056,2.7998
148,9,50,225,32,226,177.88866937442398,217.14741536569116,177.80676542362446,235.17227727774377,0.7815,4,27,1,4,5000,100,71.0,10.0,15.0,0.35,0.35,0.3,0.1,0.8663,0.0398,3.1338,225.8007,-5.6624,-0.2088,5.6663
148,3,495,67,512,55,326.659292653523,272.9175699730598,326.52634609834,293.7158490786631,0.7519,4,27,1,4,5000,100,71.0,10.0,15.0,0.35,0.35,0.3,0.1,0.798,0.0367,2.8846,282.9350,5.9315,3.9023,7.1000
149,8,104,386,91,400,133.96464681345506,234.7977853387889,133.88295364968144,253.899586451022,0.7452,3,27,1,4,5000,100,71.0,10.0,15.0,0.35,0.35,0.3,0.1,0.8498,0.0391,3.0733,243.9754,-4.2502,-4.4067,6.1223
149,2,199,295,193,302,131.08175113593262,103.47946656221224,131.04244688587215,112.69871339105873,0.9089,3,27,1,4,5000,100,71.0,10.0,15.0,0.35,0.35,0.3,0.1,0.9271,0.0426,3.3553,107.8925,-1.7792,-2.0408,2.7075
149,3,501,67,518,56,327.3390872783262,277.94963572561124,327.32249663755255,298.197920851236,0.8563,3,27,1,4,5000,100,71.0,10.0,15.0,0.35,0.35,0.3,0.1,0.764,0.0351,2.7609,287.7180,6.0784,3.8964,7.2200
150,2,206,296,200,303,127.67359333983046,99.80981915623332,127.92107839538778,109.01834707974616,0.7691,2,27,1,4,5000,100,71.0,10.0,15.0,0.35,0.35,0.3,0.1,0.9587,0.0441,3.4702,104.2111,-1.5982,-2.0699,2.6151
150,3,508,69,527,58,328.4455862532798,282.81619472724685,328.55261022038786,304.76384299978895,0.7329,2,27,1,4,5000,100,71.0,10.0,15.0,0.35,0.35,0.3,0.1,0.812,0.0374,2.9359,293.3801,6.2736,3.8527,7.3621
151,8,116,387,104,401,131.6126131945083,227.37853900489378,131.536756017283,245.81497106563708,0.7706,4,27,1,4,5000,100,71.0,10.0,15.0,0.35,0.35,0.3,0.1,0.847,0.039,3.0634,236.2376,-3.9368,-4.4322,5.9282
151,2,210,297,206,303,125.46987216740006,98.22932352408826,125.34816653319575,105.43718509140881,0.8347,4,27,1,4,5000,100,71.0,10.0,15.0,0.35,0.35,0.3,0.1,0.7694,0.0354,2.7804,101.7057,-1.4810,-2.0786,2.5522
151,9,69,227,53,228,177.10873040377945,198.25236442474022,177.0574795436314,214.28252378577213,0.9158,4,27,1,4,5000,100,71.0,10.0,15.0,0.35,0.35,0.3,0.1,0.8448,0.0389,3.0551,205.9560,-5.1617,-0.2607,5.1683
151,3,514,70,533,59,329.24135874744775,287.43347056318964,329.29032508181774,309.38648968563575,0.8504,4,27,1,4,5000,100,71.0,10.0,15.0,0.35,0.35,0.3,0.1,0.7997,0.0368,2.8908,298.0062,6.4262,3.8245,7.4782
152,8,119,387,107,401,131.04244688587215,225.39742678211746,131.0090869015702,243.83601046605074,0.8043,4,27,1,4,5000,100,71.0,10.0,15.0,0.35,0.35,0.3,0.1,0.8543,0.0393,3.0898,234.2544,-3.8599,-4.4336,5.8784
152,2,214,297,209,303,123.52447324857697,95.96353474106714,123.99645914825051,103.73041983911952,0.6895,4,27,1,4,5000,100,71.0,10.0,15.0,0.35,0.35,0.3,0.1,0.8456,0.0389,3.0580,99.6959,-1.3817,-2.0856,2.5018
152,9,72,227,56,228,177.06432655357884,195.25624189766637,177.01571785640664,211.28653530218153,0.8846,4,27,1,4,5000,100,71.0,10.0,15.0,0.35,0.35,0.3,0.1,0.8572,0.0394,3.1005,202.9553,-5.0863,-0.2608,5.0930
152,3,517,70,536,59,329.5444718251082,290.01551682625535,329.571702453491,311.96954979612997,0.8507,4,27,1,4,5000,100,71.0,10.0,15.0,0.35,0.35,0.3,0.1,0.7928,0.0365,2.8659,300.5922,6.5023,3.8234,7.5431
153,8,123,387,111,401,130.26656166942453,222.79138223908032,130.29214775562778,241.23018053303363,0.7878,3,27,1,4,5000,100,71.0,10.0,15.0,0.35,0.35,0.3,0.1,0.8639,0.0397,3.1248,231.6444,-3.7571,-4.4355,5.8129
153,2,218,296,214,303,121.80938928779315,92.9623579735368,121.64465903709257,101.01980003939822,0.8153,3,27,1,4,5000,100,71.0,10.0,15.0,0.35,0.35,0.3,0.1,0.903,0.0415,3.2674,96.8237,-1.2807,-2.0648,2.4297
153,3,521,70,540,59,329.9403098956687,293.47061181658376,329.9396909368545,315.42510997065534,0.9282,3,27,1,4,5000,100,71.0,10.0,15.0,0.35,0.35,0.3,0.1,0.7839,0.0361,2.8332,304.0521,6.6037,3.8218,7.6299
154,8,128,386,116,400,129.436791179256,218.81956036881164,129.5272883287495,237.25513693068902,0.7679,3,27,1,4,5000,100,71.0,10.0,15.0,0.35,0.35,0.3,0.1,0.8788,0.0404,3.1791,227.6647,-3.6291,-4.4123,5.7130
154,2,223,296,219,302,119.11614626607891,90.4267659490264,119.45367272692096,97.6165969494942,0.7565,3,27,1,4,5000,100,71.0,10.0,15.0,0.35,0.35,0.3,0.1,0.8312,0.0382,3.0058,93.8842,-1.1464,-2.0582,2.3559
154,3,526,69,546,58,330.2551187030578,298.30353668704635,330.3215100748648,321.1261434389919,0.7922,3,27,1,4,5000,100,71.0,10.0,15.0,0.35,0.35,0.3,0.1,0.801,0.0368,2.8956,309.2944,6.7388,3.8508,7.7615
155,8,134,385,123,398,128.36748538486154,214.27319011019554,128.50505973229562,231.29418496797535,0.6921,3,27,1,4,5000,100,71.0,10.0,15.0,0.35,0.35,0.3,0.1,0.8305,0.0382,3.0031,222.4586,-3.4650,-4.3769,5.5824
155,2,229,294,226,301,116.26663835708312,85.86617494683223,116.01678294077378,93.47192091746055,0.8368,3,27,1,4,5000,100,71.0,10.0,15.0,0.35,0.35,0.3,0.1,0.922,0.0424,3.3366,89.5078,-0.9940,-2.0142,2.2461
155,3,533,68,553,57,330.74461508066196,304.8885042109656,330.77558080979907,327.7132893246778,0.824,3,27,1,4,5000,100,71.0,10.0,15.0,0.35,0.35,0.3,0.1,0.7844,0.0361,2.8351,315.8891,6.9159,3.8739,7.9270
156,8,139,383,128,397,127.63525375501736,209.61870145576228,127.67611749417541,227.42251427684113,0.827,4,27,1,4,5000,100,71.0,10.0,15.0,0.35,0.35,0.3,0.1,0.8856,0.0407,3.2041,218.1580,-3.3429,-4.3353,5.4745
156,2,234,293,231,299,113.47099311816089,82.85529554590944,113.70264595096624,89.55445270895244,0.7899,4,27,1,4,5000,100,71.0,10.0,15.0,0.35,0.35,0.3,0.1,0.8447,0.0389,3.0550,86.0747,-0.8603,-1.9813,2.1600
156,9,92,223,78,224,178.03634246594802,175.10282693320517,177.87890360333856,189.12958520548815,0.8012,4,27,1,4,5000,100,71.0,10.0,15.0,0.35,0.35,0.3,0.1,0.8372,0.0385,3.0276,181.8461,-4.5606,-0.1564,4.5633
156,3,538,67,558,56,331.03522928531214,309.7434422227531,331.0457972809476,332.5687898766209,0.8713,4,27,1,4,5000,100,71.0,10.0,15.0,0.35,0.35,0.3,0.1,0.7726,0.0355,2.7920,320.7506,7.0422,3.8979,8.0489
157,2,238,292,235,298,111.13982480865766,80.4114419718985,111.55707928503772,87.09190547921202,0.7353,2,27,1,4,5000,100,71.0,10.0,15.0,0.35,0.35,0.3,0.1,0.867,0.0399,3.1363,83.6185,-0.7568,-1.9571,2.0983
157,3,542,66,562,55,331.22921168238804,313.72918257631056,331.2264984800302,336.55460181076114,0.8728,2,27,1,4,5000,100,71.0,10.0,15.0,0.35,0.35,0.3,0.1,0.7631,0.0351,2.7574,324.7413,7.1431,3.9222,8.1491
158,8,146,381,136,394,126.42008722461989,203.8062805705457,126.50562421019102,220.20445045457188,0.7366,3,27,1,4,5000,100,71.0,10.0,15.0,0.35,0.35,0.3,0.1,0.8408,0.0387,3.0406,211.6883,-3.1538,-4.2746,5.3121
158,2,241,291,239,297,109.35899417569473,78.43468620451031,109.29004621918874,84.75848040166836,0.9285,3,27,1,4,5000,100,71.0,10.0,15.0,0.35,0.35,0.3,0.1,0.8424,0.0388,3.0466,81.4741,-0.6777,-1.9289,2.0445
158,3,545,66,566,54,331.4907184469752,316.36213427020624,331.40296798307725,340.5436829541843,0.7399,3,27,1,4,5000,100,71.0,10.0,15.0,0.35,0.35,0.3,0.1,0.8003,0.0368,2.8930,328.0078,7.2330,3.9287,8.2311
159,8,149,379,140,393,126.06940989958102,200.4195599236761,125.8138738398465,217.03686322834653,0.6257,4,27,1,4,5000,100,71.0,10.0,15.0,0.35,0.35,0.3,0.1,0.8654,0.0398,3.1303,208.3975,-3.0790,-4.2271,5.2295
159,2,245,290,243,295,106.77122381863043,76.24303246854758,107.10272896905236,81.60882305241266,0.7672,4,27,1,4,5000,100,71.0,10.0,15.0,0.35,0.35,0.3,0.1,0.739,0.034,2.6696,78.8347,-0.5708,-1.8941,1.9783
159,9,103,219,90,220,179.30130561701654,164.01219466856725,179.02897806892085,177.02542190318317,0.7088,4,27,1,4,5000,100,71.0,10.0,15.0,0.35,0.35,0.3,0.1,0.8295,0.0382,2.9997,170.2705,-4.2725,-0.0521,4.2728
159,3,549,64,570,53,331.51781425295957,320.8317315977333,331.57534948417646,344.53591975293375,0.8188,4,27,1,4,5000,100,71.0,10.0,15.0,0.35,0.35,0.3,0.1,0.7745,0.0356,2.7990,332.2616,7.3286,3.9762,8.3378
160,8,153,378,144,392,125.30133826228993,197.27392123643713,125.10174005584747,213.90184664934523,0.6732,3,27,1,4,5000,100,71.0,10.0,15.0,0.35,0.35,0.3,0.1,0.8792,0.0404,3.1805,205.2517,-2.9764,-4.2035,5.1506
160,2,249,288,247,294,104.2259638987518,73.24616030891995,104.56027561935689,79.55501241279521,0.803,3,27,1,4,5000,100,71.0,10.0,15.0,0.35,0.35,0.3,0.1,0.8976,0.0413,3.2477,76.2703,-0.4703,-1.8552,1.9139
160,3,553,63,574,51,331.6992442339936,324.8261073251348,331.5991740823763,349.0057306119772,0.7328,3,27,1,4,5000,100,71.0,10.0,15.0,0.35,0.35,0.3,0.1,0.7801,0.0359,2.8195,336.4821,7.4344,4.0032,8.4437
161,2,252,287,250,293,102.0947570770121,71.58910531638176,102.60860679336623,77.87810988975015,0.7202,2,27,1,4,5000,100,71.0,10.0,15.0,0.35,0.35,0.3,0.1,0.9147,0.0421,3.3102,74.6013,-0.3922,-1.8305,1.8721
161,3,556,63,578,51,331.9480971406867,327.47060936823016,331.90839216396813,352.529431395451,0.8508,2,27,1,4,5000,100,71.0,10.0,15.0,0.35,0.35,0.3,0.1,0.8011,0.0369,2.8962,339.5383,7.5194,4.0069,8.5204
162,8,158,378,150,390,124.09873234696992,194.42736432920137,124.07051199781962,208.84922791334424,0.8157,3,27,1,4,5000,100,71.0,10.0,15.0,0.35,0.35,0.3,0.1,0.7775,0.0358,2.8098,201.3804,-2.8331,-4.1846,5.0535
162,2,254,287,252,293,100.52078431387436,71.19691004531025,101.1648801775486,77.46612162745726,0.6777,3,27,1,4,5000,100,71.0,10.0,15.0,0.35,0.35,0.3,0.1,0.9168,0.0422,3.3176,74.1993,-0.3400,-1.8307,1.8620
162,3,558,62,580,50,331.95817984775545,329.70592957967864,331.91801285207805,354.76471075911707,0.8725,3,27,1,4,5000,100,71.0,10.0,15.0,0.35,0.35,0.3,0.1,0.7959,0.0366,2.8771,341.7766,7.5697,4.0320,8.5766
163,8,160,378,152,391,123.60786416844729,193.31321734428818,123.46149515006859,208.568933448872,0.7402,3,27,1,4,5000,100,71.0,10.0,15.0,0.35,0.35,0.3,0.1,0.8253,0.038,2.9841,200.6515,-2.7870,-4.1935,5.0352
163,2,255,288,254,294,99.59313426273035,72.00694410957877,99.58294472353258,78.08969202141856,0.9056,3,27,1,4,5000,100,71.0,10.0,15.0,0.35,0.35,0.3,0.1,0.881,0.0405,3.1873,74.9251,-0.3133,-1.8539,1.8802
163,3,560,63,582,51,332.273706914608,331.0060422409235,332.2114812305765,356.0631966379002,0.8198,3,27,1,4,5000,100,71.0,10.0,15.0,0.35,0.35,0.3,0.1,0.7928,0.0365,2.8659,343.0777,7.6207,4.0054,8.6092
164,8,163,379,155,393,122.69946112100192,192.50974001333023,122.47119229084849,208.61447696648477,0.6521,3,27,1,4,5000,100,71.0,10.0,15.0,0.35,0.35,0.3,0.1,0.8728,0.0401,3.1575,200.2388,-2.7146,-4.2285,5.0248
164,2,259,289,258,295,96.3401917459099,72.44308110509934,96.58194465517802,78.5175139698144,0.7876,3,27,1,4,5000,100,71.0,10.0,15.0,0.35,0.35,0.3,0.1,0.8748,0.0402,3.1645,75.3581,-0.2088,-1.8795,1.8910
164,3,563,65,585,53,332.8188889145228,332.74614948936676,332.71878887745163,357.7988261579403,0.7219,3,27,1,4,5000,100,71.0,10.0,15.0,0.35,0.35,0.3,0.1,0.7887,0.0363,2.8509,344.8180,7.6973,3.9527,8.6529
165,8,167,381,159,394,121.37300514010845,192.0833152566875,121.3902681041878,207.3475343475297,0.8239,4,27,1,4,5000,100,71.0,10.0,15.0,0.35,0.35,0.3,0.1,0.8308,0.0382,3.0042,199.4238,-2.6053,-4.2727,5.0044
165,2,263,291,262,297,93.09405805891711,74.10802925459562,93.57633437499736,80.15609770940699,0.7928,4,27,1,4,5000,100,71.0,10.0,15.0,0.35,0.35,0.3,0.1,0.8523,0.0392,3.0827,77.0135,-0.1043,-1.9298,1.9326
165,9,121,220,109,221,178.82285511401793,146.03081866510234,178.54978370906656,158.05062480104277,0.7727,4,27,1,4,5000,100,71.0,10.0,15.0,0.35,0.35,0.3,0.1,0.8593,0.0395,3.1083,151.8032,-3.8086,-0.0783,3.8094
165,3,567,66,589,55,333.28236388533776,335.85860119996926,333.29277596456507,360.45526768241297,0.9125,4,27,1,4,5000,100,71.0,10.0,15.0,0.35,0.35,0.3,0.1,0.7679,0.0353,2.7752,347.7225,7.7942,3.9231,8.7258
166,8,172,383,165,397,119.78203808778588,191.26160095534075,119.5387822595581,206.8912757948,0.6053,3,27,1,4,5000,100,71.0,10.0,15.0,0.35,0.35,0.3,0.1,0.8534,0.0393,3.0867,198.7697,-2.4775,-4.3291,4.9879
166,2,268,293,268,299,89.24615166692924,76.00657866263946,89.30130561701652,82.00609733428362,0.8796,3,27,1,4,5000,100,71.0,10.0,15.0,0.35,0.35,0.3,0.1,0.8254,0.038,2.9847,78.8924,0.0260,-1.9796,1.9797
166,3,572,68,596,57,333.9633534155755,339.44955442598535,334.06531704971195,365.8428624423333,0.7516,3,27,1,4,5000,100,71.0,10.0,15.0,0.35,0.35,0.3,0.1,0.8135,0.0374,2.9414,352.1524,7.9401,3.8789,8.8369
167,8,178,385,171,399,117.9129384572766,190.11838417154718,117.81041544384634,205.7668583615933,0.7282,3,27,1,4,5000,100,71.0,10.0,15.0,0.35,0.35,0.3,0.1,0.8593,0.0395,3.1082,197.6333,-2.3217,-4.3825,4.9594
167,2,274,295,274,301,84.87180895814716,78.31347265956222,85.23635830927383,84.29116205154607,0.6825,3,27,1,4,5000,100,71.0,10.0,15.0,0.35,0.35,0.3,0.1,0.7992,0.0368,2.8891,81.1924,0.1821,-2.0293,2.0375
167,3,578,70,602,59,334.7013592624509,343.99127895922015,334.74947635568975,370.3903346471125,0.8098,3,27,1,4,5000,100,71.0,10.0,15.0,0.35,0.35,0.3,0.1,0.8034,0.037,2.9043,356.7030,8.0927,3.8251,8.9511
168,8,180,386,173,400,117.23908807506251,190.07893097342483,117.1878068642843,205.73040611440985,0.7546,3,27,1,4,5000,100,71.0,10.0,15.0,0.35,0.35,0.3,0.1,0.8597,0.0395,3.1094,197.5952,-2.2695,-4.4086,4.9585
168,2,276,296,276,303,83.50065372034544,79.51100552753688,84.02567671351939,86.46964785403026,0.8016,3,27,1,4,5000,100,71.0,10.0,15.0,0.35,0.35,0.3,0.1,0.9114,0.0419,3.2981,82.8445,0.2353,-2.0655,2.0789
168,3,580,72,604,61,335.1436546957871,344.9550695380487,335.16020369839464,371.35562470494506,0.8772,3,27,1,4,5000,100,71.0,10.0,15.0,0.35,0.35,0.3,0.1,0.8013,0.0369,2.8966,357.6688,8.1439,3.7728,8.9754
169,8,180,386,173,400,117.23908807506251,190.07893097342483,117.1878068642843,205.73040611440985,0.8077,2,27,1,4,5000,100,71.0,10.0,15.0,0.35,0.35,0.3,0.1,0.8597,0.0395,3.1094,197.5952,-2.2695,-4.4086,4.9585
169,2,276,296,276,303,83.50065372034544,79.51100552753688,84.02567671351939,86.46964785403026,0.7857,2,27,1,4,5000,100,71.0,10.0,15.0,0.35,0.35,0.3,0.1,0.9114,0.0419,3.2981,82.8445,0.2353,-2.0655,2.0789
170,8,180,387,173,401,117.1017640916799,190.9685838037241,117.06110613747323,206.6204249342257,0.797,3,27,1,4,5000,100,71.0,10.0,15.0,0.35,0.35,0.3,0.1,0.8558,0.0394,3.0955,198.4864,-2.2691,-4.4339,4.9808
170,2,276,297,276,303,83.58121326976122,80.50465825031493,84.02567671351939,86.46964785403026,0.7408,3,27,1,4,5000,100,71.0,10.0,15.0,0.35,0.35,0.3,0.1,0.7766,0.0357,2.8068,83.3806,0.2339,-2.0792,2.0924
170,3,581,73,605,61,335.3638703501095,345.44464100634127,335.22485943116806,372.2633476451852,0.6474,3,27,1,4,5000,100,71.0,10.0,15.0,0.35,0.35,0.3,0.1,0.8124,0.0374,2.9370,358.3529,8.1740,3.7486,8.9925
171,8,181,389,174,403,116.56505117707799,192.3018460649819,116.56505117707799,207.95432190748045,0.8291,3,27,1,4,5000,100,71.0,10.0,15.0,0.35,0.35,0.3,0.1,0.8502,0.0391,3.0748,199.8220,-2.2425,-4.4850,5.0144
171,2,277,299,277,306,83.0470425318261,82.60750571225353,83.58915997976756,89.56003573022959,0.683,3,27,1,4,5000,100,71.0,10.0,15.0,0.35,0.35,0.3,0.1,0.8779,0.0404,3.1759,85.9434,0.2611,-2.1408,2.1567
171,3,582,74,606,64,335.5834594660623,345.9393010341554,335.709037591649,371.9274122728789,0.6753,3,27,1,4,5000,100,71.0,10.0,15.0,0.35,0.35,0.3,0.1,0.787,0.0362,2.8447,358.4629,8.1908,3.7184,8.9953
172,9,135,235,124,237,172.23483398157467,133.2216198670471,172.03824910899192,144.3918280236108,0.7117,2,27,1,4,5000,100,71.0,10.0,15.0,0.35,0.35,0.3,0.1,0.8747,0.0402,3.1644,138.5820,-3.4457,-0.4699,3.4776
172,3,582,80,605,70,336.49478362419234,343.50254729768744,336.49523616531906,368.5824195481928,0.9037,2,27,1,4,5000,100,71.0,10.0,15.0,0.35,0.35,0.3,0.1,0.7657,0.0352,2.7669,355.6008,8.1830,3.5590,8.9235
173,8,181,405,174,420,114.58157448256868,206.73654732533385,114.61384540041917,223.28905033610582,0.7652,3,27,1,4,5000,100,71.0,10.0,15.0,0.35,0.35,0.3,0.1,0.8368,0.0385,3.0262,214.6942,-2.2412,-4.8993,5.3876
173,2,277,314,277,322,84.11401216697173,97.51410154434076,84.55966796899449,105.47511554864494,0.6677,3,27,1,4,5000,100,71.0,10.0,15.0,0.35,0.35,0.3,0.1,0.8526,0.0392,3.0838,101.3385,0.2608,-2.5296,2.5430
173,3,581,89,606,79,337.8220628813909,339.08700948281694,337.8497620716492,366.0122948754591,0.8158,3,27,1,4,5000,100,71.0,10.0,15.0,0.35,0.35,0.3,0.1,0.8302,0.0382,3.0020,352.0356,8.1804,3.3347,8.8340
174,8,181,409,174,424,114.12840293026787,210.38060747131613,114.19320898728877,226.93170778892932,0.7283,3,27,1,4,5000,100,71.0,10.0,15.0,0.35,0.35,0.3,0.1,0.8228,0.0378,2.9751,218.3430,-2.2398,-5.0004,5.4791
174,2,277,319,277,328,84.40066066347944,102.48902380255166,84.8521151758637,111.44954015158609,0.7702,3,27,1,4,5000,100,71.0,10.0,15.0,0.35,0.35,0.3,0.1,0.9105,0.0419,3.2949,106.7816,0.2615,-2.6668,2.6796
174,3,582,94,606,85,338.67053848472045,338.1626827430845,338.7250300282933,363.79252328765637,0.7852,3,27,1,4,5000,100,71.0,10.0,15.0,0.35,0.35,0.3,0.1,0.7938,0.0365,2.8693,350.5097,8.1933,3.1993,8.7957
175,8,181,414,174,429,113.5835899570958,214.9534833400008,113.68606411286666,231.50161986474308,0.698,3,27,1,4,5000,100,71.0,10.0,15.0,0.35,0.35,0.3,0.1,0.8058,0.0371,2.9131,222.9209,-2.2381,-5.1268,5.5940
175,2,277,323,277,332,84.61068824002659,106.47065323364932,85.0302592718897,115.43396380615195,0.7573,3,27,1,4,5000,100,71.0,10.0,15.0,0.35,0.35,0.3,0.1,0.8781,0.0404,3.1768,110.7713,0.2611,-2.7674,2.7797
175,3,582,99,606,89,339.4638906806256,336.3762774037432,339.3144102800404,362.36031791574527,0.6467,3,27,1,4,5000,100,71.0,10.0,15.0,0.35,0.35,0.3,0.1,0.8084,0.0372,2.9228,348.8852,8.1986,3.0712,8.7550
176,8,180,419,173,435,113.30120971051018,219.93862780330335,113.32535088097586,237.40261161158273,0.8495,4,27,1,4,5000,100,71.0,10.0,15.0,0.35,0.35,0.3,0.1,0.8302,0.0382,3.0019,228.3372,-2.2666,-5.2626,5.7299
176,2,276,328,276,338,85.36453657309735,111.36426715962351,85.74616356388081,121.33424908079334,0.7082,4,27,1,4,5000,100,71.0,10.0,15.0,0.35,0.35,0.3,0.1,0.9315,0.0428,3.3711,116.1357,0.2355,-2.9048,2.9143
176,9,134,258,123,261,162.86700384965687,139.17614738165446,163.00917670801385,150.57224179774968,0.823,4,27,1,4,5000,100,71.0,10.0,15.0,0.35,0.35,0.3,0.1,0.8551,0.0393,3.0926,144.6501,-3.4688,-1.0693,3.6299
176,3,581,103,605,95,340.0462007796428,334.0538878684096,340.1531171384744,359.3438464757676,0.7219,4,27,1,4,5000,100,71.0,10.0,15.0,0.35,0.35,0.3,0.1,0.7929,0.0365,2.8661,346.2377,8.1669,2.9651,8.6885
177,8,180,423,172,440,112.89579708143857,223.61797781037194,113.07443950640852,242.39224410034245,0.6972,3,27,1,4,5000,100,71.0,10.0,15.0,0.35,0.35,0.3,0.1,0.8758,0.0403,3.1684,232.6269,-2.2711,-5.3776,5.8376
177,2,276,333,276,342,85.56352551434264,116.3486140871476,85.88181029601122,125.32358118087753,0.7176,3,27,1,4,5000,100,71.0,10.0,15.0,0.35,0.35,0.3,0.1,0.8074,0.0371,2.9188,120.6694,0.2342,-3.0190,3.0281
177,3,581,108,604,100,340.85638595258376,332.3808057033378,340.8539698567644,356.7323926979438,0.8958,3,27,1,4,5000,100,71.0,10.0,15.0,0.35,0.35,0.3,0.1,0.7682,0.0353,2.7762,344.1263,8.1580,2.8319,8.6355
178,8,179,427,172,445,112.73600488258145,227.69277546729498,112.61986494804043,247.0,0.7267,4,27,1,4,5000,100,71.0,10.0,15.0,0.35,0.35,0.3,0.1,0.8842,0.0407,3.1990,236.9537,-2.2981,-5.4841,5.9461
178,2,275,337,275,347,86.18592516570965,120.26637102698326,86.47854662307776,130.24592124131948,0.7394,4,27,1,4,5000,100,71.0,10.0,15.0,0.35,0.35,0.3,0.1,0.866,0.0398,3.1327,125.0574,0.2088,-3.1313,3.1382
178,9,133,267,122,271,159.5377284765778,143.024473430249,159.573975236911,154.72879499304582,0.9398,4,27,1,4,5000,100,71.0,10.0,15.0,0.35,0.35,0.3,0.1,0.8546,0.0393,3.0909,148.6466,-3.4948,-1.3040,3.7302
178,3,580,112,604,104,341.45528928163253,330.14239352134103,341.4631014990624,355.4405716853381,0.8813,4,27,1,4,5000,100,71.0,10.0,15.0,0.35,0.35,0.3,0.1,0.8022,0.0369,2.9000,342.3247,8.1443,2.7321,8.5903
179,8,179,432,172,449,112.25939956791261,232.31228981696168,112.26825365464875,250.69702830308938,0.8343,4,27,1,4,5000,100,71.0,10.0,15.0,0.35,0.35,0.3,0.1,0.8275,0.0381,2.9922,241.1548,-2.2923,-5.6006,6.0516
179,2,274,341,275,352,86.7689900996318,124.19742348374221,86.60866058020366,135.2368293032634,0.8947,4,27,1,4,5000,100,71.0,10.0,15.0,0.35,0.35,0.3,0.1,0.9251,0.0426,3.3478,129.4823,0.1831,-3.2441,3.2492
179,9,133,271,122,276,158.05130091647302,144.4714504668656,157.85876187986565,156.5439235486322,0.8675,4,27,1,4,5000,100,71.0,10.0,15.0,0.35,0.35,0.3,0.1,0.8719,0.0401,3.1540,150.2656,-3.4975,-1.4094,3.7708
179,3,580,117,604,109,342.28190032875426,328.58636612008115,342.23065584788026,353.88274894377093,0.8178,4,27,1,4,5000,100,71.0,10.0,15.0,0.35,0.35,0.3,0.1,0.8058,0.0371,2.9132,340.7657,8.1456,2.6024,8.5512
180,8,178,436,171,454,112.11646558554305,236.39373934180236,112.05106271907673,255.70490804832042,0.7831,3,27,1,4,5000,100,71.0,10.0,15.0,0.35,0.35,0.3,0.1,0.8531,0.0392,3.0856,245.6704,-2.3210,-5.7113,6.1649
180,2,274,345,274,356,86.8697551377809,128.191263352851,87.11703654746047,139.17614738165446,0.7784,3,27,1,4,5000,100,71.0,10.0,15.0,0.35,0.35,0.3,0.1,0.8932,0.0411,3.2316,133.4580,0.1829,-3.3440,3.3490
180,3,579,121,603,114,342.89727103094765,326.43529220965064,342.9572038328472,351.4327816240255,0.7634,3,27,1,4,5000,100,71.0,10.0,15.0,0.35,0.35,0.3,0.1,0.8017,0.0369,2.8982,338.4731,8.1181,2.4979,8.4937
181,8,177,441,170,458,111.8895567699047,241.40422531513403,111.9242737287184,259.7883754135277,0.776,2,27,1,4,5000,100,71.0,10.0,15.0,0.35,0.35,0.3,0.1,0.7974,0.0367,2.8827,250.2591,-2.3413,-5.8273,6.2800
181,3,579,125,602,118,343.5706985484666,325.28141662259156,343.53641023447904,349.32220084042757,0.8315,2,27,1,4,5000,100,71.0,10.0,15.0,0.35,0.35,0.3,0.1,0.7747,0.0356,2.7999,336.8734,8.1084,2.3909,8.4535
182,8,176,446,169,464,111.67187893193966,246.41834347304587,111.6412539858945,265.73106705840775,0.8011,3,27,1,4,5000,100,71.0,10.0,15.0,0.35,0.35,0.3,0.1,0.8198,0.0377,2.9641,255.7106,-2.3697,-5.9632,6.4168
182,2,272,355,272,367,87.9249736385826,138.0905500025255,88.09084756700362,150.08331019803634,0.8242,3,27,1,4,5000,100,71.0,10.0,15.0,0.35,0.35,0.3,0.1,0.9047,0.0416,3.2737,143.8374,0.1307,-3.6071,3.6095
182,3,577,130,601,124,344.3234816366543,321.9767072320605,344.44050486106323,346.70592726401435,0.6987,3,27,1,4,5000,100,71.0,10.0,15.0,0.35,0.35,0.3,0.1,0.804,0.037,2.9065,333.8840,8.0669,2.2639,8.3785
183,8,175,449,168,468,111.63088683651792,249.57563983690395,111.52538240186465,269.8184574857695,0.7183,4,27,1,4,5000,100,71.0,10.0,15.0,0.35,0.35,0.3,0.1,0.8473,0.039,3.0643,259.3026,-2.3986,-6.0487,6.5070
183,2,271,359,271,371,88.38646106711883,142.0563268566381,88.51213247117222,154.0519392932137,0.8596,4,27,1,4,5000,100,71.0,10.0,15.0,0.35,0.35,0.3,0.1,0.8807,0.0405,3.1861,147.8112,0.1044,-3.7077,3.7092
183,9,129,289,118,295,152.4471884232822,155.65346125287417,152.36839528544908,168.1814496310458,0.9398,4,27,1,4,5000,100,71.0,10.0,15.0,0.35,0.35,0.3,0.1,0.841,0.0387,3.0416,161.6751,-3.5970,-1.8767,4.0571
183,3,576,134,600,128,344.96476533620125,319.95312156626943,345.0364603549348,344.68826495835333,0.7837,4,27,1,4,5000,100,71.0,10.0,15.0,0.35,0.35,0.3,0.1,0.8091,0.0372,2.9250,331.8604,8.0427,2.1603,8.3277
184,8,174,453,167,472,111.50780264451886,253.6631624812716,111.41296947487176,273.9069184960467,0.7385,3,27,1,4,5000,100,71.0,10.0,15.0,0.35,0.35,0.3,0.1,0.8342,0.0384,3.0166,263.3966,-2.4233,-6.1495,6.6097
184,2,270,362,270,375,88.8147391813776,145.03103116229988,88.91223615961592,158.02847844613325,0.8977,3,27,1,4,5000,100,71.0,10.0,15.0,0.35,0.35,0.3,0.1,0.9324,0.0429,3.3744,151.2510,0.0785,-3.7947,3.7955
184,3,575,138,599,132,345.61412987544617,317.9701243827791,345.63936775744,342.70833080040524,0.8574,3,27,1,4,5000,100,71.0,10.0,15.0,0.35,0.35,0.3,0.1,0.814,0.0374,2.9431,329.8761,8.0184,2.0567,8.2779
185,8,173,457,165,476,111.38862282781885,257.75181861628056,111.49563104446548,278.36127604248406,0.7333,3,27,1,4,5000,100,71.0,10.0,15.0,0.35,0.35,0.3,0.1,0.8357,0.0384,3.0222,267.6604,-2.4495,-6.2541,6.7167
185,2,269,366,268,379,89.23097531742197,149.01342221424215,89.64632684075355,162.00308639035245,0.6446,3,27,1,4,5000,100,71.0,10.0,15.0,0.35,0.35,0.3,0.1,0.908,0.0418,3.2855,155.2370,0.0523,-3.8952,3.8955
185,3,574,141,598,136,346.09557174318076,316.26729201736936,346.2492135698907,340.76678241870934,0.6502,3,27,1,4,5000,100,71.0,10.0,15.0,0.35,0.35,0.3,0.1,0.8106,0.0373,2.9308,328.0603,7.9912,1.9783,8.2324
186,8,171,461,164,479,111.4767909795404,262.20602586515815,111.46126703402422,281.5190934910099,0.7713,3,27,1,4,5000,100,71.0,10.0,15.0,0.35,0.35,0.3,0.1,0.7722,0.0355,2.7907,271.5196,-2.4946,-6.3404,6.8135
186,2,267,370,266,384,90.0,153.0,90.34308439952353,167.0029939851379,0.7052,3,27,1,4,5000,100,71.0,10.0,15.0,0.35,0.35,0.3,0.1,0.9513,0.0438,3.4435,159.6951,0.0000,-4.0074,4.0074
186,3,572,146,596,140,346.89567385530296,313.1549137407874,346.8274465766731,337.8905148121208,0.8018,3,27,1,4,5000,100,71.0,10.0,15.0,0.35,0.35,0.3,0.1,0.826,0.038,2.9867,325.0528,7.9445,1.8494,8.1569
187,2,264,375,264,389,91.08776384038408,158.02847844613325,90.99924367025729,172.02616080119907,0.9119,2,27,1,4,5000,100,71.0,10.0,15.0,0.35,0.35,0.3,0.1,0.922,0.0424,3.3366,164.7305,-0.0785,-4.1330,4.1338
187,3,570,150,593,145,347.53127173004486,310.31919051196303,347.54565070184145,333.8562564937192,0.8872,2,27,1,4,5000,100,71.0,10.0,15.0,0.35,0.35,0.3,0.1,0.7943,0.0365,2.8714,321.6577,7.8813,1.7427,8.0717
188,2,262,379,261,393,91.76782705585607,162.077142126828,91.95250904939961,176.10224302944013,0.8365,2,27,1,4,5000,100,71.0,10.0,15.0,0.35,0.35,0.3,0.1,0.9016,0.0415,3.2623,168.7989,-0.1307,-4.2338,4.2359
188,3,568,154,591,150,348.17851165939277,307.52235691084314,348.31647852606255,330.85495311389855,0.6891,2,27,1,4,5000,100,71.0,10.0,15.0,0.35,0.35,0.3,0.1,0.7946,0.0365,2.8723,318.7623,7.8294,1.6387,7.9991
189,2,260,383,259,397,92.4146565208508,166.14752480852673,92.5448043798131,180.17769007288334,0.8402,3,27,1,4,5000,100,71.0,10.0,15.0,0.35,0.35,0.3,0.1,0.8807,0.0405,3.1862,172.8784,-0.1828,-4.3344,4.3382
189,9,119,313,106,321,147.0305960965379,176.40861656959956,147.13904651383348,191.66898549321954,0.8487,3,27,1,4,5000,100,71.0,10.0,15.0,0.35,0.35,0.3,0.1,0.9013,0.0415,3.2613,183.7225,-3.8679,-2.5089,4.6104
189,3,566,158,588,154,348.8375466842193,304.765483609939,348.8961665633639,327.1238297648155,0.7876,3,27,1,4,5000,100,71.0,10.0,15.0,0.35,0.35,0.3,0.1,0.7692,0.0354,2.7798,315.5491,7.7686,1.5329,7.9184
190,3,563,163,585,159,349.66108945705895,300.8853602287755,349.66344585350066,323.24603632527345,0.8858,1,27,1,4,5000,100,71.0,10.0,15.0,0.35,0.35,0.3,0.1,0.7789,0.0358,2.8150,311.6651,7.6940,1.4036,7.8210
191,2,255,392,253,407,93.92271289051047,175.410946066658,94.21417852273404,190.51509126575775,0.6718,3,27,1,4,5000,100,71.0,10.0,15.0,0.35,0.35,0.3,0.1,0.8974,0.0413,3.2468,182.6513,-0.3136,-4.5727,4.5835
191,9,113,322,100,331,145.71312302279105,186.38937737972086,145.68119744315692,202.20039564748632,0.8769,3,27,1,4,5000,100,71.0,10.0,15.0,0.35,0.35,0.3,0.1,0.8846,0.0407,3.2002,193.9732,-4.0217,-2.7421,4.8676
191,3,560,167,582,163,350.31584789562186,297.2355967915014,350.2724214485984,319.59505628216465,0.815,3,27,1,4,5000,100,71.0,10.0,15.0,0.35,0.35,0.3,0.1,0.7881,0.0362,2.8484,308.0101,7.6191,1.3002,7.7292
192,2,253,395,251,411,94.49715161466777,178.54971296532514,94.71475451870495,194.65867563507155,0.8112,3,27,1,4,5000,100,71.0,10.0,15.0,0.35,0.35,0.3,0.1,0.9384,0.0432,3.3963,186.2565,-0.3665,-4.6596,4.6739
192,9,111,325,98,335,145.30484646876604,189.73665961010275,145.07629747118673,206.11889772653063,0.7318,3,27,1,4,5000,100,71.0,10.0,15.0,0.35,0.35,0.3,0.1,0.8997,0.0414,3.2553,197.5888,-4.0767,-2.8223,4.9583
192,3,558,171,580,168,351.0172629600254,294.61330587738223,351.1025893307543,316.8122472380132,0.7718,3,27,1,4,5000,100,71.0,10.0,15.0,0.35,0.35,0.3,0.1,0.7893,0.0363,2.8530,305.3098,7.5675,1.1962,7.6615
193,2,251,400,249,415,94.99676066457135,183.69812192834198,95.1944289077348,198.8164983093707,0.7682,2,27,1,4,5000,100,71.0,10.0,15.0,0.35,0.35,0.3,0.1,0.8592,0.0395,3.1079,190.9585,-0.4174,-4.7737,4.7919
193,9,109,330,96,339,144.42803389403807,194.2498391247725,144.4940298857589,210.05951537600004,0.8575,2,27,1,4,5000,100,71.0,10.0,15.0,0.35,0.35,0.3,0.1,0.8501,0.0391,3.0746,201.8456,-4.1199,-2.9465,5.0651
194,9,107,334,94,344,143.82386194304047,198.2145302443794,143.71745696459968,214.61127649776466,0.7922,2,27,1,4,5000,100,71.0,10.0,15.0,0.35,0.35,0.3,0.1,0.8635,0.0397,3.1233,206.0873,-4.1745,-3.0526,5.1716
194,3,554,179,576,176,352.4576695860691,289.5047495292607,352.44179659650575,311.7081968765018,0.8522,2,27,1,4,5000,100,71.0,10.0,15.0,0.35,0.35,0.3,0.1,0.8029,0.0369,2.9025,300.1965,7.4680,0.9888,7.5332
195,2,247,408,245,424,95.97777359236066,192.04426573058618,96.06663307360512,208.16579930430456,0.92,2,27,1,4,5000,100,71.0,10.0,15.0,0.35,0.35,0.3,0.1,0.8757,0.0403,3.1680,199.7803,-0.5221,-4.9860,5.0133
195,3,552,183,574,181,353.19686666649693,287.020905161976,353.3118210175253,309.1035425225664,0.7371,2,27,1,4,5000,100,71.0,10.0,15.0,0.35,0.35,0.3,0.1,0.8053,0.037,2.9114,297.6532,7.4167,0.8848,7.4693
196,9,103,341,90,352,142.90716270295846,205.60155641434235,142.66680426181418,222.60727750906977,0.6315,2,27,1,4,5000,100,71.0,10.0,15.0,0.35,0.35,0.3,0.1,0.8634,0.0397,3.1230,213.7667,-4.2789,-3.2352,5.3643
196,3,550,186,572,184,353.7487077630654,284.6928169097352,353.82480644308316,306.7800515027012,0.8375,2,27,1,4,5000,100,71.0,10.0,15.0,0.35,0.35,0.3,0.1,0.8118,0.0373,2.9351,295.3240,7.3668,0.8070,7.4109
197,2,243,415,241,431,96.91122711902469,199.44924166313595,96.92721812600917,215.5736533067063,0.878,3,27,1,4,5000,100,71.0,10.0,15.0,0.35,0.35,0.3,0.1,0.8446,0.0389,3.0547,207.1982,-0.6257,-5.1617,5.1995
197,9,102,344,88,355,142.41463029097474,208.21623375712088,142.3695835770251,226.01991062736045,0.9219,3,27,1,4,5000,100,71.0,10.0,15.0,0.35,0.35,0.3,0.1,0.8913,0.041,3.2249,216.7531,-4.3103,-3.3176,5.4392
197,3,549,189,570,188,354.3296426561061,283.3866616480035,354.53289841191116,304.38462510448846,0.6345,3,27,1,4,5000,100,71.0,10.0,15.0,0.35,0.35,0.3,0.1,0.7767,0.0357,2.8069,293.5106,7.3293,0.7277,7.3654
198,2,242,417,239,433,97.1250163489018,201.55644370746373,97.38604315126727,217.8072542409917,0.6168,2,27,1,4,5000,100,71.0,10.0,15.0,0.35,0.35,0.3,0.1,0.8424,0.0388,3.0467,209.3670,-0.6517,-5.2133,5.2539
198,3,547,192,568,190,354.8978347476418,281.1138559374119,354.87422987247845,302.20853727186466,0.8754,2,27,1,4,5000,100,71.0,10.0,15.0,0.35,0.35,0.3,0.1,0.7862,0.0362,2.8416,291.2798,7.2804,0.6500,7.3094
199,2,240,420,237,437,97.57615489568907,204.78769494283586,97.76516601842535,222.03603311174518,0.7713,2,27,1,4,5000,100,71.0,10.0,15.0,0.35,0.35,0.3,0.1,0.8785,0.0404,3.1782,213.0634,-0.7049,-5.3000,5.3466
199,3,546,195,567,194,355.4913823499614,279.8660393831306,355.61589973760505,300.8803749000589,0.7184,2,27,1,4,5000,100,71.0,10.0,15.0,0.35,0.35,0.3,0.1,0.7867,0.0362,2.8434,289.9930,7.2546,0.5720,7.2771
200,2,238,424,235,441,97.97503972999289,209.02152999152983,98.13010235415598,226.27416997969522,0.6946,3,27,1,4,5000,100,71.0,10.0,15.0,0.35,0.35,0.3,0.1,0.8616,0.0396,3.1167,217.3060,-0.7566,-5.4004,5.4531
200,9,97,354,83,365,141.13527209207248,218.3323155192561,141.1886159632416,236.13555429032706,0.8365,3,27,1,4,5000,100,71.0,10.0,15.0,0.35,0.35,0.3,0.1,0.8516,0.0392,3.0802,226.8852,-4.4331,-3.5726,5.6935
200,3,543,199,564,198,356.26860300083956,276.5863337187866,356.33960145212455,297.6071235706565,0.7787,3,27,1,4,5000,100,71.0,10.0,15.0,0.35,0.35,0.3,0.1,0.7959,0.0366,2.8770,286.7120,7.1795,0.4682,7.1948
201,9,95,356,81,368,141.05695220530956,221.14474897677312,140.9293424810033,239.57671005337727,0.8325,2,27,1,4,5000,100,71.0,10.0,15.0,0.35,0.35,0.3,0.1,0.8697,0.04,3.1462,229.9920,-4.4889,-3.6276,5.7714
201,3,542,202,563,201,356.8778695378843,275.40878707840824,356.9059419410829,296.4321170183825,0.8523,2,27,1,4,5000,100,71.0,10.0,15.0,0.35,0.35,0.3,0.1,0.7993,0.0368,2.8893,285.5340,7.1546,0.3903,7.1652
202,2,235,427,233,444,98.66413543310807,212.4241040936739,98.51842270201475,229.53213282675696,0.7593,3,27,1,4,5000,100,71.0,10.0,15.0,0.35,0.35,0.3,0.1,0.8416,0.0387,3.0434,220.6470,-0.8341,-5.4738,5.5369
202,9,94,357,81,369,141.01853460858132,222.55111772354684,140.74415832376715,240.20824298928628,0.6055,3,27,1,4,5000,100,71.0,10.0,15.0,0.35,0.35,0.3,0.1,0.8295,0.0382,2.9996,231.0428,-4.5069,-3.6472,5.7978
202,3,542,203,562,202,357.08563996448567,275.35613303502066,357.0891621738322,295.3811097548386,0.8869,3,27,1,4,5000,100,71.0,10.0,15.0,0.35,0.35,0.3,0.1,0.7628,0.0351,2.7563,285.0173,7.1430,0.3636,7.1523
203,2,236,428,233,444,98.3580684437,213.2650932525058,98.51842270201475,229.53213282675696,0.7141,3,27,1,4,5000,100,71.0,10.0,15.0,0.35,0.35,0.3,0.1,0.7987,0.0367,2.8871,221.0998,-0.8065,-5.4894,5.5483
203,9,94,357,80,369,141.01853460858132,222.55111772354684,140.89460814703557,240.9834019180574,0.7998,3,27,1,4,5000,100,71.0,10.0,15.0,0.35,0.35,0.3,0.1,0.8645,0.0398,3.1270,231.4008,-4.5139,-3.6529,5.8068
203,3,541,203,562,202,357.07502205084364,274.35743110038044,357.0891621738322,295.3811097548386,0.8817,3,27,1,4,5000,100,71.0,10.0,15.0,0.35,0.35,0.3,0.1,0.8022,0.0369,2.9001,284.4814,7.1295,0.3643,7.1388
204,3,540,203,561,202,357.06432655357884,273.3587386567329,357.07927847899964,294.38240436547835,0.8848,1,27,1,4,5000,100,71.0,10.0,15.0,0.35,0.35,0.3,0.1,0.805,0.037,2.9103,283.4813,7.1044,0.3643,7.1137
205,2,235,428,232,445,98.62369195492597,213.41274563624359,98.72727769517279,230.6707610426601,0.7118,2,27,1,4,5000,100,71.0,10.0,15.0,0.35,0.35,0.3,0.1,0.8449,0.0389,3.0555,221.7064,-0.8342,-5.5006,5.5635
205,3,540,204,561,202,357.2736890060937,273.3093485411723,357.07927847899964,294.38240436547835,0.6408,2,27,1,4,5000,100,71.0,10.0,15.0,0.35,0.35,0.3,0.1,0.807,0.0371,2.9175,283.4548,7.1050,0.3383,7.1130
206,2,235,428,232,446,98.62369195492597,213.41274563624359,98.68975028913958,231.65923249462776,0.8716,2,27,1,4,5000,100,71.0,10.0,15.0,0.35,0.35,0.3,0.1,0.8913,0.041,3.2246,222.1620,-0.8359,-5.5119,5.5750
206,3,540,204,561,203,357.2736890060937,273.3093485411723,357.2736890060937,294.3331445828009,0.8808,2,27,1,4,5000,100,71.0,10.0,15.0,0.35,0.35,0.3,0.1,0.8052,0.037,2.9109,283.4319,7.1044,0.3383,7.1125
207,3,539,205,560,204,357.47388308838043,272.26457720386617,357.45953259538965,293.28825411188905,0.8846,1,27,1,4,5000,100,71.0,10.0,15.0,0.35,0.35,0.3,0.1,0.8082,0.0372,2.9217,282.3857,7.0793,0.3123,7.0862
208,2,230,433,227,451,99.72021594806087,219.14607000811125,99.7003919439458,237.39418695494632,0.8658,3,27,1,4,5000,100,71.0,10.0,15.0,0.35,0.35,0.3,0.1,0.869,0.04,3.1433,227.9054,-0.9656,-5.6370,5.7191
208,9,89,363,75,375,140.64054943215683,230.21728866442677,140.54846629371806,248.65236777477105,0.827,3,27,1,4,5000,100,71.0,10.0,15.0,0.35,0.35,0.3,0.1,0.8369,0.0385,3.0266,239.0800,-4.6387,-3.8048,5.9995
208,3,536,208,557,208,358.08375562750365,269.15051551130273,358.2224256558572,290.13962156175774,0.7126,3,27,1,4,5000,100,71.0,10.0,15.0,0.35,0.35,0.3,0.1,0.8159,0.0375,2.9498,279.2512,7.0036,0.2343,7.0076
209,3,532,213,552,213,359.13522371770904,265.03018695990085,359.19590150391076,285.02806879323305,0.8046,1,27,1,4,5000,100,71.0,10.0,15.0,0.35,0.35,0.3,0.1,0.7904,0.0364,2.8569,274.6656,6.8917,0.1040,6.8925
210,2,223,440,219,458,101.16162621460838,227.29936207565564,101.264205604628,245.73359558676546,0.7668,1,27,1,4,5000,100,71.0,10.0,15.0,0.35,0.35,0.3,0.1,0.8472,0.039,3.0641,236.1573,-1.1472,-5.8141,5.9262
211,2,221,441,216,460,101.6047623563788,228.67444107289296,101.853004167744,248.29418035870273,0.6932,3,27,1,4,5000,100,71.0,10.0,15.0,0.35,0.35,0.3,0.1,0.8943,0.0411,3.2355,238.0808,-1.2018,-5.8523,5.9744
211,9,80,371,64,384,140.52754015165618,242.24987100099764,140.55723220955082,262.86498435508673,0.9351,3,27,1,4,5000,100,71.0,10.0,15.0,0.35,0.35,0.3,0.1,0.8873,0.0408,3.2100,252.1367,-4.8841,-4.0222,6.3271
211,3,526,217,546,217,0.0,259.0,0.0,279.0,0.9064,3,27,1,4,5000,100,71.0,10.0,15.0,0.35,0.35,0.3,0.1,0.8082,0.0372,2.9218,268.6283,6.7410,-0.0000,6.7410
212,2,220,442,216,460,101.79879244973131,229.85647695899283,101.853004167744,248.29418035870273,0.8178,2,27,1,4,5000,100,71.0,10.0,15.0,0.35,0.35,0.3,0.1,0.8383,0.0386,3.0316,238.7198,-1.2249,-5.8639,5.9905
212,3,525,218,545,218,0.22207555269346138,258.00193797721755,0.2060990373841261,278.0017985553331,0.8897,2,27,1,4,5000,100,71.0,10.0,15.0,0.35,0.35,0.3,0.1,0.8112,0.0373,2.9327,267.6287,6.7159,-0.0260,6.7159
213,2,220,442,216,460,101.79879244973131,229.85647695899283,101.853004167744,248.29418035870273,0.8729,2,27,1,4,5000,100,71.0,10.0,15.0,0.35,0.35,0.3,0.1,0.8383,0.0386,3.0316,238.7198,-1.2249,-5.8639,5.9905
213,3,525,218,545,218,0.22207555269346138,258.00193797721755,0.2060990373841261,278.0017985553331,0.8711,2,27,1,4,5000,100,71.0,10.0,15.0,0.35,0.35,0.3,0.1,0.8112,0.0373,2.9327,267.6287,6.7159,-0.0260,6.7159
214,2,220,442,216,460,101.79879244973131,229.85647695899283,101.853004167744,248.29418035870273,0.8229,2,27,1,4,5000,100,71.0,10.0,15.0,0.35,0.35,0.3,0.1,0.8383,0.0386,3.0316,238.7198,-1.2249,-5.8639,5.9905
214,3,525,218,545,218,0.22207555269346138,258.00193797721755,0.2060990373841261,278.0017985553331,0.8919,2,27,1,4,5000,100,71.0,10.0,15.0,0.35,0.35,0.3,0.1,0.8112,0.0373,2.9327,267.6287,6.7159,-0.0260,6.7159
215,2,220,442,216,460,101.79879244973131,229.85647695899283,101.853004167744,248.29418035870273,0.833,2,27,1,4,5000,100,71.0,10.0,15.0,0.35,0.35,0.3,0.1,0.8383,0.0386,3.0316,238.7198,-1.2249,-5.8639,5.9905
215,3,525,218,545,218,0.22207555269346138,258.00193797721755,0.2060990373841261,278.0017985553331,0.8941,2,27,1,4,5000,100,71.0,10.0,15.0,0.35,0.35,0.3,0.1,0.8112,0.0373,2.9327,267.6287,6.7159,-0.0260,6.7159
216,2,220,442,216,460,101.79879244973131,229.85647695899283,101.853004167744,248.29418035870273,0.833,2,27,1,4,5000,100,71.0,10.0,15.0,0.35,0.35,0.3,0.1,0.8383,0.0386,3.0316,238.7198,-1.2249,-5.8639,5.9905
216,3,525,217,545,218,0.0,258.0,0.2060990373841261,278.0017985553331,0.6543,2,27,1,4,5000,100,71.0,10.0,15.0,0.35,0.35,0.3,0.1,0.8113,0.0373,2.9330,267.6277,6.7159,-0.0000,6.7159
217,2,220,442,216,460,101.79879244973131,229.85647695899283,101.853004167744,248.29418035870273,0.8759,2,27,1,4,5000,100,71.0,10.0,15.0,0.35,0.35,0.3,0.1,0.8383,0.0386,3.0316,238.7198,-1.2249,-5.8639,5.9905
217,3,525,218,545,218,0.22207555269346138,258.00193797721755,0.2060990373841261,278.0017985553331,0.9035,2,27,1,4,5000,100,71.0,10.0,15.0,0.35,0.35,0.3,0.1,0.8112,0.0373,2.9327,267.6287,6.7159,-0.0260,6.7159
218,2,220,442,216,460,101.79879244973131,229.85647695899283,101.853004167744,248.29418035870273,0.833,2,27,1,4,5000,100,71.0,10.0,15.0,0.35,0.35,0.3,0.1,0.8383,0.0386,3.0316,238.7198,-1.2249,-5.8639,5.9905
218,3,526,218,545,218,0.22121812666486637,259.0019304947359,0.2060990373841261,278.0017985553331,0.8887,2,27,1,4,5000,100,71.0,10.0,15.0,0.35,0.35,0.3,0.1,0.7692,0.0354,2.7797,268.1657,6.7293,-0.0260,6.7294
219,2,220,442,216,460,101.79879244973131,229.85647695899283,101.853004167744,248.29418035870273,0.8229,2,27,1,4,5000,100,71.0,10.0,15.0,0.35,0.35,0.3,0.1,0.8383,0.0386,3.0316,238.7198,-1.2249,-5.8639,5.9905
219,3,525,218,545,218,0.22207555269346138,258.00193797721755,0.2060990373841261,278.0017985553331,0.8999,2,27,1,4,5000,100,71.0,10.0,15.0,0.35,0.35,0.3,0.1,0.8112,0.0373,2.9327,267.6287,6.7159,-0.0260,6.7159
220,2,220,442,216,460,101.79879244973131,229.85647695899283,101.853004167744,248.29418035870273,0.8229,3,27,1,4,5000,100,71.0,10.0,15.0,0.35,0.35,0.3,0.1,0.8383,0.0386,3.0316,238.7198,-1.2249,-5.8639,5.9905
220,9,79,372,63,384,140.495507479157,243.65754656894993,140.6953020304399,263.6380093992518,0.6523,3,27,1,4,5000,100,71.0,10.0,15.0,0.35,0.35,0.3,0.1,0.8563,0.0394,3.0970,253.2543,-4.9035,-4.0428,6.3552
220,3,525,218,545,218,0.22207555269346138,258.00193797721755,0.2060990373841261,278.0017985553331,0.9007,3,27,1,4,5000,100,71.0,10.0,15.0,0.35,0.35,0.3,0.1,0.8112,0.0373,2.9327,267.6287,6.7159,-0.0260,6.7159
221,2,220,442,216,460,101.79879244973131,229.85647695899283,101.853004167744,248.29418035870273,0.8634,2,27,1,4,5000,100,71.0,10.0,15.0,0.35,0.35,0.3,0.1,0.8383,0.0386,3.0316,238.7198,-1.2249,-5.8639,5.9905
221,3,525,218,545,218,0.22207555269346138,258.00193797721755,0.2060990373841261,278.0017985553331,0.9104,2,27,1,4,5000,100,71.0,10.0,15.0,0.35,0.35,0.3,0.1,0.8112,0.0373,2.9327,267.6287,6.7159,-0.0260,6.7159
222,2,220,442,216,460,101.79879244973131,229.85647695899283,101.853004167744,248.29418035870273,0.8634,2,27,1,4,5000,100,71.0,10.0,15.0,0.35,0.35,0.3,0.1,0.8383,0.0386,3.0316,238.7198,-1.2249,-5.8639,5.9905
222,3,525,217,545,218,0.0,258.0,0.2060990373841261,278.0017985553331,0.6455,2,27,1,4,5000,100,71.0,10.0,15.0,0.35,0.35,0.3,0.1,0.8113,0.0373,2.9330,267.6277,6.7159,-0.0000,6.7159
223,2,220,442,216,460,101.79879244973131,229.85647695899283,101.853004167744,248.29418035870273,0.8441,2,27,1,4,5000,100,71.0,10.0,15.0,0.35,0.35,0.3,0.1,0.8383,0.0386,3.0316,238.7198,-1.2249,-5.8639,5.9905
223,3,525,217,545,218,0.0,258.0,0.2060990373841261,278.0017985553331,0.6761,2,27,1,4,5000,100,71.0,10.0,15.0,0.35,0.35,0.3,0.1,0.8113,0.0373,2.9330,267.6277,6.7159,-0.0000,6.7159
224,2,220,442,216,460,101.79879244973131,229.85647695899283,101.853004167744,248.29418035870273,0.8441,3,27,1,4,5000,100,71.0,10.0,15.0,0.35,0.35,0.3,0.1,0.8383,0.0386,3.0316,238.7198,-1.2249,-5.8639,5.9905
224,9,79,371,63,384,140.67741666204535,243.02263269086689,140.6953020304399,263.6380093992518,0.98,3,27,1,4,5000,100,71.0,10.0,15.0,0.35,0.35,0.3,0.1,0.8846,0.0407,3.2002,252.9109,-4.9096,-4.0217,6.3466
224,3,525,218,545,218,0.22207555269346138,258.00193797721755,0.2060990373841261,278.0017985553331,0.8878,3,27,1,4,5000,100,71.0,10.0,15.0,0.35,0.35,0.3,0.1,0.8112,0.0373,2.9327,267.6287,6.7159,-0.0260,6.7159
225,2,220,442,216,460,101.79879244973131,229.85647695899283,101.853004167744,248.29418035870273,0.8184,2,27,1,4,5000,100,71.0,10.0,15.0,0.35,0.35,0.3,0.1,0.8383,0.0386,3.0316,238.7198,-1.2249,-5.8639,5.9905
225,3,525,218,545,218,0.22207555269346138,258.00193797721755,0.2060990373841261,278.0017985553331,0.913,2,27,1,4,5000,100,71.0,10.0,15.0,0.35,0.35,0.3,0.1,0.8112,0.0373,2.9327,267.6287,6.7159,-0.0260,6.7159
226,2,220,442,216,460,101.79879244973131,229.85647695899283,101.853004167744,248.29418035870273,0.8634,2,27,1,4,5000,100,71.0,10.0,15.0,0.35,0.35,0.3,0.1,0.8383,0.0386,3.0316,238.7198,-1.2249,-5.8639,5.9905
226,3,525,218,545,218,0.22207555269346138,258.00193797721755,0.2060990373841261,278.0017985553331,0.9211,2,27,1,4,5000,100,71.0,10.0,15.0,0.35,0.35,0.3,0.1,0.8112,0.0373,2.9327,267.6287,6.7159,-0.0260,6.7159
227,2,220,442,216,460,101.79879244973131,229.85647695899283,101.853004167744,248.29418035870273,0.8135,3,27,1,4,5000,100,71.0,10.0,15.0,0.35,0.35,0.3,0.1,0.8383,0.0386,3.0316,238.7198,-1.2249,-5.8639,5.9905
227,9,78,372,63,384,140.6446222057861,244.42994906516674,140.6953020304399,263.6380093992518,0.9,3,27,1,4,5000,100,71.0,10.0,15.0,0.35,0.35,0.3,0.1,0.8219,0.0378,2.9718,253.6709,-4.9221,-4.0366,6.3656
227,3,526,218,545,218,0.22121812666486637,259.0019304947359,0.2060990373841261,278.0017985553331,0.8867,3,27,1,4,5000,100,71.0,10.0,15.0,0.35,0.35,0.3,0.1,0.7692,0.0354,2.7797,268.1657,6.7293,-0.0260,6.7294
228,2,220,442,216,460,101.79879244973131,229.85647695899283,101.853004167744,248.29418035870273,0.8049,2,27,1,4,5000,100,71.0,10.0,15.0,0.35,0.35,0.3,0.1,0.8383,0.0386,3.0316,238.7198,-1.2249,-5.8639,5.9905
228,3,525,218,545,218,0.22207555269346138,258.00193797721755,0.2060990373841261,278.0017985553331,0.9146,2,27,1,4,5000,100,71.0,10.0,15.0,0.35,0.35,0.3,0.1,0.8112,0.0373,2.9327,267.6287,6.7159,-0.0260,6.7159
