Frame_Number,Track_ID,Center_X,Center_Y,Right_X,Right_Y,Angle_A_deg,A_px,Angle_B_deg,C_px,Pair_Score,Pair_Count,Binary_Threshold,Blur_Size,Min_Area_px2,Max_Area_px2,Max_Width_px,Max_Radial_Gap_px,Max_Angle_Diff_deg,Max_Center_Offset_px,Weight_Angle,Weight_Area,Weight_Center,Min_Score_Threshold,Zprime_mm,Zdoubleprime,Z_mm,B_px,X_mm,Y_mm
0,1,214,379,208,397,108.11605167335586,170.4494059831245,108.14799406268867,189.42280749687984,0.8749,4,110,1,4,5000,100,71.0,10.0,15.0,0.35,0.35,0.3,0.1,5.8348,0.0527,4.1297,179.4359,-1.4014,-4.2792
0,2,208,378,201,396,110.12584608587237,171.47011401407536,110.23969136961831,190.77997798511248,0.7998,4,110,1,4,5000,100,71.0,10.0,15.0,0.35,0.35,0.3,0.1,5.8993,0.0533,4.1748,180.6104,-1.5639,-4.2539
0,3,407,348,422,363,43.09788722534308,191.73158320944412,43.287347423311225,212.93426215618754,0.718,4,110,1,4,5000,100,71.0,10.0,15.0,0.35,0.35,0.3,0.1,5.7986,0.0524,4.1043,201.7775,3.6912,-3.466
0,4,400,348,414,362,44.5659493678606,186.6815470259447,44.60756929065913,206.48002324680226,0.7825,4,110,1,4,5000,100,71.0,10.0,15.0,0.35,0.35,0.3,0.1,5.573,0.0504,3.9465,196.0823,3.5043,-3.4542
1,2,204,383,197,401,110.78265885471396,177.55280904564702,110.82855579020683,196.8654362756449,0.8194,1,110,1,4,5000,100,71.0,10.0,15.0,0.35,0.35,0.3,0.1,5.7084,0.0516,4.0412,186.711,-1.6643,-4.3798
2,2,190,387,181,406,114.36772984155562,186.62529303392935,114.46679088104594,207.64633394307737,0.8677,1,110,1,4,5000,100,71.0,10.0,15.0,0.35,0.35,0.3,0.1,5.9005,0.0533,4.1756,196.5754,-2.0394,-4.4916
3,2,185,389,175,408,115.48920055628673,190.5465822312224,115.71897247733888,212.00235847744713,0.7872,1,110,1,4,5000,100,71.0,10.0,15.0,0.35,0.35,0.3,0.1,5.8986,0.0533,4.1744,200.7027,-2.177,-4.5417
4,2,165,395,153,415,119.81416273779868,205.15360099203718,119.9315118405078,228.47319317591726,0.724,2,110,1,4,5000,100,71.0,10.0,15.0,0.35,0.35,0.3,0.1,5.9516,0.0538,4.2114,216.1864,-2.7023,-4.7041
4,5,357,362,366,378,58.172553423326896,170.66048165876012,58.41235764186841,189.0026454841307,0.6754,2,110,1,4,5000,100,71.0,10.0,15.0,0.35,0.35,0.3,0.1,5.6439,0.051,3.9961,179.3639,2.3652,-3.8294
5,2,165,396,154,416,119.67589183056877,206.0218435020908,119.58960856185033,228.84492565927695,0.8648,3,110,1,4,5000,100,71.0,10.0,15.0,0.35,0.35,0.3,0.1,5.8082,0.0525,4.1111,216.8345,-2.6902,-4.7297
5,6,159,396,147,416,121.10476308787166,209.05740838343903,121.09061044918218,232.38115241989829,0.8938,3,110,1,4,5000,100,71.0,10.0,15.0,0.35,0.35,0.3,0.1,5.8473,0.0528,4.1384,220.1031,-2.8527,-4.7295
5,5,350,363,359,379,60.38206630812958,167.94344286098223,60.407703640642026,186.30083198955393,0.7415,3,110,1,4,5000,100,71.0,10.0,15.0,0.35,0.35,0.3,0.1,5.735,0.0518,4.0599,176.6465,2.1898,-3.8541
6,7,140,415,125,437,122.67668654329414,235.22967499871268,122.84040427147349,261.8472837361503,0.6871,4,110,1,4,5000,100,71.0,10.0,15.0,0.35,0.35,0.3,0.1,5.9261,0.0535,4.1936,247.8258,-3.3655,-5.2296
6,8,134,415,119,437,123.8899357135692,238.52253562294695,123.92979742206063,265.1490147068248,0.842,4,110,1,4,5000,100,71.0,10.0,15.0,0.35,0.35,0.3,0.1,5.8505,0.0529,4.1407,251.132,-3.5159,-5.23
6,5,332,381,338,400,68.37952395277662,176.41145087550296,68.7948353798778,196.29060089571277,0.6258,4,110,1,4,5000,100,71.0,10.0,15.0,0.35,0.35,0.3,0.1,5.9029,0.0533,4.1773,185.8209,1.7016,-4.3415
6,9,325,381,331,400,70.523424501068,173.95401691251627,70.72390114653214,193.86851214160592,0.7345,4,110,1,4,5000,100,71.0,10.0,15.0,0.35,0.35,0.3,0.1,5.9918,0.0541,4.2395,183.3722,1.5263,-4.3411
7,7,137,422,122,444,122.38067770656923,242.7447218787671,122.56907792371226,269.3584971743049,0.6661,4,110,1,4,5000,100,71.0,10.0,15.0,0.35,0.35,0.3,0.1,5.7514,0.052,4.0714,255.3601,-3.4411,-5.4057
7,8,130,421,115,444,123.88407055266843,245.73359558676546,123.80640397425279,273.19040978775223,0.7964,4,110,1,4,5000,100,71.0,10.0,15.0,0.35,0.35,0.3,0.1,5.8556,0.0529,4.1443,258.7356,-3.6159,-5.3926
7,9,322,387,327,406,72.07208023799276,178.67568385205638,72.38742215707617,198.2952344359289,0.5732,4,110,1,4,5000,100,71.0,10.0,15.0,0.35,0.35,0.3,0.1,5.7598,0.052,4.0772,187.9749,1.439,-4.4922
7,5,329,388,335,406,70.07071758581147,181.89282558693733,70.2118592232983,200.8606482116395,0.6983,4,110,1,4,5000,100,71.0,10.0,15.0,0.35,0.35,0.3,0.1,5.4843,0.0496,3.8845,190.9067,1.6271,-4.5058
8,7,135,428,119,451,122.029785156997,248.8875247978492,122.31247862613003,276.87542325024083,0.6249,3,110,1,4,5000,100,71.0,10.0,15.0,0.35,0.35,0.3,0.1,5.8912,0.0532,4.1692,262.1365,-3.5032,-5.5676
8,8,128,427,113,451,123.50076497852152,251.83526361492744,123.34970056246235,280.12854192316786,0.7383,3,110,1,4,5000,100,71.0,10.0,15.0,0.35,0.35,0.3,0.1,5.8861,0.0532,4.1656,265.2295,-3.6659,-5.5551
8,9,319,393,325,413,73.53998518795997,183.52111595127138,73.51554681046433,204.40156555173445,0.7996,3,110,1,4,5000,100,71.0,10.0,15.0,0.35,0.35,0.3,0.1,5.9569,0.0538,4.2151,193.3994,1.3762,-4.654
9,7,130,434,115,458,122.2657092046524,256.62813563598206,122.23985123504637,284.92981591964013,0.8883,4,110,1,4,5000,100,71.0,10.0,15.0,0.35,0.35,0.3,0.1,5.7835,0.0523,4.0938,270.0395,-3.6162,-5.7309
9,8,124,433,108,458,123.50603460582057,259.0463279029448,123.41487377514495,288.7247824486149,0.7931,4,110,1,4,5000,100,71.0,10.0,15.0,0.35,0.35,0.3,0.1,5.9961,0.0542,4.2425,273.0816,-3.7781,-5.7172
9,5,322,399,327,420,73.18529843208202,190.12890364171355,73.53408570491727,211.68136431911054,0.5975,4,110,1,4,5000,100,71.0,10.0,15.0,0.35,0.35,0.3,0.1,5.9361,0.0536,4.2006,200.3271,1.4388,-4.8167
9,9,315,399,320,419,75.22544972495342,188.22327167489146,75.29833024369212,208.83725721240452,0.7899,4,110,1,4,5000,100,71.0,10.0,15.0,0.35,0.35,0.3,0.1,5.7456,0.0519,4.0672,197.9952,1.2638,-4.8051
10,7,126,446,111,472,121.6214598049285,268.9274995235705,121.45682335755525,298.93310288424067,0.7003,4,110,1,4,5000,100,71.0,10.0,15.0,0.35,0.35,0.3,0.1,5.8477,0.0528,4.1387,283.1376,-3.7161,-6.0558
10,8,132,446,117,471,120.52018516563938,265.83077323741134,120.5640250210248,294.98474536829866,0.8313,4,110,1,4,5000,100,71.0,10.0,15.0,0.35,0.35,0.3,0.1,5.7531,0.052,4.0725,279.65,-3.5662,-6.0438
10,9,324,411,329,433,73.6264506729497,202.20039564748632,73.98456039373433,224.72205054244233,0.6225,4,110,1,4,5000,100,71.0,10.0,15.0,0.35,0.35,0.3,0.1,5.8382,0.0528,4.1321,212.8672,1.489,-5.13
10,5,317,411,321,433,75.54757174890703,200.33971149025845,75.96375653207353,222.64770378335368,0.5206,4,110,1,4,5000,100,71.0,10.0,15.0,0.35,0.35,0.3,0.1,5.8366,0.0527,4.1309,210.9055,1.3013,-5.13
11,9,330,422,336,445,72.91691305263723,214.46211786700232,73.16252737432362,238.2120903732638,0.6821,2,110,1,4,5000,100,71.0,10.0,15.0,0.35,0.35,0.3,0.1,5.8064,0.0525,4.1098,225.7141,1.6517,-5.4179
11,5,322,422,328,445,74.98163936884933,212.24985276791125,75.02167034911999,236.01906702637396,0.7901,2,110,1,4,5000,100,71.0,10.0,15.0,0.35,0.35,0.3,0.1,5.8682,0.053,4.153,223.5043,1.4514,-5.4176
12,5,325,426,331,449,74.49002912623436,216.8985938174796,74.57783868126133,240.66574330386118,0.7476,1,110,1,4,5000,100,71.0,10.0,15.0,0.35,0.35,0.3,0.1,5.7485,0.0519,4.0693,228.1649,1.5266,-5.5183
13,9,333,426,339,449,72.47443162627712,219.17344729688404,72.75854060106002,242.91562321102361,0.6221,2,110,1,4,5000,100,71.0,10.0,15.0,0.35,0.35,0.3,0.1,5.6862,0.0514,4.0257,230.4346,1.7269,-5.5187
13,5,325,425,331,448,74.41907615174838,215.93517545782115,74.51427384309024,239.70189819857498,0.7368,2,110,1,4,5000,100,71.0,10.0,15.0,0.35,0.35,0.3,0.1,5.7727,0.0522,4.0862,227.1987,1.5266,-5.4932
14,9,332,425,338,448,72.64597536373867,217.91970998512272,72.91470205551272,241.66505746590673,0.5674,2,110,1,4,5000,100,71.0,10.0,15.0,0.35,0.35,0.3,0.1,5.7179,0.0517,4.0479,229.179,1.7018,-5.4935
14,5,325,424,331,447,74.34748732188106,214.9720912118594,74.45019583029841,238.73835050112916,0.723,2,110,1,4,5000,100,71.0,10.0,15.0,0.35,0.35,0.3,0.1,5.7971,0.0524,4.1033,226.2328,1.5265,-5.468
15,5,324,422,330,446,74.46147497096791,212.77687844312408,74.61793369187042,237.507894605632,0.639,1,110,1,4,5000,100,71.0,10.0,15.0,0.35,0.35,0.3,0.1,6.0783,0.0549,4.3001,224.4632,1.5011,-5.429
16,9,331,422,337,445,72.66189085763853,214.75800334329801,72.93259518153562,238.5036687348855,0.5795,2,110,1,4,5000,100,71.0,10.0,15.0,0.35,0.35,0.3,0.1,5.7978,0.0524,4.1038,226.0088,1.6767,-5.418
16,5,323,421,329,444,74.64986350757557,211.54668515483763,74.7235261807067,235.3146829248018,0.6973,2,110,1,4,5000,100,71.0,10.0,15.0,0.35,0.35,0.3,0.1,5.8864,0.0532,4.1658,222.7986,1.4764,-5.3925
17,9,331,422,337,445,72.66189085763853,214.75800334329801,72.93259518153562,238.5036687348855,0.6388,2,110,1,4,5000,100,71.0,10.0,15.0,0.35,0.35,0.3,0.1,5.7978,0.0524,4.1038,226.0088,1.6767,-5.418
17,5,323,421,329,445,74.64986350757557,211.54668515483763,74.78741713137951,236.2794955132586,0.6519,2,110,1,4,5000,100,71.0,10.0,15.0,0.35,0.35,0.3,0.1,6.1121,0.0552,4.3237,223.2301,1.476,-5.4038
18,5,321,419,328,446,75.03328043599514,209.093280618962,75.0841565587752,236.98523160737253,0.71,1,110,1,4,5000,100,71.0,10.0,15.0,0.35,0.35,0.3,0.1,6.9198,0.0625,4.8889,222.1673,1.4373,-5.3866
19,5,320,418,327,446,75.22837850783249,207.87015177749788,75.31803225860638,236.7298037848213,0.6901,1,110,1,4,5000,100,71.0,10.0,15.0,0.35,0.35,0.3,0.1,7.1837,0.0649,5.0735,221.3633,1.4118,-5.3725
20,9,326,416,333,445,73.48583608976696,207.56203891848818,73.85566121971652,237.36048533822978,0.5046,2,110,1,4,5000,100,71.0,10.0,15.0,0.35,0.35,0.3,0.1,7.412,0.067,5.2332,221.4634,1.5614,-5.3336
20,5,319,416,326,445,75.35568736284432,205.6817930688081,75.49171135675465,235.51008470976353,0.6848,2,110,1,4,5000,100,71.0,10.0,15.0,0.35,0.35,0.3,0.1,7.4822,0.0676,5.2823,219.5876,1.3864,-5.3331
21,9,318,414,325,444,75.48573370633156,203.49447166937975,75.66719717464791,234.29255216502295,0.6331,1,110,1,4,5000,100,71.0,10.0,15.0,0.35,0.35,0.3,0.1,7.7855,0.0703,5.4946,217.8102,1.3609,-5.2936
22,10,135,445,115,478,120.06858282186246,263.4539808012018,120.21547259983744,302.03476621077914,0.7602,4,110,1,4,5000,100,71.0,10.0,15.0,0.35,0.35,0.3,0.1,7.5505,0.0682,5.3301,281.4283,-3.5468,-6.107
22,11,129,444,109,476,121.29665273161476,265.6557923328607,121.38480329620084,303.3891889965758,0.7368,4,110,1,4,5000,100,71.0,10.0,15.0,0.35,0.35,0.3,0.1,7.3385,0.0663,5.1818,283.2714,-3.6976,-6.0711
22,5,324,410,331,439,73.54619073104337,201.2411488736834,73.9183480431863,231.0411218809327,0.5102,4,110,1,4,5000,100,71.0,10.0,15.0,0.35,0.35,0.3,0.1,7.6291,0.0689,5.3852,215.114,1.511,-5.1823
22,9,317,410,324,439,75.47584806258082,199.37151250868314,75.59997869320895,229.20078533896867,0.7384,4,110,1,4,5000,100,71.0,10.0,15.0,0.35,0.35,0.3,0.1,7.7027,0.0696,5.4367,213.2481,1.336,-5.1818
23,10,135,442,115,474,120.39872771416607,260.8620324999405,120.6017547007566,298.58499627409276,0.7729,3,110,1,4,5000,100,71.0,10.0,15.0,0.35,0.35,0.3,0.1,7.4623,0.0674,5.2684,278.4517,-3.5472,-6.0202
23,5,323,407,330,436,73.5778125016847,198.08079159777205,73.9509952074668,227.8815481779953,0.5439,3,110,1,4,5000,100,71.0,10.0,15.0,0.35,0.35,0.3,0.1,7.7425,0.07,5.4645,211.9387,1.4858,-5.1067
23,9,316,406,323,436,75.46554491945989,195.24855953373896,75.6563786895679,226.04645540242387,0.6775,3,110,1,4,5000,100,71.0,10.0,15.0,0.35,0.35,0.3,0.1,8.0902,0.0731,5.7078,209.5218,1.3104,-5.0918
24,5,323,406,330,436,73.49563861824498,197.12178976460214,73.9509952074668,227.8815481779953,0.5133,2,110,1,4,5000,100,71.0,10.0,15.0,0.35,0.35,0.3,0.1,8.0097,0.0724,5.6514,211.3885,1.4853,-5.0924
24,9,316,405,323,436,75.39153306607115,194.28072472584614,75.6563786895679,226.04645540242387,0.6262,2,110,1,4,5000,100,71.0,10.0,15.0,0.35,0.35,0.3,0.1,8.3637,0.0756,5.8991,208.9633,1.3099,-5.0775
25,5,322,403,330,433,73.5271082852634,193.96133635340834,73.73979529168804,225.0,0.6517,2,110,1,4,5000,100,71.0,10.0,15.0,0.35,0.35,0.3,0.1,8.1989,0.0741,5.7838,208.3309,1.4724,-5.0162
25,9,315,403,322,433,75.52970589993411,192.09372712298546,75.71437495340517,222.89235069871734,0.6512,2,110,1,4,5000,100,71.0,10.0,15.0,0.35,0.35,0.3,0.1,8.2134,0.0742,5.794,206.3502,1.2852,-5.0161
26,10,135,435,112,470,121.19509758787565,254.8489748851268,121.49364458741765,296.7052409378709,0.6847,4,110,1,4,5000,100,71.0,10.0,15.0,0.35,0.35,0.3,0.1,8.3984,0.0759,5.9234,274.1889,-3.5803,-5.8756
26,11,129,435,107,469,122.33493623495765,258.00775182152955,122.41230661835121,298.50293130889014,0.7256,4,110,1,4,5000,100,71.0,10.0,15.0,0.35,0.35,0.3,0.1,8.053,0.0728,5.6817,276.782,-3.7192,-5.8659
26,5,322,399,330,431,73.18529843208202,190.12890364171355,73.5959654139311,223.0807028857494,0.5618,4,110,1,4,5000,100,71.0,10.0,15.0,0.35,0.35,0.3,0.1,8.8254,0.0797,6.2222,205.2909,1.4711,-4.9371
26,9,315,399,323,431,75.22544972495342,188.22327167489146,75.3355385115889,221.20578654275752,0.7226,4,110,1,4,5000,100,71.0,10.0,15.0,0.35,0.35,0.3,0.1,8.9152,0.0806,6.285,203.386,1.2964,-4.9364
27,5,322,395,330,428,72.82943864806185,186.30351580150065,73.37552185603504,220.20445045457188,0.5123,2,110,1,4,5000,100,71.0,10.0,15.0,0.35,0.35,0.3,0.1,9.2293,0.0834,6.5048,201.8404,1.4703,-4.8469
27,9,314,395,323,428,75.20891510128882,184.10051602317685,75.13620837855433,218.3048327454067,0.7093,2,110,1,4,5000,100,71.0,10.0,15.0,0.35,0.35,0.3,0.1,9.4068,0.085,6.629,199.749,1.283,-4.8455
28,5,321,392,329,426,72.8512688091881,183.14202139323461,73.47697245845153,218.0022935659164,0.438,2,110,1,4,5000,100,71.0,10.0,15.0,0.35,0.35,0.3,0.1,9.6174,0.0869,6.7763,199.0574,1.4445,-4.7818
28,9,314,392,322,426,74.96674187061171,181.2015452472743,75.25643716352927,216.1157097482735,0.6186,2,110,1,4,5000,100,71.0,10.0,15.0,0.35,0.35,0.3,0.1,9.725,0.0879,6.8516,197.1246,1.2699,-4.7809
29,5,321,392,329,428,72.8512688091881,183.14202139323461,73.62516220080111,219.92044015961773,0.3939,2,110,1,4,5000,100,71.0,10.0,15.0,0.35,0.35,0.3,0.1,10.0983,0.0912,7.1128,199.8533,1.4434,-4.8029
29,9,313,392,322,427,75.27255411936665,180.9447429465692,75.32360686254998,217.0829334609241,0.7236,2,110,1,4,5000,100,71.0,10.0,15.0,0.35,0.35,0.3,0.1,10.048,0.0908,7.0776,197.3733,1.2568,-4.7908
30,11,129,428,106,467,123.18582725939297,252.12100269513448,122.78153523718076,297.3566881709574,0.4375,3,110,1,4,5000,100,71.0,10.0,15.0,0.35,0.35,0.3,0.1,9.1108,0.0823,6.4219,272.8768,-3.7262,-5.745
30,5,320,391,329,428,73.05938476834453,181.89282558693733,73.62516220080111,219.92044015961773,0.52,3,110,1,4,5000,100,71.0,10.0,15.0,0.35,0.35,0.3,0.1,10.4737,0.0946,7.3755,199.1072,1.43,-4.7874
30,9,312,391,321,427,75.49983323344743,179.7247896090019,75.57922687248902,216.83173199511182,0.6936,3,110,1,4,5000,100,71.0,10.0,15.0,0.35,0.35,0.3,0.1,10.3556,0.0936,7.2928,196.5422,1.2313,-4.7759
31,9,313,391,325,430,75.1916229609576,179.97777640586628,74.76764481561464,220.75552088226468,0.5401,1,110,1,4,5000,100,71.0,10.0,15.0,0.35,0.35,0.3,0.1,11.2614,0.1018,7.9266,198.2919,1.2914,-4.8055
32,11,128,422,103,463,124.13918537836267,247.68124676688785,123.69006752597979,295.6552045880471,0.427,3,110,1,4,5000,100,71.0,10.0,15.0,0.35,0.35,0.3,0.1,9.7715,0.0883,6.8842,269.5503,-3.7721,-5.6146
32,5,317,385,326,424,73.42599224309102,175.2826289168439,74.09116808869754,215.24404753674375,0.5621,3,110,1,4,5000,100,71.0,10.0,15.0,0.35,0.35,0.3,0.1,11.3244,0.1023,7.9707,193.2188,1.3533,-4.656
32,9,310,385,319,424,75.6432240465435,173.4156855650607,75.89864771974324,213.43148783626094,0.6836,3,110,1,4,5000,100,71.0,10.0,15.0,0.35,0.35,0.3,0.1,11.4477,0.1034,8.057,191.354,1.1792,-4.6548
33,11,128,418,103,459,124.66549733330622,244.38085031360376,124.12494175200588,292.33542378576016,0.3811,2,110,1,4,5000,100,71.0,10.0,15.0,0.35,0.35,0.3,0.1,9.8881,0.0893,6.9657,266.2158,-3.7714,-5.514
33,5,309,381,322,420,75.6354175503028,169.29264603047588,74.8404538179981,210.3188056261256,0.4088,2,110,1,4,5000,100,71.0,10.0,15.0,0.35,0.35,0.3,0.1,11.9605,0.1081,8.4157,187.5888,1.2029,-4.5511
34,11,127,414,102,454,125.39988157012132,241.6795398870165,124.84573341979976,288.7801932266131,0.3869,3,110,1,4,5000,100,71.0,10.0,15.0,0.35,0.35,0.3,0.1,9.8265,0.0888,6.9227,263.1388,-3.7967,-5.4026
34,9,316,377,325,414,72.97279266495207,167.3349933516597,73.59471474206556,205.36065835500236,0.5555,3,110,1,4,5000,100,71.0,10.0,15.0,0.35,0.35,0.3,0.1,11.2914,0.102,7.9476,184.408,1.3286,-4.4327
34,5,309,377,318,414,75.29169610031725,165.42067585401773,75.48573370633156,203.49447166937975,0.7355,3,110,1,4,5000,100,71.0,10.0,15.0,0.35,0.35,0.3,0.1,11.4216,0.1032,8.0387,182.4929,1.1544,-4.4316
35,11,132,407,100,447,125.39479584498706,233.0772404161333,125.98291210625273,284.2340584799788,0.4096,2,110,1,4,5000,100,71.0,10.0,15.0,0.35,0.35,0.3,0.1,10.944,0.0989,7.7046,256.1262,-3.7522,-5.2183
35,5,307,370,319,407,75.34864142817783,158.14234094637652,74.69386102591014,196.98730923589977,0.4833,2,110,1,4,5000,100,71.0,10.0,15.0,0.35,0.35,0.3,0.1,12.1053,0.1094,8.517,175.4403,1.1405,-4.2522
36,11,127,407,101,447,126.3843518158359,236.00847442411893,125.81945804237385,283.6476687723698,0.3836,2,110,1,4,5000,100,71.0,10.0,15.0,0.35,0.35,0.3,0.1,10.1455,0.0917,7.1458,257.6444,-3.8072,-5.2255
36,5,308,370,320,407,74.99868153952852,158.39823231336896,74.41369550852684,197.25364381932212,0.511,2,110,1,4,5000,100,71.0,10.0,15.0,0.35,0.35,0.3,0.1,12.0907,0.1093,8.5069,175.7034,1.1654,-4.2523
37,11,133,399,108,438,126.36286858492925,226.00884938426637,125.73339275924081,272.2535582871232,0.3688,2,110,1,4,5000,100,71.0,10.0,15.0,0.35,0.35,0.3,0.1,10.2714,0.0928,7.2339,246.9852,-3.6447,-5.013
37,5,313,361,327,396,72.28420729362307,151.16877984557524,71.46907843683175,188.7882411592417,0.4729,2,110,1,4,5000,100,71.0,10.0,15.0,0.35,0.35,0.3,0.1,12.2466,0.1107,8.6159,167.897,1.3137,-4.0032
38,11,147,393,118,430,124.28687697720898,213.01643129110957,124.97396290967872,259.9423012901132,0.431,2,110,1,4,5000,100,71.0,10.0,15.0,0.35,0.35,0.3,0.1,10.9803,0.0992,7.7299,234.1514,-3.342,-4.8328
38,5,324,355,337,388,67.55724663470565,149.30840565755165,67.73793085587438,184.77283350103176,0.7356,2,110,1,4,5000,100,71.0,10.0,15.0,0.35,0.35,0.3,0.1,11.7481,0.1062,8.2671,165.1583,1.5755,-3.8334
39,11,176,377,157,410,119.62905440719281,184.06792224611002,119.68089943686738,222.1463481581455,0.8105,2,110,1,4,5000,100,71.0,10.0,15.0,0.35,0.35,0.3,0.1,10.3741,0.0937,7.3058,201.3224,-2.4998,-4.3902
39,5,351,339,374,368,55.4516329439887,148.12157169028418,54.678260053133954,185.06755523321746,0.4813,2,110,1,4,5000,100,71.0,10.0,15.0,0.35,0.35,0.3,0.1,12.2716,0.1109,8.6335,164.5462,2.3671,-3.3833
40,11,179,365,164,396,120.7354877019201,172.18594600024707,119.91694017767011,206.51876428063383,0.3552,2,110,1,4,5000,100,71.0,10.0,15.0,0.35,0.35,0.3,0.1,10.0331,0.0907,7.0672,187.7961,-2.3769,-4.0693
40,5,361,327,384,354,49.48460600954463,144.69277798148738,49.502189492040976,180.16103907338012,0.7059,2,110,1,4,5000,100,71.0,10.0,15.0,0.35,0.35,0.3,0.1,12.0831,0.1092,8.5015,160.4907,2.6159,-3.0622
41,5,364,324,389,349,47.80637025178825,144.42298985964803,47.254574965935035,179.74426277353055,0.5445,1,110,1,4,5000,100,71.0,10.0,15.0,0.35,0.35,0.3,0.1,12.0585,0.109,8.4843,160.1593,2.7152,-2.9632
42,12,373,324,395,348,45.268992293696485,150.6154042586614,45.663628000013254,183.15294155431957,0.5972,2,110,1,4,5000,100,71.0,10.0,15.0,0.35,0.35,0.3,0.1,10.7886,0.0975,7.5958,165.2982,2.9081,-2.9578
42,5,366,323,388,348,46.95568139752289,145.04137340772803,47.27244973278294,178.33115263464205,0.658,2,110,1,4,5000,100,71.0,10.0,15.0,0.35,0.35,0.3,0.1,11.3929,0.1029,8.0186,159.9727,2.7311,-2.9421
43,11,186,359,172,389,119.70140954541058,163.47782724271815,118.91299346426231,196.49173010587495,0.3831,2,110,1,4,5000,100,71.0,10.0,15.0,0.35,0.35,0.3,0.1,10.1498,0.0917,7.1488,178.4709,-2.1898,-3.9067
43,5,367,321,392,346,46.12330271407543,144.27751037497146,45.90222116153016,179.62739212046696,0.6263,2,110,1,4,5000,100,71.0,10.0,15.0,0.35,0.35,0.3,0.1,12.0781,0.1091,8.498,160.0235,2.7895,-2.8886
44,11,192,367,179,398,116.56505117707799,167.70509831248424,115.9284576011145,201.25854019146615,0.4354,2,110,1,4,5000,100,71.0,10.0,15.0,0.35,0.35,0.3,0.1,10.0642,0.0909,7.0889,182.9561,-2.0283,-4.1188
44,12,373,328,400,354,46.31994569392178,153.48289807011074,45.84876427155359,190.93978108293726,0.5779,2,110,1,4,5000,100,71.0,10.0,15.0,0.35,0.35,0.3,0.1,12.0356,0.1088,8.4683,170.1746,2.9633,-3.0749
45,11,203,378,186,412,111.67858913961435,173.25414857947845,112.55724663470566,211.1539722572133,0.3859,2,110,1,4,5000,100,71.0,10.0,15.0,0.35,0.35,0.3,0.1,10.9112,0.0986,7.6815,190.3357,-1.8017,-4.4235
45,12,378,340,406,369,47.93567344642118,165.6804152578089,47.557904550192184,205.9732992404598,0.579,2,110,1,4,5000,100,71.0,10.0,15.0,0.35,0.35,0.3,0.1,11.9982,0.1084,8.4421,183.6427,3.0999,-3.4099
46,11,199,381,187,416,112.5205656028969,177.53872816937718,111.90062285820828,214.478437144623,0.4384,2,110,1,4,5000,100,71.0,10.0,15.0,0.35,0.35,0.3,0.1,10.4283,0.0942,7.3437,194.2682,-1.8405,-4.5142
46,12,380,343,409,373,48.11343874805721,169.24833824885843,47.689770323150476,210.95023109728987,0.5427,2,110,1,4,5000,100,71.0,10.0,15.0,0.35,0.35,0.3,0.1,12.1387,0.1097,8.5404,187.8123,3.161,-3.4957
47,11,198,379,186,412,113.07041224982466,176.08236708995025,112.55724663470566,211.1539722572133,0.4817,2,110,1,4,5000,100,71.0,10.0,15.0,0.35,0.35,0.3,0.1,10.0232,0.0906,7.0602,192.03,-1.8666,-4.4426
47,12,379,341,407,369,47.91083782616775,167.09278859364338,47.35329686610831,206.64946164943183,0.5038,2,110,1,4,5000,100,71.0,10.0,15.0,0.35,0.35,0.3,0.1,11.7132,0.1058,8.2427,184.7778,3.1265,-3.4242
48,11,197,376,185,410,113.7615694725643,173.72679701186,113.0192054406892,209.69740103301234,0.3994,2,110,1,4,5000,100,71.0,10.0,15.0,0.35,0.35,0.3,0.1,10.3823,0.0938,7.3115,190.0248,-1.8904,-4.3778
48,12,378,339,406,366,47.70294403781471,164.93938280471406,46.98863785647407,203.7694775966214,0.4611,2,110,1,4,5000,100,71.0,10.0,15.0,0.35,0.35,0.3,0.1,11.655,0.1053,8.202,182.3098,3.102,-3.3626
49,12,375,336,402,364,47.77427731130079,160.70158679988197,47.43664824681013,199.58456854175876,0.5894,1,110,1,4,5000,100,71.0,10.0,15.0,0.35,0.35,0.3,0.1,11.9437,0.1079,8.404,178.0449,3.0134,-3.2987
50,11,192,370,179,402,116.1139126302907,170.3936618539551,115.43929646747563,204.86336910243372,0.4255,2,110,1,4,5000,100,71.0,10.0,15.0,0.35,0.35,0.3,0.1,10.1657,0.0919,7.1599,186.0454,-2.0279,-4.2052
50,12,374,332,403,359,47.06381972845696,157.07959765672945,46.23640760285615,196.6214637317096,0.4468,2,110,1,4,5000,100,71.0,10.0,15.0,0.35,0.35,0.3,0.1,12.3722,0.1118,8.7038,174.6402,3.0109,-3.1844
51,11,193,365,179,397,116.56505117707799,165.46903033498444,116.05349531049094,200.3596765818911,0.4927,3,110,1,4,5000,100,71.0,10.0,15.0,0.35,0.35,0.3,0.1,10.555,0.0954,7.4323,181.2505,-2.0142,-4.078
51,12,374,327,398,353,45.792057092162395,153.45683432157722,46.07282927579154,188.83061192507955,0.6766,3,110,1,4,5000,100,71.0,10.0,15.0,0.35,0.35,0.3,0.1,11.4371,0.1033,8.0496,169.3159,2.9543,-3.0536
51,5,381,327,404,352,43.97696981133217,158.41717078650282,44.578715095831406,192.33824372703418,0.5155,3,110,1,4,5000,100,71.0,10.0,15.0,0.35,0.35,0.3,0.1,10.7027,0.0967,7.5357,173.7375,3.1199,-3.0453
52,11,192,351,177,380,119.23580456870003,153.56106277308712,118.90516317683593,186.19613314996636,0.6624,4,110,1,4,5000,100,71.0,10.0,15.0,0.35,0.35,0.3,0.1,10.6302,0.0961,7.485,168.3112,-2.0512,-3.6921
52,13,198,351,182,379,117.24508784252075,150.72159765607583,117.68560813088747,182.94534703019914,0.7515,4,110,1,4,5000,100,71.0,10.0,15.0,0.35,0.35,0.3,0.1,10.6878,0.0966,7.5253,165.2775,-1.9142,-3.6793
52,5,380,312,404,335,40.054033452895844,147.6279106402309,40.738776755501306,180.8120571200936,0.558,4,110,1,4,5000,100,71.0,10.0,15.0,0.35,0.35,0.3,0.1,11.1815,0.101,7.8707,162.5436,3.1048,-2.6453
52,12,373,312,397,335,41.867534801431965,142.3411395205195,42.22978420279981,175.56765077883796,0.6759,4,110,1,4,5000,100,71.0,10.0,15.0,0.35,0.35,0.3,0.1,11.5667,0.1045,8.1402,157.218,2.9288,-2.6433
53,13,199,344,183,371,118.16606917932084,144.05901568454507,118.61045966596521,175.41949720598336,0.6227,2,110,1,4,5000,100,71.0,10.0,15.0,0.35,0.35,0.3,0.1,10.8634,0.0982,7.6482,158.2001,-1.8888,-3.4918
53,5,376,304,404,325,38.59564727361586,139.46325680981354,38.24946053782103,174.4505660638566,0.5959,2,110,1,4,5000,100,71.0,10.0,15.0,0.35,0.35,0.3,0.1,12.3346,0.1115,8.6775,155.0072,3.0482,-2.4163
54,13,200,348,188,377,117.08749061403674,147.13938969562162,116.27785669257084,178.44046626256053,0.4295,2,110,1,4,5000,100,71.0,10.0,15.0,0.35,0.35,0.3,0.1,10.6397,0.0961,7.4916,161.2853,-1.815,-3.6175
54,12,381,308,410,330,38.59846375985028,145.86637720873168,38.31613589196588,182.25805880673698,0.6168,2,110,1,4,5000,100,71.0,10.0,15.0,0.35,0.35,0.3,0.1,12.2741,0.1109,8.6352,162.0442,3.1849,-2.5281
55,13,208,351,191,382,113.76382201932809,146.4137971640651,114.7310838458632,181.66177363441105,0.3959,3,110,1,4,5000,100,71.0,10.0,15.0,0.35,0.35,0.3,0.1,11.8901,0.1074,8.3665,162.1443,-1.6744,-3.7084
55,5,389,312,417,334,37.90748267172693,154.62535367784935,37.95423087513252,190.23406634985227,0.7546,3,110,1,4,5000,100,71.0,10.0,15.0,0.35,0.35,0.3,0.1,11.4272,0.1033,8.0426,170.5913,3.3764,-2.6316
55,12,383,312,409,334,39.31629366461553,149.93665329064805,39.486599971332446,183.99184764548673,0.6869,3,110,1,4,5000,100,71.0,10.0,15.0,0.35,0.35,0.3,0.1,11.2864,0.102,7.9441,165.2277,3.2035,-2.6323
56,13,206,356,195,387,113.69421638217123,151.79591562357663,112.95408653762848,184.61852561430555,0.4563,2,110,1,4,5000,100,71.0,10.0,15.0,0.35,0.35,0.3,0.1,10.7975,0.0976,7.602,166.606,-1.6529,-3.8402
56,12,386,315,416,339,39.472459848343824,154.1590088188167,39.31034065021085,192.57466084612483,0.6633,2,110,1,4,5000,100,71.0,10.0,15.0,0.35,0.35,0.3,0.1,12.2614,0.1108,8.6263,171.2387,3.3213,-2.7265
57,12,389,318,420,342,39.62029840087459,158.38244852255568,39.248597909634015,197.57024067404484,0.5928,1,110,1,4,5000,100,71.0,10.0,15.0,0.35,0.35,0.3,0.1,12.1839,0.1101,8.572,175.8192,3.4086,-2.8013
58,13,211,366,202,399,110.59817446163294,159.17600321656528,109.6538240580533,193.25889371514057,0.3699,2,110,1,4,5000,100,71.0,10.0,15.0,0.35,0.35,0.3,0.1,10.7025,0.0967,7.5355,174.5694,-1.504,-4.1144
58,12,392,325,423,351,40.8270155239205,165.19382555047267,40.6617332085718,205.65018842685265,0.6453,2,110,1,4,5000,100,71.0,10.0,15.0,0.35,0.35,0.3,0.1,12.0732,0.1091,8.4946,183.2153,3.4838,-3.0003
59,13,219,365,204,400,107.96913974015703,155.58920271021378,108.99665415548857,193.54069339547175,0.3785,3,110,1,4,5000,100,71.0,10.0,15.0,0.35,0.35,0.3,0.1,12.0301,0.1087,8.4644,172.5022,-1.3763,-4.1042
59,5,400,325,429,351,39.07763697853354,171.32717239247253,39.59620863975029,210.23796041628637,0.5634,3,110,1,4,5000,100,71.0,10.0,15.0,0.35,0.35,0.3,0.1,11.2857,0.102,7.9436,188.7986,3.6629,-3.0048
59,12,393,324,422,351,40.33812690476117,165.3027525481654,40.843943398723574,204.89265482198232,0.623,3,110,1,4,5000,100,71.0,10.0,15.0,0.35,0.35,0.3,0.1,11.8353,0.1069,8.3282,182.9808,3.4854,-2.9893
60,13,214,363,204,397,109.95159069476324,155.32224567009067,109.29004621918874,190.7065809037538,0.4712,2,110,1,4,5000,100,71.0,10.0,15.0,0.35,0.35,0.3,0.1,11.3168,0.1023,7.9654,171.2052,-1.4403,-4.0476
60,12,394,322,427,348,39.5829778861434,164.78470802838473,39.30890185307607,206.7873303662485,0.6311,2,110,1,4,5000,100,71.0,10.0,15.0,0.35,0.35,0.3,0.1,12.5101,0.113,8.8003,183.412,3.555,-2.9233
61,13,215,360,206,392,109.98310652189998,152.16109883935513,109.21709517697867,185.32673849177834,0.4457,3,110,1,4,5000,100,71.0,10.0,15.0,0.35,0.35,0.3,0.1,10.8757,0.0983,7.6567,167.1143,-1.4042,-3.9515
61,12,401,318,431,343,37.00647850636021,167.80047675736802,37.534809143878576,206.81392603013947,0.561,3,110,1,4,5000,100,71.0,10.0,15.0,0.35,0.35,0.3,0.1,11.5254,0.1041,8.1113,185.2757,3.6985,-2.8173
61,5,395,318,425,343,38.27564690689036,163.04907236779974,38.571252251170144,202.08908926510605,0.7097,3,110,1,4,5000,100,71.0,10.0,15.0,0.35,0.35,0.3,0.1,11.8326,0.1069,8.3262,180.482,3.5474,-2.8156
62,13,215,353,206,385,110.92450174492117,145.60219778561037,109.95571848406578,178.7316424139833,0.398,3,110,1,4,5000,100,71.0,10.0,15.0,0.35,0.35,0.3,0.1,11.3044,0.1021,7.9567,160.4749,-1.4031,-3.7746
62,12,402,312,432,335,35.134193056915635,165.07574019219177,35.5705120459807,202.85216291674092,0.6112,3,110,1,4,5000,100,71.0,10.0,15.0,0.35,0.35,0.3,0.1,11.3628,0.1027,7.9975,182.0246,3.7245,-2.6444
62,5,395,312,425,335,36.582342822986845,159.40200751558933,36.75367918553147,197.2004056790959,0.7109,3,110,1,4,5000,100,71.0,10.0,15.0,0.35,0.35,0.3,0.1,11.7305,0.106,8.2548,176.298,3.5481,-2.6425
63,13,217,351,208,383,110.46227152342222,143.024473430249,109.56631625360448,176.17321022221284,0.4265,2,110,1,4,5000,100,71.0,10.0,15.0,0.35,0.35,0.3,0.1,11.493,0.1039,8.0887,157.8776,-1.3529,-3.7236
63,5,396,309,430,332,35.495641277496986,158.4455742518547,35.20379008252548,199.48433522459854,0.6203,2,110,1,4,5000,100,71.0,10.0,15.0,0.35,0.35,0.3,0.1,12.6889,0.1147,8.9254,176.6123,3.6156,-2.5631
64,13,229,354,219,387,105.50253879163162,142.1724305201258,105.76718254247568,176.64653973401235,0.7001,2,110,1,4,5000,100,71.0,10.0,15.0,0.35,0.35,0.3,0.1,11.9667,0.1081,8.4201,157.5456,-1.0664,-3.8069
64,12,408,312,441,336,33.97046877601952,170.01764614298128,34.368538464066965,210.80085388821365,0.6722,2,110,1,4,5000,100,71.0,10.0,15.0,0.35,0.35,0.3,0.1,11.852,0.1071,8.3398,188.2254,3.907,-2.6543
65,13,236,363,231,397,101.9875119434605,149.25481566770299,101.30993247402021,183.56470248934025,0.4906,2,110,1,4,5000,100,71.0,10.0,15.0,0.35,0.35,0.3,0.1,11.4087,0.1031,8.0297,164.6413,-0.8317,-4.0469
65,12,416,320,453,346,34.6551425185248,181.13530854032848,34.7431801583036,226.35591443565153,0.6875,2,110,1,4,5000,100,71.0,10.0,15.0,0.35,0.35,0.3,0.1,12.2813,0.111,8.6402,201.2365,4.1515,-2.8751
66,13,238,371,233,408,100.66457551745175,156.70673246545599,100.09352136152256,194.0025773024678,0.523,3,110,1,4,5000,100,71.0,10.0,15.0,0.35,0.35,0.3,0.1,11.769,0.1063,8.2818,173.3716,-0.7815,-4.2798
66,12,425,330,460,358,35.571966105961934,194.2498391247725,36.15074152929895,239.0188277102873,0.5705,3,110,1,4,5000,100,71.0,10.0,15.0,0.35,0.35,0.3,0.1,11.4353,0.1033,8.0483,214.3214,4.357,-3.153
66,14,418,329,453,358,36.56513573542295,188.0026595556563,37.164474893511446,233.40308481251913,0.6128,3,110,1,4,5000,100,71.0,10.0,15.0,0.35,0.35,0.3,0.1,11.923,0.1077,8.3895,208.2572,4.1793,-3.1376
67,15,245,378,239,416,97.78104622298352,162.49615380063616,98.00914029703722,200.9601950635996,0.7494,4,110,1,4,5000,100,71.0,10.0,15.0,0.35,0.35,0.3,0.1,11.7119,0.1058,8.2418,179.6929,-0.6203,-4.4664
67,13,239,378,233,416,99.86580694308438,163.41664541900252,99.69560992338243,201.8836298465034,0.6701,4,110,1,4,5000,100,71.0,10.0,15.0,0.35,0.35,0.3,0.1,11.6537,0.1053,8.2011,180.6248,-0.7693,-4.4669
67,14,419,337,454,366,38.29016319224307,193.65949499056327,38.54753711199749,239.10248848558643,0.7507,4,110,1,4,5000,100,71.0,10.0,15.0,0.35,0.35,0.3,0.1,11.621,0.105,8.1782,213.9951,4.2066,-3.3379
67,12,426,337,461,366,37.04247477308286,199.20090361240835,37.52574873209198,244.6160256401857,0.5488,4,110,1,4,5000,100,71.0,10.0,15.0,0.35,0.35,0.3,0.1,11.3246,0.1023,7.9708,219.5848,4.3828,-3.3398
68,15,239,381,235,420,99.68878656036681,166.37307474468338,98.95813236286227,205.50669088864237,0.4342,2,110,1,4,5000,100,71.0,10.0,15.0,0.35,0.35,0.3,0.1,11.6459,0.1052,8.1956,183.8808,-0.7445,-4.5539
68,14,419,341,458,371,39.20720350496784,196.16319736382766,38.878632573381665,245.3507693079441,0.5758,2,110,1,4,5000,100,71.0,10.0,15.0,0.35,0.35,0.3,0.1,12.3293,0.1114,8.6738,218.0171,4.2502,-3.4448
69,13,242,385,238,426,98.46404566396268,169.84993376507393,97.89969161426524,211.00236965494014,0.5255,2,110,1,4,5000,100,71.0,10.0,15.0,0.35,0.35,0.3,0.1,11.9582,0.1081,8.4141,188.2028,-0.6696,-4.6751
69,14,421,344,461,377,39.51156069271492,199.6121238802894,39.51384357499569,251.46769176178478,0.7075,2,110,1,4,5000,100,71.0,10.0,15.0,0.35,0.35,0.3,0.1,12.7224,0.115,8.9488,222.5593,4.3087,-3.5534
70,13,244,394,240,438,97.40372885278802,178.48809484108457,96.9654184900551,222.64321233758733,0.5285,2,110,1,4,5000,100,71.0,10.0,15.0,0.35,0.35,0.3,0.1,12.1821,0.1101,8.5708,198.1354,-0.6198,-4.9333
70,14,423,354,464,388,41.28976878469873,207.6174366473105,40.958644145568506,260.86394921491166,0.5646,2,110,1,4,5000,100,71.0,10.0,15.0,0.35,0.35,0.3,0.1,12.5784,0.1137,8.8481,231.2148,4.3719,-3.8146
71,13,244,392,240,436,97.48738819714364,176.50495743746123,97.0283962389496,220.6581065811995,0.5182,2,110,1,4,5000,100,71.0,10.0,15.0,0.35,0.35,0.3,0.1,12.3032,0.1112,8.6556,196.1272,-0.6196,-4.8825
71,14,423,352,464,387,40.87240829748828,206.30317496345035,40.792359479121885,260.2095309553438,0.6707,2,110,1,4,5000,100,71.0,10.0,15.0,0.35,0.35,0.3,0.1,12.788,0.1156,8.9947,230.1419,4.37,-3.7758
72,15,242,383,238,424,98.56451864257558,167.87197502859135,97.97503972999289,209.02152999152983,0.5139,4,110,1,4,5000,100,71.0,10.0,15.0,0.35,0.35,0.3,0.1,12.0829,0.1092,8.5014,186.2004,-0.6695,-4.6243
72,12,428,344,466,376,38.267078673140404,205.0609665440988,38.624679025191504,254.7194535170017,0.6322,4,110,1,4,5000,100,71.0,10.0,15.0,0.35,0.35,0.3,0.1,11.9528,0.108,8.4104,227.2085,4.4643,-3.5466
72,14,422,344,459,376,39.32964265610611,200.38463014912097,39.62900530446429,249.28898892650673,0.6083,4,110,1,4,5000,100,71.0,10.0,15.0,0.35,0.35,0.3,0.1,12.0358,0.1088,8.4685,222.1775,4.3023,-3.546
72,16,554,30,585,10,326.91302366840074,342.54634722910123,326.93815049450484,379.4377419287649,0.837,4,110,1,4,5000,100,71.0,10.0,15.0,0.35,0.35,0.3,0.1,5.6549,0.0511,4.0038,360.0495,7.5711,4.9306
73,15,241,377,237,416,99.22988624372772,162.09873534361705,98.57299836361139,201.2486024796197,0.4731,2,110,1,4,5000,100,71.0,10.0,15.0,0.35,0.35,0.3,0.1,11.9244,0.1077,8.3905,179.5645,-0.6945,-4.4522
73,14,421,337,461,367,37.92646232503863,195.2331938989884,37.71104767638987,245.22642598219304,0.6185,2,110,1,4,5000,100,71.0,10.0,15.0,0.35,0.35,0.3,0.1,12.5612,0.1135,8.8361,217.3926,4.3101,-3.3441
74,17,246,364,239,399,98.13010235415598,148.49242404917499,98.74616226255522,184.14125013152267,0.6193,4,110,1,4,5000,100,71.0,10.0,15.0,0.35,0.35,0.3,0.1,11.8606,0.1072,8.3458,164.4066,-0.6078,-4.0806
74,15,240,363,233,399,100.47742359600488,148.47558721890948,100.58163552094379,185.14858897652988,0.722,4,110,1,4,5000,100,71.0,10.0,15.0,0.35,0.35,0.3,0.1,12.1651,0.1099,8.5589,164.7965,-0.7561,-4.0657
74,14,420,324,456,352,34.96687944566883,186.70297265978385,35.53767779197438,232.26278221015093,0.5281,4,110,1,4,5000,100,71.0,10.0,15.0,0.35,0.35,0.3,0.1,12.0345,0.1087,8.4676,207.0057,4.2404,-3.0005
74,12,426,324,464,351,33.93881753840821,191.65072397463047,34.223656565193885,238.2540660723338,0.689,4,110,1,4,5000,100,71.0,10.0,15.0,0.35,0.35,0.3,0.1,11.997,0.1084,8.4413,212.4264,4.4143,-2.9883
75,12,434,299,474,320,26.151867622050418,186.04569331215382,26.454227757232204,231.2098613813866,0.7812,1,110,1,4,5000,100,71.0,10.0,15.0,0.35,0.35,0.3,0.1,11.9789,0.1082,8.4287,206.1835,4.6376,-2.294
76,18,255,310,250,333,97.35237935989237,93.7709976485267,98.33744443884673,117.23907198540937,0.6196,4,110,1,4,5000,100,71.0,10.0,15.0,0.35,0.35,0.3,0.1,12.3084,0.1112,8.6592,104.2,-0.3594,-2.59
76,19,249,310,243,334,100.95406264339833,94.72592042308166,101.59217541029108,119.4361754243663,0.6323,4,110,1,4,5000,100,71.0,10.0,15.0,0.35,0.35,0.3,0.1,12.7691,0.1154,8.9815,105.6555,-0.52,-2.5998
76,12,435,271,476,286,17.81888891452278,176.4652940382329,18.270306231514546,220.0954338463204,0.6548,4,110,1,4,5000,100,71.0,10.0,15.0,0.35,0.35,0.3,0.1,12.176,0.11,8.5665,195.8802,4.673,-1.5246
76,20,428,272,468,286,18.860931899565163,170.13524032369074,18.94650468950905,212.51352898109803,0.7601,4,110,1,4,5000,100,71.0,10.0,15.0,0.35,0.35,0.3,0.1,12.2566,0.1107,8.6229,188.9777,4.4863,-1.5368
77,19,248,303,245,326,102.4582464400049,88.07383266328314,101.41098312676539,111.19802156513397,0.5045,3,110,1,4,5000,100,71.0,10.0,15.0,0.35,0.35,0.3,0.1,12.8424,0.116,9.0328,98.2942,-0.5075,-2.4138
77,12,434,265,474,277,16.03598203811398,173.761330565808,16.16449915225692,215.5203006679417,0.7158,3,110,1,4,5000,100,71.0,10.0,15.0,0.35,0.35,0.3,0.1,11.8717,0.1073,8.3536,192.401,4.6386,-1.3395
77,20,427,264,467,277,16.37015090008355,166.76030702778164,16.69924423399362,208.806130178211,0.6402,3,110,1,4,5000,100,71.0,10.0,15.0,0.35,0.35,0.3,0.1,12.3898,0.112,8.7161,185.4296,4.4603,-1.3257
78,20,427,261,470,272,15.376251248826188,165.93974810153233,15.159546182001908,210.3188056261256,0.6344,1,110,1,4,5000,100,71.0,10.0,15.0,0.35,0.35,0.3,0.1,13.0532,0.1179,9.1803,185.5121,4.4912,-1.2249
79,18,253,302,252,325,99.35297925009326,86.14522621712709,97.90716270295846,109.03669107231748,0.4479,2,110,1,4,5000,100,71.0,10.0,15.0,0.35,0.35,0.3,0.1,12.9796,0.1173,9.1288,96.2486,-0.3589,-2.3885
79,12,432,263,477,276,15.577825774311025,171.29214809792072,15.692834276937388,218.13069476806788,0.6648,2,110,1,4,5000,100,71.0,10.0,15.0,0.35,0.35,0.3,0.1,13.3109,0.1203,9.3606,191.8946,4.6371,-1.2984
80,18,262,312,263,338,93.01278750418334,95.13148795220224,91.89338584574628,121.06609764917675,0.4865,3,110,1,4,5000,100,71.0,10.0,15.0,0.35,0.35,0.3,0.1,13.2756,0.12,9.3359,106.5433,-0.1113,-2.6713
80,21,448,273,493,288,17.191662975259405,189.46503635235712,17.440595881657504,236.8902699563661,0.7807,3,110,1,4,5000,100,71.0,10.0,15.0,0.35,0.35,0.3,0.1,12.3102,0.1112,8.6604,210.54,5.0435,-1.5738
80,12,441,273,484,289,17.840204307703512,182.78949641595932,18.355701598887702,228.63289352147035,0.569,3,110,1,4,5000,100,71.0,10.0,15.0,0.35,0.35,0.3,0.1,12.3315,0.1114,8.6753,203.1571,4.845,-1.5861
81,18,267,320,269,347,90.0,103.0,89.11859600341786,130.01538370516005,0.5078,3,110,1,4,5000,100,71.0,10.0,15.0,0.35,0.35,0.3,0.1,12.8308,0.1159,9.0247,114.9416,0.0248,-2.8843
81,12,453,281,498,298,18.987624087870167,196.70282153543198,19.323184318161783,244.78970566590417,0.7543,3,110,1,4,5000,100,71.0,10.0,15.0,0.35,0.35,0.3,0.1,12.054,0.1089,8.4811,218.1275,5.1701,-1.7977
81,21,446,281,491,298,19.67409857225064,190.0973434848578,19.880352364642647,238.19529802244207,0.7023,3,110,1,4,5000,100,71.0,10.0,15.0,0.35,0.35,0.3,0.1,12.4283,0.1123,8.7431,211.4456,4.9927,-1.7964
82,18,270,326,273,355,88.42344994481627,109.04127658827184,87.51044707800085,138.13037319865606,0.4908,2,110,1,4,5000,100,71.0,10.0,15.0,0.35,0.35,0.3,0.1,13.0244,0.1177,9.1602,121.8741,0.1114,-3.0563
82,12,450,287,503,306,20.932535365103107,195.93111034238538,20.66239457218315,252.22410669878485,0.7267,2,110,1,4,5000,100,71.0,10.0,15.0,0.35,0.35,0.3,0.1,13.9012,0.1256,9.7736,220.5421,5.1743,-1.9635
83,18,274,332,278,362,86.51672853100233,115.2128465059344,85.6617332085718,145.41664278891878,0.5111,2,110,1,4,5000,100,71.0,10.0,15.0,0.35,0.35,0.3,0.1,12.8252,0.1159,9.0208,128.5646,0.2228,-3.2185
83,12,453,293,503,313,22.22503045111356,200.92784774639875,22.135491878100353,254.77833502870686,0.6604,2,110,1,4,5000,100,71.0,10.0,15.0,0.35,0.35,0.3,0.1,13.0777,0.1182,9.1974,224.6714,5.2209,-2.128
84,18,279,338,284,370,84.33629374197943,121.59358535712317,83.6598082540901,153.9415473483361,0.5317,2,110,1,4,5000,100,71.0,10.0,15.0,0.35,0.35,0.3,0.1,12.9926,0.1174,9.1379,135.8687,0.3589,-3.3906
84,12,458,300,509,321,23.487595777653613,208.25465180878913,23.25571490101467,263.4008352302627,0.6055,2,110,1,4,5000,100,71.0,10.0,15.0,0.35,0.35,0.3,0.1,12.9395,0.1169,9.1007,232.6039,5.3586,-2.3142
85,18,281,340,286,372,83.50647468746075,123.79418403139947,83.01151027001653,156.16017418023074,0.5857,2,110,1,4,5000,100,71.0,10.0,15.0,0.35,0.35,0.3,0.1,12.7946,0.1156,8.9994,138.1062,0.4085,-3.4415
85,12,460,301,512,324,23.520272732884003,210.48752932181043,23.592563141904503,267.34621747838514,0.6652,2,110,1,4,5000,100,71.0,10.0,15.0,0.35,0.35,0.3,0.1,13.1688,0.119,9.2612,235.534,5.4178,-2.3626
86,18,282,349,288,384,83.51692630710276,132.84953895290718,82.83276127148024,168.31518053936787,0.5221,2,110,1,4,5000,100,71.0,10.0,15.0,0.35,0.35,0.3,0.1,13.0326,0.1178,9.1659,148.4941,0.4454,-3.6996
86,12,462,311,514,336,25.736450979252034,216.47401691658055,25.723901146532143,274.17147918775214,0.7006,2,110,1,4,5000,100,71.0,10.0,15.0,0.35,0.35,0.3,0.1,13.0141,0.1176,9.153,241.9303,5.4691,-2.6356
87,18,284,354,290,391,82.92646232503863,138.0507153186828,82.47007322231245,175.5135322418189,0.5875,2,110,1,4,5000,100,71.0,10.0,15.0,0.35,0.35,0.3,0.1,13.2221,0.1195,9.2985,154.5442,0.4947,-3.8465
87,12,463,316,516,343,26.798433916929895,219.58369702689677,26.84050953321323,279.06450867138227,0.6732,2,110,1,4,5000,100,71.0,10.0,15.0,0.35,0.35,0.3,0.1,13.2011,0.1193,9.2838,245.7765,5.504,-2.7829
88,18,284,363,291,401,83.35848086198847,146.98639392814562,82.5685920288275,185.55861607589122,0.4732,2,110,1,4,5000,100,71.0,10.0,15.0,0.35,0.35,0.3,0.1,12.8366,0.116,9.0288,164.0355,0.5075,-4.0849
88,12,464,325,517,353,28.73258192404227,224.66196829904254,28.54619073104337,284.59796204470615,0.6225,2,110,1,4,5000,100,71.0,10.0,15.0,0.35,0.35,0.3,0.1,13.0249,0.1177,9.1605,251.103,5.5309,-3.0191
89,18,285,371,291,412,83.33334010909863,155.04837954651444,82.9834982552771,196.4713719603953,0.599,2,110,1,4,5000,100,71.0,10.0,15.0,0.35,0.35,0.3,0.1,13.0412,0.1178,9.1719,173.3192,0.5197,-4.3181
89,12,464,333,517,365,30.490958880761973,228.61539755668252,30.625532718694657,290.5236651290218,0.6379,2,110,1,4,5000,100,71.0,10.0,15.0,0.35,0.35,0.3,0.1,13.1975,0.1193,9.2813,255.8782,5.5288,-3.2653
90,18,285,376,292,419,83.54118362128135,160.01562423713506,82.94481393890332,203.54115063052976,0.5313,2,110,1,4,5000,100,71.0,10.0,15.0,0.35,0.35,0.3,0.1,13.2495,0.1197,9.3176,179.1729,0.5318,-4.4646
90,12,464,339,518,372,31.76949157859752,231.71750041807374,31.69656956437588,295.0016949103852,0.6596,2,110,1,4,5000,100,71.0,10.0,15.0,0.35,0.35,0.3,0.1,13.2967,0.1201,9.3506,259.5579,5.5399,-3.4254
91,18,286,384,293,431,83.50922836552432,168.0773631397161,83.07278187399083,215.5736533067063,0.5676,2,110,1,4,5000,100,71.0,10.0,15.0,0.35,0.35,0.3,0.1,13.7009,0.1238,9.6335,188.8855,0.556,-4.7072
91,12,465,347,520,383,33.28752768891249,236.86282950264695,33.26994101718075,302.59709185648165,0.6938,2,110,1,4,5000,100,71.0,10.0,15.0,0.35,0.35,0.3,0.1,13.4853,0.1219,9.4826,265.725,5.5747,-3.6588
92,18,289,386,296,433,82.58308628086161,170.42593699317015,82.35323798643283,217.9380645963435,0.6099,2,110,1,4,5000,100,71.0,10.0,15.0,0.35,0.35,0.3,0.1,13.5392,0.1223,9.5203,191.2757,0.6303,-4.7583
92,12,467,349,522,385,33.424811182603804,239.63305281200255,33.377832036430426,305.366992322353,0.6784,2,110,1,4,5000,100,71.0,10.0,15.0,0.35,0.35,0.3,0.1,13.3481,0.1206,9.3866,268.5358,5.6259,-3.7094
93,18,290,385,297,431,82.20439797938408,169.5670958647343,82.01988625483148,216.0925727552893,0.6241,2,110,1,4,5000,100,71.0,10.0,15.0,0.35,0.35,0.3,0.1,13.351,0.1206,9.3886,190.0234,0.6553,-4.7232
93,12,468,347,524,383,32.893422048488176,239.3762728425689,32.858999366029074,305.94934221207274,0.6688,2,110,1,4,5000,100,71.0,10.0,15.0,0.35,0.35,0.3,0.1,13.5104,0.1221,9.5002,268.5992,5.6609,-3.6586
94,18,293,385,302,430,81.20258929000894,170.0,80.66858947470622,215.8564337702261,0.5315,2,110,1,4,5000,100,71.0,10.0,15.0,0.35,0.35,0.3,0.1,13.1523,0.1188,9.2496,190.2034,0.7546,-4.713
94,12,472,347,528,382,32.38067770656923,242.7447218787671,32.30041551040264,308.7814761283455,0.6677,2,110,1,4,5000,100,71.0,10.0,15.0,0.35,0.35,0.3,0.1,13.2509,0.1197,9.3186,271.8097,5.7631,-3.6483
95,18,305,396,317,445,78.01458588092028,182.98907071188705,77.6309384740745,233.4180798481557,0.582,2,110,1,4,5000,100,71.0,10.0,15.0,0.35,0.35,0.3,0.1,13.4026,0.1211,9.4248,205.15,1.088,-5.0318
95,12,484,358,543,397,33.014585880920265,258.7856255668,33.11134196037203,329.50872522590356,0.6576,2,110,1,4,5000,100,71.0,10.0,15.0,0.35,0.35,0.3,0.1,13.3043,0.1202,9.356,289.8961,6.0963,-3.9694
96,18,314,410,329,462,76.31354327018973,198.64037857394453,75.79879792975923,252.7231687044146,0.5145,1,110,1,4,5000,100,71.0,10.0,15.0,0.35,0.35,0.3,0.1,13.2605,0.1198,9.3253,222.4416,1.348,-5.4168
97,18,319,417,335,471,75.42578380196126,206.64946164943183,75.0124380289432,262.94486114012574,0.5508,1,110,1,4,5000,100,71.0,10.0,15.0,0.35,0.35,0.3,0.1,13.2671,0.1199,9.33,231.4228,1.484,-5.6145
98,18,322,423,338,477,75.05127291921293,213.21585306913744,74.72623639701035,269.51994360343724,0.564,1,110,1,4,5000,100,71.0,10.0,15.0,0.35,0.35,0.3,0.1,12.9079,0.1166,9.0787,238.0844,1.5594,-5.7674
99,18,321,422,337,476,75.2426806741146,211.9929244102265,74.87599269168945,268.2927505543152,0.5331,1,110,1,4,5000,100,71.0,10.0,15.0,0.35,0.35,0.3,0.1,12.9728,0.1172,9.124,236.8431,1.5345,-5.7419
100,18,320,420,336,475,75.36763698414855,209.80467106334882,75.02712423321309,267.0674072214728,0.5614,1,110,1,4,5000,100,71.0,10.0,15.0,0.35,0.35,0.3,0.1,13.2891,0.1201,9.3454,234.998,1.5087,-5.7008
101,18,318,405,330,454,74.82227311774494,194.79476378999513,75.11373315098244,245.2305038122297,0.6148,2,110,1,4,5000,100,71.0,10.0,15.0,0.35,0.35,0.3,0.1,12.6849,0.1146,8.9226,217.1222,1.4116,-5.2625
101,12,499,369,557,409,33.231711067979354,277.35897317375543,33.507306488690034,347.79879240733425,0.5894,2,110,1,4,5000,100,71.0,10.0,15.0,0.35,0.35,0.3,0.1,12.4697,0.1127,8.772,308.6105,6.4664,-4.2614
102,18,316,381,330,424,73.36488084221264,171.1636643683466,73.07248693585295,216.37467504308356,0.5917,2,110,1,4,5000,100,71.0,10.0,15.0,0.35,0.35,0.3,0.1,12.9109,0.1167,9.0807,191.132,1.3861,-4.5916
102,22,496,345,557,379,29.20309338402985,262.3451924468981,29.188629069861555,332.1806737304264,0.692,2,110,1,4,5000,100,71.0,10.0,15.0,0.35,0.35,0.3,0.1,12.9997,0.1175,9.1428,293.1614,6.4221,-3.5884
103,18,315,374,329,416,72.99990554636125,164.17368851311102,72.69517035409349,208.4346420343797,0.591,2,110,1,4,5000,100,71.0,10.0,15.0,0.35,0.35,0.3,0.1,13.146,0.1188,9.2452,183.6754,1.3607,-4.4037
103,22,495,338,555,371,27.954970688696157,258.11818998280614,28.134405981826976,326.58842600435185,0.5973,2,110,1,4,5000,100,71.0,10.0,15.0,0.35,0.35,0.3,0.1,12.9596,0.1171,9.1148,288.3443,6.3855,-3.4031
104,18,314,374,329,417,73.3342424831246,163.88410539158457,72.77656380886854,209.3895890439637,0.5165,2,110,1,4,5000,100,71.0,10.0,15.0,0.35,0.35,0.3,0.1,13.4916,0.1219,9.487,183.8631,1.3473,-4.4128
104,22,500,339,555,371,27.63678598458522,263.00760445279906,28.134405981826976,326.58842600435185,0.4331,2,110,1,4,5000,100,71.0,10.0,15.0,0.35,0.35,0.3,0.1,11.9343,0.1078,8.3974,291.3698,6.4611,-3.4227
105,22,494,338,555,369,28.05938476834453,257.2353008434107,27.82409638425326,325.6501189927619,0.5846,1,110,1,4,5000,100,71.0,10.0,15.0,0.35,0.35,0.3,0.1,12.9895,0.1174,9.1357,287.4277,6.3727,-3.3782
106,18,314,372,328,415,73.13134236406104,161.96913286178943,72.8769389595821,207.18349355100662,0.6084,2,110,1,4,5000,100,71.0,10.0,15.0,0.35,0.35,0.3,0.1,13.5549,0.1225,9.5313,181.8074,1.3348,-4.3627
106,22,494,337,554,370,27.86246898247625,256.76643082770767,28.06212416159209,325.2352994371921,0.5851,2,110,1,4,5000,100,71.0,10.0,15.0,0.35,0.35,0.3,0.1,13.0195,0.1176,9.1567,286.9734,6.3599,-3.3779
107,18,313,370,327,411,73.26640578240412,159.76545308670458,72.81429385577523,203.06649157357302,0.5467,2,110,1,4,5000,100,71.0,10.0,15.0,0.35,0.35,0.3,0.1,13.2075,0.1193,9.2882,178.8322,1.3111,-4.2919
107,22,493,334,554,366,27.370562665503762,254.48968544913564,27.436703945483316,323.37284981890485,0.6486,2,110,1,4,5000,100,71.0,10.0,15.0,0.35,0.35,0.3,0.1,13.1921,0.1192,9.2775,284.8257,6.3452,-3.2901
108,18,311,359,321,397,72.7839264122093,148.66068747318505,73.30075576600639,187.92551716038992,0.608,2,110,1,4,5000,100,71.0,10.0,15.0,0.35,0.35,0.3,0.1,12.9102,0.1167,9.0803,166.0029,1.2129,-3.9852
108,23,317,359,328,396,70.60218755144177,150.5456741324705,71.18180753144324,189.10843450253614,0.5505,2,110,1,4,5000,100,71.0,10.0,15.0,0.35,0.35,0.3,0.1,12.5649,0.1135,8.8386,167.6379,1.3748,-3.9757
109,18,306,333,318,364,71.41700039673366,122.38055401083949,70.86635679409451,155.59562975867928,0.5629,2,110,1,4,5000,100,71.0,10.0,15.0,0.35,0.35,0.3,0.1,13.2237,0.1195,9.2996,137.0037,1.1131,-3.2528
109,24,485,298,542,320,20.38303382943696,232.56181973832247,20.533209118954055,293.65626163935275,0.6809,2,110,1,4,5000,100,71.0,10.0,15.0,0.35,0.35,0.3,0.1,12.8488,0.1161,9.0373,259.5625,6.1023,-2.2775
110,18,304,326,316,357,71.25024236968888,115.10864433221339,70.70995378081128,148.32734070291963,0.5609,2,110,1,4,5000,100,71.0,10.0,15.0,0.35,0.35,0.3,0.1,13.9551,0.1261,9.8114,129.6236,1.0619,-3.0746
110,24,483,290,544,312,18.673348748842283,228.0021929719098,18.92993244367933,292.8378390850472,0.5858,2,110,1,4,5000,100,71.0,10.0,15.0,0.35,0.35,0.3,0.1,13.7764,0.1245,9.6863,256.3846,6.0899,-2.0752
111,18,304,327,315,358,71.40893227321969,116.05602095539895,71.20011484134736,148.94629904767692,0.6397,2,110,1,4,5000,100,71.0,10.0,15.0,0.35,0.35,0.3,0.1,13.7355,0.1241,9.6577,130.4601,1.0501,-3.1008
111,24,483,292,543,313,19.1481374579396,228.65038814749474,19.17900802581072,292.2190958852621,0.6797,2,110,1,4,5000,100,71.0,10.0,15.0,0.35,0.35,0.3,0.1,13.5064,0.122,9.4974,256.5557,6.0812,-2.1136
112,18,303,328,315,360,72.03086025984298,116.69190203266035,71.44493441486804,150.8409758653132,0.5648,2,110,1,4,5000,100,71.0,10.0,15.0,0.35,0.35,0.3,0.1,14.1263,0.1276,9.9311,131.587,1.0368,-3.1351
112,24,488,295,543,315,19.44003482817619,234.3608329051593,19.54854943235508,292.88222889072665,0.6301,2,110,1,4,5000,100,71.0,10.0,15.0,0.35,0.35,0.3,0.1,12.2837,0.111,8.6419,260.3737,6.1591,-2.1811
113,18,303,336,314,369,73.1683312417585,124.32618388738553,72.8178407035801,159.10059710761615,0.6063,2,110,1,4,5000,100,71.0,10.0,15.0,0.35,0.35,0.3,0.1,13.5783,0.1227,9.5477,139.5801,1.0257,-3.3491
113,24,482,300,542,324,21.108907598452593,230.46474784660668,21.260559161971816,295.0830391601659,0.6446,2,110,1,4,5000,100,71.0,10.0,15.0,0.35,0.35,0.3,0.1,13.6072,0.123,9.5679,258.8013,6.0551,-2.3479
114,23,301,351,312,390,75.76271953423893,138.24615727028365,75.41957960279622,178.7568180517879,0.6164,2,110,1,4,5000,100,71.0,10.0,15.0,0.35,0.35,0.3,0.1,14.1427,0.1278,9.9426,155.913,0.975,-3.7891
114,24,480,317,541,345,25.14928400387478,235.30618351416098,25.03978431967598,302.42354405700627,0.6392,2,110,1,4,5000,100,71.0,10.0,15.0,0.35,0.35,0.3,0.1,13.8133,0.1248,9.7121,264.6762,6.0152,-2.8162
115,23,298,362,308,403,77.93223104134667,148.2767682410161,77.56907792371227,190.46521992216847,0.6032,2,110,1,4,5000,100,71.0,10.0,15.0,0.35,0.35,0.3,0.1,13.7832,0.1245,9.6911,166.7438,0.8894,-4.0887
115,24,477,328,536,359,27.85965069524227,237.5310506018108,27.828723728736257,304.1792234851026,0.6742,2,110,1,4,5000,100,71.0,10.0,15.0,0.35,0.35,0.3,0.1,13.6159,0.123,9.574,266.7552,5.9191,-3.1264
116,23,294,369,303,412,79.92752216256106,154.37940277122465,79.54009090707088,198.2952344359289,0.5802,2,110,1,4,5000,100,71.0,10.0,15.0,0.35,0.35,0.3,0.1,13.7808,0.1245,9.6894,173.6031,0.7782,-4.2863
116,24,473,335,532,369,29.80475147318012,237.40261161158273,29.83793160817369,305.49795416663596,0.6692,2,110,1,4,5000,100,71.0,10.0,15.0,0.35,0.35,0.3,0.1,13.8811,0.1254,9.7596,267.1797,5.8167,-3.3344
117,23,288,369,292,411,82.13393162710314,153.44380078712857,82.65699188299318,195.6041921841145,0.6232,2,110,1,4,5000,100,71.0,10.0,15.0,0.35,0.35,0.3,0.1,13.3674,0.1208,9.4001,171.9778,0.5687,-4.278
117,24,466,336,521,368,30.878999523612414,231.86634080866503,30.730983316747537,295.49450079485405,0.6584,2,110,1,4,5000,100,71.0,10.0,15.0,0.35,0.35,0.3,0.1,13.3527,0.1207,9.3898,259.8419,5.6011,-3.3384
118,23,276,361,277,401,86.42366562500266,144.2809758769326,86.88915934650923,184.27153876819935,0.6205,2,110,1,4,5000,100,71.0,10.0,15.0,0.35,0.35,0.3,0.1,13.4704,0.1217,9.4722,161.8425,0.2349,-4.0545
118,24,456,327,506,358,30.199858071143527,218.68013169924697,30.538826526968354,277.49234223668225,0.6363,2,110,1,4,5000,100,71.0,10.0,15.0,0.35,0.35,0.3,0.1,13.1178,0.1185,9.2255,244.6007,5.2947,-3.1051
119,23,268,358,270,398,89.59365376669096,141.00354605470034,89.05043314356419,181.02486017119307,0.5478,2,110,1,4,5000,100,71.0,10.0,15.0,0.35,0.35,0.3,0.1,13.7538,0.1243,9.6705,158.5273,0.0494,-3.9778
119,24,447,324,499,355,30.72913139181604,209.40152817016403,30.745349281773336,269.94073423623934,0.7148,2,110,1,4,5000,100,71.0,10.0,15.0,0.35,0.35,0.3,0.1,13.9771,0.1263,9.8267,235.8482,5.0869,-3.025
120,23,259,351,258,388,93.41658819177135,134.23859355639868,93.01278750418334,171.23667831396403,0.5882,3,110,1,4,5000,100,71.0,10.0,15.0,0.35,0.35,0.3,0.1,13.4039,0.1211,9.4256,150.4971,-0.2102,-3.7707
120,25,443,318,491,346,29.849946789531796,202.9211669589942,29.937332807623097,258.48984506165806,0.8398,3,110,1,4,5000,100,71.0,10.0,15.0,0.35,0.35,0.3,0.1,13.3281,0.1204,9.3726,227.3594,4.946,-2.844
120,24,438,318,483,346,30.56793706386408,198.600100704909,30.8465874121486,251.58895047279003,0.6451,3,110,1,4,5000,100,71.0,10.0,15.0,0.35,0.35,0.3,0.1,13.0261,0.1177,9.1614,221.976,4.7885,-2.8458
121,23,257,350,256,387,94.29986282019208,133.37541002748594,93.70221285319941,170.35551062410633,0.5338,2,110,1,4,5000,100,71.0,10.0,15.0,0.35,0.35,0.3,0.1,13.4743,0.1218,9.4749,149.6142,-0.2596,-3.7454
121,25,436,315,484,344,30.108659135806796,195.35864454894235,30.33845225139075,251.43189932862538,0.6314,2,110,1,4,5000,100,71.0,10.0,15.0,0.35,0.35,0.3,0.1,13.8892,0.1255,9.7653,219.8766,4.7669,-2.7786
122,23,255,347,254,383,95.27389595735177,130.5526713629407,94.47787957384965,166.50825805346713,0.4766,2,110,1,4,5000,100,71.0,10.0,15.0,0.35,0.35,0.3,0.1,13.3951,0.121,9.4195,146.3545,-0.3091,-3.6596
122,25,434,312,482,340,29.633914787176625,192.13016421166145,29.773572220689886,247.69739602991388,0.6505,2,110,1,4,5000,100,71.0,10.0,15.0,0.35,0.35,0.3,0.1,13.9818,0.1263,9.83,216.4036,4.7165,-2.6916
123,25,433,313,481,341,30.041363926279132,191.7602670002313,30.08968623877667,247.329739416836,0.6862,1,110,1,4,5000,100,71.0,10.0,15.0,0.35,0.35,0.3,0.1,14.0058,0.1266,9.8468,216.0287,4.6915,-2.7161
124,23,247,338,243,372,99.38551826004307,122.64175471673585,98.8017083232078,156.84705926475002,0.5554,2,110,1,4,5000,100,71.0,10.0,15.0,0.35,0.35,0.3,0.1,13.5443,0.1224,9.5239,137.6513,-0.5438,-3.4112
124,24,426,305,472,330,28.962734942885564,181.72781845386248,28.864411338694474,234.081182498722,0.6765,2,110,1,4,5000,100,71.0,10.0,15.0,0.35,0.35,0.3,0.1,13.934,0.1259,9.7966,204.6087,4.4947,-2.482
125,23,245,337,241,371,100.38885781546962,122.0,99.58294472353258,156.1793840428371,0.4878,2,110,1,4,5000,100,71.0,10.0,15.0,0.35,0.35,0.3,0.1,13.5977,0.1229,9.5613,136.9899,-0.5932,-3.3861
125,24,424,302,470,328,28.431170820400943,178.53291013143766,28.66975158634522,231.36551169091732,0.6252,2,110,1,4,5000,100,71.0,10.0,15.0,0.35,0.35,0.3,0.1,14.2644,0.1289,10.0277,201.5444,4.4419,-2.4184
126,23,242,334,236,366,102.06130945704452,119.64113005150027,101.75293225066416,152.190669884852,0.6152,2,110,1,4,5000,100,71.0,10.0,15.0,0.35,0.35,0.3,0.1,13.2517,0.1197,9.3192,133.9671,-0.6926,-3.2897
126,24,421,300,466,324,28.32293763849981,174.94284781036347,28.266405782404114,225.94247055390008,0.6966,2,110,1,4,5000,100,71.0,10.0,15.0,0.35,0.35,0.3,0.1,14.079,0.1272,9.8981,197.1986,4.3574,-2.3454
127,23,227,315,218,342,112.2034785320574,105.84894897919393,111.40517943011854,134.2609399639374,0.5231,3,110,1,4,5000,100,71.0,10.0,15.0,0.35,0.35,0.3,0.1,13.0954,0.1183,9.2098,118.374,-1.1011,-2.7589
127,24,412,280,450,298,23.484115290504867,158.09490820390135,23.875280853927517,200.124960961895,0.5931,3,110,1,4,5000,100,71.0,10.0,15.0,0.35,0.35,0.3,0.1,12.9848,0.1173,9.1325,176.6442,4.0588,-1.7819
127,26,406,280,443,299,24.38181187689551,152.6106156202772,24.981239606216047,194.164878389476,0.5661,3,110,1,4,5000,100,71.0,10.0,15.0,0.35,0.35,0.3,0.1,13.2615,0.1198,9.3261,170.898,3.8956,-1.7932
128,23,221,307,210,332,117.07208023799276,101.07423014794622,116.36541512255361,128.35108102388543,0.5392,2,110,1,4,5000,100,71.0,10.0,15.0,0.35,0.35,0.3,0.1,13.1577,0.1189,9.2534,113.0912,-1.2741,-2.5358
128,26,400,272,439,289,22.466749920995735,143.92359083902818,22.714412353167237,186.46179233290664,0.6299,2,110,1,4,5000,100,71.0,10.0,15.0,0.35,0.35,0.3,0.1,14.249,0.1288,10.017,162.4542,3.7634,-1.5671
129,23,219,307,208,333,118.07248693585296,102.0,116.95883040316482,130.14222988715076,0.4516,2,110,1,4,5000,100,71.0,10.0,15.0,0.35,0.35,0.3,0.1,13.4162,0.1212,9.4343,114.3653,-1.3229,-2.5468
129,26,398,272,437,289,22.774969548886443,142.0774436706967,22.95408653762848,184.61852561430555,0.6533,2,110,1,4,5000,100,71.0,10.0,15.0,0.35,0.35,0.3,0.1,14.4109,0.1302,10.1303,160.5782,3.7126,-1.5665
130,23,222,305,205,331,117.08355086436868,98.8382517044894,118.53998518795997,129.76902558006668,0.4131,2,110,1,4,5000,100,71.0,10.0,15.0,0.35,0.35,0.3,0.1,14.9736,0.1353,10.524,112.2112,-1.3181,-2.4883
130,26,396,271,434,287,22.714412353167237,139.84634424968,22.741563532043816,181.077331546497,0.6735,2,110,1,4,5000,100,71.0,10.0,15.0,0.35,0.35,0.3,0.1,14.2183,0.1285,9.9955,157.8132,3.6526,-1.5302
131,23,216,304,203,329,120.37912601136834,100.84641788382967,119.74488129694222,128.9961239727768,0.5623,2,110,1,4,5000,100,71.0,10.0,15.0,0.35,0.35,0.3,0.1,13.5541,0.1225,9.5308,113.1975,-1.4213,-2.4594
131,26,395,270,432,286,22.49261189905869,138.53880322855397,22.69379494509236,178.84630272946657,0.642,2,110,1,4,5000,100,71.0,10.0,15.0,0.35,0.35,0.3,0.1,14.0548,0.127,9.8811,156.1331,3.617,-1.5061
132,23,205,292,190,314,129.57940471623766,97.30878685915265,128.4430535018366,123.84667940643382,0.4523,2,110,1,4,5000,100,71.0,10.0,15.0,0.35,0.35,0.3,0.1,13.2799,0.12,9.3389,108.9855,-1.719,-2.1271
132,24,384,259,419,271,19.74683660542612,124.31009613060397,19.55825153699744,161.3071604114337,0.6743,2,110,1,4,5000,100,71.0,10.0,15.0,0.35,0.35,0.3,0.1,14.3354,0.1295,10.0774,140.4124,3.3185,-1.1843
133,23,196,277,178,293,139.79983611390472,92.9569792968769,139.504906863607,117.0341830406826,0.6315,2,110,1,4,5000,100,71.0,10.0,15.0,0.35,0.35,0.3,0.1,12.6891,0.1147,8.9256,103.6153,-1.9811,-1.684
133,24,375,241,411,249,12.528807709151511,110.63453348751464,12.528807709151511,147.5127113166862,0.7644,2,110,1,4,5000,100,71.0,10.0,15.0,0.35,0.35,0.3,0.1,15.8099,0.1429,11.1091,126.4395,3.0973,-0.6883
134,23,193,270,174,285,144.38914756133124,91.02197536858887,143.82637095422794,115.20850663036997,0.5793,3,110,1,4,5000,100,71.0,10.0,15.0,0.35,0.35,0.3,0.1,12.9792,0.1173,9.1285,101.697,-2.0666,-1.4973
134,27,371,235,399,241,9.819300638757898,105.54619841567009,10.304846468766033,134.16407864998737,0.6278,3,110,1,4,5000,100,71.0,10.0,15.0,0.35,0.35,0.3,0.1,13.2123,0.1194,9.2916,118.1469,2.9189,-0.5195
134,24,378,236,407,240,9.713251024940284,112.61438629233834,9.329539642698096,141.8767070381886,0.653,3,110,1,4,5000,100,71.0,10.0,15.0,0.35,0.35,0.3,0.1,12.7251,0.115,8.9508,125.5632,3.1077,-0.52
135,23,187,261,167,274,151.18920625702694,91.30169768410661,150.3168598208767,115.10430052782563,0.5236,3,110,1,4,5000,100,71.0,10.0,15.0,0.35,0.35,0.3,0.1,12.7623,0.1153,8.9767,101.8305,-2.2285,-1.2504
135,27,372,227,392,230,5.440332031005506,105.47511554864494,5.937416099481517,125.67418191498204,0.6197,3,110,1,4,5000,100,71.0,10.0,15.0,0.35,0.35,0.3,0.1,9.6709,0.0874,6.8137,114.6921,2.8638,-0.2864
135,24,366,226,399,229,5.194428907734806,99.40824915468535,5.194428907734806,132.54433220624713,0.7929,3,110,1,4,5000,100,71.0,10.0,15.0,0.35,0.35,0.3,0.1,15.8099,0.1429,11.1091,113.6094,2.8392,-0.2581
136,23,189,254,162,265,154.62225613865084,86.33075929238663,155.43282867939868,115.45128842936315,0.5869,2,110,1,4,5000,100,71.0,10.0,15.0,0.35,0.35,0.3,0.1,15.9714,0.1443,11.2221,98.7897,-2.2483,-1.0443
136,27,369,219,392,221,1.123302714075429,102.0196059588548,1.8328395059420592,125.06398362438324,0.5272,2,110,1,4,5000,100,71.0,10.0,15.0,0.35,0.35,0.3,0.1,11.2307,0.1015,7.9051,112.3725,2.8189,-0.0745
137,23,178,240,155,246,165.51023740611558,91.92388155425118,165.48330004114536,115.69356075426151,0.674,3,110,1,4,5000,100,71.0,10.0,15.0,0.35,0.35,0.3,0.1,12.6703,0.1145,8.9124,102.4481,-2.4889,-0.6439
137,24,357,205,363,204,352.40535663140855,90.79647570252934,352.28810758734113,96.87620966986684,0.772,3,110,1,4,5000,100,71.0,10.0,15.0,0.35,0.35,0.3,0.1,3.5852,0.0324,2.5557,93.7379,2.3313,0.3133
137,27,380,203,388,202,352.9373973295842,113.86395390991831,352.9332702835989,121.92620719107111,0.9974,3,110,1,4,5000,100,71.0,10.0,15.0,0.35,0.35,0.3,0.1,3.7841,0.0342,2.6948,117.7572,2.9326,0.3634
138,23,181,230,152,235,171.40408856307906,86.97700845625813,171.1041430303367,116.40017182117903,0.6323,2,110,1,4,5000,100,71.0,10.0,15.0,0.35,0.35,0.3,0.1,16.0108,0.1447,11.2497,99.5602,-2.4692,-0.3808
138,24,361,195,381,190,346.8274465766731,96.54014708917737,346.6754687381092,117.15374513859982,0.6526,2,110,1,4,5000,100,71.0,10.0,15.0,0.35,0.35,0.3,0.1,10.6755,0.0965,7.5167,105.8527,2.5855,0.6091
139,23,174,229,150,232,172.64762064010765,93.7709976485267,172.69424046668917,117.957619508025,0.6794,3,110,1,4,5000,100,71.0,10.0,15.0,0.35,0.35,0.3,0.1,12.6422,0.1142,8.8927,104.4828,-2.6005,-0.3343
139,24,359,193,383,187,345.3791260113683,95.0789145920377,345.4998332334474,119.81652640600127,0.7244,3,110,1,4,5000,100,71.0,10.0,15.0,0.35,0.35,0.3,0.1,12.7396,0.1151,8.9609,106.0239,2.5752,0.6686
139,27,353,193,376,187,344.40718906073363,89.28605714219886,344.611532167241,113.05308487608819,0.6966,3,110,1,4,5000,100,71.0,10.0,15.0,0.35,0.35,0.3,0.1,12.9993,0.1175,9.1426,99.7737,2.4129,0.6682
140,23,179,225,149,229,174.8055710922652,88.36288813749809,174.19327309446842,118.6086000254619,0.5853,2,110,1,4,5000,100,71.0,10.0,15.0,0.35,0.35,0.3,0.1,16.1726,0.1461,11.3629,101.2758,-2.5295,-0.2456
140,24,359,190,378,184,343.64418289898276,95.88013350011565,343.44292862436333,115.80155439371269,0.6647,2,110,1,4,5000,100,71.0,10.0,15.0,0.35,0.35,0.3,0.1,10.4151,0.0941,7.3345,104.9034,2.5245,0.7462
141,23,178,222,172,222,176.7845160082518,89.1403387922662,176.98721249581666,95.13148795220224,0.8696,3,110,1,4,5000,100,71.0,10.0,15.0,0.35,0.35,0.3,0.1,3.5981,0.0325,2.5647,92.0385,-2.3062,-0.1253
141,24,357,187,381,179,341.565051177078,94.86832980505137,341.565051177078,120.16655108639841,0.7598,3,110,1,4,5000,100,71.0,10.0,15.0,0.35,0.35,0.3,0.1,13.0199,0.1176,9.157,106.0293,2.5242,0.8414
141,27,351,187,374,180,340.3461759419467,89.19641248391103,340.92490150755447,113.21660655575224,0.6486,3,110,1,4,5000,100,71.0,10.0,15.0,0.35,0.35,0.3,0.1,13.133,0.1187,9.2361,99.7813,2.3628,0.8288
142,23,170,210,146,209,184.12759170251172,97.25224933131366,183.7826454465963,121.26417442921878,0.6195,2,110,1,4,5000,100,71.0,10.0,15.0,0.35,0.35,0.3,0.1,12.161,0.1099,8.556,107.9389,-2.7022,0.1859
142,27,349,174,374,163,332.3279217772412,92.59049627256569,333.2211595930449,119.85407794480753,0.5387,2,110,1,4,5000,100,71.0,10.0,15.0,0.35,0.35,0.3,0.1,14.2025,0.1283,9.9844,104.4729,2.3324,1.1971
143,23,168,205,143,202,186.91122711902466,99.72462083156798,186.89742755775174,124.90396310766124,0.6883,3,110,1,4,5000,100,71.0,10.0,15.0,0.35,0.35,0.3,0.1,12.4053,0.1121,8.7269,110.9031,-2.7628,0.3345
143,24,354,169,375,157,331.1134182330893,99.36297097007517,330.94539590092285,123.54756169184401,0.7186,3,110,1,4,5000,100,71.0,10.0,15.0,0.35,0.35,0.3,0.1,12.007,0.1085,8.4483,110.1433,2.4179,1.3391
143,27,347,169,368,157,329.03624346792645,93.29523031752481,329.2871722848411,117.47765745025733,0.7015,3,110,1,4,5000,100,71.0,10.0,15.0,0.35,0.35,0.3,0.1,12.6973,0.1147,8.9313,103.9992,2.2411,1.3372
144,23,167,200,142,196,189.64804531609815,101.43470806385751,189.53663575845943,126.75172582651489,0.6652,3,110,1,4,5000,100,71.0,10.0,15.0,0.35,0.35,0.3,0.1,12.2786,0.1109,8.6383,112.6888,-2.7883,0.4709
144,24,353,164,374,150,328.35534096290746,101.01980003939822,327.94650951563693,126.24579200908045,0.6511,3,110,1,4,5000,100,71.0,10.0,15.0,0.35,0.35,0.3,0.1,12.284,0.111,8.6421,112.2328,2.3918,1.4871
144,27,346,164,367,151,326.14288985833934,95.13148795220224,326.5751888173962,119.81652640600127,0.6577,3,110,1,4,5000,100,71.0,10.0,15.0,0.35,0.35,0.3,0.1,12.7095,0.1148,8.9398,106.0566,2.2163,1.4734
145,23,166,191,141,184,194.4359749789752,104.29285689825551,194.67639313745,130.24976007655445,0.6438,3,110,1,4,5000,100,71.0,10.0,15.0,0.35,0.35,0.3,0.1,12.2478,0.1107,8.6168,115.835,-2.8133,0.7312
145,27,345,156,365,140,321.97276928602645,99.02019995940222,321.84277341263095,124.63145670335399,0.7334,3,110,1,4,5000,100,71.0,10.0,15.0,0.35,0.35,0.3,0.1,12.6732,0.1145,8.9144,110.3594,2.1793,1.7088
145,24,352,155,372,139,323.8925487082481,105.20931517693668,323.3929251873925,130.80137613954986,0.6212,3,110,1,4,5000,100,71.0,10.0,15.0,0.35,0.35,0.3,0.1,12.0005,0.1084,8.4438,116.6178,2.3559,1.7359
146,28,231,411,220,475,100.51262716992134,197.3119357768303,100.32438800263078,262.24606765402604,0.8933,1,110,1,4,5000,100,71.0,10.0,15.0,0.35,0.35,0.3,0.1,15.6372,0.1413,10.9883,225.1915,-1.0206,-5.558
147,29,224,388,212,446,104.1150546692714,176.32356620712955,103.50519583719418,235.51220775153035,0.5193,4,110,1,4,5000,100,71.0,10.0,15.0,0.35,0.35,0.3,0.1,15.9053,0.1437,11.1758,201.6646,-1.2042,-4.9152
147,30,155,146,124,128,212.37177808260958,132.60844618650805,211.89721005873753,168.4339633209407,0.8135,4,110,1,4,5000,100,71.0,10.0,15.0,0.35,0.35,0.3,0.1,13.1702,0.119,9.2621,148.3895,-3.1542,1.9791
147,31,329,110,344,83,300.08968623877666,123.664869708418,299.88283234541285,154.5477272560163,0.6856,4,110,1,4,5000,100,71.0,10.0,15.0,0.35,0.35,0.3,0.1,12.2848,0.111,8.6426,137.3922,1.7226,2.9866
147,32,336,109,352,83,302.5740571345725,128.16005617976296,302.3881148534009,158.68522300453813,0.7583,4,110,1,4,5000,100,71.0,10.0,15.0,0.35,0.35,0.3,0.1,11.7771,0.1064,8.2874,141.7984,1.9104,3.002
148,29,224,382,211,439,104.60673735444699,170.51099671282202,104.15763264967724,228.95414388038492,0.5631,4,110,1,4,5000,100,71.0,10.0,15.0,0.35,0.35,0.3,0.1,16.1913,0.1463,11.376,195.4574,-1.2156,-4.7518
148,30,148,138,120,118,213.5788137250007,142.8355697996826,213.95905981967627,177.22866585290316,0.5817,4,110,1,4,5000,100,71.0,10.0,15.0,0.35,0.35,0.3,0.1,11.8922,0.1075,8.3679,158.1842,-3.299,2.2076
148,32,335,101,350,72,300.3791260113683,134.46189051177288,299.78741713137947,167.0748335327616,0.621,4,110,1,4,5000,100,71.0,10.0,15.0,0.35,0.35,0.3,0.1,11.9695,0.1082,8.4221,149.0047,1.8725,3.2365
148,31,328,101,343,72,297.73817962838723,131.06105447462264,297.66073851195955,163.71010964506743,0.7462,4,110,1,4,5000,100,71.0,10.0,15.0,0.35,0.35,0.3,0.1,12.2578,0.1108,8.6238,145.5775,1.6979,3.2346
149,29,224,376,211,430,105.133083148487,164.7118696390761,104.7303213808449,220.238507078122,0.583,4,110,1,4,5000,100,71.0,10.0,15.0,0.35,0.35,0.3,0.1,15.9633,0.1442,11.2165,188.4705,-1.2163,-4.5704
149,30,148,132,120,111,215.53767779197437,146.23952953972466,215.7949374208057,181.23189564753773,0.6199,4,110,1,4,5000,100,71.0,10.0,15.0,0.35,0.35,0.3,0.1,11.8257,0.1069,8.3214,161.8661,-3.2994,2.3691
149,32,334,95,349,64,298.7747246388218,139.18692467326088,298.1889810745738,173.5885940953495,0.5761,4,110,1,4,5000,100,71.0,10.0,15.0,0.35,0.35,0.3,0.1,12.1723,0.11,8.564,154.4959,1.8469,3.4087
149,31,328,95,343,65,296.565051177078,136.40014662748717,296.565051177078,169.941166289984,0.7392,4,110,1,4,5000,100,71.0,10.0,15.0,0.35,0.35,0.3,0.1,12.1171,0.1095,8.5253,151.3345,1.6983,3.3967
150,29,226,366,214,416,105.38518835365359,154.53802121160993,104.91349544599977,205.9368835347374,0.5614,4,110,1,4,5000,100,71.0,10.0,15.0,0.35,0.35,0.3,0.1,15.7799,0.1426,11.0881,176.5731,-1.1555,-4.2776
150,30,154,121,124,98,220.34981515011373,148.27339613025663,219.76613835278354,186.03763060198332,0.7036,4,110,1,4,5000,100,71.0,10.0,15.0,0.35,0.35,0.3,0.1,12.5013,0.113,8.7942,165.0226,-3.1711,2.6632
150,32,335,85,350,52,297.2553283749431,148.48568954616468,296.7037816069656,184.69975636150687,0.5916,4,110,1,4,5000,100,71.0,10.0,15.0,0.35,0.35,0.3,0.1,12.0287,0.1087,8.4634,164.6247,1.8722,3.6825
150,31,329,85,343,52,295.15930191603167,145.83552379307312,294.73108384586317,181.66177363441105,0.628,4,110,1,4,5000,100,71.0,10.0,15.0,0.35,0.35,0.3,0.1,12.1065,0.1094,8.5179,161.7891,1.7108,3.6819
151,29,233,362,224,409,103.19646319221847,148.93287078412206,102.62356359770263,196.75619431164043,0.5369,3,110,1,4,5000,100,71.0,10.0,15.0,0.35,0.35,0.3,0.1,15.3102,0.1383,10.7595,169.5365,-0.9476,-4.1475
151,30,154,114,128,90,222.34931031657817,152.89865924853626,222.41697933136493,188.2817038376273,0.6643,3,110,1,4,5000,100,71.0,10.0,15.0,0.35,0.35,0.3,0.1,11.4772,0.1037,8.0776,168.7554,-3.1279,2.8548
151,32,334,76,353,42,295.4160062297518,156.1089363233252,296.17082038355437,194.9897433200013,0.4618,3,110,1,4,5000,100,71.0,10.0,15.0,0.35,0.35,0.3,0.1,12.2555,0.1107,8.6222,173.3965,1.8962,3.9163
152,29,237,357,229,401,102.0947570770121,143.17821063276352,101.66877400036896,187.88294228055935,0.5927,4,110,1,4,5000,100,71.0,10.0,15.0,0.35,0.35,0.3,0.1,14.9442,0.135,10.5034,162.5122,-0.8376,-3.9911
152,30,162,109,136,85,225.80692945510236,150.6286825275983,225.21785362509715,185.9704277566732,0.674,4,110,1,4,5000,100,71.0,10.0,15.0,0.35,0.35,0.3,0.1,11.6199,0.105,8.1774,166.4442,-2.9285,2.9781
152,31,344,72,361,38,297.96984322711296,164.17673403987544,297.70574561069174,202.18061232472317,0.7218,4,110,1,4,5000,100,71.0,10.0,15.0,0.35,0.35,0.3,0.1,11.4802,0.1037,8.0797,181.2075,2.1225,4.0215
152,32,338,72,353,39,296.08891992543613,161.44968256394932,295.78732818281435,197.6866206904251,0.6275,4,110,1,4,5000,100,71.0,10.0,15.0,0.35,0.35,0.3,0.1,11.1665,0.1009,7.8602,177.74,1.9498,4.0115
153,29,239,355,232,397,101.4695303328669,140.81193131265547,101.0035408517495,183.3712082089225,0.5672,4,110,1,4,5000,100,71.0,10.0,15.0,0.35,0.35,0.3,0.1,14.5288,0.1313,10.2128,159.2979,-0.7768,-3.9212
153,30,159,105,136,80,226.04162667600997,155.58920271021378,226.28252708271017,189.5521036549054,0.6186,4,110,1,4,5000,100,71.0,10.0,15.0,0.35,0.35,0.3,0.1,10.8902,0.0984,7.6669,170.8996,-2.9697,3.094
153,31,347,66,363,32,297.9147020555127,170.88300090997933,297.4256526669119,208.42504647954382,0.6385,4,110,1,4,5000,100,71.0,10.0,15.0,0.35,0.35,0.3,0.1,10.9535,0.099,7.7112,187.7962,2.1867,4.1745
153,32,340,66,356,32,295.801152716148,167.72000476985446,295.69132706511084,205.29490982486632,0.786,4,110,1,4,5000,100,71.0,10.0,15.0,0.35,0.35,0.3,0.1,11.148,0.1007,7.8473,184.6149,2.012,4.173
154,29,242,356,236,399,100.19598824728679,141.23030836190935,99.66640248303976,184.6212338816963,0.5504,3,110,1,4,5000,100,71.0,10.0,15.0,0.35,0.35,0.3,0.1,14.7369,0.1332,10.3583,160.0368,-0.6902,-3.9562
154,31,349,67,365,34,298.66395711028156,170.95028517086482,298.16990103215,207.5885353289049,0.6525,3,110,1,4,5000,100,71.0,10.0,15.0,0.35,0.35,0.3,0.1,10.7115,0.0968,7.5419,187.4963,2.2373,4.1391
154,32,342,67,358,34,296.565051177078,167.70509831248424,296.43967768021486,204.37710243566914,0.7408,3,110,1,4,5000,100,71.0,10.0,15.0,0.35,0.35,0.3,0.1,10.9074,0.0986,7.6789,184.2339,2.0626,4.1376
155,29,244,352,239,391,99.66866866108364,136.94524453225822,99.1416402235249,176.23847480048164,0.5857,4,110,1,4,5000,100,71.0,10.0,15.0,0.35,0.35,0.3,0.1,13.885,0.1255,9.7623,154.1269,-0.6298,-3.816
155,30,169,102,145,77,229.56322975423785,151.09268678529745,228.93017554572546,185.69868066305693,0.5656,4,110,1,4,5000,100,71.0,10.0,15.0,0.35,0.35,0.3,0.1,11.3715,0.1028,8.0036,166.6178,-2.7312,3.1658
155,31,351,63,368,30,298.6104596659652,175.41949720598336,298.3737904995701,212.5323504786977,0.7156,4,110,1,4,5000,100,71.0,10.0,15.0,0.35,0.35,0.3,0.1,10.587,0.0957,7.4547,192.2008,2.3,4.2394
155,32,345,63,360,31,296.8619178444027,172.6267650163207,296.565051177078,207.95432190748045,0.6476,4,110,1,4,5000,100,71.0,10.0,15.0,0.35,0.35,0.3,0.1,10.2729,0.0928,7.235,188.6509,2.1271,4.2293
156,29,247,343,244,377,99.01932243138168,127.57742747053649,98.18022988249753,161.64467204334326,0.4972,4,110,1,4,5000,100,71.0,10.0,15.0,0.35,0.35,0.3,0.1,13.0356,0.1178,9.168,142.6047,-0.5321,-3.5388
156,30,171,91,149,64,232.69605172201656,158.40454538932903,232.3590876820152,193.2174940319846,0.7348,4,110,1,4,5000,100,71.0,10.0,15.0,0.35,0.35,0.3,0.1,10.957,0.099,7.7136,174.0877,-2.6588,3.4663
156,31,353,51,370,18,297.3874221570762,186.9545399288287,297.365538923341,224.07588000496617,0.7406,4,110,1,4,5000,100,71.0,10.0,15.0,0.35,0.35,0.3,0.1,9.9948,0.0903,7.0404,203.8389,2.3521,4.5423
156,32,347,52,362,19,295.8663567940945,183.3712082089225,295.63159765041394,219.61101975993827,0.6995,4,110,1,4,5000,100,71.0,10.0,15.0,0.35,0.35,0.3,0.1,9.9524,0.0899,7.0107,199.8616,2.178,4.5178
157,29,247,341,244,375,99.16234704572172,125.60254774486066,98.28234941703133,159.66527487215245,0.4842,4,110,1,4,5000,100,71.0,10.0,15.0,0.35,0.35,0.3,0.1,13.2146,0.1194,9.2932,140.6003,-0.5318,-3.4879
157,30,171,86,150,61,233.7651280942071,162.40997506310995,233.13010235415598,195.0,0.5683,4,110,1,4,5000,100,71.0,10.0,15.0,0.35,0.35,0.3,0.1,10.0912,0.0912,7.1079,177.2191,-2.6503,3.5711
157,31,355,47,371,14,297.36821042888823,191.42622599842477,297.12675650964457,228.08989455914087,0.6758,4,110,1,4,5000,100,71.0,10.0,15.0,0.35,0.35,0.3,0.1,9.6719,0.0874,6.8145,208.1559,2.3906,4.6443
157,32,348,47,364,14,295.47642628984363,188.31091311976584,295.5399875647139,224.98444390668436,0.7702,4,110,1,4,5000,100,71.0,10.0,15.0,0.35,0.35,0.3,0.1,9.8202,0.0887,6.9182,205.0206,2.2158,4.6432
158,29,246,338,242,371,99.84582236785258,122.8087944733601,99.22082404063791,156.01602481796542,0.5587,4,110,1,4,5000,100,71.0,10.0,15.0,0.35,0.35,0.3,0.1,13.1804,0.1191,9.2693,137.435,-0.569,-3.4015
158,30,170,84,149,58,233.8958569696633,164.61470165206995,233.4194725175966,198.00252523642217,0.7555,4,110,1,4,5000,100,71.0,10.0,15.0,0.35,0.35,0.3,0.1,10.1898,0.0921,7.1768,179.7715,-2.6748,3.6327
158,31,354,46,370,13,296.96571443287013,191.8593234638338,296.7892996583017,228.52789764052878,0.7242,4,110,1,4,5000,100,71.0,10.0,15.0,0.35,0.35,0.3,0.1,9.6532,0.0872,6.8014,208.5944,2.3658,4.6694
158,32,348,46,363,13,295.3461759419467,189.21416437465774,295.2011236454751,225.45953073667124,0.7953,4,110,1,4,5000,100,71.0,10.0,15.0,0.35,0.35,0.3,0.1,9.6733,0.0874,6.8154,205.7528,2.2039,4.6692
159,29,249,331,243,361,98.9726266148964,115.41230437002807,99.46232220802563,145.98630072715727,0.7084,4,110,1,4,5000,100,71.0,10.0,15.0,0.35,0.35,0.3,0.1,12.9442,0.117,9.104,128.9113,-0.5198,-3.1929
159,33,244,331,236,361,101.40655258397241,116.29703349613007,102.14909160744135,147.29901561110313,0.65,4,110,1,4,5000,100,71.0,10.0,15.0,0.35,0.35,0.3,0.1,13.016,0.1176,9.1543,129.9749,-0.6682,-3.1924
159,30,168,77,147,50,234.73423234065433,171.46719802924406,234.3003786609991,205.6428943581567,0.7182,4,110,1,4,5000,100,71.0,10.0,15.0,0.35,0.35,0.3,0.1,10.0294,0.0906,7.0646,187.0065,-2.7253,3.8203
159,32,346,39,360,5,293.9326163080915,194.74342094150447,293.68606411286663,231.50161986474308,0.6686,4,110,1,4,5000,100,71.0,10.0,15.0,0.35,0.35,0.3,0.1,9.5438,0.0862,6.7248,211.5376,2.142,4.857
160,29,247,328,240,357,100.2139729850705,112.78741064498288,100.91588243169308,142.57980221616245,0.689,4,110,1,4,5000,100,71.0,10.0,15.0,0.35,0.35,0.3,0.1,12.9112,0.1167,9.0809,125.9457,-0.5817,-3.1065
160,33,242,328,233,357,102.69266554511789,113.78049041905207,103.65041913475699,144.06942770761603,0.5904,4,110,1,4,5000,100,71.0,10.0,15.0,0.35,0.35,0.3,0.1,13.0,0.1175,9.1431,127.146,-0.7301,-3.106
160,34,160,70,139,42,233.94945808420886,181.81859090863068,233.81719592255757,216.8155898453799,0.8088,4,110,1,4,5000,100,71.0,10.0,15.0,0.35,0.35,0.3,0.1,9.7159,0.0878,6.8452,197.7809,-2.9258,4.009
160,30,166,69,145,42,235.6891046718554,179.17868176767013,235.1179946038591,213.32838535928593,0.7106,4,110,1,4,5000,100,71.0,10.0,15.0,0.35,0.35,0.3,0.1,9.6287,0.087,6.7842,194.768,-2.7768,4.0221
161,29,246,339,239,370,99.7666793957727,123.79418403139947,100.37074152828463,155.54099138169335,0.6761,4,110,1,4,5000,100,71.0,10.0,15.0,0.35,0.35,0.3,0.1,12.5777,0.1137,8.8476,137.8636,-0.6069,-3.4059
161,33,240,339,233,370,102.47907180192763,124.95199078045935,102.52880770915151,156.7322557739791,0.7956,4,110,1,4,5000,100,71.0,10.0,15.0,0.35,0.35,0.3,0.1,12.4859,0.1128,8.7834,139.0494,-0.7556,-3.4065
161,34,164,78,143,53,233.46128814257133,173.0028901492689,232.90716270295846,205.60155641434235,0.7504,4,110,1,4,5000,100,71.0,10.0,15.0,0.35,0.35,0.3,0.1,9.5289,0.0861,6.7144,187.8988,-2.8271,3.7736
161,32,343,40,356,8,293.23764693535145,192.62658175859323,293.06611495893696,227.1607360438859,0.6941,4,110,1,4,5000,100,71.0,10.0,15.0,0.35,0.35,0.3,0.1,9.1043,0.0823,6.4173,208.4732,2.0563,4.8104
162,29,243,356,239,390,99.79620991747451,141.05672617780408,99.19358224861307,175.2512482123879,0.546,2,110,1,4,5000,100,71.0,10.0,15.0,0.35,0.35,0.3,0.1,11.9639,0.1081,8.4181,156.3057,-0.6448,-3.869
162,31,346,58,359,29,296.42072961955535,177.54436065389405,296.07535558394875,209.30360723121808,0.7252,2,110,1,4,5000,100,71.0,10.0,15.0,0.35,0.35,0.3,0.1,9.0857,0.0821,6.4043,192.1203,2.1311,4.3245
163,29,246,363,243,399,98.18503597060545,147.50254235097103,97.51214410305275,183.5755975068582,0.5059,3,110,1,4,5000,100,71.0,10.0,15.0,0.35,0.35,0.3,0.1,12.0581,0.109,8.484,163.5739,-0.5579,-4.0666
163,34,170,103,151,83,229.60629785064185,149.68299836654796,229.11818970398878,177.23430819116257,0.7413,3,110,1,4,5000,100,71.0,10.0,15.0,0.35,0.35,0.3,0.1,9.3268,0.0843,6.573,162.2977,-2.6536,3.0896
163,31,349,65,363,39,298.34569362307667,172.70784579746226,298.3391320358959,202.23748416156684,0.8285,3,110,1,4,5000,100,71.0,10.0,15.0,0.35,0.35,0.3,0.1,8.716,0.0788,6.1456,186.3098,2.2195,4.1148
164,33,252,364,247,400,95.82634202955579,147.763324272297,96.2370800764585,184.08965207202712,0.7117,6,110,1,4,5000,100,71.0,10.0,15.0,0.35,0.35,0.3,0.1,12.1144,0.1095,8.5234,163.9383,-0.4339,-4.0909
164,29,246,364,241,400,98.13010235415598,148.49242404917499,98.08626473492654,184.83776670366908,0.7315,6,110,1,4,5000,100,71.0,10.0,15.0,0.35,0.35,0.3,0.1,12.067,0.109,8.4903,164.6836,-0.5827,-4.0913
164,34,171,106,152,87,229.14462374110428,146.7548977036201,228.50353164478443,173.5655495770978,0.5904,6,110,1,4,5000,100,71.0,10.0,15.0,0.35,0.35,0.3,0.1,9.2629,0.0837,6.5283,159.0382,-2.6289,3.0027
164,35,165,107,146,87,227.16107948822636,150.0133327407934,227.05355056351098,177.59786034747154,0.7758,6,110,1,4,5000,100,71.0,10.0,15.0,0.35,0.35,0.3,0.1,9.3182,0.0842,6.567,162.6443,-2.7782,2.9899
164,36,357,68,371,43,301.13310317050554,174.07182425654074,300.86680945113704,202.71161782196896,0.6866,6,110,1,4,5000,100,71.0,10.0,15.0,0.35,0.35,0.3,0.1,8.4121,0.076,5.933,187.3032,2.4201,4.0293
164,31,350,68,364,43,299.1198612229247,170.55790805471318,299.1384106402548,199.21094347449892,0.8237,6,110,1,4,5000,100,71.0,10.0,15.0,0.35,0.35,0.3,0.1,8.5756,0.0775,6.0474,183.7743,2.2449,4.0284
165,33,252,361,246,396,95.9468630539735,144.77914214416384,96.69126443255229,180.22763384120648,0.658,5,110,1,4,5000,100,71.0,10.0,15.0,0.35,0.35,0.3,0.1,12.0707,0.1091,8.4928,160.5702,-0.4463,-4.0046
165,29,246,361,241,396,98.29714496983688,145.52319402761884,98.26449408465858,180.87841220001906,0.757,5,110,1,4,5000,100,71.0,10.0,15.0,0.35,0.35,0.3,0.1,11.9875,0.1083,8.4346,161.286,-0.5828,-4.0051
165,35,170,102,151,83,229.85309638699238,150.4460036026215,229.11818970398878,177.23430819116257,0.5253,5,110,1,4,5000,100,71.0,10.0,15.0,0.35,0.35,0.3,0.1,9.0473,0.0818,6.3775,162.7452,-2.6547,3.1034
165,36,356,65,371,39,300.350095894187,176.13914953808538,300.2964481762384,206.15528128088303,0.8088,5,110,1,4,5000,100,71.0,10.0,15.0,0.35,0.35,0.3,0.1,8.6893,0.0785,6.1269,189.9688,2.4067,4.115
165,31,349,65,363,39,298.34569362307667,172.70784579746226,298.3391320358959,202.23748416156684,0.8026,5,110,1,4,5000,100,71.0,10.0,15.0,0.35,0.35,0.3,0.1,8.716,0.0788,6.1456,186.3098,2.2195,4.1148
166,33,250,358,245,392,96.87481802870425,142.0211251891774,97.16530873291592,176.3774361986249,0.7604,6,110,1,4,5000,100,71.0,10.0,15.0,0.35,0.35,0.3,0.1,11.9416,0.1079,8.4025,157.3457,-0.4836,-3.9187
166,29,245,358,239,391,98.8682628332076,142.70599146496969,99.1416402235249,176.23847480048164,0.7515,6,110,1,4,5000,100,71.0,10.0,15.0,0.35,0.35,0.3,0.1,11.6353,0.1051,8.1882,157.7095,-0.6204,-3.9086
166,34,163,100,144,80,228.36646066342982,156.54072952429985,228.08218082452814,184.1140950606444,0.6764,6,110,1,4,5000,100,71.0,10.0,15.0,0.35,0.35,0.3,0.1,8.9578,0.0809,6.3148,169.2115,-2.8295,3.1661
166,35,169,99,150,79,230.29008120537125,153.3883959105121,229.70785224437222,180.92263539977523,0.6646,6,110,1,4,5000,100,71.0,10.0,15.0,0.35,0.35,0.3,0.1,9.1148,0.0824,6.4247,166.0216,-2.6794,3.1903
166,36,355,61,369,35,299.42745640318975,179.10890541790488,299.2679952148927,208.6336502101231,0.7684,6,110,1,4,5000,100,71.0,10.0,15.0,0.35,0.35,0.3,0.1,8.4269,0.0761,5.9434,192.7472,2.3701,4.2163
166,31,348,61,362,35,297.43972794819933,175.775424903483,297.5635693271571,205.30221625691235,0.7544,6,110,1,4,5000,100,71.0,10.0,15.0,0.35,0.35,0.3,0.1,8.5749,0.0775,6.0469,189.3949,2.195,4.2154
167,29,244,353,238,385,99.5989030685418,137.93114224133723,99.79382735844757,170.48460341039598,0.734,3,110,1,4,5000,100,71.0,10.0,15.0,0.35,0.35,0.3,0.1,11.6812,0.1056,8.2203,152.4899,-0.6452,-3.7718
167,36,354,55,368,28,298.23744553816726,183.88311504866346,298.11966983447616,214.2941903085569,0.76,3,110,1,4,5000,100,71.0,10.0,15.0,0.35,0.35,0.3,0.1,8.4524,0.0764,5.9612,197.9273,2.3451,4.3783
167,31,347,55,360,28,296.2814110213202,180.67650649710936,296.20011484134733,210.6418761785035,0.7592,3,110,1,4,5000,100,71.0,10.0,15.0,0.35,0.35,0.3,0.1,8.4745,0.0766,5.9767,194.5119,2.1579,4.3782
168,29,243,352,240,383,100.08059798754232,137.11673858431726,99.23829293129312,168.1814496310458,0.4679,4,110,1,4,5000,100,71.0,10.0,15.0,0.35,0.35,0.3,0.1,11.2608,0.1018,7.9262,151.0686,-0.6333,-3.7377
168,35,167,92,148,71,231.3401917459099,160.0781059358212,230.81760791689277,188.35339126227592,0.6514,4,110,1,4,5000,100,71.0,10.0,15.0,0.35,0.35,0.3,0.1,8.9808,0.0812,6.3309,173.0685,-2.7297,3.3779
168,36,353,54,367,26,297.81645898367026,184.29595763336752,297.63476507636204,215.59452683219953,0.7381,4,110,1,4,5000,100,71.0,10.0,15.0,0.35,0.35,0.3,0.1,8.6618,0.0783,6.1077,198.7204,2.3195,4.4145
168,31,346,53,359,27,295.72045713165846,182.03571078225283,295.83675422400154,211.10187114282053,0.7603,4,110,1,4,5000,100,71.0,10.0,15.0,0.35,0.35,0.3,0.1,8.1822,0.0739,5.7721,195.4943,2.1338,4.4174
169,29,247,349,241,379,98.61564818416412,133.5065541462291,99.11786275379579,164.07315441594946,0.6625,5,110,1,4,5000,100,71.0,10.0,15.0,0.35,0.35,0.3,0.1,11.3676,0.1027,8.0009,147.22,-0.5711,-3.6499
169,33,241,349,235,379,101.14288985833933,134.5362404707371,101.17383824181474,165.13025161974412,0.7884,5,110,1,4,5000,100,71.0,10.0,15.0,0.35,0.35,0.3,0.1,11.2986,0.1021,7.9526,148.2715,-0.7201,-3.6504
169,35,165,88,146,66,231.66665989090137,164.45364088398895,231.29394818895108,193.49935400408964,0.7352,5,110,1,4,5000,100,71.0,10.0,15.0,0.35,0.35,0.3,0.1,8.9801,0.0811,6.3304,177.7981,-2.7796,3.4901
169,36,352,49,365,22,296.8372381058151,188.27904822364064,296.68246039698704,218.24069281414958,0.7538,5,110,1,4,5000,100,71.0,10.0,15.0,0.35,0.35,0.3,0.1,8.1566,0.0737,5.7542,202.1557,2.2836,4.5298
169,31,345,49,357,22,294.9047688080952,185.22418848519757,294.77514056883194,214.76731594914529,0.7461,5,110,1,4,5000,100,71.0,10.0,15.0,0.35,0.35,0.3,0.1,8.174,0.0739,5.7664,198.9047,2.0964,4.5297
170,29,249,359,244,391,97.22431569404533,143.13629868066312,97.52992677768756,175.5135322418189,0.8305,3,110,1,4,5000,100,71.0,10.0,15.0,0.35,0.35,0.3,0.1,11.2448,0.1016,7.915,157.68,-0.5091,-3.9239
170,35,168,95,149,75,230.94151979375275,157.1146078504478,230.27389595735175,184.62935844550833,0.5483,3,110,1,4,5000,100,71.0,10.0,15.0,0.35,0.35,0.3,0.1,8.9103,0.0805,6.2816,169.7643,-2.7051,3.291
170,36,348,56,360,30,296.70722403543493,180.22763384120648,296.4423623292389,208.84922791334424,0.6242,3,110,1,4,5000,100,71.0,10.0,15.0,0.35,0.35,0.3,0.1,8.1411,0.0736,5.7434,193.4857,2.1714,4.3428
171,37,254,370,250,404,94.85660393394318,153.55129436120035,95.1944289077348,187.77113729218343,0.7795,4,110,1,4,5000,100,71.0,10.0,15.0,0.35,0.35,0.3,0.1,11.0953,0.1003,7.8104,168.9458,-0.3726,-4.2231
171,29,248,370,243,403,97.07892160461223,154.17522498767434,97.35237935989237,187.5419952970534,0.786,4,110,1,4,5000,100,71.0,10.0,15.0,0.35,0.35,0.3,0.1,10.8062,0.0976,7.6081,169.2296,-0.5344,-4.2129
171,35,171,105,154,86,229.3987053549955,147.5127113166862,229.21909534924845,173.0028901492689,0.8435,4,110,1,4,5000,100,71.0,10.0,15.0,0.35,0.35,0.3,0.1,8.8014,0.0795,6.2054,159.2442,-2.6058,3.0297
171,36,351,66,363,41,299.0868108295316,172.7917822120022,298.6104596659652,200.47942537826668,0.5468,4,110,1,4,5000,100,71.0,10.0,15.0,0.35,0.35,0.3,0.1,8.209,0.0742,5.7909,185.6087,2.2461,4.0803
172,37,259,380,256,415,92.80980813607029,163.19620093617377,93.17983011986423,198.3053201505194,0.7514,5,110,1,4,5000,100,71.0,10.0,15.0,0.35,0.35,0.3,0.1,10.7482,0.0971,7.5675,179.0459,-0.2361,-4.4868
172,29,253,380,249,415,94.9090621386555,163.6001222493431,95.1944289077348,198.8164983093707,0.73,5,110,1,4,5000,100,71.0,10.0,15.0,0.35,0.35,0.3,0.1,10.7538,0.0972,7.5715,179.4973,-0.3977,-4.4867
172,35,176,116,158,99,227.98146121998218,135.94851966829208,227.2704496706651,160.63934760823702,0.5812,5,110,1,4,5000,100,71.0,10.0,15.0,0.35,0.35,0.3,0.1,9.2132,0.0832,6.4935,147.2662,-2.4921,2.7288
172,38,362,76,376,54,303.9704687760195,170.01764614298128,303.77110817846125,196.08671551127577,0.6525,5,110,1,4,5000,100,71.0,10.0,15.0,0.35,0.35,0.3,0.1,7.8804,0.0712,5.561,182.124,2.5466,3.795
172,36,355,77,369,54,302.15229514128237,165.3602128687551,302.0369685298636,192.28364465029262,0.7339,5,110,1,4,5000,100,71.0,10.0,15.0,0.35,0.35,0.3,0.1,8.3312,0.0753,5.8764,177.8085,2.3704,3.7802
173,37,264,389,262,425,90.99924367025729,172.02616080119907,91.37703719377274,208.0600874747485,0.6809,6,110,1,4,5000,100,71.0,10.0,15.0,0.35,0.35,0.3,0.1,10.4919,0.0948,7.3882,188.335,-0.0995,-4.7251
173,29,258,388,256,425,93.01278750418334,171.23667831396403,93.02724518228,208.290662296705,0.7664,6,110,1,4,5000,100,71.0,10.0,15.0,0.35,0.35,0.3,0.1,10.8048,0.0976,7.6072,187.9548,-0.2485,-4.71
173,39,175,127,159,112,224.37040139158972,128.70120434556935,224.1930705448976,150.6286825275983,0.7538,6,110,1,4,5000,100,71.0,10.0,15.0,0.35,0.35,0.3,0.1,8.6876,0.0785,6.1257,138.8043,-2.4939,2.4316
173,35,181,126,165,112,226.61809453273747,125.2078272313676,225.830315486258,146.38647478507022,0.5604,6,110,1,4,5000,100,71.0,10.0,15.0,0.35,0.35,0.3,0.1,8.6299,0.078,6.0854,134.9714,-2.3446,2.4443
173,38,368,87,383,67,307.8444584651141,164.62381358722072,307.71597634558316,189.62067397834025,0.751,6,110,1,4,5000,100,71.0,10.0,15.0,0.35,0.35,0.3,0.1,7.8092,0.0706,5.5112,176.2403,2.7092,3.4957
173,36,361,87,376,67,305.86982351772133,160.4244370412438,306.0046549963207,185.42114226808118,0.7777,6,110,1,4,5000,100,71.0,10.0,15.0,0.35,0.35,0.3,0.1,7.9988,0.0723,5.6438,172.0194,2.5337,3.4948
174,37,268,384,267,420,89.65691560047647,167.0029939851379,90.0,203.0,0.7517,5,110,1,4,5000,100,71.0,10.0,15.0,0.35,0.35,0.3,0.1,10.7668,0.0973,7.5806,183.2505,0.0124,-4.5985
174,29,263,383,261,419,91.38035407344445,166.04818577750254,91.70135460532613,202.08908926510605,0.6745,5,110,1,4,5000,100,71.0,10.0,15.0,0.35,0.35,0.3,0.1,10.8346,0.0979,7.628,182.3044,-0.1243,-4.5731
174,39,184,122,170,107,228.85680098558984,126.15070352558483,228.5935661878652,146.6594695203825,0.7432,5,110,1,4,5000,100,71.0,10.0,15.0,0.35,0.35,0.3,0.1,8.3197,0.0752,5.8683,135.6342,-2.2457,2.5576
174,36,371,83,387,62,307.8157326075731,169.62311163281967,307.74680538727466,196.02295783912658,0.784,5,110,1,4,5000,100,71.0,10.0,15.0,0.35,0.35,0.3,0.1,7.9904,0.0722,5.6379,181.87,2.7959,3.6072
174,38,364,83,379,62,305.90004964021625,165.42369842317032,305.85114701420616,191.23022773609824,0.7963,5,110,1,4,5000,100,71.0,10.0,15.0,0.35,0.35,0.3,0.1,8.0077,0.0724,5.6501,177.3933,2.6086,3.6071
175,37,273,382,273,417,87.91743472026913,165.10905486980417,88.28164199834454,200.08997975910736,0.736,5,110,1,4,5000,100,71.0,10.0,15.0,0.35,0.35,0.3,0.1,10.6005,0.0958,7.4642,180.9242,0.1492,-4.5377
175,29,267,382,266,417,90.0,165.0,90.28647651027708,200.0024999843752,0.6857,5,110,1,4,5000,100,71.0,10.0,15.0,0.35,0.35,0.3,0.1,10.6128,0.0959,7.4728,180.8229,-0.0124,-4.5376
175,39,189,120,174,105,231.19641342910433,124.47088012864695,230.29521293661713,145.57815770231468,0.5636,5,110,1,4,5000,100,71.0,10.0,15.0,0.35,0.35,0.3,0.1,8.65,0.0782,6.0994,134.1996,-2.1325,2.6064
175,36,375,80,391,58,308.24946053782105,174.4505660638566,307.9497497411269,201.63581031156147,0.6709,5,110,1,4,5000,100,71.0,10.0,15.0,0.35,0.35,0.3,0.1,7.9997,0.0723,5.6444,187.0607,2.8957,3.6945
175,38,368,80,383,58,306.3986151412851,170.20575783445165,306.1129852444572,196.81717404738845,0.6701,5,110,1,4,5000,100,71.0,10.0,15.0,0.35,0.35,0.3,0.1,8.0242,0.0725,5.6616,182.5467,2.7084,3.6944
176,29,272,379,275,413,88.23217294414394,162.077142126828,87.66269414087618,196.16319736382766,0.5488,2,110,1,4,5000,100,71.0,10.0,15.0,0.35,0.35,0.3,0.1,10.53,0.0951,7.4149,177.4986,0.1616,-4.4512
176,38,371,78,387,56,306.8038887124753,173.60011520733505,306.698695626939,200.80089641234176,0.747,2,110,1,4,5000,100,71.0,10.0,15.0,0.35,0.35,0.3,0.1,8.0403,0.0727,5.6728,186.2124,2.7957,3.7442
177,29,277,375,278,408,86.37851529588266,158.3161394173064,86.70388402745368,191.3164917094185,0.7609,4,110,1,4,5000,100,71.0,10.0,15.0,0.35,0.35,0.3,0.1,10.4456,0.0944,7.3558,173.2589,0.2611,-4.3399
177,39,198,112,186,96,236.6893691754392,125.64234954823155,236.20079778788443,145.60906565183365,0.7102,4,110,1,4,5000,100,71.0,10.0,15.0,0.35,0.35,0.3,0.1,8.1463,0.0736,5.747,134.8908,-1.8719,2.8203
177,38,385,72,403,50,309.1384586018035,186.94651641579205,309.15838113318114,215.37177159507232,0.8145,4,110,1,4,5000,100,71.0,10.0,15.0,0.35,0.35,0.3,0.1,7.8192,0.0707,5.5181,200.155,3.171,3.8951
177,36,378,72,395,49,307.4346789315677,182.60887163552596,307.3039482779834,211.20606051910536,0.7939,4,110,1,4,5000,100,71.0,10.0,15.0,0.35,0.35,0.3,0.1,8.0363,0.0726,5.6701,195.8692,2.9829,3.9065
178,37,279,376,281,410,85.68397248013439,159.45218719101973,85.85109630226566,193.5071058126807,0.7913,5,110,1,4,5000,100,71.0,10.0,15.0,0.35,0.35,0.3,0.1,10.6778,0.0965,7.5183,174.8368,0.3232,-4.3755
178,29,285,376,287,409,83.54118362128135,160.01562423713506,84.05313694602651,193.03885619221847,0.6805,5,110,1,4,5000,100,71.0,10.0,15.0,0.35,0.35,0.3,0.1,10.3515,0.0935,7.29,174.9828,0.4726,-4.3655
178,39,201,114,189,98,237.34919770340443,122.3315167894194,236.7566741380356,142.28492541376264,0.7118,5,110,1,4,5000,100,71.0,10.0,15.0,0.35,0.35,0.3,0.1,8.345,0.0754,5.886,131.5559,-1.7965,2.7696
178,38,388,74,406,51,310.23635830927384,187.32325002519042,309.94110195601155,216.510969698997,0.723,5,110,1,4,5000,100,71.0,10.0,15.0,0.35,0.35,0.3,0.1,7.9988,0.0723,5.6438,200.8623,3.2452,3.8568
178,36,381,73,399,51,308.36748538486154,183.6627343801676,308.4910435594974,212.08488866489287,0.8093,5,110,1,4,5000,100,71.0,10.0,15.0,0.35,0.35,0.3,0.1,7.9481,0.0718,5.6084,196.8532,3.0707,3.8695
179,29,292,382,296,417,81.3843518158359,166.88319268278636,81.7496127710945,202.09156340629363,0.712,4,110,1,4,5000,100,71.0,10.0,15.0,0.35,0.35,0.3,0.1,10.5603,0.0954,7.436,182.8075,0.6714,-4.538
179,37,286,382,290,417,83.43123587817888,166.0903368652132,83.4398035994287,201.3181561608391,0.8388,4,110,1,4,5000,100,71.0,10.0,15.0,0.35,0.35,0.3,0.1,10.6112,0.0959,7.4716,182.0154,0.5221,-4.5376
179,39,207,117,195,101,239.03624346792648,116.61903789690601,238.17255342332686,136.5283853270081,0.5766,4,110,1,4,5000,100,71.0,10.0,15.0,0.35,0.35,0.3,0.1,8.7038,0.0786,6.1371,125.7908,-1.646,2.6935
179,36,386,77,404,55,310.3645365730973,183.74166647769363,310.22050008119464,212.16267343715293,0.751,4,110,1,4,5000,100,71.0,10.0,15.0,0.35,0.35,0.3,0.1,7.9447,0.0718,5.6059,196.932,3.1955,3.7697
180,37,296,390,300,427,80.48397979503183,175.41379649275024,81.06940989958102,212.5770448566825,0.6628,5,110,1,4,5000,100,71.0,10.0,15.0,0.35,0.35,0.3,0.1,10.6003,0.0958,7.464,192.2156,0.7708,-4.7615
180,29,290,390,294,427,82.4270513594566,174.52220489095365,82.67359333983046,211.72859986312668,0.7787,5,110,1,4,5000,100,71.0,10.0,15.0,0.35,0.35,0.3,0.1,10.6604,0.0963,7.5061,191.3334,0.6215,-4.7609
180,39,212,126,202,112,238.85141901380496,106.3296760081587,238.24051991518718,123.4908903522847,0.7422,5,110,1,4,5000,100,71.0,10.0,15.0,0.35,0.35,0.3,0.1,8.2639,0.0747,5.8293,114.2696,-1.4973,2.4455
180,38,399,86,419,66,315.2178536250972,185.9704277566732,315.18909429534375,214.2545215392198,0.7953,5,110,1,4,5000,100,71.0,10.0,15.0,0.35,0.35,0.3,0.1,7.821,0.0707,5.5194,199.113,3.5456,3.5206
180,36,392,86,411,66,313.65737597346225,181.06904760339356,313.6406942139314,208.65521800328887,0.8164,5,110,1,4,5000,100,71.0,10.0,15.0,0.35,0.35,0.3,0.1,7.8336,0.0708,5.5282,193.8858,3.3582,3.5205
181,37,297,398,302,436,80.58901808245689,183.4693434882242,80.91992713597328,221.77916944564473,0.7118,5,110,1,4,5000,100,71.0,10.0,15.0,0.35,0.35,0.3,0.1,10.462,0.0945,7.3673,200.8135,0.8083,-4.974
181,29,292,398,296,436,82.13597520450045,182.7183625145541,82.45677370960111,220.91174708466727,0.6282,5,110,1,4,5000,100,71.0,10.0,15.0,0.35,0.35,0.3,0.1,10.472,0.0946,7.3743,200.008,0.6715,-4.9739
181,39,215,133,205,120,238.24051991518718,98.79271228182775,237.41429264608558,115.12167476196652,0.5685,5,110,1,4,5000,100,71.0,10.0,15.0,0.35,0.35,0.3,0.1,8.4478,0.0763,5.958,106.334,-1.4221,2.2578
181,38,402,94,422,74,317.66300076606717,182.6307750626931,317.305966723995,210.8885961829136,0.5755,5,110,1,4,5000,100,71.0,10.0,15.0,0.35,0.35,0.3,0.1,7.9469,0.0718,5.6075,195.7451,3.6199,3.3203
181,36,395,94,414,74,316.14119925558714,177.51901306620653,315.7902365024292,205.08047201037937,0.645,5,110,1,4,5000,100,71.0,10.0,15.0,0.35,0.35,0.3,0.1,7.9723,0.072,5.6253,190.307,3.4325,3.3202
182,29,296,404,300,442,81.18477897677684,189.2353032602532,81.65610841596691,227.40712389896672,0.7159,6,110,1,4,5000,100,71.0,10.0,15.0,0.35,0.35,0.3,0.1,10.1393,0.0916,7.1414,206.5726,0.7714,-5.126
182,37,290,403,294,442,82.95082183250472,187.41664813991312,83.15722658736907,226.6142096162551,0.7314,6,110,1,4,5000,100,71.0,10.0,15.0,0.35,0.35,0.3,0.1,10.4774,0.0947,7.378,205.16,0.6217,-5.1106
182,35,208,140,198,128,232.53944513950933,97.0051545022222,232.21426203920677,112.61438629233834,0.7066,6,110,1,4,5000,100,71.0,10.0,15.0,0.35,0.35,0.3,0.1,8.2409,0.0745,5.8132,104.2286,-1.5971,2.0713
182,39,214,140,204,128,235.45990909292914,93.47726996441435,234.7066524093397,109.04127658827184,0.6854,6,110,1,4,5000,100,71.0,10.0,15.0,0.35,0.35,0.3,0.1,8.5052,0.0769,5.9981,100.6612,-1.4469,2.0706
182,36,401,101,421,83,319.1181897039888,177.23430819116257,318.97249594075066,204.13720875920686,0.7515,6,110,1,4,5000,100,71.0,10.0,15.0,0.35,0.35,0.3,0.1,7.8069,0.0705,5.5095,189.7369,3.5956,3.1212
182,38,394,100,414,83,317.3468742924873,172.67889274604468,317.64880575945864,198.90952717253137,0.683,6,110,1,4,5000,100,71.0,10.0,15.0,0.35,0.35,0.3,0.1,7.8122,0.0706,5.5132,184.8684,3.4208,3.1336
183,37,290,395,292,431,82.63740748878746,179.47980387776224,83.33677037787938,215.45533179756774,0.593,4,110,1,4,5000,100,71.0,10.0,15.0,0.35,0.35,0.3,0.1,10.0811,0.0911,7.1008,195.829,0.5973,-4.8777
183,29,284,395,286,431,84.54447820807967,178.80995498014084,84.92629526993706,214.84180226389836,0.7235,4,110,1,4,5000,100,71.0,10.0,15.0,0.35,0.35,0.3,0.1,10.1298,0.0915,7.1348,195.1768,0.4479,-4.8773
183,35,210,133,199,121,235.84030545433058,101.51354589413178,234.6887865603668,117.64352935882194,0.5773,4,110,1,4,5000,100,71.0,10.0,15.0,0.35,0.35,0.3,0.1,8.1453,0.0736,5.7463,108.985,-1.56,2.2463
183,38,390,95,408,77,315.23385902587324,173.24260445975753,315.2038987104668,198.69826370655582,0.8848,4,110,1,4,5000,100,71.0,10.0,15.0,0.35,0.35,0.3,0.1,7.5742,0.0684,5.3467,185.0993,3.2969,3.2719
184,37,286,388,289,423,83.6598082540901,172.0523176246109,83.90413845540418,207.17142660125697,0.7799,5,110,1,4,5000,100,71.0,10.0,15.0,0.35,0.35,0.3,0.1,10.2488,0.0926,7.2181,187.9857,0.51,-4.6897
184,29,281,388,282,423,85.3195563817467,171.572142260916,85.83532734813407,206.54539452623968,0.635,5,110,1,4,5000,100,71.0,10.0,15.0,0.35,0.35,0.3,0.1,10.2361,0.0925,7.2092,187.4414,0.3608,-4.6898
184,35,204,125,193,110,235.59733514502355,111.50336317797773,235.33270051592177,130.09611831257686,0.802,5,110,1,4,5000,100,71.0,10.0,15.0,0.35,0.35,0.3,0.1,8.5168,0.077,6.0062,120.0843,-1.7088,2.4821
184,36,392,86,410,66,313.65737597346225,181.06904760339356,313.44131579378916,207.9663434308542,0.7036,5,110,1,4,5000,100,71.0,10.0,15.0,0.35,0.35,0.3,0.1,7.6515,0.0691,5.4008,193.5879,3.3465,3.5214
184,38,385,85,403,66,311.7947840689865,177.05366418123066,312.008169254031,203.21663317750347,0.7421,5,110,1,4,5000,100,71.0,10.0,15.0,0.35,0.35,0.3,0.1,7.6141,0.0688,5.3747,189.2351,3.1719,3.534
185,37,284,382,285,416,84.11755440990467,165.873445734994,84.83153202366171,199.81241202688085,0.6236,5,110,1,4,5000,100,71.0,10.0,15.0,0.35,0.35,0.3,0.1,10.2711,0.0928,7.2337,181.268,0.4354,-4.5279
185,29,278,381,278,416,86.16273788267235,164.3684884641822,86.83611638111925,199.3037882229036,0.5875,5,110,1,4,5000,100,71.0,10.0,15.0,0.35,0.35,0.3,0.1,10.6312,0.0961,7.4856,180.1582,0.2735,-4.5126
185,35,203,120,191,105,236.5834186046871,116.21101496846157,235.84030545433058,135.35139452550905,0.6303,5,110,1,4,5000,100,71.0,10.0,15.0,0.35,0.35,0.3,0.1,8.4204,0.0761,5.9388,125.053,-1.7465,2.6072
185,36,390,81,408,60,312.1265615024065,183.3712082089225,311.9266674889266,211.0213259365034,0.6737,5,110,1,4,5000,100,71.0,10.0,15.0,0.35,0.35,0.3,0.1,7.7588,0.0701,5.4759,196.227,3.2961,3.6582
185,38,383,82,400,61,310.67112493280956,177.99157283422156,310.44971886233617,205.0,0.7453,5,110,1,4,5000,100,71.0,10.0,15.0,0.35,0.35,0.3,0.1,7.8043,0.0705,5.5078,190.5435,3.1087,3.633
186,29,274,371,273,404,87.39743779750019,154.1590088188167,88.16226320961216,187.09623192357455,0.5793,3,110,1,4,5000,100,71.0,10.0,15.0,0.35,0.35,0.3,0.1,10.6815,0.0965,7.5209,169.0381,0.1616,-4.2388
186,35,196,109,183,92,236.67878432806043,129.24782396620841,236.09889924964233,150.60212481900777,0.6271,3,110,1,4,5000,100,71.0,10.0,15.0,0.35,0.35,0.3,0.1,8.4447,0.0763,5.9558,139.1102,-1.9335,2.9065
186,38,377,70,394,47,306.807483967358,183.60010893242955,306.76189441935844,212.20037700249262,0.8134,3,110,1,4,5000,100,71.0,10.0,15.0,0.35,0.35,0.3,0.1,7.9969,0.0723,5.6425,196.8669,2.9581,3.9566
187,37,267,368,266,401,90.0,151.0,90.31138704027484,184.00271737123884,0.695,5,110,1,4,5000,100,71.0,10.0,15.0,0.35,0.35,0.3,0.1,10.9025,0.0985,7.6755,165.8757,-0.0124,-4.1625
187,29,273,369,273,400,87.73949808885872,152.11837495845134,88.12212255271464,183.09833423600554,0.7192,5,110,1,4,5000,100,71.0,10.0,15.0,0.35,0.35,0.3,0.1,10.2278,0.0924,7.2034,166.1768,0.1493,-4.1674
187,35,192,105,178,87,236.19204008995806,134.79243302203577,235.60385825987134,157.54681843820268,0.6632,5,110,1,4,5000,100,71.0,10.0,15.0,0.35,0.35,0.3,0.1,8.614,0.0778,6.0742,145.2841,-2.0453,3.018
187,38,379,66,396,42,306.5651357354229,188.0026595556563,306.39551840690734,217.40745157422734,0.7757,5,110,1,4,5000,100,71.0,10.0,15.0,0.35,0.35,0.3,0.1,8.0269,0.0725,5.6635,201.6387,3.0079,4.0688
187,36,372,66,388,42,304.81337024005524,183.91846019364124,304.66108945705895,212.7580785775243,0.74,5,110,1,4,5000,100,71.0,10.0,15.0,0.35,0.35,0.3,0.1,8.046,0.0727,5.6768,197.2899,2.8206,4.0687
188,29,271,370,271,402,88.50241226098248,153.05227865013967,88.76136532910311,185.04323819042943,0.7668,2,110,1,4,5000,100,71.0,10.0,15.0,0.35,0.35,0.3,0.1,10.4716,0.0946,7.374,167.5342,0.0995,-4.2029
188,38,371,68,387,43,304.91452370003753,181.70580618131055,304.59228868750995,211.36697944570244,0.6857,2,110,1,4,5000,100,71.0,10.0,15.0,0.35,0.35,0.3,0.1,8.3511,0.0755,5.8903,195.4173,2.7945,4.0296
189,29,270,373,270,407,88.89829388479363,156.02884348735012,89.09540496626732,190.02368273454758,0.7387,5,110,1,4,5000,100,71.0,10.0,15.0,0.35,0.35,0.3,0.1,10.8717,0.0982,7.6539,171.3565,0.0746,-4.2994
189,37,265,373,263,407,90.73452103425483,156.01281998605114,91.20604877921997,190.04210059878838,0.6871,5,110,1,4,5000,100,71.0,10.0,15.0,0.35,0.35,0.3,0.1,10.8826,0.0983,7.6616,171.3543,-0.0746,-4.2993
189,35,190,110,175,92,234.26022153117148,131.8256424221024,233.64693170795306,155.2063143045411,0.6749,5,110,1,4,5000,100,71.0,10.0,15.0,0.35,0.35,0.3,0.1,9.0147,0.0815,6.3546,142.5637,-2.1064,2.8916
189,38,369,72,386,47,305.1244039267336,177.28226081590904,304.99202019855863,207.51144546747295,0.7151,5,110,1,4,5000,100,71.0,10.0,15.0,0.35,0.35,0.3,0.1,8.6941,0.0786,6.1303,191.2095,2.7558,3.9279
189,36,376,71,393,47,306.7441112847833,182.20043907740728,306.54497232282256,211.60340261914504,0.7059,5,110,1,4,5000,100,71.0,10.0,15.0,0.35,0.35,0.3,0.1,8.263,0.0747,5.8287,195.8042,2.9321,3.9428
190,29,269,375,268,409,89.27477570094075,158.01265772082945,89.70158718000512,192.00260414900626,0.7445,5,110,1,4,5000,100,71.0,10.0,15.0,0.35,0.35,0.3,0.1,10.7471,0.0971,7.5667,173.3573,0.0373,-4.3501
190,37,264,375,262,409,91.08776384038408,158.02847844613325,91.49174043537272,192.06509313251067,0.8102,5,110,1,4,5000,100,71.0,10.0,15.0,0.35,0.35,0.3,0.1,10.7594,0.0972,7.5754,173.3922,-0.0994,-4.35
190,35,189,111,174,94,233.65254179111474,131.60547101089682,232.90716270295846,154.20116731075677,0.5777,5,110,1,4,5000,100,71.0,10.0,15.0,0.35,0.35,0.3,0.1,8.7494,0.0791,6.169,142.0101,-2.1322,2.8554
190,36,375,74,393,49,307.0617354764545,179.20100446147057,306.86989764584405,210.0,0.7448,5,110,1,4,5000,100,71.0,10.0,15.0,0.35,0.35,0.3,0.1,8.7577,0.0791,6.1748,193.3819,2.9176,3.8777
190,38,368,74,385,49,305.2333206042273,175.07141400011596,305.0834738790927,205.2997808084558,0.75,5,110,1,4,5000,100,71.0,10.0,15.0,0.35,0.35,0.3,0.1,8.795,0.0795,6.2009,188.9845,2.7305,3.8775
191,29,268,376,267,411,89.63965393661277,159.00314462299164,90.0,194.0,0.7266,5,110,1,4,5000,100,71.0,10.0,15.0,0.35,0.35,0.3,0.1,10.9718,0.0991,7.724,174.7668,0.0124,-4.3856
191,37,263,376,261,411,91.44109929212215,159.05030650709227,91.77146974003408,194.09276132818556,0.7428,5,110,1,4,5000,100,71.0,10.0,15.0,0.35,0.35,0.3,0.1,10.9817,0.0992,7.7309,174.8329,-0.1242,-4.3855
191,35,189,113,174,95,233.13010235415598,130.0,232.68190461625147,153.40469353966978,0.7578,5,110,1,4,5000,100,71.0,10.0,15.0,0.35,0.35,0.3,0.1,9.1395,0.0826,6.4419,140.7359,-2.1309,2.8163
191,36,375,75,392,51,307.25528945357706,178.4040358287895,306.9801877493018,207.80038498520642,0.6867,5,110,1,4,5000,100,71.0,10.0,15.0,0.35,0.35,0.3,0.1,8.4237,0.0761,5.9411,191.9834,2.9065,3.8421
191,38,368,75,385,51,305.4230099407063,174.25555945220228,305.40686573726964,203.66639388961548,0.7852,5,110,1,4,5000,100,71.0,10.0,15.0,0.35,0.35,0.3,0.1,8.6125,0.0778,6.0732,187.8166,2.7312,3.8411
192,37,266,372,263,406,90.36964506184702,155.00322577288512,91.21242808994494,189.04232330353963,0.5648,5,110,1,4,5000,100,71.0,10.0,15.0,0.35,0.35,0.3,0.1,10.9494,0.0989,7.7083,170.3389,-0.0621,-4.2741
192,29,260,372,257,405,92.58579434242449,155.15798400340216,93.044778444194,188.26576959181932,0.676,5,110,1,4,5000,100,71.0,10.0,15.0,0.35,0.35,0.3,0.1,10.6691,0.0964,7.5122,170.116,-0.2113,-4.2637
192,35,187,110,171,92,233.2158744151031,133.60014970051492,232.4757373855482,157.610278852618,0.6405,5,110,1,4,5000,100,71.0,10.0,15.0,0.35,0.35,0.3,0.1,9.1246,0.0824,6.4315,144.6154,-2.1933,2.8912
192,36,373,72,390,48,306.1680913490307,179.61347388211163,306.04752666584585,209.02152999152983,0.6744,5,110,1,4,5000,100,71.0,10.0,15.0,0.35,0.35,0.3,0.1,8.3743,0.0757,5.9066,193.2048,2.8568,3.9172
192,38,366,72,382,48,304.32364431730423,175.5733464965568,304.2342444552571,204.41624201613726,0.745,5,110,1,4,5000,100,71.0,10.0,15.0,0.35,0.35,0.3,0.1,8.4003,0.0759,5.9247,188.9001,2.6696,3.9171
193,37,261,366,258,398,92.30596672399503,149.12075643584967,92.84661691581611,181.22361876973983,0.7057,5,110,1,4,5000,100,71.0,10.0,15.0,0.35,0.35,0.3,0.1,10.7548,0.0972,7.5722,163.6123,-0.1864,-4.1015
193,29,255,366,252,398,94.60448715698152,149.4824404403407,94.73744334801012,181.62048342629197,0.8311,5,110,1,4,5000,100,71.0,10.0,15.0,0.35,0.35,0.3,0.1,10.7419,0.0971,7.5631,163.9917,-0.3356,-4.1015
193,35,181,103,165,84,232.96961039432136,142.80056022299073,232.51477754421984,167.60966559241146,0.6478,5,110,1,4,5000,100,71.0,10.0,15.0,0.35,0.35,0.3,0.1,8.8451,0.0799,6.2359,154.2137,-2.3438,3.0793
193,36,368,65,383,39,303.60299194026265,182.49657531033287,303.09169993868244,212.46176126540982,0.5464,5,110,1,4,5000,100,71.0,10.0,15.0,0.35,0.35,0.3,0.1,8.3964,0.0759,5.922,196.3425,2.7071,4.1167
193,38,361,65,376,40,301.7335191534163,178.71765441612084,301.62555953512884,207.87015177749788,0.7019,5,110,1,4,5000,100,71.0,10.0,15.0,0.35,0.35,0.3,0.1,8.3455,0.0754,5.8864,192.1947,2.5326,4.1045
194,37,260,365,257,397,92.7079174858662,148.16544806398016,93.17983011986423,180.27756377319946,0.7025,5,110,1,4,5000,100,71.0,10.0,15.0,0.35,0.35,0.3,0.1,10.8202,0.0978,7.6179,162.6517,-0.2113,-4.0761
194,29,254,365,250,397,95.01985364201956,148.56984889270097,95.3952645682131,180.8009955724802,0.7683,5,110,1,4,5000,100,71.0,10.0,15.0,0.35,0.35,0.3,0.1,10.8297,0.0979,7.6246,163.1084,-0.3728,-4.076
194,35,180,102,163,82,232.8917024282357,144.20124826089406,232.39040920928772,170.41420128616042,0.6655,5,110,1,4,5000,100,71.0,10.0,15.0,0.35,0.35,0.3,0.1,9.2207,0.0833,6.4987,156.2157,-2.3799,3.115
194,36,366,64,382,38,302.9052429229879,182.2361105818493,302.71904559490065,212.7580785775243,0.7359,5,110,1,4,5000,100,71.0,10.0,15.0,0.35,0.35,0.3,0.1,8.5516,0.0773,6.0306,196.3178,2.669,4.1408
194,38,359,64,375,38,301.01879568854736,178.53010950537168,301.1047630878717,209.05740838343903,0.7363,5,110,1,4,5000,100,71.0,10.0,15.0,0.35,0.35,0.3,0.1,8.7166,0.0788,6.146,192.5916,2.4938,4.1398
195,37,258,362,254,393,93.5517333548204,145.27904184706065,94.22440321708386,176.47946056127893,0.6505,5,110,1,4,5000,100,71.0,10.0,15.0,0.35,0.35,0.3,0.1,10.7314,0.097,7.5558,159.3665,-0.2734,-3.9898
195,29,252,362,248,393,95.9061411137705,145.7737973711325,96.16147810367062,177.02259742756007,0.7701,5,110,1,4,5000,100,71.0,10.0,15.0,0.35,0.35,0.3,0.1,10.7135,0.0968,7.5432,159.8857,-0.4226,-3.9899
195,35,178,99,161,79,232.9750397299929,147.80054127099805,232.47155917659236,174.01149387324966,0.6628,5,110,1,4,5000,100,71.0,10.0,15.0,0.35,0.35,0.3,0.1,9.0138,0.0814,6.354,159.8386,-2.4305,3.1908
195,36,365,61,380,35,302.1372489810418,184.22811946062956,301.8352824326846,214.2265156324025,0.6682,5,110,1,4,5000,100,71.0,10.0,15.0,0.35,0.35,0.3,0.1,8.3319,0.0753,5.8769,198.0981,2.6324,4.2169
195,38,358,61,373,35,300.25643716352926,180.60177186284747,300.21727395738435,210.61813787041228,0.7586,5,110,1,4,5000,100,71.0,10.0,15.0,0.35,0.35,0.3,0.1,8.4911,0.0767,5.9883,194.4585,2.4572,4.2159
196,29,252,359,248,390,96.03000880828147,142.79005567615695,96.2674814048493,174.04022523543227,0.8091,5,110,1,4,5000,100,71.0,10.0,15.0,0.35,0.35,0.3,0.1,10.9157,0.0986,7.6847,156.874,-0.4225,-3.9139
196,37,258,359,254,390,93.62657178387961,142.28492541376264,94.2973866639417,173.4877517290486,0.7916,5,110,1,4,5000,100,71.0,10.0,15.0,0.35,0.35,0.3,0.1,10.9357,0.0988,7.6987,156.3447,-0.2733,-3.9138
196,35,177,96,160,76,233.3580684437,150.8011936292283,232.80640082923577,177.00282483621552,0.6408,5,110,1,4,5000,100,71.0,10.0,15.0,0.35,0.35,0.3,0.1,8.8459,0.0799,6.2365,162.8549,-2.456,3.2664
196,36,363,58,378,31,301.122470196792,185.73368030596927,300.82766229986805,216.60332407421637,0.6596,5,110,1,4,5000,100,71.0,10.0,15.0,0.35,0.35,0.3,0.1,8.4912,0.0767,5.9883,199.9843,2.582,4.3033
196,38,356,58,371,31,299.23785223602744,182.21415971323415,299.21129225772813,213.10091506138588,0.7978,5,110,1,4,5000,100,71.0,10.0,15.0,0.35,0.35,0.3,0.1,8.6468,0.0781,6.0972,196.4509,2.4068,4.3023
197,37,258,361,254,392,93.57633437499736,144.2809758769326,94.2484545293613,175.4821928287882,0.6552,5,110,1,4,5000,100,71.0,10.0,15.0,0.35,0.35,0.3,0.1,10.7987,0.0976,7.6028,158.3593,-0.2734,-3.9645
197,29,252,361,248,392,95.9468630539735,144.77914214416384,96.19641342910434,176.0284067984483,0.7967,5,110,1,4,5000,100,71.0,10.0,15.0,0.35,0.35,0.3,0.1,10.7801,0.0974,7.5898,158.8818,-0.4226,-3.9645
197,35,177,97,160,77,233.13010235415598,150.0,232.60983715755194,176.207264322445,0.7239,5,110,1,4,5000,100,71.0,10.0,15.0,0.35,0.35,0.3,0.1,8.8911,0.0803,6.2681,162.0509,-2.4558,3.2412
197,36,364,59,379,32,301.5467646935446,185.39956850003725,301.1909392412187,216.26141588364763,0.6163,5,110,1,4,5000,100,71.0,10.0,15.0,0.35,0.35,0.3,0.1,8.5033,0.0768,5.9968,199.6448,2.6069,4.2783
197,38,357,59,371,32,299.66671520694644,181.8350901228913,299.3430472342043,212.22865028077618,0.6475,5,110,1,4,5000,100,71.0,10.0,15.0,0.35,0.35,0.3,0.1,8.5357,0.0771,6.0195,195.8598,2.4197,4.2781
198,29,252,365,249,398,95.7872429640315,148.75819305167698,95.67924971638496,181.89282558693733,0.8154,6,110,1,4,5000,100,71.0,10.0,15.0,0.35,0.35,0.3,0.1,11.0902,0.1002,7.8068,163.6653,-0.4099,-4.0865
198,37,258,365,255,397,93.47991750426972,148.27339613025663,93.81407483429037,180.3995565404749,0.6968,6,110,1,4,5000,100,71.0,10.0,15.0,0.35,0.35,0.3,0.1,10.8174,0.0977,7.6159,162.7664,-0.261,-4.0761
198,35,177,101,160,82,232.19347005529553,146.81961721786362,231.59991698191388,172.2614292289484,0.5987,6,110,1,4,5000,100,71.0,10.0,15.0,0.35,0.35,0.3,0.1,8.8242,0.0797,6.2213,158.5262,-2.4561,3.1293
198,40,171,102,154,83,230.1454581679388,149.80320423809366,229.8596144309724,175.28548142958104,0.7341,6,110,1,4,5000,100,71.0,10.0,15.0,0.35,0.35,0.3,0.1,8.6749,0.0784,6.1168,161.5456,-2.6062,3.105
198,36,364,63,379,37,302.2056006092348,182.00274723201295,301.8907918018457,212.0,0.7144,6,110,1,4,5000,100,71.0,10.0,15.0,0.35,0.35,0.3,0.1,8.4258,0.0761,5.9425,195.8595,2.6071,4.1664
198,38,357,63,371,37,300.30268072048807,178.3704011320264,300.01836742760906,207.88458336298052,0.6904,6,110,1,4,5000,100,71.0,10.0,15.0,0.35,0.35,0.3,0.1,8.4564,0.0764,5.964,191.9999,2.4199,4.1663
199,37,258,369,255,403,93.3885569907235,152.26621424334422,93.69138598645128,186.3866948041088,0.7557,5,110,1,4,5000,100,71.0,10.0,15.0,0.35,0.35,0.3,0.1,11.1503,0.1008,7.8489,167.6076,-0.2608,-4.1979
199,29,252,369,249,402,95.63594069829345,152.73833834371774,95.55723220955083,185.87361297397757,0.8464,5,110,1,4,5000,100,71.0,10.0,15.0,0.35,0.35,0.3,0.1,10.8297,0.0979,7.6245,167.6847,-0.4101,-4.1879
199,35,177,105,161,87,231.21563589970265,143.68020044529447,230.80672690553158,167.73789077009405,0.7178,5,110,1,4,5000,100,71.0,10.0,15.0,0.35,0.35,0.3,0.1,8.5494,0.0773,6.0291,154.7798,-2.4446,3.0183
199,38,357,67,372,42,300.9637565320735,174.92855684535903,300.9637565320735,204.08331631958552,0.8091,5,110,1,4,5000,100,71.0,10.0,15.0,0.35,0.35,0.3,0.1,8.513,0.0769,6.0036,188.3846,2.4322,4.0537
199,36,364,66,379,41,302.7160445588928,179.47144619688115,302.4711922908485,208.61447696648477,0.7067,5,110,1,4,5000,100,71.0,10.0,15.0,0.35,0.35,0.3,0.1,8.3106,0.0751,5.862,192.9487,2.6076,4.0798
200,37,258,371,254,404,93.34465031826588,154.26276284314372,93.97673097507757,187.45132701584163,0.6226,5,110,1,4,5000,100,71.0,10.0,15.0,0.35,0.35,0.3,0.1,10.7486,0.0971,7.5678,169.2453,-0.2734,-4.2382
200,29,252,371,248,404,95.56320882074401,154.72879499304582,95.801586887647,187.9627622695517,0.7439,5,110,1,4,5000,100,71.0,10.0,15.0,0.35,0.35,0.3,0.1,10.7326,0.097,7.5566,169.7343,-0.4226,-4.2383
200,35,177,108,160,90,230.45391888859123,141.35416513141735,229.8852025681173,166.06625183943908,0.6752,5,110,1,4,5000,100,71.0,10.0,15.0,0.35,0.35,0.3,0.1,8.8962,0.0804,6.2717,152.717,-2.4558,2.942
200,36,364,70,379,45,303.41938081777187,176.11927776367924,303.0706778227617,205.25106577068,0.6424,5,110,1,4,5000,100,71.0,10.0,15.0,0.35,0.35,0.3,0.1,8.4537,0.0764,5.9621,189.5725,2.607,3.9792
200,38,357,70,371,45,301.476839349584,172.3629890666787,301.1593045083444,200.9975124224178,0.6653,5,110,1,4,5000,100,71.0,10.0,15.0,0.35,0.35,0.3,0.1,8.4877,0.0767,5.9859,185.5822,2.4198,3.979
201,37,258,371,254,403,93.34465031826588,154.26276284314372,93.99804209920339,186.45374761586316,0.7518,3,110,1,4,5000,100,71.0,10.0,15.0,0.35,0.35,0.3,0.1,10.456,0.0945,7.3631,168.8375,-0.2736,-4.228
201,29,252,371,248,403,95.56320882074401,154.72879499304582,95.83256374519134,186.96791168540125,0.7036,3,110,1,4,5000,100,71.0,10.0,15.0,0.35,0.35,0.3,0.1,10.4416,0.0944,7.353,169.3275,-0.4228,-4.228
201,38,357,69,371,45,301.30412349559094,173.216627377397,301.1593045083444,200.9975124224178,0.7741,3,110,1,4,5000,100,71.0,10.0,15.0,0.35,0.35,0.3,0.1,8.2158,0.0742,5.7957,186.0759,2.4207,3.9929
202,37,256,366,252,397,94.2222302061427,149.40548852033515,94.76364169072617,180.62391868188442,0.7429,4,110,1,4,5000,100,71.0,10.0,15.0,0.35,0.35,0.3,0.1,10.4685,0.0946,7.3718,163.5382,-0.3233,-4.0911
202,40,175,103,158,85,231.0958615445958,146.4923206178399,230.45155109871274,171.18703221914913,0.6055,4,110,1,4,5000,100,71.0,10.0,15.0,0.35,0.35,0.3,0.1,8.6028,0.0777,6.0664,157.8799,-2.5068,3.068
202,36,362,65,376,40,302.0053832080835,179.24564150907548,301.62555953512884,207.87015177749788,0.6247,4,110,1,4,5000,100,71.0,10.0,15.0,0.35,0.35,0.3,0.1,8.1832,0.0739,5.7728,192.4996,2.5456,4.1054
202,38,355,65,369,40,300.06858282186244,175.6359872008012,299.9536081678015,204.2865634347986,0.7707,4,110,1,4,5000,100,71.0,10.0,15.0,0.35,0.35,0.3,0.1,8.3457,0.0754,5.8866,188.881,2.3704,4.1045
203,37,256,368,252,399,94.16650488554869,151.40013210033868,94.71153094610156,182.61708572858126,0.6479,3,110,1,4,5000,100,71.0,10.0,15.0,0.35,0.35,0.3,0.1,10.343,0.0935,7.284,165.5499,-0.3234,-4.1417
203,36,362,66,376,41,302.17560189776486,178.39843048636948,301.7706859871759,207.01932276963907,0.6092,3,110,1,4,5000,100,71.0,10.0,15.0,0.35,0.35,0.3,0.1,8.2182,0.0743,5.7973,191.6462,2.5455,4.0803
203,38,355,65,369,41,300.06858282186244,175.6359872008012,300.094241476445,203.42074623793906,0.8444,3,110,1,4,5000,100,71.0,10.0,15.0,0.35,0.35,0.3,0.1,8.112,0.0733,5.723,188.5101,2.3711,4.0933
204,37,256,368,253,399,94.16650488554869,151.40013210033868,94.39870535499554,182.53766734567415,0.8266,5,110,1,4,5000,100,71.0,10.0,15.0,0.35,0.35,0.3,0.1,10.3192,0.0932,7.2673,165.5172,-0.3109,-4.1418
204,29,250,368,246,399,96.42347043655657,151.95394038984313,96.58194465517802,183.20753259623362,0.8106,5,110,1,4,5000,100,71.0,10.0,15.0,0.35,0.35,0.3,0.1,10.3198,0.0932,7.2678,166.1235,-0.4726,-4.1418
204,40,175,104,159,86,230.84892164592895,145.71547618561317,230.49689250573556,169.77926846349644,0.7173,5,110,1,4,5000,100,71.0,10.0,15.0,0.35,0.35,0.3,0.1,8.4411,0.0763,5.9533,156.8297,-2.4948,3.0437
204,36,362,65,376,42,302.0053832080835,179.24564150907548,301.91700932518887,206.16983290481662,0.7601,5,110,1,4,5000,100,71.0,10.0,15.0,0.35,0.35,0.3,0.1,7.7311,0.0699,5.4565,191.7673,2.5471,4.0829
204,38,355,66,369,42,300.2328392326094,174.77127910500627,300.23607619085647,202.5561650505854,0.8409,5,110,1,4,5000,100,71.0,10.0,15.0,0.35,0.35,0.3,0.1,8.1492,0.0736,5.7491,187.6407,2.371,4.0682
205,37,256,367,253,398,94.19418278839086,150.4027925272666,94.42291142855035,181.54062906137568,0.7689,4,110,1,4,5000,100,71.0,10.0,15.0,0.35,0.35,0.3,0.1,10.3813,0.0938,7.3108,164.5113,-0.3109,-4.1165
205,29,250,366,246,398,96.50895644050257,149.96666296213968,96.61798728798702,182.21415971323415,0.8006,4,110,1,4,5000,100,71.0,10.0,15.0,0.35,0.35,0.3,0.1,10.7436,0.0971,7.5643,164.5251,-0.4723,-4.1015
205,36,362,64,376,41,301.8367675103005,180.09441968034434,301.7706859871759,207.01932276963907,0.7815,4,110,1,4,5000,100,71.0,10.0,15.0,0.35,0.35,0.3,0.1,7.6974,0.0696,5.4329,192.6205,2.5472,4.108
205,38,355,64,368,40,299.9059371749634,176.50212463310464,299.710008641776,203.78910667648555,0.8058,4,110,1,4,5000,100,71.0,10.0,15.0,0.35,0.35,0.3,0.1,7.9408,0.0718,5.6032,189.1667,2.3592,4.1192
206,37,257,369,253,401,93.76403486490572,152.3285921946369,94.35107795157388,184.53184007102948,0.6842,5,110,1,4,5000,100,71.0,10.0,15.0,0.35,0.35,0.3,0.1,10.5798,0.0956,7.4497,166.8909,-0.2984,-4.1773
206,29,251,369,247,401,96.00900595749452,152.8397853963424,96.20344790169185,185.0837648201484,0.7703,5,110,1,4,5000,100,71.0,10.0,15.0,0.35,0.35,0.3,0.1,10.5598,0.0954,7.4357,167.4234,-0.4476,-4.1774
206,40,175,105,159,87,230.59933933652056,144.9413674559475,230.28124062844512,169.00887550658396,0.7524,5,110,1,4,5000,100,71.0,10.0,15.0,0.35,0.35,0.3,0.1,8.4839,0.0767,5.9832,156.0526,-2.4947,3.0186
206,36,362,66,376,43,302.17560189776486,178.39843048636948,302.0645424844407,205.32169880458324,0.7334,5,110,1,4,5000,100,71.0,10.0,15.0,0.35,0.35,0.3,0.1,7.765,0.0702,5.4802,190.9155,2.547,4.0577
206,38,355,66,369,43,300.2328392326094,174.77127910500627,300.3791260113683,201.69283576765935,0.76,5,110,1,4,5000,100,71.0,10.0,15.0,0.35,0.35,0.3,0.1,7.9141,0.0715,5.5846,187.2695,2.3718,4.0569
207,37,257,368,253,399,93.78888987788466,151.33076356114773,94.39870535499554,182.53766734567415,0.7405,4,110,1,4,5000,100,71.0,10.0,15.0,0.35,0.35,0.3,0.1,10.3443,0.0935,7.2849,165.4758,-0.2985,-4.1417
207,40,175,104,159,86,230.84892164592895,145.71547618561317,230.49689250573556,169.77926846349644,0.7681,4,110,1,4,5000,100,71.0,10.0,15.0,0.35,0.35,0.3,0.1,8.4411,0.0763,5.9533,156.8297,-2.4948,3.0437
207,36,362,65,376,42,302.0053832080835,179.24564150907548,301.91700932518887,206.16983290481662,0.7621,4,110,1,4,5000,100,71.0,10.0,15.0,0.35,0.35,0.3,0.1,7.7311,0.0699,5.4565,191.7673,2.5471,4.0829
207,38,355,65,369,42,300.06858282186244,175.6359872008012,300.23607619085647,202.5561650505854,0.8391,4,110,1,4,5000,100,71.0,10.0,15.0,0.35,0.35,0.3,0.1,7.8776,0.0712,5.559,188.138,2.3719,4.0821
208,37,257,370,253,401,93.73950336293107,153.32644912082193,94.35107795157388,184.53184007102948,0.7354,4,110,1,4,5000,100,71.0,10.0,15.0,0.35,0.35,0.3,0.1,10.2217,0.0924,7.1991,167.488,-0.2986,-4.1923
208,29,251,369,247,401,96.00900595749452,152.8397853963424,96.20344790169185,185.0837648201484,0.7703,4,110,1,4,5000,100,71.0,10.0,15.0,0.35,0.35,0.3,0.1,10.5598,0.0954,7.4357,167.4234,-0.4476,-4.1774
208,40,175,105,159,88,230.59933933652056,144.9413674559475,230.06361685303008,168.24089871371942,0.6006,4,110,1,4,5000,100,71.0,10.0,15.0,0.35,0.35,0.3,0.1,8.2333,0.0744,5.8079,155.7244,-2.4955,3.0071
208,38,355,67,369,44,300.39872771416606,173.90802166662698,300.52340481346295,200.83077453418338,0.7261,4,110,1,4,5000,100,71.0,10.0,15.0,0.35,0.35,0.3,0.1,7.9509,0.0718,5.6103,186.4023,2.3716,4.0318
209,37,257,370,254,402,93.73950336293107,153.32644912082193,94.01958248783748,185.4561942885705,0.7184,4,110,1,4,5000,100,71.0,10.0,15.0,0.35,0.35,0.3,0.1,10.4957,0.0948,7.3909,167.8677,-0.286,-4.2028
209,40,175,106,159,88,230.34708160029936,144.1700384962146,230.06361685303008,168.24089871371942,0.7738,4,110,1,4,5000,100,71.0,10.0,15.0,0.35,0.35,0.3,0.1,8.5269,0.077,6.0133,155.2782,-2.4945,2.9934
209,36,362,67,376,44,302.347443499442,177.55280904564702,302.21329855081325,204.47493733951845,0.7572,4,110,1,4,5000,100,71.0,10.0,15.0,0.35,0.35,0.3,0.1,7.799,0.0705,5.504,190.0652,2.5469,4.0326
209,38,355,67,369,44,300.39872771416606,173.90802166662698,300.52340481346295,200.83077453418338,0.7204,4,110,1,4,5000,100,71.0,10.0,15.0,0.35,0.35,0.3,0.1,7.9509,0.0718,5.6103,186.4023,2.3716,4.0318
210,37,258,372,255,403,93.32312044513546,155.2610704587599,93.69138598645128,186.3866948041088,0.7086,5,110,1,4,5000,100,71.0,10.0,15.0,0.35,0.35,0.3,0.1,10.0824,0.0911,7.1017,169.406,-0.2613,-4.2431
210,29,252,372,249,403,95.52754015165618,155.72411502397438,95.52754015165618,186.86893802876924,0.8765,5,110,1,4,5000,100,71.0,10.0,15.0,0.35,0.35,0.3,0.1,10.0608,0.0909,7.0866,169.8809,-0.4106,-4.2432
210,40,176,107,160,90,230.39997342332504,142.76203977248295,229.8852025681173,166.06625183943908,0.6995,5,110,1,4,5000,100,71.0,10.0,15.0,0.35,0.35,0.3,0.1,8.3511,0.0755,5.8903,153.5349,-2.4702,2.9567
210,36,363,68,377,45,302.79349314644145,177.2484132510077,302.60033357369025,204.16659863944446,0.736,5,110,1,4,5000,100,71.0,10.0,15.0,0.35,0.35,0.3,0.1,7.8104,0.0706,5.512,189.7576,2.5718,4.0075
210,38,356,68,370,45,300.8505239136548,173.55690709389816,300.9147439011604,200.48191938426766,0.8355,5,110,1,4,5000,100,71.0,10.0,15.0,0.35,0.35,0.3,0.1,7.9665,0.072,5.6212,186.0503,2.3966,4.0067
211,37,259,371,256,403,92.97373108248011,154.20765220960988,93.38451795230976,186.3249849054066,0.6959,5,110,1,4,5000,100,71.0,10.0,15.0,0.35,0.35,0.3,0.1,10.4378,0.0943,7.3503,168.7517,-0.2363,-4.2281
211,29,253,371,249,403,95.1944289077348,154.63505424062166,95.52754015165618,186.86893802876924,0.8064,5,110,1,4,5000,100,71.0,10.0,15.0,0.35,0.35,0.3,0.1,10.4458,0.0944,7.356,169.2307,-0.3979,-4.228
211,40,176,108,160,91,230.14276455788422,141.9929575718458,229.66187309523883,165.3027525481654,0.7794,5,110,1,4,5000,100,71.0,10.0,15.0,0.35,0.35,0.3,0.1,8.3948,0.0759,5.9209,152.7638,-2.47,2.9316
211,36,364,69,377,47,303.24105023326143,176.9547964876906,302.9052429229879,202.48456731316588,0.6213,5,110,1,4,5000,100,71.0,10.0,15.0,0.35,0.35,0.3,0.1,7.4461,0.0673,5.2571,188.8608,2.5855,3.9719
211,38,357,69,370,47,301.30412349559094,173.216627377397,301.21093264971944,198.76870981117727,0.7862,5,110,1,4,5000,100,71.0,10.0,15.0,0.35,0.35,0.3,0.1,7.602,0.0687,5.3662,185.1151,2.4102,3.9711
212,37,259,368,256,399,93.03270261617698,151.21177202850313,93.45872431880642,182.33211456021672,0.7188,4,110,1,4,5000,100,71.0,10.0,15.0,0.35,0.35,0.3,0.1,10.3257,0.0933,7.2719,165.3201,-0.2363,-4.1418
212,29,253,368,249,399,95.2970481045968,151.64761785138597,95.64824737373527,182.8879438344693,0.7835,4,110,1,4,5000,100,71.0,10.0,15.0,0.35,0.35,0.3,0.1,10.3347,0.0934,7.2782,165.8091,-0.398,-4.1418
212,36,363,65,377,41,302.2756443145776,179.77764043395385,302.0053832080835,207.5475849052453,0.7277,4,110,1,4,5000,100,71.0,10.0,15.0,0.35,0.35,0.3,0.1,7.9346,0.0717,5.5989,192.6671,2.5714,4.0943
212,38,356,65,370,41,300.350095894187,176.13914953808538,300.3373347864578,203.92400545301183,0.8464,4,110,1,4,5000,100,71.0,10.0,15.0,0.35,0.35,0.3,0.1,8.0906,0.0731,5.708,189.016,2.3962,4.0934
213,37,258,368,255,399,93.41094495535573,151.2679741386127,93.77228360937984,182.3951753747889,0.7948,4,110,1,4,5000,100,71.0,10.0,15.0,0.35,0.35,0.3,0.1,10.3242,0.0933,7.2709,165.3797,-0.2612,-4.1418
213,29,252,367,249,398,95.71059313749964,150.74813431681335,95.67924971638496,181.89282558693733,0.8726,4,110,1,4,5000,100,71.0,10.0,15.0,0.35,0.35,0.3,0.1,10.3618,0.0936,7.2972,164.8625,-0.4104,-4.1167
213,36,363,64,377,40,302.10625595511783,180.62391868188442,301.859666890731,208.39625716408634,0.6823,4,110,1,4,5000,100,71.0,10.0,15.0,0.35,0.35,0.3,0.1,7.9007,0.0714,5.5752,193.5187,2.5715,4.1194
213,38,356,64,369,40,300.1865358811953,177.00282483621552,299.9536081678015,204.2865634347986,0.731,4,110,1,4,5000,100,71.0,10.0,15.0,0.35,0.35,0.3,0.1,7.9191,0.0716,5.588,189.6685,2.3842,4.1193
214,37,258,367,255,398,93.43363036245051,150.26975743641833,93.79306428168864,181.39735389470266,0.7682,5,110,1,4,5000,100,71.0,10.0,15.0,0.35,0.35,0.3,0.1,10.3865,0.0939,7.3145,164.3729,-0.2612,-4.1165
214,29,252,367,249,397,95.71059313749964,150.74813431681335,95.71059313749964,180.89776118017602,1.0,5,110,1,4,5000,100,71.0,10.0,15.0,0.35,0.35,0.3,0.1,10.0608,0.0909,7.0866,164.4525,-0.4106,-4.1063
214,40,175,103,160,85,231.0958615445958,146.4923206178399,230.97156589779644,169.92056967889437,0.8562,5,110,1,4,5000,100,71.0,10.0,15.0,0.35,0.35,0.3,0.1,8.1943,0.074,5.7806,157.3391,-2.4832,3.0697
214,36,363,64,376,40,302.10625595511783,180.62391868188442,301.62555953512884,207.87015177749788,0.5424,5,110,1,4,5000,100,71.0,10.0,15.0,0.35,0.35,0.3,0.1,7.7616,0.0701,5.4778,193.2916,2.5595,4.1202
214,38,356,64,369,40,300.1865358811953,177.00282483621552,299.9536081678015,204.2865634347986,0.6916,5,110,1,4,5000,100,71.0,10.0,15.0,0.35,0.35,0.3,0.1,7.9191,0.0716,5.588,189.6685,2.3842,4.1193
215,37,257,365,253,394,93.86546116985176,148.33745312630927,94.522454146402,177.55280904564702,0.6773,3,110,1,4,5000,100,71.0,10.0,15.0,0.35,0.35,0.3,0.1,9.9212,0.0896,6.9889,161.6356,-0.2987,-4.0451
215,29,251,364,247,394,96.21182202900917,147.8681845428556,96.44675537910456,178.12635964393365,0.7351,3,110,1,4,5000,100,71.0,10.0,15.0,0.35,0.35,0.3,0.1,10.2721,0.0928,7.2344,161.593,-0.4478,-4.0302
215,40,174,101,158,83,231.28000712569977,148.67750334196495,230.87396151619194,172.73389939441535,0.7596,3,110,1,4,5000,100,71.0,10.0,15.0,0.35,0.35,0.3,0.1,8.2832,0.0748,5.8428,159.8054,-2.5203,3.1192
216,37,257,364,254,394,93.89167629408077,147.33974345029924,94.2006222046354,177.47675904185314,0.788,4,110,1,4,5000,100,71.0,10.0,15.0,0.35,0.35,0.3,0.1,10.2681,0.0928,7.2316,161.0102,-0.2861,-4.0303
216,40,174,100,158,82,231.51980175165698,149.4590244849738,231.08233669328206,173.51080657987848,0.7566,4,110,1,4,5000,100,71.0,10.0,15.0,0.35,0.35,0.3,0.1,8.2416,0.0745,5.8137,160.5893,-2.5205,3.1443
216,36,361,60,375,36,300.910058535131,182.98907071188705,300.8238972992483,210.77238908357992,0.7608,4,110,1,4,5000,100,71.0,10.0,15.0,0.35,0.35,0.3,0.1,7.8087,0.0706,5.5108,195.9006,2.5219,4.2198
216,38,354,60,368,36,298.9925957039002,179.49373248110922,299.16199999863045,207.27276714513172,0.7914,4,110,1,4,5000,100,71.0,10.0,15.0,0.35,0.35,0.3,0.1,7.9487,0.0718,5.6087,192.3857,2.3467,4.219
217,37,257,362,254,392,93.94518622903756,145.34441853748632,94.2484545293613,175.4821928287882,0.7365,5,110,1,4,5000,100,71.0,10.0,15.0,0.35,0.35,0.3,0.1,10.396,0.0939,7.3211,158.9978,-0.286,-3.9796
217,29,251,362,247,392,96.29681871898441,145.8800877433243,96.519801751657,176.13914953808538,0.8094,5,110,1,4,5000,100,71.0,10.0,15.0,0.35,0.35,0.3,0.1,10.3992,0.094,7.3233,159.5879,-0.4477,-3.9796
217,40,174,99,158,80,231.75709754450588,150.2431362824938,231.49352531253928,175.07141400011596,0.7286,5,110,1,4,5000,100,71.0,10.0,15.0,0.35,0.35,0.3,0.1,8.4464,0.0763,5.957,161.7098,-2.5197,3.1809
217,36,361,59,375,35,300.7499673021964,183.84776310850236,300.68517308959514,211.6317556511782,0.8003,5,110,1,4,5000,100,71.0,10.0,15.0,0.35,0.35,0.3,0.1,7.7749,0.0703,5.4872,196.7638,2.522,4.2449
217,38,354,59,367,35,298.83862749327955,180.3690660839602,298.78661831001403,207.66318884193223,0.8291,5,110,1,4,5000,100,71.0,10.0,15.0,0.35,0.35,0.3,0.1,7.7844,0.0703,5.4938,193.0562,2.3347,4.2449
218,37,256,361,253,390,94.36827743458838,144.4195277654653,94.62657070937152,173.5655495770978,0.7468,4,110,1,4,5000,100,71.0,10.0,15.0,0.35,0.35,0.3,0.1,10.1438,0.0917,7.1446,157.6568,-0.311,-3.944
218,29,251,361,247,390,96.3401917459099,144.88616221019868,96.59451503222799,174.15223225672418,0.7911,4,110,1,4,5000,100,71.0,10.0,15.0,0.35,0.35,0.3,0.1,10.1519,0.0917,7.1503,158.1769,-0.4479,-3.944
218,36,361,58,374,33,300.5913658086449,184.70787747142785,300.1789319290816,212.8497122384712,0.5821,4,110,1,4,5000,100,71.0,10.0,15.0,0.35,0.35,0.3,0.1,7.8339,0.0708,5.5284,197.7828,2.5093,4.2821
218,38,354,58,367,33,298.68614757373945,181.24568960391858,298.52311860631204,209.41824180333478,0.7426,4,110,1,4,5000,100,71.0,10.0,15.0,0.35,0.35,0.3,0.1,7.9809,0.0721,5.6313,194.3161,2.3341,4.2813
219,37,255,357,252,386,94.89909245378777,140.51334456200237,95.0721328725145,169.66437457521835,0.7812,4,110,1,4,5000,100,71.0,10.0,15.0,0.35,0.35,0.3,0.1,10.4009,0.094,7.3245,153.719,-0.3358,-3.8428
219,29,250,357,245,386,96.92344891481054,141.0283659410404,97.41691371913839,170.42593699317015,0.7108,4,110,1,4,5000,100,71.0,10.0,15.0,0.35,0.35,0.3,0.1,10.4458,0.0944,7.356,154.3398,-0.485,-3.8425
219,38,352,54,365,28,297.5407973643728,183.83144453547658,297.4075754378184,212.8966885604377,0.7402,4,110,1,4,5000,100,71.0,10.0,15.0,0.35,0.35,0.3,0.1,8.1079,0.0733,5.7201,197.2994,2.2838,4.3929
219,36,359,53,373,28,299.29136217098426,188.04254837669055,299.2857377693617,216.69563908856125,0.8137,4,110,1,4,5000,100,71.0,10.0,15.0,0.35,0.35,0.3,0.1,7.8347,0.0708,5.529,201.3549,2.4719,4.4069
220,37,255,357,251,386,94.89909245378777,140.51334456200237,95.40833215747536,169.75570682601514,0.6873,4,110,1,4,5000,100,71.0,10.0,15.0,0.35,0.35,0.3,0.1,10.4304,0.0942,7.3452,153.7565,-0.3482,-3.8426
220,40,172,93,155,73,232.54322629039888,156.20819440733575,232.1250163489018,182.42806801586207,0.7102,4,110,1,4,5000,100,71.0,10.0,15.0,0.35,0.35,0.3,0.1,8.5689,0.0774,6.0427,168.3031,-2.5817,3.3425
220,38,352,54,365,27,297.5407973643728,183.83144453547658,297.28420729362307,213.78493866500511,0.6569,4,110,1,4,5000,100,71.0,10.0,15.0,0.35,0.35,0.3,0.1,8.337,0.0753,5.8804,197.68,2.2831,4.404
220,36,359,53,373,27,299.29136217098426,188.04254837669055,299.156917882313,217.56838005555863,0.7747,4,110,1,4,5000,100,71.0,10.0,15.0,0.35,0.35,0.3,0.1,8.056,0.0728,5.6838,201.7308,2.4712,4.4181
221,37,256,362,252,393,94.3382667914282,145.41664278891878,94.87139103152408,176.63804799646084,0.7409,4,110,1,4,5000,100,71.0,10.0,15.0,0.35,0.35,0.3,0.1,10.7288,0.0969,7.5539,159.514,-0.3232,-3.9898
221,40,172,98,155,78,231.39895662736893,152.2694979304785,231.13968239992386,178.5077029150283,0.7222,4,110,1,4,5000,100,71.0,10.0,15.0,0.35,0.35,0.3,0.1,8.7786,0.0793,6.1894,164.348,-2.5809,3.2168
221,36,359,57,373,31,299.89890183861456,184.56435192094924,299.6784899251352,214.0840956259946,0.6653,4,110,1,4,5000,100,71.0,10.0,15.0,0.35,0.35,0.3,0.1,8.195,0.074,5.7811,198.2313,2.4707,4.3175
221,38,352,57,366,31,297.9794743884801,181.1767093199344,298.02450053207025,210.70595625183452,0.7531,4,110,1,4,5000,100,71.0,10.0,15.0,0.35,0.35,0.3,0.1,8.3392,0.0754,5.882,194.8288,2.2955,4.3166
222,37,255,363,251,395,94.69868051729944,146.4923206178399,95.13637849242774,178.71765441612084,0.7206,5,110,1,4,5000,100,71.0,10.0,15.0,0.35,0.35,0.3,0.1,10.9663,0.0991,7.7201,161.0084,-0.3479,-4.0254
222,29,249,363,244,395,97.0283962389496,147.10540438746634,97.36259251121254,179.47980387776224,0.7432,5,110,1,4,5000,100,71.0,10.0,15.0,0.35,0.35,0.3,0.1,10.9706,0.0991,7.7232,161.688,-0.5094,-4.0253
222,40,172,100,154,80,230.92458198198247,150.71164520368026,230.48359044446443,177.5894140989265,0.7381,5,110,1,4,5000,100,71.0,10.0,15.0,0.35,0.35,0.3,0.1,9.0604,0.0819,6.3866,163.0503,-2.5923,3.1656
222,36,358,60,373,33,300.0973457609689,181.46625030566977,299.94568344039516,212.34876971623828,0.762,5,110,1,4,5000,100,71.0,10.0,15.0,0.35,0.35,0.3,0.1,8.6785,0.0784,6.1194,195.6966,2.4566,4.2522
222,38,351,60,365,33,298.1481998478623,178.05897899291685,298.04015297793495,208.47062143141417,0.7946,5,110,1,4,5000,100,71.0,10.0,15.0,0.35,0.35,0.3,0.1,8.7073,0.0787,6.1395,192.0684,2.2694,4.2521
223,37,255,370,251,403,94.48460600954462,153.46986674914396,94.91656600601003,186.68690366493306,0.6475,5,110,1,4,5000,100,71.0,10.0,15.0,0.35,0.35,0.3,0.1,10.8071,0.0977,7.6087,168.4565,-0.348,-4.2129
223,29,249,370,245,403,96.70983680775694,154.05518491761322,96.74557964748281,187.29655629509048,0.8304,5,110,1,4,5000,100,71.0,10.0,15.0,0.35,0.35,0.3,0.1,10.7771,0.0974,7.5878,169.0573,-0.4971,-4.2131
223,40,172,105,154,86,229.69491427925104,146.8638825579659,229.21909534924845,173.0028901492689,0.7952,5,110,1,4,5000,100,71.0,10.0,15.0,0.35,0.35,0.3,0.1,9.0437,0.0817,6.3749,158.8654,-2.5924,3.0286
223,36,358,65,373,39,300.90829112876736,177.15812146215595,300.7740361012482,207.17142660125697,0.7713,5,110,1,4,5000,100,71.0,10.0,15.0,0.35,0.35,0.3,0.1,8.6424,0.0781,6.0942,190.9929,2.4567,4.1153
223,38,351,65,365,39,298.9264258352536,173.6663467687393,298.8355008477431,203.19448811422026,0.7589,5,110,1,4,5000,100,71.0,10.0,15.0,0.35,0.35,0.3,0.1,8.6712,0.0784,6.1143,187.2736,2.2695,4.1151
224,29,249,371,244,406,96.66665989090137,155.04837954651444,96.93838580533622,190.3943276465977,0.8305,6,110,1,4,5000,100,71.0,10.0,15.0,0.35,0.35,0.3,0.1,11.3237,0.1023,7.9702,170.913,-0.509,-4.2586
224,37,254,371,249,405,94.8252169271098,154.5477272560163,95.46909497011194,188.85973631242842,0.5638,6,110,1,4,5000,100,71.0,10.0,15.0,0.35,0.35,0.3,0.1,11.0577,0.0999,7.784,169.9896,-0.3851,-4.2483
224,40,172,109,154,91,228.6641843207407,143.83671297690307,228.1134387480572,169.24833824885843,0.5802,6,110,1,4,5000,100,71.0,10.0,15.0,0.35,0.35,0.3,0.1,8.9825,0.0812,6.3321,155.5113,-2.5926,2.9167
224,41,166,110,148,91,226.6523046776513,147.13938969562162,226.63657704161673,173.31185764395926,0.841,6,110,1,4,5000,100,71.0,10.0,15.0,0.35,0.35,0.3,0.1,9.0388,0.0817,6.3715,159.1568,-2.7419,2.904
224,38,350,70,365,43,299.4501958302984,168.81350656863924,299.38901146632037,199.69977466186586,0.7677,6,110,1,4,5000,100,71.0,10.0,15.0,0.35,0.35,0.3,0.1,9.2755,0.0838,6.5371,182.9623,2.2551,3.9993
224,36,357,69,373,43,301.30412349559094,173.216627377397,301.349580865243,203.74493858744074,0.8121,6,110,1,4,5000,100,71.0,10.0,15.0,0.35,0.35,0.3,0.1,8.9626,0.081,6.3181,187.2446,2.4431,4.0137
225,41,171,107,153,88,228.88790956083307,146.0,228.5322945838909,172.15400082484288,0.7128,3,110,1,4,5000,100,71.0,10.0,15.0,0.35,0.35,0.3,0.1,9.0976,0.0822,6.4126,158.002,-2.6171,2.9785
225,36,357,67,372,40,300.9637565320735,174.92855684535903,300.67728002179643,205.80087463370995,0.6984,3,110,1,4,5000,100,71.0,10.0,15.0,0.35,0.35,0.3,0.1,8.9739,0.0811,6.326,189.113,2.4306,4.0759
225,38,350,67,364,40,298.95721759878825,171.4322023425004,298.72373705794,201.83656754909404,0.7095,3,110,1,4,5000,100,71.0,10.0,15.0,0.35,0.35,0.3,0.1,9.0145,0.0815,6.3545,185.3961,2.2435,4.0757
226,37,248,367,243,400,97.21902082486967,151.19854496654392,97.47155917659238,184.5670609832643,0.7862,4,110,1,4,5000,100,71.0,10.0,15.0,0.35,0.35,0.3,0.1,10.9983,0.0994,7.7425,166.2247,-0.5342,-4.1369
226,29,253,367,248,399,95.33215888165957,150.65191668213185,95.95983911071306,182.98907071188705,0.6062,4,110,1,4,5000,100,71.0,10.0,15.0,0.35,0.35,0.3,0.1,10.7263,0.0969,7.5522,165.2534,-0.4102,-4.1266
226,36,356,65,371,38,300.350095894187,176.13914953808538,300.1568270769711,207.01932276963907,0.7775,4,110,1,4,5000,100,71.0,10.0,15.0,0.35,0.35,0.3,0.1,8.9192,0.0806,6.2878,190.3349,2.4059,4.1261
226,38,349,65,364,37,298.34569362307667,172.70784579746226,298.31973416197116,204.47249203743763,0.814,4,110,1,4,5000,100,71.0,10.0,15.0,0.35,0.35,0.3,0.1,9.3201,0.0842,6.5683,187.2526,2.23,4.1361
227,29,252,363,248,391,95.86597114172653,146.76852523616907,96.23174560504013,175.03428235634297,0.8712,4,110,1,4,5000,100,71.0,10.0,15.0,0.35,0.35,0.3,0.1,9.7207,0.0878,6.8486,159.66,-0.4233,-3.9841
227,41,169,99,152,81,230.29008120537125,153.3883959105121,229.78253248447393,178.10390225932727,0.709,4,110,1,4,5000,100,71.0,10.0,15.0,0.35,0.35,0.3,0.1,8.2513,0.0746,5.8205,164.8248,-2.6577,3.1693
227,36,356,59,369,35,299.39217575523924,181.34221791960084,299.2679952148927,208.6336502101231,0.7698,4,110,1,4,5000,100,71.0,10.0,15.0,0.35,0.35,0.3,0.1,7.7449,0.07,5.4662,194.033,2.3848,4.2451
227,38,349,59,362,35,297.42874122167757,178.01123560045303,297.5635693271571,205.30221625691235,0.7732,4,110,1,4,5000,100,71.0,10.0,15.0,0.35,0.35,0.3,0.1,7.8794,0.0712,5.5602,190.6852,2.2096,4.2444
228,29,247,348,244,363,98.6804184250713,132.51792331605563,98.95247333415416,147.80054127099805,0.7522,4,110,1,4,5000,100,71.0,10.0,15.0,0.35,0.35,0.3,0.1,6.0335,0.0545,4.2688,139.7426,-0.5379,-3.4652
228,41,162,74,149,58,233.71143755195035,177.40913167027227,233.4194725175966,198.00252523642217,0.7928,4,110,1,4,5000,100,71.0,10.0,15.0,0.35,0.35,0.3,0.1,6.0708,0.0549,4.2948,187.141,-2.7896,3.7778
228,36,353,33,361,14,295.05097781644287,203.1058837158589,294.8466931754225,223.70739817896055,0.6957,4,110,1,4,5000,100,71.0,10.0,15.0,0.35,0.35,0.3,0.1,5.3418,0.0483,3.7847,212.9094,2.2532,4.8444
228,38,345,33,354,13,292.9727213308287,199.8499437077729,293.0968219181608,221.77691493931465,0.7414,4,110,1,4,5000,100,71.0,10.0,15.0,0.35,0.35,0.3,0.1,5.7554,0.052,4.0741,210.2433,2.0647,4.8551
229,29,250,349,247,363,97.33860633623624,133.09019498069722,97.80018788418171,147.36349615830918,0.671,5,110,1,4,5000,100,71.0,10.0,15.0,0.35,0.35,0.3,0.1,5.6324,0.0509,3.988,139.8636,-0.463,-3.4791
229,37,243,349,240,363,100.30484646876603,134.16407864998737,100.47742359600488,148.47558721890948,0.7351,5,110,1,4,5000,100,71.0,10.0,15.0,0.35,0.35,0.3,0.1,5.6038,0.0506,3.968,140.9575,-0.6383,-3.4791
229,41,164,72,152,57,234.6121147543659,177.85949510779568,234.2933085993971,197.0406049523803,0.6858,5,110,1,4,5000,100,71.0,10.0,15.0,0.35,0.35,0.3,0.1,5.6622,0.0512,4.0089,186.9594,-2.7281,3.8168
229,36,355,31,364,12,295.31968691030966,205.7668583615933,295.3221424787954,226.7906523646863,0.8138,5,110,1,4,5000,100,71.0,10.0,15.0,0.35,0.35,0.3,0.1,5.3789,0.0486,3.8107,215.7678,2.3157,4.8943
229,38,347,32,356,12,293.38522105721376,201.55644370746373,293.46789889234367,223.48601745970598,0.7337,5,110,1,4,5000,100,71.0,10.0,15.0,0.35,0.35,0.3,0.1,5.7098,0.0516,4.0423,211.9555,2.1148,4.8803
230,29,256,357,253,373,94.49258147991533,140.4314779527724,95.12819104185284,156.62694531912445,0.5613,4,110,1,4,5000,100,71.0,10.0,15.0,0.35,0.35,0.3,0.1,6.0336,0.0545,4.2688,148.0877,-0.3127,-3.7029
230,37,250,357,247,373,96.92344891481054,141.0283659410404,97.30575953331083,157.2768260107,0.6374,4,110,1,4,5000,100,71.0,10.0,15.0,0.35,0.35,0.3,0.1,6.0281,0.0545,4.2649,148.7101,-0.4629,-3.7029
230,36,353,39,362,20,295.78732818281435,197.6866206904251,295.74492221071614,218.7098534588691,0.7392,4,110,1,4,5000,100,71.0,10.0,15.0,0.35,0.35,0.3,0.1,5.5875,0.0505,3.9567,207.6675,2.2652,4.6932
230,38,360,38,370,19,297.4542712543037,201.71762441591463,297.4835421015562,223.1882613400624,0.7396,4,110,1,4,5000,100,71.0,10.0,15.0,0.35,0.35,0.3,0.1,5.5921,0.0505,3.9599,211.9105,2.4529,4.7182
231,29,260,366,258,383,92.68977032315048,149.164338901763,93.10335932174337,166.24379687675568,0.7064,4,110,1,4,5000,100,71.0,10.0,15.0,0.35,0.35,0.3,0.1,5.9928,0.0542,4.2402,157.2416,-0.2002,-3.9408
231,37,254,366,252,383,94.98633377123551,149.56603892595405,95.16330681437354,166.67633305301626,0.8038,4,110,1,4,5000,100,71.0,10.0,15.0,0.35,0.35,0.3,0.1,5.9878,0.0541,4.2367,157.6583,-0.3503,-3.9408
231,40,173,90,162,77,233.49272902811848,158.00316452527144,233.13010235415598,175.0,0.7406,4,110,1,4,5000,100,71.0,10.0,15.0,0.35,0.35,0.3,0.1,5.6487,0.051,3.9995,166.0678,-2.4904,3.3414
231,38,364,48,374,30,299.85429385556984,194.85892332659543,299.7778667737316,215.44836968517538,0.7679,4,110,1,4,5000,100,71.0,10.0,15.0,0.35,0.35,0.3,0.1,5.5534,0.0502,3.9328,204.6371,2.5532,4.4555
232,29,263,368,262,385,91.51741412501214,151.0529708413575,91.70472831900727,168.07438829280326,0.8641,3,110,1,4,5000,100,71.0,10.0,15.0,0.35,0.35,0.3,0.1,5.9028,0.0533,4.1773,159.1097,-0.1126,-3.9911
232,38,365,51,375,33,300.5559642755078,192.76929216034384,300.4110812671254,213.3541656495134,0.7578,3,110,1,4,5000,100,71.0,10.0,15.0,0.35,0.35,0.3,0.1,5.6094,0.0507,3.972,202.54,2.5781,4.3802
232,36,358,51,368,33,298.73123473900813,189.30662957223657,298.76295757833077,209.89759407863636,0.8375,3,110,1,4,5000,100,71.0,10.0,15.0,0.35,0.35,0.3,0.1,5.7083,0.0516,4.0412,199.0711,2.4026,4.3798
233,29,263,368,262,385,91.51741412501214,151.0529708413575,91.70472831900727,168.07438829280326,0.896,2,110,1,4,5000,100,71.0,10.0,15.0,0.35,0.35,0.3,0.1,5.9028,0.0533,4.1773,159.1097,-0.1126,-3.9911
233,36,358,51,368,33,298.73123473900813,189.30662957223657,298.76295757833077,209.89759407863636,0.8486,2,110,1,4,5000,100,71.0,10.0,15.0,0.35,0.35,0.3,0.1,5.7083,0.0516,4.0412,199.0711,2.4026,4.3798
234,29,263,368,262,385,91.51741412501214,151.0529708413575,91.70472831900727,168.07438829280326,0.896,2,110,1,4,5000,100,71.0,10.0,15.0,0.35,0.35,0.3,0.1,5.9028,0.0533,4.1773,159.1097,-0.1126,-3.9911
234,36,358,51,368,33,298.73123473900813,189.30662957223657,298.76295757833077,209.89759407863636,0.8803,2,110,1,4,5000,100,71.0,10.0,15.0,0.35,0.35,0.3,0.1,5.7083,0.0516,4.0412,199.0711,2.4026,4.3798
235,29,263,368,262,385,91.51741412501214,151.0529708413575,91.70472831900727,168.07438829280326,0.896,2,110,1,4,5000,100,71.0,10.0,15.0,0.35,0.35,0.3,0.1,5.9028,0.0533,4.1773,159.1097,-0.1126,-3.9911
235,36,358,51,368,33,298.73123473900813,189.30662957223657,298.76295757833077,209.89759407863636,0.8609,2,110,1,4,5000,100,71.0,10.0,15.0,0.35,0.35,0.3,0.1,5.7083,0.0516,4.0412,199.0711,2.4026,4.3798
236,29,263,368,262,385,91.51741412501214,151.0529708413575,91.70472831900727,168.07438829280326,0.896,2,110,1,4,5000,100,71.0,10.0,15.0,0.35,0.35,0.3,0.1,5.9028,0.0533,4.1773,159.1097,-0.1126,-3.9911
236,36,358,51,368,33,298.73123473900813,189.30662957223657,298.76295757833077,209.89759407863636,0.8414,2,110,1,4,5000,100,71.0,10.0,15.0,0.35,0.35,0.3,0.1,5.7083,0.0516,4.0412,199.0711,2.4026,4.3798
237,29,263,368,262,385,91.51741412501214,151.0529708413575,91.70472831900727,168.07438829280326,0.896,3,110,1,4,5000,100,71.0,10.0,15.0,0.35,0.35,0.3,0.1,5.9028,0.0533,4.1773,159.1097,-0.1126,-3.9911
237,38,366,51,376,33,300.8112392893502,193.27959023135372,300.6421316371647,213.86210510513544,0.6903,3,110,1,4,5000,100,71.0,10.0,15.0,0.35,0.35,0.3,0.1,5.5947,0.0506,3.9617,203.0506,2.6031,4.3802
237,36,358,51,368,33,298.73123473900813,189.30662957223657,298.76295757833077,209.89759407863636,0.8414,3,110,1,4,5000,100,71.0,10.0,15.0,0.35,0.35,0.3,0.1,5.7083,0.0516,4.0412,199.0711,2.4026,4.3798
238,29,263,368,262,385,91.51741412501214,151.0529708413575,91.70472831900727,168.07438829280326,0.896,2,110,1,4,5000,100,71.0,10.0,15.0,0.35,0.35,0.3,0.1,5.9028,0.0533,4.1773,159.1097,-0.1126,-3.9911
238,36,358,51,368,33,298.73123473900813,189.30662957223657,298.76295757833077,209.89759407863636,0.8803,2,110,1,4,5000,100,71.0,10.0,15.0,0.35,0.35,0.3,0.1,5.7083,0.0516,4.0412,199.0711,2.4026,4.3798
239,29,264,368,262,385,91.13817700748818,151.02979838429235,91.70472831900727,168.07438829280326,0.6169,2,110,1,4,5000,100,71.0,10.0,15.0,0.35,0.35,0.3,0.1,5.9113,0.0534,4.1832,159.0969,-0.1001,-3.9911
239,36,358,51,368,33,298.73123473900813,189.30662957223657,298.76295757833077,209.89759407863636,0.8803,2,110,1,4,5000,100,71.0,10.0,15.0,0.35,0.35,0.3,0.1,5.7083,0.0516,4.0412,199.0711,2.4026,4.3798
240,29,263,368,262,385,91.51741412501214,151.0529708413575,91.70472831900727,168.07438829280326,0.896,2,110,1,4,5000,100,71.0,10.0,15.0,0.35,0.35,0.3,0.1,5.9028,0.0533,4.1773,159.1097,-0.1126,-3.9911
240,36,358,51,368,33,298.73123473900813,189.30662957223657,298.76295757833077,209.89759407863636,0.8609,2,110,1,4,5000,100,71.0,10.0,15.0,0.35,0.35,0.3,0.1,5.7083,0.0516,4.0412,199.0711,2.4026,4.3798
241,29,264,368,262,385,91.13817700748818,151.02979838429235,91.70472831900727,168.07438829280326,0.6169,3,110,1,4,5000,100,71.0,10.0,15.0,0.35,0.35,0.3,0.1,5.9113,0.0534,4.1832,159.0969,-0.1001,-3.9911
241,38,366,51,376,33,300.8112392893502,193.27959023135372,300.6421316371647,213.86210510513544,0.7123,3,110,1,4,5000,100,71.0,10.0,15.0,0.35,0.35,0.3,0.1,5.5947,0.0506,3.9617,203.0506,2.6031,4.3802
241,36,358,51,368,33,298.73123473900813,189.30662957223657,298.76295757833077,209.89759407863636,0.8609,3,110,1,4,5000,100,71.0,10.0,15.0,0.35,0.35,0.3,0.1,5.7083,0.0516,4.0412,199.0711,2.4026,4.3798
242,38,366,51,376,33,300.8112392893502,193.27959023135372,300.6421316371647,213.86210510513544,0.7123,2,110,1,4,5000,100,71.0,10.0,15.0,0.35,0.35,0.3,0.1,5.5947,0.0506,3.9617,203.0506,2.6031,4.3802
242,36,358,51,368,33,298.73123473900813,189.30662957223657,298.76295757833077,209.89759407863636,0.8803,2,110,1,4,5000,100,71.0,10.0,15.0,0.35,0.35,0.3,0.1,5.7083,0.0516,4.0412,199.0711,2.4026,4.3798
243,36,358,51,368,33,298.73123473900813,189.30662957223657,298.76295757833077,209.89759407863636,0.8609,1,110,1,4,5000,100,71.0,10.0,15.0,0.35,0.35,0.3,0.1,5.7083,0.0516,4.0412,199.0711,2.4026,4.3798
244,29,263,368,262,385,91.51741412501214,151.0529708413575,91.70472831900727,168.07438829280326,0.896,2,110,1,4,5000,100,71.0,10.0,15.0,0.35,0.35,0.3,0.1,5.9028,0.0533,4.1773,159.1097,-0.1126,-3.9911
244,36,358,51,368,33,298.73123473900813,189.30662957223657,298.76295757833077,209.89759407863636,0.8803,2,110,1,4,5000,100,71.0,10.0,15.0,0.35,0.35,0.3,0.1,5.7083,0.0516,4.0412,199.0711,2.4026,4.3798
245,36,358,51,368,33,298.73123473900813,189.30662957223657,298.76295757833077,209.89759407863636,0.8609,1,110,1,4,5000,100,71.0,10.0,15.0,0.35,0.35,0.3,0.1,5.7083,0.0516,4.0412,199.0711,2.4026,4.3798
246,36,358,51,368,33,298.73123473900813,189.30662957223657,298.76295757833077,209.89759407863636,0.8414,1,110,1,4,5000,100,71.0,10.0,15.0,0.35,0.35,0.3,0.1,5.7083,0.0516,4.0412,199.0711,2.4026,4.3798
