Frame_Number,Track_ID,Center_X,Center_Y,Right_X,Right_Y,Angle_A_deg,A_px,Angle_B_deg,C_px,Pair_Score,Pair_Count,Binary_Threshold,Blur_Size,Min_Area_px2,Max_Area_px2,Max_Width_px,Max_Radial_Gap_px,Max_Angle_Diff_deg,Max_Center_Offset_px,Weight_Angle,Weight_Area,Weight_Center,Min_Score_Threshold,Zprime_mm,Zdoubleprime,Z_mm,B_px,X_mm,Y_mm
0,1,214,379,208,397,109.15238977940375,176.78518037437414,109.08285409130353,195.757503049053,0.8483,4,110,1,4,5000,100,71.0,10.0,15.0,0.35,0.35,0.3,0.1,5.636,0.0509,3.9906,185.7882,-1.5268,-4.4051
0,2,208,378,201,396,111.08375458238065,177.9100896520487,111.10008374846645,197.2232237846243,0.8601,4,110,1,4,5000,100,71.0,10.0,15.0,0.35,0.35,0.3,0.1,5.6976,0.0515,4.0337,187.0695,-1.6894,-4.3798
0,3,407,348,422,363,45.21142258103931,191.62724232217087,45.19035072662975,212.84031572989173,0.837,4,110,1,4,5000,100,71.0,10.0,15.0,0.35,0.35,0.3,0.1,5.8043,0.0524,4.1083,201.6775,3.5661,-3.5911
0,4,400,348,414,362,46.73570458892839,186.76188047886004,46.56935480474898,206.55265672462312,0.6932,4,110,1,4,5000,100,71.0,10.0,15.0,0.35,0.35,0.3,0.1,5.5686,0.0503,3.9435,196.1594,3.3791,-3.5794
1,2,204,383,197,401,111.68577739407127,184.0244548966251,111.64443514071401,203.33715843396652,0.8206,1,110,1,4,5000,100,71.0,10.0,15.0,0.35,0.35,0.3,0.1,5.5176,0.0499,3.9078,193.1994,-1.7898,-4.5057
2,2,190,387,181,406,115.10644604586585,193.25889371514057,115.12996647948432,214.28252378577213,0.9179,1,110,1,4,5000,100,71.0,10.0,15.0,0.35,0.35,0.3,0.1,5.709,0.0516,4.0417,203.2284,-2.1649,-4.6175
3,2,185,389,175,408,116.17528998175993,197.22575896672322,116.3307139172158,218.68927728629038,0.8317,1,110,1,4,5000,100,71.0,10.0,15.0,0.35,0.35,0.3,0.1,5.7111,0.0516,4.0432,207.4037,-2.3025,-4.6676
4,2,165,395,153,415,120.31480296287847,211.9858485842864,120.37912601136834,235.30830839560255,0.7601,2,110,1,4,5000,100,71.0,10.0,15.0,0.35,0.35,0.3,0.1,5.7704,0.0521,4.0846,223.039,-2.8279,-4.83
4,5,357,362,366,378,60.4612177404419,172.40939649566667,60.47863816541836,190.76687343456672,0.8194,2,110,1,4,5000,100,71.0,10.0,15.0,0.35,0.35,0.3,0.1,5.594,0.0505,3.9612,181.1242,2.2402,-3.9547
5,2,165,396,154,416,120.17893192908163,212.8497122384712,120.0464352468105,235.6692597688549,0.8237,4,110,1,4,5000,100,71.0,10.0,15.0,0.35,0.35,0.3,0.1,5.6306,0.0509,3.9868,223.679,-2.8158,-4.8557
5,6,159,396,147,416,121.55535197589927,215.92822881689185,121.49768024038356,239.25091431382242,0.8579,4,110,1,4,5000,100,71.0,10.0,15.0,0.35,0.35,0.3,0.1,5.6705,0.0512,4.0147,226.9921,-2.9784,-4.8555
5,5,358,363,366,380,60.33691133773591,173.7728402253931,60.771948056854875,192.50974001333023,0.5394,4,110,1,4,5000,100,71.0,10.0,15.0,0.35,0.35,0.3,0.1,5.6612,0.0512,4.0082,182.6621,2.2526,-3.9921
5,7,350,363,359,379,62.681100489851254,169.95587662684687,62.482375182121544,188.30294740125552,0.6298,4,110,1,4,5000,100,71.0,10.0,15.0,0.35,0.35,0.3,0.1,5.6676,0.0512,4.0127,178.6596,2.0648,-3.9795
6,8,140,415,125,437,123.03378718511463,242.1425200166216,123.15792388467223,268.7638368531005,0.7147,4,110,1,4,5000,100,71.0,10.0,15.0,0.35,0.35,0.3,0.1,5.7665,0.0521,4.0819,254.7596,-3.4911,-5.3556
6,9,134,415,119,437,124.20798136984932,245.46486510293076,124.21570213243739,272.0918962409575,0.8694,4,110,1,4,5000,100,71.0,10.0,15.0,0.35,0.35,0.3,0.1,5.6937,0.0514,4.0309,258.0934,-3.6415,-5.3559
6,10,332,381,338,400,70.45363226665816,179.3348822733603,70.65567072787886,199.24858845171275,0.7588,4,110,1,4,5000,100,71.0,10.0,15.0,0.35,0.35,0.3,0.1,5.8213,0.0526,4.1202,188.768,1.5766,-4.4669
6,11,325,381,331,400,72.58808136574584,177.11578134090706,72.57658904644691,197.0406049523803,0.8526,4,110,1,4,5000,100,71.0,10.0,15.0,0.35,0.35,0.3,0.1,5.8934,0.0533,4.1707,186.5477,1.4013,-4.4666
7,8,137,422,122,444,122.7352262721076,249.64975465639858,122.88475819754214,276.26798583983634,0.6938,4,110,1,4,5000,100,71.0,10.0,15.0,0.35,0.35,0.3,0.1,5.6013,0.0506,3.9663,262.2853,-3.5668,-5.5316
7,9,130,421,115,444,124.1932008456587,252.67568145747623,124.08716062997601,280.1303268123607,0.7663,4,110,1,4,5000,100,71.0,10.0,15.0,0.35,0.35,0.3,0.1,5.7026,0.0515,4.0372,265.6957,-3.7416,-5.5186
7,11,322,387,327,406,74.05460409907715,182.00274723201295,74.17169340374758,201.64572894063488,0.7023,4,110,1,4,5000,100,71.0,10.0,15.0,0.35,0.35,0.3,0.1,5.6663,0.0512,4.0118,191.3214,1.314,-4.6177
7,10,329,388,335,406,72.05474677020722,185.0,72.00919561018992,203.9730374338726,0.7649,4,110,1,4,5000,100,71.0,10.0,15.0,0.35,0.35,0.3,0.1,5.3981,0.0488,3.8242,194.0238,1.5021,-4.6314
8,8,135,428,119,451,122.3852916362994,255.78311124857325,122.62604537194599,283.7780823108085,0.6514,4,110,1,4,5000,100,71.0,10.0,15.0,0.35,0.35,0.3,0.1,5.742,0.0519,4.0648,269.0543,-3.6289,-5.6936
8,9,128,427,113,451,123.81288787271725,258.7682360723588,123.63470930213016,287.05748553207945,0.7055,4,110,1,4,5000,100,71.0,10.0,15.0,0.35,0.35,0.3,0.1,5.7358,0.0518,4.0604,272.1798,-3.7915,-5.6811
8,10,327,393,332,413,73.09768296743596,189.1718795170149,73.37924308610795,209.7641532769601,0.6713,4,110,1,4,5000,100,71.0,10.0,15.0,0.35,0.35,0.3,0.1,5.7125,0.0516,4.0441,198.9366,1.4391,-4.7802
8,11,319,393,325,413,75.4435756799257,187.00267377767625,75.22837850783249,207.87015177749788,0.6684,4,110,1,4,5000,100,71.0,10.0,15.0,0.35,0.35,0.3,0.1,5.8484,0.0528,4.1392,196.885,1.2512,-4.7796
9,8,130,434,115,458,122.60459316624154,263.52988445335757,122.54648236513827,291.83043021590464,0.8553,4,110,1,4,5000,100,71.0,10.0,15.0,0.35,0.35,0.3,0.1,5.6396,0.051,3.9931,276.9591,-3.7418,-5.8568
9,9,124,433,108,458,123.80955802951918,265.9793225045887,123.69006752597979,295.6552045880471,0.7618,4,110,1,4,5000,100,71.0,10.0,15.0,0.35,0.35,0.3,0.1,5.8476,0.0528,4.1386,280.0333,-3.9038,-5.8431
9,10,322,399,327,420,75.03044919720152,193.56910910576616,75.18866362107525,215.14878572745886,0.7246,4,110,1,4,5000,100,71.0,10.0,15.0,0.35,0.35,0.3,0.1,5.8432,0.0528,4.1355,203.7893,1.3138,-4.9423
9,11,315,399,320,419,77.05014552672118,191.88017094009479,76.9447527762034,212.49235280357738,0.7645,4,110,1,4,5000,100,71.0,10.0,15.0,0.35,0.35,0.3,0.1,5.6412,0.051,3.9942,201.6609,1.1388,-4.9307
10,8,126,446,111,472,121.96134341697704,275.81152985326776,121.76706591549971,305.81203377238114,0.6626,4,110,1,4,5000,100,71.0,10.0,15.0,0.35,0.35,0.3,0.1,5.7084,0.0516,4.0412,290.0381,-3.8417,-6.1818
10,9,132,446,117,471,120.89168640717413,272.6829660979945,120.89864771974322,301.8377047355085,0.8669,4,110,1,4,5000,100,71.0,10.0,15.0,0.35,0.35,0.3,0.1,5.616,0.0507,3.9766,286.5206,-3.6918,-6.1698
10,11,324,411,329,433,75.35568736284432,205.6817930688081,75.53754711782865,228.23233776132602,0.7483,4,110,1,4,5000,100,71.0,10.0,15.0,0.35,0.35,0.3,0.1,5.7515,0.052,4.0714,216.3711,1.3639,-5.2555
10,10,317,411,321,433,77.25797134181515,204.0245083317198,77.49864594447965,226.36695871968595,0.6431,4,110,1,4,5000,100,71.0,10.0,15.0,0.35,0.35,0.3,0.1,5.745,0.0519,4.0669,214.6158,1.1762,-5.2556
11,11,330,422,336,445,74.56035446468074,217.86234185833953,74.64089633032458,241.6298822579691,0.8099,2,110,1,4,5000,100,71.0,10.0,15.0,0.35,0.35,0.3,0.1,5.7244,0.0517,4.0525,229.1314,1.5266,-5.5435
11,10,322,422,328,445,76.6075022462489,215.87033144922904,76.48566721344199,239.63513932643517,0.7241,2,110,1,4,5000,100,71.0,10.0,15.0,0.35,0.35,0.3,0.1,5.7739,0.0522,4.0871,227.1328,1.3264,-5.5432
12,11,333,426,338,449,74.08997185971651,222.52415599210798,74.43848967467152,246.01829200285087,0.4876,2,110,1,4,5000,100,71.0,10.0,15.0,0.35,0.35,0.3,0.1,5.5493,0.0501,3.9299,233.6822,1.5895,-5.6445
12,10,325,426,331,449,76.08981964991219,220.4654167891191,76.0206540104043,244.23349483639626,0.7609,2,110,1,4,5000,100,71.0,10.0,15.0,0.35,0.35,0.3,0.1,5.6604,0.0511,4.0077,231.7416,1.4016,-5.6439
13,11,333,426,339,449,74.08997185971651,222.52415599210798,74.21437998026842,246.28844877500853,0.7497,2,110,1,4,5000,100,71.0,10.0,15.0,0.35,0.35,0.3,0.1,5.6099,0.0507,3.9723,233.804,1.6019,-5.6442
13,10,325,425,331,448,76.02706675991264,219.49487465542333,75.96375653207353,243.26323191144198,0.7606,2,110,1,4,5000,100,71.0,10.0,15.0,0.35,0.35,0.3,0.1,5.6842,0.0514,4.0243,230.7687,1.4016,-5.6188
14,11,332,425,338,448,74.2679952148927,221.28940327092033,74.37576541881316,245.0550958458118,0.695,2,110,1,4,5000,100,71.0,10.0,15.0,0.35,0.35,0.3,0.1,5.6399,0.051,3.9933,232.5667,1.5768,-5.619
14,10,325,424,331,447,75.96375653207353,218.52459815773602,75.90640341858379,242.29321080046796,0.7574,2,110,1,4,5000,100,71.0,10.0,15.0,0.35,0.35,0.3,0.1,5.7082,0.0516,4.0411,229.7959,1.4015,-5.5936
15,11,332,423,337,446,74.1263583252003,219.36499264923745,74.47588900324574,242.86004199950224,0.6002,2,110,1,4,5000,100,71.0,10.0,15.0,0.35,0.35,0.3,0.1,5.6253,0.0508,3.9831,230.5154,1.5643,-5.569
15,10,324,422,330,446,76.0922221901453,216.34232133357543,76.07903963507925,241.0808992848666,0.7459,2,110,1,4,5000,100,71.0,10.0,15.0,0.35,0.35,0.3,0.1,5.9853,0.0541,4.235,228.0426,1.3761,-5.5546
16,11,331,422,337,445,74.30716572306261,218.13069476806788,74.41249471675268,241.89667215569543,0.7073,2,110,1,4,5000,100,71.0,10.0,15.0,0.35,0.35,0.3,0.1,5.7174,0.0517,4.0475,229.3998,1.5517,-5.5435
16,10,323,421,329,444,76.28672819304748,215.13251730038394,76.19642846937674,238.89956048515452,0.6824,2,110,1,4,5000,100,71.0,10.0,15.0,0.35,0.35,0.3,0.1,5.7932,0.0523,4.1006,226.394,1.3514,-5.5181
17,11,331,422,337,445,74.30716572306261,218.13069476806788,74.41249471675268,241.89667215569543,0.7666,2,110,1,4,5000,100,71.0,10.0,15.0,0.35,0.35,0.3,0.1,5.7174,0.0517,4.0475,229.3998,1.5517,-5.5435
17,10,323,421,329,445,76.28672819304748,215.13251730038394,76.25341927916966,239.87079855622275,0.7283,2,110,1,4,5000,100,71.0,10.0,15.0,0.35,0.35,0.3,0.1,6.017,0.0544,4.2572,226.8292,1.3511,-5.5294
18,11,329,420,335,447,74.6749800146083,215.6687274502263,74.99273460099435,243.29817097545143,0.5785,2,110,1,4,5000,100,71.0,10.0,15.0,0.35,0.35,0.3,0.1,6.6622,0.0602,4.7086,228.6518,1.5002,-5.5382
18,10,321,419,328,446,76.68236602705063,212.72047386182646,76.54131539138498,240.60756430336932,0.6481,2,110,1,4,5000,100,71.0,10.0,15.0,0.35,0.35,0.3,0.1,6.808,0.0615,4.8106,225.8063,1.3125,-5.5123
19,11,328,419,334,446,74.86205041686715,214.44113411377026,75.16006083808709,242.0743687382041,0.5789,2,110,1,4,5000,100,71.0,10.0,15.0,0.35,0.35,0.3,0.1,6.6989,0.0605,4.7343,227.4214,1.4751,-5.513
19,10,320,418,327,446,76.88356387460853,211.51832071950648,76.77312843603465,240.3767875648562,0.6748,2,110,1,4,5000,100,71.0,10.0,15.0,0.35,0.35,0.3,0.1,7.0674,0.0639,4.9922,225.0261,1.2871,-5.4982
20,11,326,416,333,445,75.17352002964434,211.02606474082768,75.32908604198371,240.85265205099984,0.6328,2,110,1,4,5000,100,71.0,10.0,15.0,0.35,0.35,0.3,0.1,7.3048,0.066,5.1582,224.955,1.4366,-5.4592
20,10,319,416,326,445,77.02589727076335,209.34421415458323,76.95151693171333,239.17566765873153,0.7205,2,110,1,4,5000,100,71.0,10.0,15.0,0.35,0.35,0.3,0.1,7.3607,0.0665,5.1973,223.2679,1.2616,-5.4588
21,11,326,414,332,444,75.03328043599514,209.093280618962,75.49983323344743,239.63305281200255,0.4911,2,110,1,4,5000,100,71.0,10.0,15.0,0.35,0.35,0.3,0.1,7.532,0.0681,5.3172,223.3239,1.4238,-5.4202
21,10,318,414,325,444,77.17121712854458,207.17142660125697,77.13170440706021,237.9768896342668,0.714,2,110,1,4,5000,100,71.0,10.0,15.0,0.35,0.35,0.3,0.1,7.6586,0.0692,5.4058,221.5082,1.2362,-5.4193
22,12,135,445,115,478,120.45479725882565,270.29243422633937,120.5501906253799,308.8769981724117,0.7957,4,110,1,4,5000,100,71.0,10.0,15.0,0.35,0.35,0.3,0.1,7.3728,0.0666,5.2058,288.2995,-3.6725,-6.2332
22,13,129,444,109,476,121.6488213108503,272.5307322119838,121.6921876695031,310.26601489689455,0.7701,4,110,1,4,5000,100,71.0,10.0,15.0,0.35,0.35,0.3,0.1,7.1657,0.0647,5.0609,290.1767,-3.8233,-6.1972
22,11,324,410,331,439,75.28492834940224,204.71443525066815,75.43051234692975,234.54210709380095,0.6388,4,110,1,4,5000,100,71.0,10.0,15.0,0.35,0.35,0.3,0.1,7.515,0.0679,5.3053,218.6155,1.3863,-5.3079
22,10,317,410,324,439,77.19573393471325,203.0492551082126,77.09758747273206,232.8797973204202,0.7514,4,110,1,4,5000,100,71.0,10.0,15.0,0.35,0.35,0.3,0.1,7.5731,0.0684,5.3459,216.9439,1.2114,-5.3075
23,12,135,442,115,474,120.78023448348716,267.7106647109898,120.93158596863051,305.4390282855156,0.8065,3,110,1,4,5000,100,71.0,10.0,15.0,0.35,0.35,0.3,0.1,7.2849,0.0658,5.1443,285.3331,-3.6729,-6.1464
23,11,323,407,330,436,75.34324888423959,201.5589243868899,75.48330004114537,231.38712150852302,0.6727,3,110,1,4,5000,100,71.0,10.0,15.0,0.35,0.35,0.3,0.1,7.6246,0.0689,5.382,215.4455,1.3611,-5.2323
23,10,316,406,323,436,77.22126681159396,198.92712233378333,77.17362481772723,229.73245308401684,0.7533,3,110,1,4,5000,100,71.0,10.0,15.0,0.35,0.35,0.3,0.1,7.9532,0.0719,5.6119,213.2229,1.1858,-5.2176
24,11,323,406,330,436,75.27097554929009,200.59162494979694,75.48330004114537,231.38712150852302,0.6419,2,110,1,4,5000,100,71.0,10.0,15.0,0.35,0.35,0.3,0.1,7.8895,0.0713,5.5674,214.8917,1.3607,-5.218
24,10,316,405,323,436,77.15724595605556,197.9520143873257,77.17362481772723,229.73245308401684,0.7545,2,110,1,4,5000,100,71.0,10.0,15.0,0.35,0.35,0.3,0.1,8.2236,0.0743,5.8011,212.6615,1.1854,-5.2032
25,11,322,403,330,433,75.33029092452539,197.43606560099397,75.29472794387,228.4841351166422,0.7442,2,110,1,4,5000,100,71.0,10.0,15.0,0.35,0.35,0.3,0.1,8.0674,0.0729,5.6918,211.8285,1.3479,-5.1419
25,10,315,403,322,433,77.31247862613002,195.78048932414077,77.25177438976236,226.58552469211267,0.7146,2,110,1,4,5000,100,71.0,10.0,15.0,0.35,0.35,0.3,0.1,8.0716,0.0729,5.6947,210.0596,1.1607,-5.1419
26,12,135,435,112,470,121.5644766376808,261.721225734559,121.80532892499696,303.5852433831394,0.7154,4,110,1,4,5000,100,71.0,10.0,15.0,0.35,0.35,0.3,0.1,8.1957,0.0741,5.7815,281.1031,-3.706,-6.002
26,13,129,435,107,469,122.67025036492768,264.91130591199766,122.70141015592013,305.4079239312562,0.7568,4,110,1,4,5000,100,71.0,10.0,15.0,0.35,0.35,0.3,0.1,7.8583,0.071,5.5455,283.7218,-3.845,-5.9922
26,11,322,399,330,431,75.03044919720152,193.56910910576616,75.16632929430142,226.55021518418383,0.6927,4,110,1,4,5000,100,71.0,10.0,15.0,0.35,0.35,0.3,0.1,8.688,0.0785,6.126,208.7651,1.3467,-5.0627
26,10,315,399,323,431,77.05014552672118,191.88017094009479,76.89079180184571,224.8599564173221,0.6967,4,110,1,4,5000,100,71.0,10.0,15.0,0.35,0.35,0.3,0.1,8.7581,0.0791,6.1751,207.0651,1.172,-5.0622
27,11,322,395,330,428,74.71839226530518,189.70766985021982,74.96956947656672,223.6515146382872,0.6434,2,110,1,4,5000,100,71.0,10.0,15.0,0.35,0.35,0.3,0.1,9.0878,0.0821,6.4058,205.2859,1.3459,-4.9725
27,10,314,395,323,428,77.07400087529405,187.7578227398262,76.71513351509782,221.93918085818015,0.5765,2,110,1,4,5000,100,71.0,10.0,15.0,0.35,0.35,0.3,0.1,9.2332,0.0834,6.5075,203.4226,1.1588,-4.9715
28,11,321,392,329,426,74.77181866191242,186.5502613238588,75.08524826045968,221.46105752479374,0.5692,2,110,1,4,5000,100,71.0,10.0,15.0,0.35,0.35,0.3,0.1,9.4692,0.0856,6.6726,202.5121,1.3203,-4.9074
28,10,314,392,322,426,76.86597769360368,184.83506160899236,76.84905131905529,219.76350925483513,0.7346,2,110,1,4,5000,100,71.0,10.0,15.0,0.35,0.35,0.3,0.1,9.5539,0.0863,6.7319,200.7916,1.1457,-4.9067
29,11,321,392,329,428,74.77181866191242,186.5502613238588,75.21727395738434,223.3942702935776,0.5247,2,110,1,4,5000,100,71.0,10.0,15.0,0.35,0.35,0.3,0.1,9.9465,0.0899,7.0066,203.3166,1.3193,-4.9285
29,10,313,392,322,427,77.16822095746991,184.61040057374882,76.90810693565317,220.73740054644117,0.6333,2,110,1,4,5000,100,71.0,10.0,15.0,0.35,0.35,0.3,0.1,9.8635,0.0891,6.9485,201.064,1.1327,-4.9167
30,13,129,428,106,467,123.50603460582057,259.0463279029448,123.06333832629083,304.27126055544585,0.4008,3,110,1,4,5000,100,71.0,10.0,15.0,0.35,0.35,0.3,0.1,8.8849,0.0803,6.2638,279.8434,-3.8521,-5.8716
30,11,320,391,329,428,74.98892242200867,185.32404053441098,75.21727395738434,223.3942702935776,0.6526,3,110,1,4,5000,100,71.0,10.0,15.0,0.35,0.35,0.3,0.1,10.3083,0.0931,7.2597,202.5861,1.306,-4.9131
30,10,312,391,321,427,77.4034267641815,183.41483037093812,77.16118372009919,220.5130381632796,0.6248,3,110,1,4,5000,100,71.0,10.0,15.0,0.35,0.35,0.3,0.1,10.1643,0.0918,7.1589,200.2603,1.1073,-4.9018
31,10,313,391,325,430,77.0989272547852,183.63550854886427,76.3353996194431,224.35017272112808,0.4032,1,110,1,4,5000,100,71.0,10.0,15.0,0.35,0.35,0.3,0.1,11.0442,0.0998,7.7746,201.9613,1.1677,-4.9317
32,13,128,422,103,463,124.43898930880363,254.62914208707534,123.95264946173556,302.59213472924245,0.3924,3,110,1,4,5000,100,71.0,10.0,15.0,0.35,0.35,0.3,0.1,9.5259,0.0861,6.7123,276.5464,-3.8982,-5.7414
32,11,317,385,326,424,75.41957960279622,178.7568180517879,75.70967491818229,218.76928486421488,0.6951,3,110,1,4,5000,100,71.0,10.0,15.0,0.35,0.35,0.3,0.1,11.1393,0.1007,7.8411,196.7494,1.2296,-4.7817
32,10,310,385,319,424,77.61153684669146,177.12425017484196,77.49981155895438,217.14741536569116,0.7336,3,110,1,4,5000,100,71.0,10.0,15.0,0.35,0.35,0.3,0.1,11.2342,0.1015,7.9076,195.1044,1.0555,-4.7808
34,13,133,414,102,454,124.5325917867202,245.20399670478457,125.08724855327618,295.7431317883815,0.4022,3,110,1,4,5000,100,71.0,10.0,15.0,0.35,0.35,0.3,0.1,10.3395,0.0934,7.2816,268.1127,-3.8432,-5.5223
34,11,316,377,325,414,75.06858282186245,170.76592165886026,75.29833024369212,208.83725721240452,0.69,3,110,1,4,5000,100,71.0,10.0,15.0,0.35,0.35,0.3,0.1,11.0993,0.1003,7.8132,187.8925,1.2048,-4.5585
34,10,309,377,318,414,77.3609375593699,169.09760495051373,77.17121712854458,207.17142660125697,0.7346,3,110,1,4,5000,100,71.0,10.0,15.0,0.35,0.35,0.3,0.1,11.1984,0.1012,7.8825,186.2082,1.0307,-4.5576
35,13,132,407,100,447,125.676408221862,240.05207768315609,126.20095259507657,291.2198482246703,0.4274,1,110,1,4,5000,100,71.0,10.0,15.0,0.35,0.35,0.3,0.1,10.6587,0.0963,7.5049,263.1719,-3.8784,-5.3452
36,10,308,370,320,407,77.16439051359856,162.04937519163718,76.17134902771984,200.82081565415473,0.3707,1,110,1,4,5000,100,71.0,10.0,15.0,0.35,0.35,0.3,0.1,11.8246,0.1068,8.3207,179.3638,1.042,-4.3787
38,13,147,393,118,430,124.62925847171537,219.9681795169474,125.23822522495776,266.9082239272518,0.4507,2,110,1,4,5000,100,71.0,10.0,15.0,0.35,0.35,0.3,0.1,10.6697,0.0964,7.5126,241.1754,-3.4681,-4.9598
38,10,324,355,337,388,70.01689347810003,152.16109883935513,69.72989516140633,187.61929538296428,0.7003,2,110,1,4,5000,100,71.0,10.0,15.0,0.35,0.35,0.3,0.1,11.549,0.1044,8.1278,168.0401,1.452,-3.9589
39,13,176,377,157,410,120.1916229609576,190.8952592391964,120.14836603200096,228.97379762758882,0.8129,2,110,1,4,5000,100,71.0,10.0,15.0,0.35,0.35,0.3,0.1,10.0367,0.0907,7.0697,208.2078,-2.6257,-4.5171
39,10,358,340,374,368,56.10383343663609,154.20765220960988,56.82148834060726,186.3866948041088,0.4574,2,110,1,4,5000,100,71.0,10.0,15.0,0.35,0.35,0.3,0.1,10.4559,0.0945,7.363,168.7771,2.3378,-3.5316
40,10,361,327,384,354,52.26324474058457,145.41664278891878,51.73601121411935,180.8535318980528,0.5561,1,110,1,4,5000,100,71.0,10.0,15.0,0.35,0.35,0.3,0.1,12.02,0.1086,8.4574,161.2106,2.4922,-3.1866
41,10,364,324,389,349,50.59933933652057,144.9413674559475,49.502189492040976,180.16103907338012,0.384,1,110,1,4,5000,100,71.0,10.0,15.0,0.35,0.35,0.3,0.1,11.9892,0.1083,8.4359,160.6435,2.5917,-3.0877
42,13,190,361,170,391,118.82555308821927,170.07351351694948,119.67589183056877,206.0218435020908,0.3622,3,110,1,4,5000,100,71.0,10.0,15.0,0.35,0.35,0.3,0.1,10.5781,0.0956,7.4485,186.3297,-2.2876,-4.0779
42,14,373,324,395,348,47.95631065750366,150.81445554057476,47.873438497593526,183.3712082089225,0.7003,3,110,1,4,5000,100,71.0,10.0,15.0,0.35,0.35,0.3,0.1,10.7815,0.0974,7.5908,165.507,2.7839,-3.0821
42,10,366,323,388,348,49.74051057389118,145.45446022724775,49.53777250790665,178.75122377203465,0.6927,3,110,1,4,5000,100,71.0,10.0,15.0,0.35,0.35,0.3,0.1,11.366,0.1027,7.9998,160.393,2.6071,-3.0664
43,13,192,359,172,389,118.55581420851122,167.35889578985635,119.46522138476669,203.2953516438583,0.3602,2,110,1,4,5000,100,71.0,10.0,15.0,0.35,0.35,0.3,0.1,10.7298,0.097,7.5547,183.585,-2.2373,-4.0272
43,10,367,321,392,346,48.92590770368398,144.58907289280197,48.15484286479198,179.8777362543792,0.4656,2,110,1,4,5000,100,71.0,10.0,15.0,0.35,0.35,0.3,0.1,12.0363,0.1088,8.4688,160.3144,2.6658,-3.0129
44,13,192,367,179,398,117.29957221133282,174.42763542512407,116.56505117707799,207.95432190748045,0.3784,2,110,1,4,5000,100,71.0,10.0,15.0,0.35,0.35,0.3,0.1,9.7033,0.0877,6.8364,189.7212,-2.154,-4.2457
44,14,373,328,400,354,48.9542477155211,153.8083222715858,47.96823402987172,191.17531221368517,0.4185,2,110,1,4,5000,100,71.0,10.0,15.0,0.35,0.35,0.3,0.1,11.9872,0.1083,8.4344,170.4681,2.8397,-3.1993
45,13,203,378,186,412,112.57083134468103,179.76929659983654,113.26770481005696,217.70622407271685,0.4369,2,110,1,4,5000,100,71.0,10.0,15.0,0.35,0.35,0.3,0.1,10.5628,0.0954,7.4378,196.9273,-1.9271,-4.5505
45,14,378,340,406,369,50.37099469553571,166.19265928433782,49.519137714706474,206.4097865896867,0.421,2,110,1,4,5000,100,71.0,10.0,15.0,0.35,0.35,0.3,0.1,11.9452,0.1079,8.405,184.1308,2.9763,-3.5343
46,13,199,381,187,416,113.36205877057102,184.09236811991963,112.61986494804043,221.0,0.372,2,110,1,4,5000,100,71.0,10.0,15.0,0.35,0.35,0.3,0.1,10.083,0.0911,7.1021,200.8649,-1.966,-4.6413
46,14,380,343,409,373,50.49689250573556,169.77926846349644,49.60448715698153,211.4000946073582,0.3849,2,110,1,4,5000,100,71.0,10.0,15.0,0.35,0.35,0.3,0.1,12.0839,0.1092,8.5021,188.3174,3.0375,-3.6202
47,13,198,379,186,412,113.89879163615865,182.6608879864543,113.26770481005696,217.70622407271685,0.4178,2,110,1,4,5000,100,71.0,10.0,15.0,0.35,0.35,0.3,0.1,9.6872,0.0875,6.8252,198.6497,-1.9922,-4.5696
47,14,386,341,407,369,48.53229458389089,172.15400082484288,49.308664916524876,207.06037766796427,0.3837,2,110,1,4,5000,100,71.0,10.0,15.0,0.35,0.35,0.3,0.1,10.187,0.092,7.1749,188.0006,3.0978,-3.5581
48,14,385,339,406,366,48.33847054376435,169.9941175452845,48.97249594075066,204.13720875920686,0.4438,1,110,1,4,5000,100,71.0,10.0,15.0,0.35,0.35,0.3,0.1,10.0996,0.0913,7.1137,185.5077,3.0734,-3.4964
49,13,199,374,181,407,114.25715038568971,177.6879286839711,115.01689347810004,215.18828964420902,0.3993,2,110,1,4,5000,100,71.0,10.0,15.0,0.35,0.35,0.3,0.1,10.5635,0.0955,7.4383,194.6484,-2.039,-4.4386
49,14,375,336,402,364,50.28544674938259,161.19863522995473,49.460848258516556,200.0099997500125,0.4309,2,110,1,4,5000,100,71.0,10.0,15.0,0.35,0.35,0.3,0.1,11.8912,0.1074,8.3673,178.5192,2.8898,-3.4231
50,13,192,370,179,402,116.85442134051858,177.09884245810304,116.08053182203325,211.53959440256097,0.367,2,110,1,4,5000,100,71.0,10.0,15.0,0.35,0.35,0.3,0.1,9.8074,0.0886,6.9093,192.7932,-2.1536,-4.3322
50,14,381,332,403,359,47.750085174912414,162.1141573089778,48.29396498784511,196.9009903479411,0.4824,2,110,1,4,5000,100,71.0,10.0,15.0,0.35,0.35,0.3,0.1,10.7233,0.0969,7.5501,177.8222,2.9831,-3.3186
51,13,193,365,179,397,117.3091103799667,172.19175357722565,116.68879996848445,207.06037766796427,0.4374,3,110,1,4,5000,100,71.0,10.0,15.0,0.35,0.35,0.3,0.1,10.175,0.0919,7.1664,188.0231,-2.1399,-4.2051
51,10,374,327,398,353,48.42836855885497,153.7172729396407,48.215483991748215,189.0952141118331,0.6982,3,110,1,4,5000,100,71.0,10.0,15.0,0.35,0.35,0.3,0.1,11.421,0.1032,8.0382,169.5808,2.8303,-3.1778
51,14,381,327,404,352,46.53434149970077,158.44872987815333,46.68468431789629,192.4162155328911,0.6726,3,110,1,4,5000,100,71.0,10.0,15.0,0.35,0.35,0.3,0.1,10.714,0.0968,7.5436,173.7883,2.9955,-3.1695
52,13,192,351,177,380,119.92212985606356,160.37767924496225,119.48712567294149,193.0,0.6158,4,110,1,4,5000,100,71.0,10.0,15.0,0.35,0.35,0.3,0.1,10.2165,0.0923,7.1955,175.1831,-2.177,-3.8191
52,15,198,351,182,379,118.02968098228337,157.47063218263906,118.3212112380088,189.70766985021982,0.7939,4,110,1,4,5000,100,71.0,10.0,15.0,0.35,0.35,0.3,0.1,10.2761,0.0929,7.2372,172.0925,-2.04,-3.8063
52,14,380,312,404,335,42.797401838234194,147.18695594379278,42.978635059643985,180.42449944505873,0.717,4,110,1,4,5000,100,71.0,10.0,15.0,0.35,0.35,0.3,0.1,11.2278,0.1015,7.9031,162.1197,2.9803,-2.7692
52,10,373,312,397,335,44.714948722416175,142.13022197970423,44.537947278569234,175.3681841155915,0.7311,4,110,1,4,5000,100,71.0,10.0,15.0,0.35,0.35,0.3,0.1,11.5856,0.1047,8.1535,157.0094,2.8046,-2.7673
53,15,199,344,183,371,118.94392340060158,150.8409758653132,119.23785223602745,182.21415971323415,0.663,2,110,1,4,5000,100,71.0,10.0,15.0,0.35,0.35,0.3,0.1,10.4248,0.0942,7.3413,165.0499,-2.0146,-3.6188
53,14,376,304,404,325,41.49646835521554,138.85243966167826,40.56552949389879,173.761330565808,0.4354,2,110,1,4,5000,100,71.0,10.0,15.0,0.35,0.35,0.3,0.1,12.3582,0.1117,8.694,154.3578,2.9243,-2.5402
54,15,200,348,188,377,117.89727103094764,153.88307249337075,116.98023071822286,185.15128949051368,0.3716,2,110,1,4,5000,100,71.0,10.0,15.0,0.35,0.35,0.3,0.1,10.2067,0.0922,7.1887,168.0753,-1.9408,-3.7447
54,14,387,308,410,330,39.85454183206118,149.80320423809366,40.53284093861073,181.57092278225608,0.466,2,110,1,4,5000,100,71.0,10.0,15.0,0.35,0.35,0.3,0.1,10.6095,0.0959,7.4705,164.1643,3.1453,-2.6604
55,15,208,351,191,382,114.72283955231052,153.0261415575783,115.47642628984364,188.31091311976584,0.443,3,110,1,4,5000,100,71.0,10.0,15.0,0.35,0.35,0.3,0.1,11.4401,0.1034,8.0516,168.8448,-1.7999,-3.8357
55,14,389,312,417,334,40.520539547649726,153.91231269784754,40.076562623303786,189.49670181826386,0.6273,3,110,1,4,5000,100,71.0,10.0,15.0,0.35,0.35,0.3,0.1,11.4676,0.1036,8.0709,169.8609,3.2521,-2.7556
55,10,383,312,409,334,42.015717856406624,149.40214188558343,41.68541417935651,183.44754018519845,0.6367,3,110,1,4,5000,100,71.0,10.0,15.0,0.35,0.35,0.3,0.1,11.3197,0.1023,7.9674,164.6837,3.0791,-2.7563
56,15,206,356,195,387,114.62356478616361,158.40454538932903,113.74949449286676,191.19100397246729,0.3908,2,110,1,4,5000,100,71.0,10.0,15.0,0.35,0.35,0.3,0.1,10.379,0.0938,7.3092,173.2604,-1.7785,-3.9674
56,14,386,315,416,339,42.09808953111636,153.63918770938616,41.41050325916181,192.00260414900626,0.5044,2,110,1,4,5000,100,71.0,10.0,15.0,0.35,0.35,0.3,0.1,12.2834,0.111,8.6417,170.6919,3.1973,-2.8503
57,15,215,359,199,391,111.19405648154229,157.66420012165096,112.18667789344798,193.31321734428818,0.3752,2,110,1,4,5000,100,71.0,10.0,15.0,0.35,0.35,0.3,0.1,11.2407,0.1016,7.9121,173.6783,-1.6143,-4.0483
57,14,389,318,420,342,42.17603971075765,157.87653403846943,41.29537255792289,196.98730923589977,0.4347,2,110,1,4,5000,100,71.0,10.0,15.0,0.35,0.35,0.3,0.1,12.1972,0.1102,8.5814,175.2767,3.2847,-2.9252
58,15,217,366,202,399,109.6538240580533,163.52675622050356,110.52246035853365,199.6722314193939,0.3958,2,110,1,4,5000,100,71.0,10.0,15.0,0.35,0.35,0.3,0.1,11.0138,0.0995,7.7533,179.8009,-1.5529,-4.2363
58,14,392,325,423,351,43.27918516632713,164.83021567661677,42.63049193574471,205.2364490045567,0.4875,2,110,1,4,5000,100,71.0,10.0,15.0,0.35,0.35,0.3,0.1,12.0836,0.1092,8.5019,182.8274,3.3598,-3.1242
59,15,219,365,204,400,109.106353005772,161.91973320136123,109.88516511385545,199.9199839935968,0.4398,3,110,1,4,5000,100,71.0,10.0,15.0,0.35,0.35,0.3,0.1,11.6224,0.105,8.1792,178.9245,-1.5015,-4.2315
59,10,400,325,429,351,41.43846691103689,170.74249617479535,41.520082495730286,209.69024774652732,0.7199,3,110,1,4,5000,100,71.0,10.0,15.0,0.35,0.35,0.3,0.1,11.33,0.1024,7.9746,188.2227,3.5384,-3.1287
59,14,393,324,422,351,42.78795799795165,164.87874332369228,42.820244008258484,204.50183373260984,0.7809,3,110,1,4,5000,100,71.0,10.0,15.0,0.35,0.35,0.3,0.1,11.8714,0.1073,8.3534,182.5651,3.3611,-3.1131
60,15,214,363,204,397,111.01208014404119,161.75598906995685,110.1817906999817,197.101496696499,0.3976,2,110,1,4,5000,100,71.0,10.0,15.0,0.35,0.35,0.3,0.1,10.9003,0.0985,7.6739,177.6881,-1.5656,-4.175
60,10,400,322,427,348,40.674939565261546,168.77203559831824,41.26434087338233,206.20620747203515,0.481,2,110,1,4,5000,100,71.0,10.0,15.0,0.35,0.35,0.3,0.1,11.0481,0.0998,7.7774,185.6206,3.5155,-3.0559
61,15,215,360,206,392,111.06344845213037,158.59697348940804,110.13630342824813,191.7185437040455,0.3708,3,110,1,4,5000,100,71.0,10.0,15.0,0.35,0.35,0.3,0.1,10.4635,0.0945,7.3683,173.592,-1.5295,-4.0788
61,10,401,318,431,343,39.4101310401722,166.96406799069075,39.48508840875495,206.01456259206532,0.7177,3,110,1,4,5000,100,71.0,10.0,15.0,0.35,0.35,0.3,0.1,11.5869,0.1047,8.1544,184.445,3.5739,-2.9411
61,14,395,318,425,343,40.75438921589709,162.3730273167314,40.57044070102236,201.41995928904365,0.7469,3,110,1,4,5000,100,71.0,10.0,15.0,0.35,0.35,0.3,0.1,11.8784,0.1073,8.3583,179.801,3.4231,-2.9394
62,15,221,353,206,385,109.88516511385545,149.9399879951976,110.88199746524563,185.16209115258988,0.3884,3,110,1,4,5000,100,71.0,10.0,15.0,0.35,0.35,0.3,0.1,11.6323,0.1051,8.1861,165.7,-1.4518,-3.8964
62,10,402,312,432,335,37.568592028827496,164.01219466856725,37.55128212617798,201.8142710513803,0.7555,3,110,1,4,5000,100,71.0,10.0,15.0,0.35,0.35,0.3,0.1,11.4358,0.1033,8.0486,180.9601,3.5998,-2.7681
62,14,395,312,425,335,39.111391253954345,158.52129194527782,38.79655209830817,196.31097778779463,0.6652,3,110,1,4,5000,100,71.0,10.0,15.0,0.35,0.35,0.3,0.1,11.7863,0.1065,8.2938,175.4038,3.4237,-2.7663
63,15,223,351,208,383,109.41847074206112,147.38385257551113,110.51931716082372,182.58422713914803,0.3593,2,110,1,4,5000,100,71.0,10.0,15.0,0.35,0.35,0.3,0.1,11.806,0.1067,8.3076,163.1065,-1.4017,-3.8455
63,14,396,309,430,332,38.03458150994489,157.4325252290644,37.216440473534604,198.40362899906847,0.463,2,110,1,4,5000,100,71.0,10.0,15.0,0.35,0.35,0.3,0.1,12.7425,0.1151,8.9629,175.5594,3.4914,-2.6867
64,15,229,354,219,387,106.8471994364671,148.36778626103444,106.8493114118251,182.84966502567076,0.776,2,110,1,4,5000,100,71.0,10.0,15.0,0.35,0.35,0.3,0.1,11.5214,0.1041,8.1085,163.8138,-1.1915,-3.9343
64,10,408,312,441,336,36.32682595212023,168.80758276807353,36.2685327305858,209.6115454835444,0.7885,2,110,1,4,5000,100,71.0,10.0,15.0,0.35,0.35,0.3,0.1,11.9332,0.1078,8.3966,187.0097,3.7824,-2.7779
65,15,236,363,231,397,103.40959586709407,155.23208431248997,102.49601104443751,189.4887859478761,0.3979,2,110,1,4,5000,100,71.0,10.0,15.0,0.35,0.35,0.3,0.1,10.9978,0.0994,7.7421,170.6583,-0.9566,-4.1743
65,10,416,320,453,346,36.86989764584402,180.0,36.51371177555424,225.20435164534453,0.5946,2,110,1,4,5000,100,71.0,10.0,15.0,0.35,0.35,0.3,0.1,12.3462,0.1116,8.6856,200.0807,4.0271,-2.9986
66,15,238,371,233,408,102.07014548938793,162.5945878558078,101.25370503425567,199.84243793548956,0.4287,3,110,1,4,5000,100,71.0,10.0,15.0,0.35,0.35,0.3,0.1,11.3735,0.1028,8.0051,179.3045,-0.9063,-4.4073
66,10,425,330,460,358,37.640912317984785,193.2174940319846,37.83276127148024,238.03361107205006,0.7246,3,110,1,4,5000,100,71.0,10.0,15.0,0.35,0.35,0.3,0.1,11.5009,0.1039,8.0941,213.2969,4.2323,-3.2767
66,16,418,329,453,358,38.70763443623188,187.09623192357455,38.89068321476312,232.54461937443318,0.7681,3,110,1,4,5000,100,71.0,10.0,15.0,0.35,0.35,0.3,0.1,11.9858,0.1083,8.4335,207.3593,4.0548,-3.2612
67,17,245,378,239,416,99.23829293129312,168.1814496310458,99.18883607735876,206.65188119153427,0.8077,4,110,1,4,5000,100,71.0,10.0,15.0,0.35,0.35,0.3,0.1,11.3584,0.1026,7.9944,185.4425,-0.7449,-4.5935
67,15,239,378,233,416,101.2435411022132,169.24833824885843,100.8230112262071,207.69448716805172,0.5782,4,110,1,4,5000,100,71.0,10.0,15.0,0.35,0.35,0.3,0.1,11.2877,0.102,7.945,186.5108,-0.894,-4.5941
67,16,419,337,454,366,40.37584867157093,192.96113598338914,40.23635830927382,238.41140912296962,0.7971,4,110,1,4,5000,100,71.0,10.0,15.0,0.35,0.35,0.3,0.1,11.6603,0.1054,8.2057,213.2919,4.0822,-3.4618
67,10,426,337,461,366,39.065834540451064,198.3456578803781,39.17365797044423,243.79704674175198,0.7027,4,110,1,4,5000,100,71.0,10.0,15.0,0.35,0.35,0.3,0.1,11.3766,0.1028,8.0072,218.7352,4.2582,-3.4636
68,10,426,341,458,371,39.95164032205215,200.89051744669283,40.5251034937539,244.69777277286363,0.4474,1,110,1,4,5000,100,71.0,10.0,15.0,0.35,0.35,0.3,0.1,10.8802,0.0983,7.6599,220.6407,4.2248,-3.5787
69,17,247,385,238,426,98.2228138905749,174.79702514631077,99.02761295071511,216.68410186259626,0.435,2,110,1,4,5000,100,71.0,10.0,15.0,0.35,0.35,0.3,0.1,11.8412,0.107,8.3323,193.4997,-0.7318,-4.8002
69,10,421,344,461,377,41.53792694386491,199.06029237394384,41.121475497152296,250.89041432466087,0.5538,2,110,1,4,5000,100,71.0,10.0,15.0,0.35,0.35,0.3,0.1,12.7481,0.1152,8.9668,221.9902,4.1847,-3.6771
70,17,244,394,240,438,98.74616226255522,184.14125013152267,98.05910390287096,228.25424421026653,0.4293,2,110,1,4,5000,100,71.0,10.0,15.0,0.35,0.35,0.3,0.1,11.838,0.107,8.3301,203.8384,-0.7442,-5.0607
70,10,430,355,464,388,42.14708868921364,213.10326135467753,42.510447078000844,260.4611295375953,0.5215,2,110,1,4,5000,100,71.0,10.0,15.0,0.35,0.35,0.3,0.1,11.0672,0.1,7.7908,234.4142,4.3476,-3.9625
71,17,244,392,240,436,98.84181456019168,182.1647605877712,98.13010235415598,226.27416997969522,0.4188,2,110,1,4,5000,100,71.0,10.0,15.0,0.35,0.35,0.3,0.1,11.9517,0.108,8.4096,201.8377,-0.7441,-5.01
71,10,423,352,464,387,42.8352108465465,205.91503102007877,42.34786786096274,259.7864507629295,0.5155,2,110,1,4,5000,100,71.0,10.0,15.0,0.35,0.35,0.3,0.1,12.802,0.1157,9.0045,229.7349,4.2461,-3.8995
72,15,242,383,238,424,99.95062668795161,173.61163555476344,99.111357044784,214.7091055358389,0.4154,4,110,1,4,5000,100,71.0,10.0,15.0,0.35,0.35,0.3,0.1,11.7125,0.1058,8.2423,191.9856,-0.794,-4.7518
72,10,428,344,466,376,40.23635830927382,204.35263639111682,40.20986927763677,254.03149411047443,0.7654,4,110,1,4,5000,100,71.0,10.0,15.0,0.35,0.35,0.3,0.1,11.9941,0.1084,8.4393,226.5,4.3399,-3.6703
72,16,422,344,459,376,41.34777721969367,199.80990966416056,41.250935477652035,248.7267577081324,0.6878,4,110,1,4,5000,100,71.0,10.0,15.0,0.35,0.35,0.3,0.1,12.0694,0.1091,8.492,221.6009,4.1781,-3.6698
72,18,554,30,585,10,327.16220351968184,335.6307494852044,327.16312003219093,372.52248254300036,0.8676,4,110,1,4,5000,100,71.0,10.0,15.0,0.35,0.35,0.3,0.1,5.7654,0.0521,4.0811,353.1157,7.4452,4.805
73,15,241,377,237,416,100.64061970241059,167.88686666919483,99.73537389550495,206.9806754264755,0.3751,2,110,1,4,5000,100,71.0,10.0,15.0,0.35,0.35,0.3,0.1,11.5414,0.1043,8.1225,185.3953,-0.8191,-4.5797
73,10,427,337,461,367,38.884496433714595,199.12307751739877,39.35537779421391,244.42994906516674,0.5086,2,110,1,4,5000,100,71.0,10.0,15.0,0.35,0.35,0.3,0.1,11.3043,0.1021,7.9566,219.4626,4.2712,-3.4765
74,19,246,364,239,399,99.70665240933971,154.20765220960988,100.00797980144135,189.88944151795275,0.7087,4,110,1,4,5000,100,71.0,10.0,15.0,0.35,0.35,0.3,0.1,11.476,0.1037,8.0768,170.1985,-0.7323,-4.2077
74,15,240,363,233,399,101.96512883774885,154.35349040433132,101.78052377691542,191.02355875650522,0.6947,4,110,1,4,5000,100,71.0,10.0,15.0,0.35,0.35,0.3,0.1,11.7502,0.1062,8.2686,170.7418,-0.8808,-4.1931
74,10,420,324,456,352,37.116860683270275,185.6017241299229,37.26640190097714,231.2055362658948,0.6832,4,110,1,4,5000,100,71.0,10.0,15.0,0.35,0.35,0.3,0.1,12.1086,0.1094,8.5193,205.9088,4.1158,-3.124
74,16,426,324,464,351,36.02737338510361,190.4205871222962,35.902972074199724,237.03375287076733,0.75,4,110,1,4,5000,100,71.0,10.0,15.0,0.35,0.35,0.3,0.1,12.0683,0.109,8.4912,211.1856,4.2897,-3.1119
75,16,467,316,474,320,28.072486935852957,221.0,28.131342364061044,229.0589443789524,0.7717,1,110,1,4,5000,100,71.0,10.0,15.0,0.35,0.35,0.3,0.1,1.9817,0.0179,1.4337,224.9573,4.9796,-2.6591
76,20,255,310,250,333,99.8411317596344,99.46356116689167,100.30484646876603,122.98373876248843,0.7144,4,110,1,4,5000,100,71.0,10.0,15.0,0.35,0.35,0.3,0.1,11.7015,0.1057,8.2345,109.9802,-0.4839,-2.7171
76,21,249,310,243,334,103.20792846277911,100.66280345788111,103.37133196989193,125.39936203984452,0.7217,4,110,1,4,5000,100,71.0,10.0,15.0,0.35,0.35,0.3,0.1,12.1098,0.1094,8.5202,111.6777,-0.6446,-2.7273
76,22,435,271,476,286,19.898391286176626,173.34935823359717,19.937991744205544,217.00691233230336,0.7975,4,110,1,4,5000,100,71.0,10.0,15.0,0.35,0.35,0.3,0.1,12.3773,0.1118,8.7074,192.7368,4.5472,-1.6479
76,23,428,272,468,286,21.037511025421818,167.14065932620943,20.684080267946808,209.5041765693467,0.6742,4,110,1,4,5000,100,71.0,10.0,15.0,0.35,0.35,0.3,0.1,12.4476,0.1125,8.7566,185.94,4.3607,-1.66
77,21,248,303,245,326,104.77455027504658,94.11163583744573,103.3245312618908,117.15374513859982,0.4041,3,110,1,4,5000,100,71.0,10.0,15.0,0.35,0.35,0.3,0.1,12.0704,0.1091,8.4926,104.3761,-0.6323,-2.5417
77,22,434,265,474,277,18.11605167335586,170.4494059831245,17.837250003307187,212.20037700249262,0.6665,3,110,1,4,5000,100,71.0,10.0,15.0,0.35,0.35,0.3,0.1,12.0751,0.1091,8.4959,189.0472,4.5128,-1.4629
77,23,427,264,467,277,18.5457722427678,163.4900608599801,18.43494882292201,205.54804791094466,0.712,3,110,1,4,5000,100,71.0,10.0,15.0,0.35,0.35,0.3,0.1,12.6126,0.114,8.872,182.1225,4.3344,-1.4489
78,22,433,261,470,272,16.927513064147043,168.2914139223983,16.85839876773828,206.8912757948,0.6636,1,110,1,4,5000,100,71.0,10.0,15.0,0.35,0.35,0.3,0.1,11.386,0.1029,8.0137,185.6057,4.4567,-1.3532
79,20,259,302,252,325,98.21920924889906,90.93404203047393,100.0369024539635,114.75626344561765,0.3655,2,110,1,4,5000,100,71.0,10.0,15.0,0.35,0.35,0.3,0.1,12.8173,0.1158,9.0152,101.4657,-0.4085,-2.5132
79,23,432,263,477,276,17.679680977438853,167.93153366774212,17.338109142361482,214.75800334329801,0.5971,2,110,1,4,5000,100,71.0,10.0,15.0,0.35,0.35,0.3,0.1,13.5416,0.1224,9.522,188.4799,4.5111,-1.4213
80,20,262,312,263,338,95.71059313749964,100.4987562112089,94.08561677997488,126.3210196285638,0.365,3,110,1,4,5000,100,71.0,10.0,15.0,0.35,0.35,0.3,0.1,12.5991,0.1138,8.8626,111.94,-0.2353,-2.7992
80,22,448,273,493,288,19.115851327941048,186.27130750601393,18.97765310176015,233.70280272174745,0.8226,3,110,1,4,5000,100,71.0,10.0,15.0,0.35,0.35,0.3,0.1,12.4989,0.1129,8.7924,207.3086,4.9176,-1.697
80,23,441,273,484,289,19.846882861525618,179.6719232378838,19.9614035761527,225.55043781824057,0.7116,3,110,1,4,5000,100,71.0,10.0,15.0,0.35,0.35,0.3,0.1,12.5298,0.1132,8.814,200.014,4.7192,-1.7093
81,20,272,320,269,347,90.0,108.0,91.27303002005671,135.03332921912278,0.4043,3,110,1,4,5000,100,71.0,10.0,15.0,0.35,0.35,0.3,0.1,12.3101,0.1112,8.6603,120.0132,-0.0372,-3.0114
81,22,453,281,498,298,20.867620405419185,193.70596273734063,20.833370157014517,241.8098426450007,0.8705,3,110,1,4,5000,100,71.0,10.0,15.0,0.35,0.35,0.3,0.1,12.2237,0.1105,8.5999,215.1013,5.0444,-1.9211
81,23,446,281,491,298,21.630886836517924,187.18172987767795,21.4396414162362,235.28068344001383,0.7095,3,110,1,4,5000,100,71.0,10.0,15.0,0.35,0.35,0.3,0.1,12.6001,0.1139,8.8633,208.4931,4.8671,-1.9196
82,20,270,326,273,355,91.00508600525419,114.0175425099138,89.59933674420785,143.0034964607509,0.3638,2,110,1,4,5000,100,71.0,10.0,15.0,0.35,0.35,0.3,0.1,12.4809,0.1128,8.7799,126.8761,-0.0124,-3.1838
82,23,450,287,496,306,22.84804287161634,193.1553778697347,22.76500910751148,242.92385638302386,0.7043,2,110,1,4,5000,100,71.0,10.0,15.0,0.35,0.35,0.3,0.1,12.6304,0.1141,8.8844,215.1996,4.9782,-2.0928
83,20,274,332,278,362,89.04515874612783,120.01666550941998,87.70938995736148,150.11995203836165,0.382,2,110,1,4,5000,100,71.0,10.0,15.0,0.35,0.35,0.3,0.1,12.3327,0.1114,8.6761,133.391,0.0991,-3.3459
83,23,460,293,503,313,23.308845245126783,204.70710783946902,23.616364835238254,252.1150531007619,0.5775,2,110,1,4,5000,100,71.0,10.0,15.0,0.35,0.35,0.3,0.1,11.485,0.1038,8.083,225.9511,5.2006,-2.259
84,20,279,338,284,370,86.82016988013577,126.19429464123962,85.65676004831062,158.45504094221806,0.4004,2,110,1,4,5000,100,71.0,10.0,15.0,0.35,0.35,0.3,0.1,12.5427,0.1133,8.8231,140.4965,0.2353,-3.5178
84,23,464,300,509,321,24.623564786163612,211.20606051910536,24.698439437256553,260.86394921491166,0.6783,2,110,1,4,5000,100,71.0,10.0,15.0,0.35,0.35,0.3,0.1,11.6415,0.1052,8.1925,233.4232,5.3231,-2.4444
85,20,281,340,286,372,85.9780098229799,128.3160161476345,84.99935540244158,160.61133210331082,0.4545,2,110,1,4,5000,100,71.0,10.0,15.0,0.35,0.35,0.3,0.1,12.3702,0.1118,8.7024,142.6587,0.285,-3.5685
85,23,467,302,512,324,24.77514056883192,214.76731594914529,25.016893478100023,264.8471257159496,0.6018,2,110,1,4,5000,100,71.0,10.0,15.0,0.35,0.35,0.3,0.1,11.5557,0.1044,8.1325,237.1926,5.3985,-2.5069
86,20,282,349,288,384,85.82523010808757,137.3644786689776,84.68545433005525,172.74258305351347,0.3907,2,110,1,4,5000,100,71.0,10.0,15.0,0.35,0.35,0.3,0.1,12.6255,0.1141,8.8811,153.0355,0.322,-3.8268
86,23,468,312,514,336,27.03086025984298,220.03636063160107,27.13045170034678,271.9191056178289,0.6648,2,110,1,4,5000,100,71.0,10.0,15.0,0.35,0.35,0.3,0.1,11.6714,0.1055,8.2135,243.2419,5.4345,-2.7793
87,20,284,354,290,391,85.16958004171006,142.50614021858848,84.25771672219588,179.90275150758535,0.4568,2,110,1,4,5000,100,71.0,10.0,15.0,0.35,0.35,0.3,0.1,12.8367,0.116,9.0288,159.0356,0.3714,-3.9735
87,23,470,317,516,343,27.937142826538604,224.1182723474371,28.230694930892092,276.94223224347706,0.5724,2,110,1,4,5000,100,71.0,10.0,15.0,0.35,0.35,0.3,0.1,11.6672,0.1054,8.2105,247.7458,5.4842,-2.9282
88,20,290,363,291,401,83.20211749971367,152.0690632574555,84.25939336104808,189.952625672824,0.3886,2,110,1,4,5000,100,71.0,10.0,15.0,0.35,0.35,0.3,0.1,12.2581,0.1108,8.624,168.9128,0.4586,-4.2138
88,23,470,325,517,353,29.713708405832502,227.9758759167294,29.92086602503887,282.6764935398768,0.6087,2,110,1,4,5000,100,71.0,10.0,15.0,0.35,0.35,0.3,0.1,11.8548,0.1071,8.3418,252.3964,5.4946,-3.1504
89,20,285,371,291,412,85.32583628886923,159.53056133543816,84.57318750142718,200.90047287151916,0.4715,2,110,1,4,5000,100,71.0,10.0,15.0,0.35,0.35,0.3,0.1,12.7025,0.1148,8.9349,177.8413,0.3962,-4.4451
89,23,464,333,517,365,32.21947199971869,226.947130407062,31.9843572348941,288.84944175123485,0.5979,2,110,1,4,5000,100,71.0,10.0,15.0,0.35,0.35,0.3,0.1,13.2817,0.12,9.3402,254.1837,5.4041,-3.3884
90,20,285,376,292,419,85.46773829129855,164.51443705644803,84.48130588494378,207.96393918177256,0.4029,2,110,1,4,5000,100,71.0,10.0,15.0,0.35,0.35,0.3,0.1,12.9095,0.1166,9.0798,183.705,0.4084,-4.5918
90,23,464,339,518,372,33.48297524885262,230.20208513391012,33.04023777806922,293.4552776829887,0.5092,2,110,1,4,5000,100,71.0,10.0,15.0,0.35,0.35,0.3,0.1,13.3679,0.1208,9.4005,258.0085,5.4155,-3.5485
91,20,286,384,293,431,85.34664841273162,172.5688268488837,84.52263127117112,220.00454540758926,0.4404,2,110,1,4,5000,100,71.0,10.0,15.0,0.35,0.35,0.3,0.1,13.3725,0.1208,9.4037,193.4208,0.4327,-4.8344
91,23,465,347,520,383,34.97209123257519,235.52919139673537,34.58688953755296,301.23910768690047,0.5425,2,110,1,4,5000,100,71.0,10.0,15.0,0.35,0.35,0.3,0.1,13.5479,0.1224,9.5264,264.3621,5.4504,-3.7819
92,20,289,386,296,433,84.41984665880422,174.82848738120455,83.80212236656917,222.29934772733816,0.4827,2,110,1,4,5000,100,71.0,10.0,15.0,0.35,0.35,0.3,0.1,13.2289,0.1195,9.3032,195.7267,0.5071,-4.8853
92,23,473,350,522,385,34.47221388003645,243.81345327934633,34.68323429289684,304.02138082707273,0.593,2,110,1,4,5000,100,71.0,10.0,15.0,0.35,0.35,0.3,0.1,12.1627,0.1099,8.5572,270.6089,5.5904,-3.855
93,20,290,385,297,431,84.05996274769936,173.93389548906217,83.48757697071215,220.42232191862965,0.4966,2,110,1,4,5000,100,71.0,10.0,15.0,0.35,0.35,0.3,0.1,13.0462,0.1179,9.1754,194.438,0.532,-4.8502
93,23,474,348,524,383,33.95109432834526,243.51591323771842,34.15969454566943,304.54063768239536,0.5925,2,110,1,4,5000,100,71.0,10.0,15.0,0.35,0.35,0.3,0.1,12.3227,0.1113,8.6692,270.6308,5.6257,-3.8042
94,20,298,385,302,430,81.45303999265579,174.94284781036347,82.16447489351145,220.0545386943882,0.4654,2,110,1,4,5000,100,71.0,10.0,15.0,0.35,0.35,0.3,0.1,12.6393,0.1142,8.8907,194.9226,0.6935,-4.842
94,23,477,347,528,382,33.36636600105956,245.45875417267155,33.58664565362279,307.3044093403152,0.5686,2,110,1,4,5000,100,71.0,10.0,15.0,0.35,0.35,0.3,0.1,12.3822,0.1119,8.7108,272.9218,5.7118,-3.779
95,20,305,396,317,445,79.83222451258862,186.93581786270923,79.06887707758855,237.30571000294114,0.4478,2,110,1,4,5000,100,71.0,10.0,15.0,0.35,0.35,0.3,0.1,13.1397,0.1187,9.2408,209.1306,0.9649,-5.1585
95,23,484,358,543,397,34.55437794347488,257.41017850893155,34.319666134390054,328.1249761904753,0.5957,2,110,1,4,5000,100,71.0,10.0,15.0,0.35,0.35,0.3,0.1,13.3655,0.1208,9.3988,288.4975,5.9718,-4.0925
96,20,320,410,329,462,76.37300514010846,203.73512215619573,77.15611715311799,256.4156781478075,0.4156,2,110,1,4,5000,100,71.0,10.0,15.0,0.35,0.35,0.3,0.1,12.67,0.1145,8.9122,227.0598,1.3002,-5.5475
96,23,500,372,556,414,35.05942696688698,278.53904573685895,35.42300994070634,348.51111890440455,0.4957,2,110,1,4,5000,100,71.0,10.0,15.0,0.35,0.35,0.3,0.1,12.3495,0.1116,8.6879,309.621,6.3441,-4.4855
97,20,319,417,335,471,77.08705924614895,210.3188056261256,76.32869286780416,266.5520587052368,0.4145,1,110,1,4,5000,100,71.0,10.0,15.0,0.35,0.35,0.3,0.1,13.0503,0.1179,9.1782,235.1199,1.361,-5.741
98,20,322,423,338,477,76.66870258562378,216.8432613663611,76.01464086995064,273.09522148876937,0.4282,1,110,1,4,5000,100,71.0,10.0,15.0,0.35,0.35,0.3,0.1,12.7064,0.1148,8.9376,241.74,1.4363,-5.8938
99,20,321,422,337,476,76.86597769360368,215.64090521049107,76.16820090796955,271.88416651213805,0.3973,1,110,1,4,5000,100,71.0,10.0,15.0,0.35,0.35,0.3,0.1,12.7673,0.1154,8.9803,240.5183,1.4114,-5.8683
100,20,320,420,336,475,77.0053832080835,213.46662502602135,76.32313394868771,270.675081970986,0.4255,1,110,1,4,5000,100,71.0,10.0,15.0,0.35,0.35,0.3,0.1,13.0772,0.1182,9.1971,238.6908,1.3857,-5.8272
101,20,318,405,330,454,76.59412475886344,198.40614909825754,76.52217724675869,248.85337048149458,0.6942,2,110,1,4,5000,100,71.0,10.0,15.0,0.35,0.35,0.3,0.1,12.4826,0.1128,8.781,220.7847,1.2883,-5.3885
101,23,499,369,557,409,34.66889515566031,276.0036231646244,34.65331653281846,346.4592328110192,0.7228,2,110,1,4,5000,100,71.0,10.0,15.0,0.35,0.35,0.3,0.1,12.5265,0.1132,8.8117,307.244,6.3418,-4.3848
102,20,316,381,330,424,75.4067317811007,174.6339027795004,74.69915442755,219.79080963497995,0.4511,2,110,1,4,5000,100,71.0,10.0,15.0,0.35,0.35,0.3,0.1,12.6703,0.1145,8.9124,194.6274,1.263,-4.7179
102,23,496,345,557,379,30.699722550814414,260.5091169229975,30.368806166466776,330.32408328791286,0.5449,2,110,1,4,5000,100,71.0,10.0,15.0,0.35,0.35,0.3,0.1,13.0771,0.1182,9.197,291.2918,6.2973,-3.7116
103,20,315,374,329,416,75.13464249226028,167.60966559241146,74.38901146632034,211.81359729724625,0.4491,2,110,1,4,5000,100,71.0,10.0,15.0,0.35,0.35,0.3,0.1,12.8933,0.1165,9.0684,187.1367,1.2377,-4.53
103,23,495,338,555,371,29.4674220638197,256.1347301714471,29.328908547990547,324.6074552440224,0.6171,2,110,1,4,5000,100,71.0,10.0,15.0,0.35,0.35,0.3,0.1,13.0485,0.1179,9.177,286.3344,6.2606,-3.5262
104,20,314,374,329,417,75.46554491945989,167.35590817177624,74.46147497096791,212.77687844312408,0.3735,2,110,1,4,5000,100,71.0,10.0,15.0,0.35,0.35,0.3,0.1,13.2235,0.1195,9.2995,187.3528,1.2245,-4.5392
104,23,500,339,555,371,29.118574053344975,260.98467387952115,29.328908547990547,324.6074552440224,0.5799,2,110,1,4,5000,100,71.0,10.0,15.0,0.35,0.35,0.3,0.1,12.0239,0.1086,8.4601,289.3399,6.3359,-3.5461
105,23,500,338,555,369,28.926425835253614,260.4995201531089,29.020212879009865,323.6325076379071,0.6437,1,110,1,4,5000,100,71.0,10.0,15.0,0.35,0.35,0.3,0.1,11.9611,0.1081,8.4162,288.6543,6.3367,-3.5093
106,20,314,372,328,415,75.29169610031725,165.42067585401773,74.57783868126133,210.58252539087852,0.4663,2,110,1,4,5000,100,71.0,10.0,15.0,0.35,0.35,0.3,0.1,13.2925,0.1201,9.3477,185.2894,1.2119,-4.489
106,23,494,337,554,370,29.38225462297971,254.77244748991205,29.26119856255055,323.24603632527345,0.6221,2,110,1,4,5000,100,71.0,10.0,15.0,0.35,0.35,0.3,0.1,13.1102,0.1185,9.2201,284.9535,6.235,-3.501
107,20,313,370,327,411,75.45296073791107,163.23296235748464,74.55016401934344,206.46065000382035,0.404,2,110,1,4,5000,100,71.0,10.0,15.0,0.35,0.35,0.3,0.1,12.9404,0.1169,9.1013,182.3195,1.1881,-4.4182
107,23,493,334,554,366,28.900287251522666,252.43811122728675,28.638922544653695,321.30981933330327,0.5619,2,110,1,4,5000,100,71.0,10.0,15.0,0.35,0.35,0.3,0.1,13.2845,0.12,9.3422,282.7403,6.2202,-3.4131
108,20,311,359,321,397,75.14138555207533,152.0855022676389,75.16500780574127,191.3792047219342,0.7475,3,110,1,4,5000,100,71.0,10.0,15.0,0.35,0.35,0.3,0.1,12.661,0.1144,8.9059,169.4847,1.0897,-4.1111
108,24,317,359,328,396,72.97947438848014,153.73353570382747,73.07248693585295,192.33304448274092,0.6919,3,110,1,4,5000,100,71.0,10.0,15.0,0.35,0.35,0.3,0.1,12.3438,0.1115,8.6839,170.8806,1.2515,-4.1014
108,23,490,321,548,353,26.56505117707799,243.73140954747709,27.061106137473242,309.9306374013386,0.4759,3,110,1,4,5000,100,71.0,10.0,15.0,0.35,0.35,0.3,0.1,13.2323,0.1196,9.3056,272.8734,6.1097,-3.0919
109,20,306,333,318,364,74.30507585657999,125.686116973992,73.16252737432362,158.80806024884254,0.4128,2,110,1,4,5000,100,71.0,10.0,15.0,0.35,0.35,0.3,0.1,12.8845,0.1164,9.0623,140.319,0.9902,-3.3791
109,23,485,298,542,320,21.986682177742413,229.7063342618135,21.80140948635181,290.7988995852632,0.6675,2,110,1,4,5000,100,71.0,10.0,15.0,0.35,0.35,0.3,0.1,12.9894,0.1174,9.1357,256.6673,5.9767,-2.4006
110,20,304,326,316,357,74.32047587758075,118.40608092492548,73.11966983447614,151.52887513606112,0.4084,2,110,1,4,5000,100,71.0,10.0,15.0,0.35,0.35,0.3,0.1,13.5798,0.1227,9.5488,132.9353,0.9393,-3.2009
110,23,483,290,544,312,20.287752687480435,224.95555116511352,20.18580300946485,289.7999309868793,0.6476,2,110,1,4,5000,100,71.0,10.0,15.0,0.35,0.35,0.3,0.1,13.9411,0.126,9.8016,253.2935,5.9641,-2.1979
111,20,304,327,315,358,74.45019583029841,119.36917525056458,73.58921540312228,152.2005256232711,0.4892,2,110,1,4,5000,100,71.0,10.0,15.0,0.35,0.35,0.3,0.1,13.3793,0.1209,9.4085,133.8003,0.9273,-3.227
111,23,489,293,543,313,20.469189632482173,231.62469643800938,20.440108956298904,289.20926679482454,0.6688,2,110,1,4,5000,100,71.0,10.0,15.0,0.35,0.35,0.3,0.1,12.2358,0.1106,8.6084,257.2336,6.0481,-2.2556
112,20,303,328,315,360,75.03784474567345,120.07081243999309,73.79927700352755,154.12008305214476,0.4132,2,110,1,4,5000,100,71.0,10.0,15.0,0.35,0.35,0.3,0.1,13.743,0.1242,9.6629,134.9813,0.9142,-3.2615
112,23,482,293,543,315,21.0923395058275,225.07998578283232,20.810485845975798,289.9137802864845,0.5797,2,110,1,4,5000,100,71.0,10.0,15.0,0.35,0.35,0.3,0.1,13.9324,0.1259,9.7955,253.4158,5.9395,-2.2721
113,20,303,336,314,369,75.96375653207353,127.81627439414747,75.02316406045792,162.5207679036744,0.4592,2,110,1,4,5000,100,71.0,10.0,15.0,0.35,0.35,0.3,0.1,13.2285,0.1195,9.3029,143.0944,0.9029,-3.4755
113,23,482,300,542,324,22.73600488258145,227.69277546729498,22.52939800293685,292.30805667993485,0.6241,2,110,1,4,5000,100,71.0,10.0,15.0,0.35,0.35,0.3,0.1,13.7517,0.1243,9.6691,255.9859,5.9296,-2.4707
114,24,301,351,312,390,78.2152514937372,141.9929575718458,77.33493623495764,182.43903091169938,0.4742,2,110,1,4,5000,100,71.0,10.0,15.0,0.35,0.35,0.3,0.1,13.7968,0.1247,9.7006,159.6948,0.8523,-3.9157
114,23,486,318,541,345,26.350461245948594,238.81373494839028,26.30888695464764,300.0833217624732,0.6651,2,110,1,4,5000,100,71.0,10.0,15.0,0.35,0.35,0.3,0.1,12.5825,0.1137,8.8509,265.9655,5.9819,-2.96
115,24,298,362,308,403,80.16643603579288,152.2366578718805,79.32601877977748,194.36306233438492,0.4656,2,110,1,4,5000,100,71.0,10.0,15.0,0.35,0.35,0.3,0.1,13.4509,0.1215,9.4586,170.7398,0.7664,-4.2155
115,23,482,329,536,359,29.124053494777428,240.39342753078753,29.109855556891088,302.1671722738921,0.6828,2,110,1,4,5000,100,71.0,10.0,15.0,0.35,0.35,0.3,0.1,12.6003,0.1139,8.8634,267.7636,5.8702,-3.2695
116,24,294,369,303,412,82.02323121247338,158.5339080449353,81.18926701401509,202.38824076511955,0.4462,2,110,1,4,5000,100,71.0,10.0,15.0,0.35,0.35,0.3,0.1,13.447,0.1215,9.4558,177.7968,0.6552,-4.4133
116,23,478,337,532,369,31.249213569890706,240.95850265139018,31.125517196337785,303.7252047492931,0.642,2,110,1,4,5000,100,71.0,10.0,15.0,0.35,0.35,0.3,0.1,12.753,0.1152,8.9702,268.7254,5.7693,-3.4913
117,24,288,369,292,411,84.18102909860544,157.8131806916013,84.2609015019104,200.0024999843752,0.7478,2,110,1,4,5000,100,71.0,10.0,15.0,0.35,0.35,0.3,0.1,13.0488,0.1179,9.1772,176.4206,0.4454,-4.4047
117,23,466,336,521,368,32.585707353914415,230.24334952393303,32.06739160326049,293.83158441529054,0.5087,2,110,1,4,5000,100,71.0,10.0,15.0,0.35,0.35,0.3,0.1,13.428,0.1213,9.4425,258.1798,5.4766,-3.4615
118,24,276,361,277,401,88.46222761530255,149.05368160498418,88.48459209997787,189.06612599828665,0.7385,2,110,1,4,5000,100,71.0,10.0,15.0,0.35,0.35,0.3,0.1,13.0964,0.1183,9.2105,166.6924,0.1113,-4.1815
118,23,456,327,506,358,32.005383208083494,216.9815660373019,31.96134341697703,275.81152985326776,0.753,2,110,1,4,5000,100,71.0,10.0,15.0,0.35,0.35,0.3,0.1,13.2118,0.1194,9.2912,242.885,5.1699,-3.2281
119,24,268,358,270,398,91.569354804749,146.05478424207814,90.61605990839922,186.01075237738274,0.4286,2,110,1,4,5000,100,71.0,10.0,15.0,0.35,0.35,0.3,0.1,13.3163,0.1203,9.3644,163.6289,-0.0742,-4.1055
119,23,453,325,499,355,31.97692032939502,213.37759957408838,32.20912079884187,268.28715958837836,0.6281,2,110,1,4,5000,100,71.0,10.0,15.0,0.35,0.35,0.3,0.1,12.6162,0.114,8.8746,237.7025,5.0527,-3.1703
120,24,259,351,258,388,95.34305575857518,139.60659010233005,94.54804240912542,176.555940143627,0.4772,3,110,1,4,5000,100,71.0,10.0,15.0,0.35,0.35,0.3,0.1,12.9337,0.1169,9.0967,155.9222,-0.3342,-3.8984
120,23,443,318,491,346,31.794072018331537,201.1889659002203,31.461302564794146,256.7430622236948,0.752,3,110,1,4,5000,100,71.0,10.0,15.0,0.35,0.35,0.3,0.1,13.4258,0.1213,9.441,225.5962,4.8214,-2.967
120,25,438,318,483,346,32.56043798115345,196.95684806576287,32.41844994964307,249.95399576722113,0.6955,3,110,1,4,5000,100,71.0,10.0,15.0,0.35,0.35,0.3,0.1,13.1238,0.1186,9.2297,220.3131,4.6637,-2.9689
121,24,257,350,256,387,96.20344790169185,138.81282361511128,95.22394759626843,175.72990639046048,0.4232,2,110,1,4,5000,100,71.0,10.0,15.0,0.35,0.35,0.3,0.1,12.989,0.1174,9.1353,155.1049,-0.3836,-3.8733
121,25,436,315,484,344,32.13082532733104,193.6620768245554,31.90810693565316,249.73586046060746,0.6348,2,110,1,4,5000,100,71.0,10.0,15.0,0.35,0.35,0.3,0.1,13.9956,0.1265,9.8397,218.1533,4.6422,-2.9014
122,24,255,347,254,383,97.17724585085503,136.06616037795732,96.00900595749452,171.9447585708852,0.3664,2,110,1,4,5000,100,71.0,10.0,15.0,0.35,0.35,0.3,0.1,12.8913,0.1165,9.067,151.9158,-0.4332,-3.7875
122,25,440,314,482,340,31.26373169437743,196.5400722499104,31.36330221395006,245.93495074917675,0.6428,2,110,1,4,5000,100,71.0,10.0,15.0,0.35,0.35,0.3,0.1,12.3543,0.1116,8.6913,218.4805,4.6837,-2.8499
123,24,259,347,252,384,95.50041147020191,135.6244815658294,96.63251461513848,173.1588865753069,0.3862,2,110,1,4,5000,100,71.0,10.0,15.0,0.35,0.35,0.3,0.1,13.4525,0.1216,9.4597,152.1104,-0.408,-3.7952
123,23,439,314,481,341,31.41568582356131,195.68597292601225,31.683916950892737,245.60537453402765,0.5996,2,110,1,4,5000,100,71.0,10.0,15.0,0.35,0.35,0.3,0.1,12.519,0.1131,8.8065,217.8222,4.6573,-2.8613
124,24,247,338,243,372,101.22245806944484,128.4562182223967,100.27333064162929,162.60688792299052,0.455,2,110,1,4,5000,100,71.0,10.0,15.0,0.35,0.35,0.3,0.1,12.9849,0.1173,9.1325,143.5281,-0.6682,-3.5392
124,23,426,305,472,330,31.127614368039897,179.90275150758535,30.5406048496815,232.2154172315008,0.5238,2,110,1,4,5000,100,71.0,10.0,15.0,0.35,0.35,0.3,0.1,14.0479,0.1269,9.8763,202.7389,4.3701,-2.6048
125,24,245,337,241,371,102.18863320193188,127.88275880665071,101.0324732408977,161.99382704288456,0.3879,2,110,1,4,5000,100,71.0,10.0,15.0,0.35,0.35,0.3,0.1,13.0229,0.1177,9.1591,142.9313,-0.7177,-3.5142
125,23,424,302,470,328,30.6299984848207,176.64653973401235,30.364271000160343,229.47766775876036,0.6182,2,110,1,4,5000,100,71.0,10.0,15.0,0.35,0.35,0.3,0.1,14.3965,0.1301,10.1202,199.6258,4.3172,-2.541
126,24,242,334,236,366,103.81502534126162,125.63439019631528,103.1575427400148,158.15182578775372,0.5231,2,110,1,4,5000,100,71.0,10.0,15.0,0.35,0.35,0.3,0.1,12.6809,0.1146,8.9198,140.0301,-0.8172,-3.4176
126,23,421,300,466,324,30.566269889554512,173.04623659588788,29.998681539528512,224.0089283934906,0.5435,2,110,1,4,5000,100,71.0,10.0,15.0,0.35,0.35,0.3,0.1,14.2046,0.1284,9.9859,195.257,4.2328,-2.4681
127,24,227,315,218,342,113.60018986791778,112.40106761058811,112.55724663470566,140.7693148381422,0.4513,3,110,1,4,5000,100,71.0,10.0,15.0,0.35,0.35,0.3,0.1,12.4007,0.1121,8.7237,124.9958,-1.2266,-2.8869
127,23,412,280,450,298,25.906507999514385,155.64061166674975,25.78732818281437,197.6866206904251,0.675,3,110,1,4,5000,100,71.0,10.0,15.0,0.35,0.35,0.3,0.1,13.1696,0.119,9.2618,174.1619,3.9335,-1.9049
127,26,406,280,443,299,26.906093455936844,150.2664300500947,26.965714432870143,191.8593234638338,0.7196,3,110,1,4,5000,100,71.0,10.0,15.0,0.35,0.35,0.3,0.1,13.4543,0.1216,9.4609,168.5346,3.7703,-1.916
128,24,221,307,210,332,118.22877618136957,107.82393055347222,117.32389130134653,135.07035203922436,0.481,2,110,1,4,5000,100,71.0,10.0,15.0,0.35,0.35,0.3,0.1,12.4142,0.1122,8.7332,119.919,-1.4,-2.6638
128,26,400,272,439,289,25.114834886144564,141.36477637657833,24.75337992441178,183.89671013914307,0.6033,2,110,1,4,5000,100,71.0,10.0,15.0,0.35,0.35,0.3,0.1,14.4713,0.1308,10.1726,159.85,3.6381,-1.6896
129,24,219,307,208,333,119.15691788231298,108.78419002777932,117.8755103865275,136.88316185711082,0.3926,2,110,1,4,5000,100,71.0,10.0,15.0,0.35,0.35,0.3,0.1,12.6581,0.1144,8.9039,121.2267,-1.4489,-2.6749
129,26,404,273,437,289,24.802660153417477,145.41320435228707,25.016893478100023,182.08239892971534,0.6238,2,110,1,4,5000,100,71.0,10.0,15.0,0.35,0.35,0.3,0.1,12.3915,0.112,8.7173,161.6949,3.6798,-1.7098
130,24,222,305,205,331,118.26400414852394,105.58882516630251,119.38060786128923,136.56500283747664,0.4539,2,110,1,4,5000,100,71.0,10.0,15.0,0.35,0.35,0.3,0.1,14.1567,0.1279,9.9524,119.0957,-1.4441,-2.6166
130,26,402,272,434,287,24.77514056883192,143.17821063276352,24.842389105455187,178.51890656174209,0.6711,2,110,1,4,5000,100,71.0,10.0,15.0,0.35,0.35,0.3,0.1,12.1578,0.1099,8.5538,158.9073,3.6195,-1.6734
131,24,216,304,203,329,121.32869286780416,107.70329614269008,120.52970589993411,135.83077707206124,0.5139,2,110,1,4,5000,100,71.0,10.0,15.0,0.35,0.35,0.3,0.1,12.782,0.1155,8.9905,120.1427,-1.5475,-2.5874
131,26,395,270,432,286,25.245973561569446,135.988970140964,24.82054133548908,176.28386199536246,0.589,2,110,1,4,5000,100,71.0,10.0,15.0,0.35,0.35,0.3,0.1,14.2805,0.129,10.039,153.5366,3.4917,-1.6286
132,24,205,292,190,314,129.94617394993566,104.35037134576953,128.79655209830818,130.87398519186308,0.4255,2,110,1,4,5000,100,71.0,10.0,15.0,0.35,0.35,0.3,0.1,12.4789,0.1128,8.7785,116.1168,-1.8458,-2.2546
132,26,384,259,419,271,22.76500910751148,121.46192819151193,21.868579185372536,158.39823231336896,0.5225,2,110,1,4,5000,100,71.0,10.0,15.0,0.35,0.35,0.3,0.1,14.6063,0.132,10.2669,137.4926,3.1932,-1.3069
133,24,196,277,178,293,139.46084825851656,100.00499987500625,139.2484545293613,124.08464852672147,0.6426,2,110,1,4,5000,100,71.0,10.0,15.0,0.35,0.35,0.3,0.1,11.892,0.1075,8.3678,110.7511,-2.1084,-1.8107
133,26,375,241,404,250,15.724745722747425,107.00467279516349,16.059987307160643,137.3608386695422,0.686,2,110,1,4,5000,100,71.0,10.0,15.0,0.35,0.35,0.3,0.1,13.7478,0.1242,9.6663,120.2973,2.9031,-0.8277
134,24,193,270,174,285,143.71473287486117,98.00510190801293,143.3176492441064,122.20065466273084,0.6016,3,110,1,4,5000,100,71.0,10.0,15.0,0.35,0.35,0.3,0.1,12.16,0.1099,8.5553,108.7736,-2.194,-1.6238
134,26,378,236,399,241,12.757532160876679,108.6830253535482,12.862751018958216,130.26895255585654,0.7008,3,110,1,4,5000,100,71.0,10.0,15.0,0.35,0.35,0.3,0.1,9.9974,0.0903,7.0422,118.501,2.8996,-0.6596
134,27,371,235,407,240,13.079123780066821,101.6366075781753,11.717434703203377,137.87313008704777,0.5086,3,110,1,4,5000,100,71.0,10.0,15.0,0.35,0.35,0.3,0.1,16.7436,0.1513,11.7624,117.0137,2.869,-0.6253
135,24,187,261,167,274,150.03781590358224,98.11218069128827,149.43916073262847,121.93850909372314,0.5625,3,110,1,4,5000,100,71.0,10.0,15.0,0.35,0.35,0.3,0.1,11.9829,0.1083,8.4314,108.7354,-2.356,-1.3764
135,26,372,227,392,230,8.530765609948133,101.11874208078342,8.530765609948133,121.3424904969401,0.7508,3,110,1,4,5000,100,71.0,10.0,15.0,0.35,0.35,0.3,0.1,10.0608,0.0909,7.0866,110.3114,2.7375,-0.4106
135,27,366,226,399,229,8.471144633014832,95.03683496413377,7.624192504451834,128.1327436684316,0.6546,3,110,1,4,5000,100,71.0,10.0,15.0,0.35,0.35,0.3,0.1,16.4122,0.1483,11.5305,109.1307,2.712,-0.3804
136,24,184,254,162,265,154.48612957246576,97.50897394599124,154.27438735663435,122.10241602851272,0.6378,2,110,1,4,5000,100,71.0,10.0,15.0,0.35,0.35,0.3,0.1,12.3934,0.112,8.7187,108.4286,-2.4532,-1.177
136,27,369,219,392,221,4.127591702511724,97.25224933131366,4.289153328819018,120.33702672078948,0.6546,2,110,1,4,5000,100,71.0,10.0,15.0,0.35,0.35,0.3,0.1,11.7413,0.1061,8.2624,107.5701,2.6921,-0.1985
137,24,178,240,155,246,163.41266144307258,98.08159868191383,163.79622578510924,121.8400590938793,0.5984,3,110,1,4,5000,100,71.0,10.0,15.0,0.35,0.35,0.3,0.1,11.9557,0.108,8.4124,108.6775,-2.6165,-0.7688
137,26,357,205,363,204,355.29214775562775,85.28774824088158,354.97592474146046,91.35097153287424,0.6828,3,110,1,4,5000,100,71.0,10.0,15.0,0.35,0.35,0.3,0.1,3.7988,0.0343,2.7051,88.2153,2.2057,0.188
137,27,380,203,388,202,355.23635830927384,108.37435120913067,355.072890052351,116.43023662262307,0.905,3,110,1,4,5000,100,71.0,10.0,15.0,0.35,0.35,0.3,0.1,3.9658,0.0358,2.822,112.258,2.8069,0.2381
138,24,181,230,152,235,168.8112000717482,92.76313923105448,169.14989537020261,122.18428704215611,0.6215,2,110,1,4,5000,100,71.0,10.0,15.0,0.35,0.35,0.3,0.1,15.1479,0.1369,10.646,105.4602,-2.5978,-0.5048
138,26,355,195,381,190,348.4248111826038,84.72307831990054,348.5890168732346,111.19802156513397,0.6676,2,110,1,4,5000,100,71.0,10.0,15.0,0.35,0.35,0.3,0.1,14.9548,0.1351,10.5108,96.1718,2.365,0.4804
139,24,174,229,150,232,170.15886824036562,99.46356116689167,170.69005982501398,123.62847568420473,0.5756,3,110,1,4,5000,100,71.0,10.0,15.0,0.35,0.35,0.3,0.1,11.9875,0.1083,8.4346,110.2373,-2.728,-0.4588
139,27,359,193,383,187,347.6805547433634,89.05054744357274,347.3073344548821,113.78049041905207,0.6816,3,110,1,4,5000,100,71.0,10.0,15.0,0.35,0.35,0.3,0.1,13.4932,0.1219,9.4882,99.9079,2.4474,0.5439
139,26,353,193,376,187,346.7989128242944,83.19855767980596,346.4834318912087,106.96261028976434,0.6817,3,110,1,4,5000,100,71.0,10.0,15.0,0.35,0.35,0.3,0.1,13.8301,0.125,9.7239,93.5957,2.285,0.5435
140,24,179,225,149,229,172.04247477308286,93.90420650854784,172.1309244482095,124.16923934694937,0.6658,2,110,1,4,5000,100,71.0,10.0,15.0,0.35,0.35,0.3,0.1,15.3591,0.1388,10.7937,106.9366,-2.658,-0.3692
140,26,352,190,378,184,344.6237487511738,82.96987405076617,345.2032377549427,109.63576058932597,0.6026,2,110,1,4,5000,100,71.0,10.0,15.0,0.35,0.35,0.3,0.1,15.3219,0.1384,10.7677,94.4569,2.289,0.6153
141,24,172,222,148,224,174.28940686250036,100.4987562112089,174.47245984834385,124.57929201917949,0.6599,3,110,1,4,5000,100,71.0,10.0,15.0,0.35,0.35,0.3,0.1,11.8402,0.107,8.3316,111.2509,-2.7784,-0.2729
141,27,357,187,381,179,343.6104596659652,88.60022573334675,343.1561914482726,113.8859078200635,0.6807,3,110,1,4,5000,100,71.0,10.0,15.0,0.35,0.35,0.3,0.1,13.8199,0.1249,9.7168,99.6643,2.3962,0.7164
141,26,351,187,374,180,342.43972794819933,82.86132994346639,342.5820292077972,106.90182411914213,0.7304,3,110,1,4,5000,100,71.0,10.0,15.0,0.35,0.35,0.3,0.1,14.0203,0.1267,9.857,93.3588,2.2346,0.7037
142,24,170,210,146,209,181.12330271407544,102.0196059588548,181.3639275316029,126.03570922560003,0.6373,2,110,1,4,5000,100,71.0,10.0,15.0,0.35,0.35,0.3,0.1,11.6544,0.1053,8.2016,112.7631,-2.829,0.062
142,27,349,174,374,163,333.73336164291686,85.86617494683223,334.34073548303263,113.1591799192624,0.6,2,110,1,4,5000,100,71.0,10.0,15.0,0.35,0.35,0.3,0.1,15.1764,0.1371,10.6659,97.6413,2.2037,1.0711
143,24,174,204,143,202,184.666858371439,98.32598842625484,184.43266846868985,129.38701635017324,0.666,3,110,1,4,5000,100,71.0,10.0,15.0,0.35,0.35,0.3,0.1,15.0957,0.1364,10.6094,111.7381,-2.7952,0.2216
143,26,354,169,375,157,332.3279217772412,92.59049627256569,331.89864869403823,116.76472069936193,0.6723,3,110,1,4,5000,100,71.0,10.0,15.0,0.35,0.35,0.3,0.1,12.779,0.1155,8.9884,103.2819,2.2903,1.2132
143,27,347,169,368,157,330.17291534552527,86.45229898620394,330.1908857932935,110.63905277974861,0.7469,3,110,1,4,5000,100,71.0,10.0,15.0,0.35,0.35,0.3,0.1,13.5811,0.1227,9.5497,97.0616,2.1132,1.2111
144,24,173,200,167,200,186.91122711902466,99.72462083156798,186.51980175165698,105.68348972285122,0.7145,3,110,1,4,5000,100,71.0,10.0,15.0,0.35,0.35,0.3,0.1,3.2105,0.029,2.2935,102.6176,-2.5575,0.3009
144,26,353,164,374,150,329.34933204294714,94.15412895885129,328.7069610040798,119.36498649101419,0.6152,3,110,1,4,5000,100,71.0,10.0,15.0,0.35,0.35,0.3,0.1,13.067,0.1181,9.19,105.2712,2.2641,1.361
144,27,346,164,367,151,327.03059609653786,88.20430828479978,327.29526642299817,112.89818421923357,0.6959,3,110,1,4,5000,100,71.0,10.0,15.0,0.35,0.35,0.3,0.1,13.5893,0.1228,9.5554,99.0351,2.0885,1.347
145,24,172,191,141,184,191.85977912094796,102.18121158021175,192.06488441052542,133.9589489358587,0.6504,3,110,1,4,5000,100,71.0,10.0,15.0,0.35,0.35,0.3,0.1,14.8929,0.1346,10.4675,115.9319,-2.8459,0.6037
145,27,345,156,365,140,322.5073466669497,92.00543462209176,322.25319461272534,117.61377470347595,0.7134,3,110,1,4,5000,100,71.0,10.0,15.0,0.35,0.35,0.3,0.1,13.52,0.1222,9.5069,103.2454,2.0517,1.5821
145,26,352,155,372,139,324.53012783259993,98.22932352408826,323.87055585675915,123.81033882515628,0.5999,3,110,1,4,5000,100,71.0,10.0,15.0,0.35,0.35,0.3,0.1,12.7501,0.1152,8.9682,109.5462,2.2285,1.6095
146,28,231,411,220,475,101.64175760295706,203.17972339778396,101.18419212099059,268.09140232390894,0.8023,1,110,1,4,5000,100,71.0,10.0,15.0,0.35,0.35,0.3,0.1,15.2433,0.1377,10.7127,231.1652,-1.1447,-5.6868
147,29,224,388,212,446,105.25511870305779,182.42806801586207,104.3813945910906,241.56986567036876,0.4324,4,110,1,4,5000,100,71.0,10.0,15.0,0.35,0.35,0.3,0.1,15.4368,0.1395,10.8481,207.8742,-1.3288,-5.0443
147,30,155,146,124,128,209.42745640318972,134.33167906342868,209.5778386812613,170.1763790894612,0.8946,4,110,1,4,5000,100,71.0,10.0,15.0,0.35,0.35,0.3,0.1,13.0272,0.1177,9.1621,150.1443,-3.2789,1.856
147,31,329,110,344,83,299.19748604606445,116.84605256490268,299.1676133795778,147.73286702694156,0.7306,4,110,1,4,5000,100,71.0,10.0,15.0,0.35,0.35,0.3,0.1,12.9195,0.1167,9.0867,130.4866,1.5965,2.8589
147,32,336,109,352,83,301.85513238244926,121.26417442921878,301.80532892499696,151.7926216915697,0.7958,4,110,1,4,5000,100,71.0,10.0,15.0,0.35,0.35,0.3,0.1,12.3731,0.1118,8.7044,134.8218,1.7842,2.8745
148,29,224,382,211,439,105.76718254247568,176.64653973401235,105.04132947318067,235.05318547086316,0.4781,4,110,1,4,5000,100,71.0,10.0,15.0,0.35,0.35,0.3,0.1,15.7003,0.1419,11.0324,201.7069,-1.3401,-4.881
148,30,154,138,120,118,212.09259132873416,139.2838827718412,211.73351915341627,178.71765441612084,0.5968,4,110,1,4,5000,100,71.0,10.0,15.0,0.35,0.35,0.3,0.1,13.7235,0.124,9.6493,156.5558,-3.3356,2.0755
148,32,335,101,350,72,299.5778386812613,127.63228431709588,299.1240534947774,160.262285020525,0.6687,4,110,1,4,5000,100,71.0,10.0,15.0,0.35,0.35,0.3,0.1,12.5433,0.1133,8.8235,142.0981,1.7464,3.1089
148,31,328,101,343,72,296.7711502144621,124.32618388738553,296.8915193220694,156.97452022541748,0.7373,4,110,1,4,5000,100,71.0,10.0,15.0,0.35,0.35,0.3,0.1,12.8445,0.1161,9.0343,138.7557,1.572,3.1069
149,29,224,376,211,430,106.31385242626057,170.88007490635061,105.63249730305523,226.37358503146962,0.4994,4,110,1,4,5000,100,71.0,10.0,15.0,0.35,0.35,0.3,0.1,15.4597,0.1397,10.8641,194.7508,-1.341,-4.6995
149,30,148,132,120,111,212.8285417914125,147.56693396557372,213.60299194026265,182.49657531033287,0.4618,4,110,1,4,5000,100,71.0,10.0,15.0,0.35,0.35,0.3,0.1,11.7118,0.1058,8.2417,163.1835,-3.4243,2.2456
149,32,334,95,349,64,297.91976642810863,132.41223508422476,297.4866196242879,166.83225107874077,0.6279,4,110,1,4,5000,100,71.0,10.0,15.0,0.35,0.35,0.3,0.1,12.7295,0.115,8.9538,147.6427,1.721,3.281
149,31,328,95,343,65,295.5772907774382,129.71121771072848,295.7802265740861,163.24827717314508,0.6874,4,110,1,4,5000,100,71.0,10.0,15.0,0.35,0.35,0.3,0.1,12.669,0.1145,8.9115,144.5601,1.5726,3.269
150,29,226,366,214,416,106.63095370672143,160.72336482291553,105.87117861145701,212.08488866489287,0.4774,4,110,1,4,5000,100,71.0,10.0,15.0,0.35,0.35,0.3,0.1,15.2468,0.1378,10.7151,182.8661,-1.2802,-4.4067
150,30,154,121,124,98,217.63892232842204,149.01342221424215,217.6059913574017,186.81541692269406,0.8631,4,110,1,4,5000,100,71.0,10.0,15.0,0.35,0.35,0.3,0.1,12.4573,0.1126,8.7633,165.7869,-3.2952,2.5396
150,32,335,85,350,52,296.38430799266894,141.76741515595182,295.989233583833,178.0,0.6467,4,110,1,4,5000,100,71.0,10.0,15.0,0.35,0.35,0.3,0.1,12.5398,0.1133,8.8211,157.831,1.7464,3.5548
150,31,329,85,343,52,294.17144420979315,139.20488497175666,293.92925476745097,175.04570831642803,0.6875,4,110,1,4,5000,100,71.0,10.0,15.0,0.35,0.35,0.3,0.1,12.622,0.1141,8.8786,155.0814,1.5851,3.5542
151,29,238,362,224,409,102.77124256490144,153.80507143784303,103.69356944664852,202.76340892774513,0.4653,3,110,1,4,5000,100,71.0,10.0,15.0,0.35,0.35,0.3,0.1,15.1953,0.1373,10.6791,174.9231,-1.0095,-4.2719
151,30,159,114,128,90,220.93368122519402,149.57606760441325,220.27201218115778,188.73261509341728,0.5278,3,110,1,4,5000,100,71.0,10.0,15.0,0.35,0.35,0.3,0.1,12.8091,0.1157,9.0095,166.8883,-3.1814,2.7234
151,32,334,76,353,42,294.50740523012973,149.46571513226704,295.47642628984363,188.31091311976584,0.4158,3,110,1,4,5000,100,71.0,10.0,15.0,0.35,0.35,0.3,0.1,12.7272,0.115,8.9522,166.6547,1.7706,3.7888
152,29,237,357,229,401,103.57043438516149,149.164338901763,102.81736823279518,193.82982226685345,0.5008,4,110,1,4,5000,100,71.0,10.0,15.0,0.35,0.35,0.3,0.1,14.4116,0.1302,10.1307,168.5889,-0.9621,-4.1197
152,30,162,109,136,85,223.11771755698925,150.6950563223625,223.04007274087363,186.07794065928394,0.8332,4,110,1,4,5000,100,71.0,10.0,15.0,0.35,0.35,0.3,0.1,11.6274,0.1051,8.1827,166.5278,-3.0525,2.854
152,31,344,72,361,38,297.2161115573075,157.42934923323543,297.0894830256058,195.4405280385826,0.7713,4,110,1,4,5000,100,71.0,10.0,15.0,0.35,0.35,0.3,0.1,11.9213,0.1077,8.3883,174.3877,1.9966,3.8941
152,32,338,72,353,39,295.2405292647868,154.77725931156684,295.0893738689286,191.02355875650522,0.6824,4,110,1,4,5000,100,71.0,10.0,15.0,0.35,0.35,0.3,0.1,11.6002,0.1048,8.1636,171.0008,1.8242,3.8841
153,29,239,355,232,397,102.9946167919165,146.75830470538966,102.2004687273808,189.274932307477,0.4735,4,110,1,4,5000,100,71.0,10.0,15.0,0.35,0.35,0.3,0.1,14.0024,0.1265,9.8444,165.3269,-0.9013,-4.0496
153,30,164,105,136,80,224.7335099239416,152.029602380589,224.14490260373327,189.52572384771415,0.5279,4,110,1,4,5000,100,71.0,10.0,15.0,0.35,0.35,0.3,0.1,12.1493,0.1098,8.5479,168.7195,-3.0246,2.9626
153,31,347,66,363,32,297.18950361207794,164.13713778423212,296.8191327909692,201.6953147695801,0.6905,4,110,1,4,5000,100,71.0,10.0,15.0,0.35,0.35,0.3,0.1,11.3618,0.1027,7.9969,180.9883,2.0609,4.0472
153,32,340,66,356,32,294.9739109058834,161.05899540230592,295.01689347810003,198.63534428696218,0.8107,4,110,1,4,5000,100,71.0,10.0,15.0,0.35,0.35,0.3,0.1,11.5613,0.1045,8.1365,177.8844,1.8863,4.0457
154,29,242,356,236,399,101.76828893202065,147.09180806557515,100.8968907553255,190.4337155022713,0.4533,4,110,1,4,5000,100,71.0,10.0,15.0,0.35,0.35,0.3,0.1,14.2111,0.1284,9.9905,165.98,-0.8145,-4.0847
154,30,167,105,139,81,225.54051018713065,149.91330828182,224.56594936786058,186.6815470259447,0.4085,4,110,1,4,5000,100,71.0,10.0,15.0,0.35,0.35,0.3,0.1,12.089,0.1092,8.5057,166.2892,-2.9507,2.9507
154,31,349,67,365,34,297.96984322711296,164.17673403987544,297.5858033846913,200.83077453418338,0.7027,4,110,1,4,5000,100,71.0,10.0,15.0,0.35,0.35,0.3,0.1,11.1134,0.1004,7.823,180.6634,2.1115,4.0119
154,32,342,67,358,34,295.7693276243387,161.01242188104618,295.78732818281435,197.6866206904251,0.78,4,110,1,4,5000,100,71.0,10.0,15.0,0.35,0.35,0.3,0.1,11.3151,0.1022,7.9641,177.4747,1.9369,4.0103
155,29,244,352,239,391,101.30993247402021,142.772546380598,100.44562205652511,182.0164827701052,0.4874,4,110,1,4,5000,100,71.0,10.0,15.0,0.35,0.35,0.3,0.1,13.372,0.1208,9.4034,160.0236,-0.7542,-3.9442
155,30,169,102,145,77,226.88228244301075,150.6950563223625,226.74894604455423,185.34832073693033,0.7245,4,110,1,4,5000,100,71.0,10.0,15.0,0.35,0.35,0.3,0.1,11.4124,0.1031,8.0322,166.2349,-2.8551,3.0413
155,31,351,63,368,30,297.9325951815356,168.6475615003075,297.81041544384635,205.7668583615933,0.7628,4,110,1,4,5000,100,71.0,10.0,15.0,0.35,0.35,0.3,0.1,10.9717,0.0991,7.7239,185.3672,2.1742,4.1123
155,32,345,63,360,31,296.1017530847362,165.92166826548,295.9284576011145,201.25854019146615,0.7,4,110,1,4,5000,100,71.0,10.0,15.0,0.35,0.35,0.3,0.1,10.6506,0.0962,7.4993,181.8897,2.0014,4.1022
156,29,247,343,244,377,100.80439459753926,133.3641631023867,99.63116979246,167.35889578985635,0.3947,4,110,1,4,5000,100,71.0,10.0,15.0,0.35,0.35,0.3,0.1,12.5104,0.113,8.8005,148.4401,-0.6565,-3.6667
156,30,171,91,149,64,230.1478848241363,157.61345120261785,230.27067075164095,192.43960091415696,0.8084,4,110,1,4,5000,100,71.0,10.0,15.0,0.35,0.35,0.3,0.1,11.0103,0.0995,7.7509,173.2941,-2.7827,3.3418
156,31,353,51,370,18,296.70722403543493,180.22763384120648,296.8008349469546,217.34764779035453,0.7122,4,110,1,4,5000,100,71.0,10.0,15.0,0.35,0.35,0.3,0.1,10.3327,0.0934,7.2768,197.0548,2.2263,4.4154
156,32,347,52,362,19,295.11483488614454,176.70597047072292,295.00063935668834,212.9530464679949,0.7534,4,110,1,4,5000,100,71.0,10.0,15.0,0.35,0.35,0.3,0.1,10.2947,0.093,7.2502,193.1436,2.0523,4.3908
157,29,247,341,244,375,100.96787218266168,131.40015220691336,99.74709013910746,165.38742394752995,0.3814,4,110,1,4,5000,100,71.0,10.0,15.0,0.35,0.35,0.3,0.1,12.6735,0.1145,8.9146,146.4477,-0.6563,-3.6159
157,30,171,86,150,61,231.28477998415957,161.48374531202822,231.06362536851174,194.12624758130983,0.7237,4,110,1,4,5000,100,71.0,10.0,15.0,0.35,0.35,0.3,0.1,10.1586,0.0918,7.155,176.3068,-2.7744,3.4463
157,31,355,47,371,14,296.7037816069656,184.69975636150687,296.565051177078,221.37072977247917,0.7258,4,110,1,4,5000,100,71.0,10.0,15.0,0.35,0.35,0.3,0.1,9.9942,0.0903,7.04,201.3794,2.2649,4.5174
157,32,348,47,364,14,294.73108384586317,181.66177363441105,294.92177052258523,218.33002542023394,0.7194,4,110,1,4,5000,100,71.0,10.0,15.0,0.35,0.35,0.3,0.1,10.1453,0.0917,7.1457,198.3152,2.0902,4.5163
158,29,246,338,242,371,101.659292653523,128.65457628860312,100.68491240000272,161.8054387219416,0.4592,4,110,1,4,5000,100,71.0,10.0,15.0,0.35,0.35,0.3,0.1,12.6309,0.1141,8.8848,143.3382,-0.6935,-3.5295
158,30,170,84,149,58,231.44953470384226,163.67040050051813,231.38559251256706,197.0913493789111,0.9106,4,110,1,4,5000,100,71.0,10.0,15.0,0.35,0.35,0.3,0.1,10.2524,0.0926,7.2206,178.8328,-2.7989,3.5079
158,31,354,46,370,13,296.2882621249002,185.14858897652988,296.21850834938743,221.82200071228283,0.7743,4,110,1,4,5000,100,71.0,10.0,15.0,0.35,0.35,0.3,0.1,9.9727,0.0901,7.0249,201.8329,2.2401,4.5425
158,32,348,46,363,13,294.59979060515747,182.5705343148231,294.573975236911,218.81956036881164,0.8492,4,110,1,4,5000,100,71.0,10.0,15.0,0.35,0.35,0.3,0.1,9.9944,0.0903,7.0401,199.0582,2.0783,4.5423
159,29,249,331,243,361,100.93909118319215,121.2023102090055,101.01383289035141,151.79591562357663,0.8014,4,110,1,4,5000,100,71.0,10.0,15.0,0.35,0.35,0.3,0.1,12.4022,0.1121,8.7248,134.7849,-0.6443,-3.3204
159,33,244,331,236,361,103.2405199151872,122.24974437601087,103.58296352983672,153.28731193415845,0.7348,4,110,1,4,5000,100,71.0,10.0,15.0,0.35,0.35,0.3,0.1,12.4662,0.1126,8.7696,136.0204,-0.7928,-3.32
159,30,168,77,147,50,232.39040920928772,170.41420128616042,232.34604483482,204.6191584383046,0.8721,4,110,1,4,5000,100,71.0,10.0,15.0,0.35,0.35,0.3,0.1,10.0936,0.0912,7.1095,185.9568,-2.8494,3.6955
159,32,346,39,360,5,293.15860742208326,188.16216410320115,293.0313528697508,224.92887764802455,0.7272,4,110,1,4,5000,100,71.0,10.0,15.0,0.35,0.35,0.3,0.1,9.85,0.089,6.9391,204.9093,2.0165,4.7301
160,29,247,328,240,357,102.16220351968184,118.66338946785567,102.4451031967319,148.48905683584903,0.7774,4,110,1,4,5000,100,71.0,10.0,15.0,0.35,0.35,0.3,0.1,12.3554,0.1116,8.6921,131.9113,-0.7063,-3.234
160,33,242,328,233,357,104.50016676655257,119.81652640600127,105.05431655960483,150.1532550429727,0.6704,4,110,1,4,5000,100,71.0,10.0,15.0,0.35,0.35,0.3,0.1,12.436,0.1124,8.7484,133.2804,-0.8548,-3.2335
160,34,160,70,139,42,231.73601121411937,180.8535318980528,231.96204626560927,215.84485168750263,0.7695,4,110,1,4,5000,100,71.0,10.0,15.0,0.35,0.35,0.3,0.1,9.7617,0.0882,6.8773,196.806,-3.0501,3.8842
160,30,166,69,145,42,233.4519853695547,178.0028089666003,233.23810558064156,212.20037700249262,0.8634,4,110,1,4,5000,100,71.0,10.0,15.0,0.35,0.35,0.3,0.1,9.6991,0.0876,6.8335,193.603,-2.901,3.8971
161,29,246,339,239,370,101.56997204790201,129.634100452003,101.79724813072376,161.4094173212951,0.7648,4,110,1,4,5000,100,71.0,10.0,15.0,0.35,0.35,0.3,0.1,12.0825,0.1092,8.5011,143.7872,-0.7315,-3.5333
161,33,240,339,233,370,104.14234664203269,130.96946208945045,103.86546668748062,162.74212730574712,0.7336,4,110,1,4,5000,100,71.0,10.0,15.0,0.35,0.35,0.3,0.1,11.9718,0.1082,8.4236,145.1373,-0.8804,-3.5341
161,34,164,78,143,53,231.13222249767932,172.10461934532728,230.94686305397352,204.74862636901864,0.9042,4,110,1,4,5000,100,71.0,10.0,15.0,0.35,0.35,0.3,0.1,9.5864,0.0866,6.7547,187.0128,-2.9513,3.6487
161,32,343,40,356,8,292.43037980334157,186.07794065928394,292.38013505195954,220.61731573020282,0.7534,4,110,1,4,5000,100,71.0,10.0,15.0,0.35,0.35,0.3,0.1,9.3988,0.0849,6.6234,201.881,1.9308,4.6837
162,29,243,356,239,390,101.38642879640919,146.8911161370898,100.50300301891784,181.0331461362808,0.4485,3,110,1,4,5000,100,71.0,10.0,15.0,0.35,0.35,0.3,0.1,11.5224,0.1041,8.1092,162.1848,-0.7695,-3.9965
162,34,168,95,147,74,228.36646066342982,156.54072952429985,227.82980759288716,186.19613314996636,0.65,3,110,1,4,5000,100,71.0,10.0,15.0,0.35,0.35,0.3,0.1,9.5757,0.0865,6.7471,170.0855,-2.8518,3.1756
162,31,346,58,359,29,295.6651914621736,170.85666507338834,295.4268741695898,202.62773748921938,0.7793,3,110,1,4,5000,100,71.0,10.0,15.0,0.35,0.35,0.3,0.1,9.4143,0.0851,6.6342,185.3909,2.0055,4.1978
163,29,251,362,243,399,97.96961039432136,151.46286673637206,98.81522102322316,189.2353032602532,0.4747,3,110,1,4,5000,100,71.0,10.0,15.0,0.35,0.35,0.3,0.1,12.2696,0.1109,8.632,168.2552,-0.6197,-4.1765
163,34,170,103,151,83,226.90011096557686,149.2816130673835,226.83283950594205,176.86718180600946,0.8974,3,110,1,4,5000,100,71.0,10.0,15.0,0.35,0.35,0.3,0.1,9.3604,0.0846,6.5965,161.9078,-2.778,2.9648
163,31,349,65,363,39,297.64597536373867,165.94577427581578,297.74488899790805,195.47378340841516,0.7901,3,110,1,4,5000,100,71.0,10.0,15.0,0.35,0.35,0.3,0.1,9.0417,0.0817,6.3735,179.5036,2.0938,3.9883
164,33,252,364,247,400,97.49585763972986,153.3101431738944,97.57467968315785,189.6549498431296,0.8086,6,110,1,4,5000,100,71.0,10.0,15.0,0.35,0.35,0.3,0.1,11.7279,0.106,8.253,169.5568,-0.5583,-4.2181
164,29,246,364,241,400,99.70665240933971,154.20765220960988,99.36345124574484,190.53870997778904,0.6357,6,110,1,4,5000,100,71.0,10.0,15.0,0.35,0.35,0.3,0.1,11.6629,0.1054,8.2075,170.4588,-0.7072,-4.2186
164,34,171,106,152,87,226.3836869673685,146.4137971640651,226.1691393279074,173.27723451163456,0.7468,6,110,1,4,5000,100,71.0,10.0,15.0,0.35,0.35,0.3,0.1,9.2995,0.084,6.5539,158.7169,-2.7533,2.8779
164,35,165,107,146,87,224.45948981286932,149.91330828182,224.77173116984656,177.48521065147935,0.6997,6,110,1,4,5000,100,71.0,10.0,15.0,0.35,0.35,0.3,0.1,9.32,0.0842,6.5682,162.5383,-2.9027,2.8654
164,36,357,68,371,43,300.55240928515974,167.2154299100415,300.3617214616263,195.86219645454813,0.7277,6,110,1,4,5000,100,71.0,10.0,15.0,0.35,0.35,0.3,0.1,8.7318,0.0789,6.1567,180.4087,2.2943,3.9028
164,31,350,68,364,43,298.44292862436333,163.76812876747417,298.56293103355466,192.41881404893857,0.7817,6,110,1,4,5000,100,71.0,10.0,15.0,0.35,0.35,0.3,0.1,8.9019,0.0804,6.2757,176.9412,2.1192,3.9018
165,33,252,361,246,396,97.64501327167072,150.3362896974646,98.04289423350532,185.82787734890587,0.7518,5,110,1,4,5000,100,71.0,10.0,15.0,0.35,0.35,0.3,0.1,11.6842,0.1056,8.2225,166.2085,-0.5707,-4.1316
165,29,246,361,241,396,99.89825994415253,151.25144627407698,99.56328382954307,186.59314028120113,0.6616,5,110,1,4,5000,100,71.0,10.0,15.0,0.35,0.35,0.3,0.1,11.577,0.1046,8.1474,167.0738,-0.7074,-4.1325
165,35,170,102,151,83,227.16107948822636,150.0133327407934,226.83283950594205,176.86718180600946,0.6809,5,110,1,4,5000,100,71.0,10.0,15.0,0.35,0.35,0.3,0.1,9.0917,0.0822,6.4085,162.3372,-2.7791,2.9785
165,36,356,65,371,39,299.7448812969422,169.30741271426953,299.7805351688262,199.32385707686876,0.8181,5,110,1,4,5000,100,71.0,10.0,15.0,0.35,0.35,0.3,0.1,9.0114,0.0814,6.3523,183.0936,2.2809,3.9884
165,31,349,65,363,39,297.64597536373867,165.94577427581578,297.74488899790805,195.47378340841516,0.7642,5,110,1,4,5000,100,71.0,10.0,15.0,0.35,0.35,0.3,0.1,9.0417,0.0817,6.3735,179.5036,2.0938,3.9883
166,33,250,358,245,392,98.56914187983764,147.648230602334,98.53076560994813,182.01373574541017,0.8326,6,110,1,4,5000,100,71.0,10.0,15.0,0.35,0.35,0.3,0.1,11.5367,0.1042,8.1192,163.0398,-0.6081,-4.0459
166,29,245,358,239,391,100.47742359600488,148.47558721890948,100.44562205652511,182.0164827701052,0.8226,6,110,1,4,5000,100,71.0,10.0,15.0,0.35,0.35,0.3,0.1,11.2316,0.1015,7.9057,163.544,-0.7451,-4.0358
166,34,163,100,144,80,225.7777229942636,156.28499608087785,225.88140399658212,183.86951895297926,0.7487,6,110,1,4,5000,100,71.0,10.0,15.0,0.35,0.35,0.3,0.1,8.9746,0.0811,6.3266,168.9588,-2.9541,3.0413
166,35,169,99,150,79,227.6506896834218,152.89865924853626,227.47005129596087,180.47991578012218,0.8201,6,110,1,4,5000,100,71.0,10.0,15.0,0.35,0.35,0.3,0.1,9.1559,0.0827,6.4534,165.5484,-2.8038,3.0655
166,36,355,61,369,35,298.79622578510924,172.30786401090347,298.72373705794,201.83656754909404,0.8121,6,110,1,4,5000,100,71.0,10.0,15.0,0.35,0.35,0.3,0.1,8.7344,0.0789,6.1585,185.907,2.2444,4.0898
166,31,348,61,362,35,296.7166269597463,169.04733065032408,296.95217893122896,198.56736892047493,0.7098,6,110,1,4,5000,100,71.0,10.0,15.0,0.35,0.35,0.3,0.1,8.8869,0.0803,6.2652,182.6221,2.0694,4.0889
167,29,244,353,238,385,101.23176638402444,143.75326083258076,101.11873480938543,176.30938715791623,0.7553,3,110,1,4,5000,100,71.0,10.0,15.0,0.35,0.35,0.3,0.1,11.257,0.1017,7.9235,158.3756,-0.7699,-3.899
167,36,354,55,368,28,297.5777498904914,177.12425017484196,297.5528115767178,207.53794833716555,0.806,3,110,1,4,5000,100,71.0,10.0,15.0,0.35,0.35,0.3,0.1,8.7502,0.0791,6.1695,191.1288,2.2194,4.2518
167,31,347,55,360,28,295.5341329916476,173.99425277864785,295.5599651718238,203.9607805437114,0.7865,3,110,1,4,5000,100,71.0,10.0,15.0,0.35,0.35,0.3,0.1,8.7745,0.0793,6.1866,187.7896,2.0323,4.2516
168,35,167,92,148,71,228.81407483429035,159.45218719101973,228.67054863271613,187.76847445724215,0.8059,3,110,1,4,5000,100,71.0,10.0,15.0,0.35,0.35,0.3,0.1,9.0252,0.0816,6.362,172.4557,-2.8542,3.253
168,36,353,54,367,26,297.1423190944424,177.55280904564702,297.0557953176791,208.85641000457707,0.7862,3,110,1,4,5000,100,71.0,10.0,15.0,0.35,0.35,0.3,0.1,8.9655,0.081,6.3202,191.9366,2.1938,4.2879
168,31,346,53,359,27,294.95768325510636,175.37673733993344,295.1862067545043,204.43580899636933,0.7116,3,110,1,4,5000,100,71.0,10.0,15.0,0.35,0.35,0.3,0.1,8.4672,0.0765,5.9715,188.7946,2.0083,4.2909
169,33,247,349,241,379,100.34164529447891,139.26234236145822,100.5160463845448,169.85287751463028,0.7524,5,110,1,4,5000,100,71.0,10.0,15.0,0.35,0.35,0.3,0.1,10.952,0.099,7.7101,153.044,-0.6958,-3.777
169,29,241,349,235,379,102.75002583581637,140.46351839534705,102.49247557736109,171.04970037974343,0.7178,5,110,1,4,5000,100,71.0,10.0,15.0,0.35,0.35,0.3,0.1,10.8661,0.0982,7.65,154.255,-0.845,-3.7775
169,35,165,88,146,66,229.2089849241702,163.783393541592,229.20535700170856,192.85227507084275,0.8891,5,110,1,4,5000,100,71.0,10.0,15.0,0.35,0.35,0.3,0.1,9.0205,0.0815,6.3587,177.1332,-2.904,3.3652
169,36,352,49,365,22,296.1416910531666,181.5736765062601,296.08053182203327,211.53959440256097,0.8038,5,110,1,4,5000,100,71.0,10.0,15.0,0.35,0.35,0.3,0.1,8.436,0.0762,5.9497,195.4145,2.158,4.4034
169,31,345,49,357,22,294.12535317354997,178.60011198204776,294.10223450116115,208.1465829649865,0.8006,5,110,1,4,5000,100,71.0,10.0,15.0,0.35,0.35,0.3,0.1,8.4548,0.0764,5.9629,192.2447,1.9709,4.4033
170,33,249,359,244,391,98.89254870824813,148.78844041120936,98.89042325736388,181.1767093199344,0.9232,4,110,1,4,5000,100,71.0,10.0,15.0,0.35,0.35,0.3,0.1,10.8629,0.0982,7.6478,163.393,-0.6337,-4.0509
170,35,168,95,149,75,228.36646066342982,156.54072952429985,228.08218082452814,184.1140950606444,0.703,4,110,1,4,5000,100,71.0,10.0,15.0,0.35,0.35,0.3,0.1,8.9578,0.0809,6.3148,169.2115,-2.8295,3.1661
170,31,355,56,367,29,298.0152674680114,176.70597047072292,297.434985312707,206.1892334725555,0.5017,4,110,1,4,5000,100,71.0,10.0,15.0,0.35,0.35,0.3,0.1,8.5216,0.077,6.0096,190.3125,2.2202,4.2283
170,36,348,56,360,30,295.97439396243135,173.5280957078709,295.8045323999471,202.15835377248203,0.6764,4,110,1,4,5000,100,71.0,10.0,15.0,0.35,0.35,0.3,0.1,8.4339,0.0762,5.9482,186.7523,2.0458,4.2163
171,37,254,370,250,404,96.49934627965457,159.02201105507376,96.53663364879706,193.25630649476875,0.8776,4,110,1,4,5000,100,71.0,10.0,15.0,0.35,0.35,0.3,0.1,10.7548,0.0972,7.5721,174.4757,-0.4971,-4.35
171,33,248,370,243,403,98.63713141507075,159.81239000778382,98.63341982736377,193.18902660347973,0.8769,4,110,1,4,5000,100,71.0,10.0,15.0,0.35,0.35,0.3,0.1,10.4639,0.0946,7.3686,174.9228,-0.659,-4.3398
171,35,171,105,154,86,226.6523046776513,147.13938969562162,226.87787744728536,172.6267650163207,0.8262,4,110,1,4,5000,100,71.0,10.0,15.0,0.35,0.35,0.3,0.1,8.821,0.0797,6.2191,158.8673,-2.7304,2.9049
171,36,351,66,363,41,298.41763805901707,166.00301202086666,298.0202891554139,193.70596273734063,0.5964,4,110,1,4,5000,100,71.0,10.0,15.0,0.35,0.35,0.3,0.1,8.5232,0.077,6.0107,178.7877,2.1204,3.9538
172,37,259,380,256,415,94.42478445174396,168.50222550459088,94.50660688376833,203.62956563328422,0.8526,5,110,1,4,5000,100,71.0,10.0,15.0,0.35,0.35,0.3,0.1,10.4466,0.0944,7.3565,184.408,-0.3606,-4.6135
172,33,253,380,249,415,96.4524628880025,169.07099100673656,96.46407431937685,204.29880077964236,0.8276,5,110,1,4,5000,100,71.0,10.0,15.0,0.35,0.35,0.3,0.1,10.4417,0.0944,7.3531,185.023,-0.5223,-4.6135
172,35,176,116,158,99,225.0,135.7645019878171,224.74759731771084,160.51479682571323,0.7386,5,110,1,4,5000,100,71.0,10.0,15.0,0.35,0.35,0.3,0.1,9.245,0.0835,6.5157,147.1059,-2.6165,2.604
172,31,362,76,376,54,303.49518467374116,163.0828010551695,303.35402575151676,189.15602025840997,0.6852,5,110,1,4,5000,100,71.0,10.0,15.0,0.35,0.35,0.3,0.1,8.1919,0.074,5.7789,175.1544,2.4208,3.6686
172,36,355,77,369,54,301.5838165181591,158.47397262642215,301.5467646935446,185.39956850003725,0.7701,5,110,1,4,5000,100,71.0,10.0,15.0,0.35,0.35,0.3,0.1,8.6655,0.0783,6.1103,170.8826,2.2446,3.6537
173,37,264,389,262,425,92.58787850740532,177.18069872308325,92.68796896560359,213.23461257497573,0.7849,6,110,1,4,5000,100,71.0,10.0,15.0,0.35,0.35,0.3,0.1,10.22,0.0923,7.198,193.5429,-0.2239,-4.8516
173,33,258,388,256,425,94.54804240912542,176.555940143627,94.2958405112715,213.60009363293827,0.6733,6,110,1,4,5000,100,71.0,10.0,15.0,0.35,0.35,0.3,0.1,10.5077,0.0949,7.3993,193.3194,-0.373,-4.8368
173,38,175,127,159,112,221.22771639062017,128.9728653632228,221.50740683914395,150.89400253157845,0.7183,6,110,1,4,5000,100,71.0,10.0,15.0,0.35,0.35,0.3,0.1,8.6684,0.0783,6.1123,139.0749,-2.6187,2.307
173,35,181,126,165,112,223.38190546726253,125.2078272313676,223.06319961377895,146.4547711752676,0.7179,6,110,1,4,5000,100,71.0,10.0,15.0,0.35,0.35,0.3,0.1,8.6555,0.0782,6.1033,135.0004,-2.4691,2.3195
173,31,368,87,383,67,307.5242626144518,157.610278852618,307.4346789315677,182.60887163552596,0.7724,6,110,1,4,5000,100,71.0,10.0,15.0,0.35,0.35,0.3,0.1,8.1317,0.0735,5.7368,169.1912,2.5832,3.3694
173,36,361,87,376,67,305.45086607126404,153.44705927452634,305.6496563715762,178.44046626256053,0.7555,6,110,1,4,5000,100,71.0,10.0,15.0,0.35,0.35,0.3,0.1,8.3341,0.0753,5.8784,165.0027,2.4079,3.3685
174,37,268,384,267,420,91.33221985386963,172.04650534085255,91.37703719377274,208.0600874747485,0.8594,5,110,1,4,5000,100,71.0,10.0,15.0,0.35,0.35,0.3,0.1,10.4855,0.0947,7.3837,188.3472,-0.1119,-4.7251
174,33,263,383,261,419,93.01278750418334,171.23667831396403,93.04184215661837,207.2920644887305,0.779,5,110,1,4,5000,100,71.0,10.0,15.0,0.35,0.35,0.3,0.1,10.5414,0.0953,7.4228,187.5472,-0.2487,-4.6998
174,38,184,122,170,107,225.64374571417537,125.8729518204765,225.830315486258,146.38647478507022,0.7703,5,110,1,4,5000,100,71.0,10.0,15.0,0.35,0.35,0.3,0.1,8.3384,0.0753,5.8814,135.3569,-2.3704,2.4328
174,31,371,83,387,62,307.5041423602701,162.60996279441184,307.4761795613614,189.01058171435798,0.8043,5,110,1,4,5000,100,71.0,10.0,15.0,0.35,0.35,0.3,0.1,8.3093,0.0751,5.8611,174.8192,2.6699,3.4809
174,36,364,83,379,62,305.495641277497,158.4455742518547,305.50152903998014,184.25254408012933,0.8164,5,110,1,4,5000,100,71.0,10.0,15.0,0.35,0.35,0.3,0.1,8.334,0.0753,5.8783,170.3774,2.4827,3.4808
175,37,273,382,273,417,89.6629698901422,170.00294115102832,89.72051060945526,205.00243900988104,0.8467,5,110,1,4,5000,100,71.0,10.0,15.0,0.35,0.35,0.3,0.1,10.3288,0.0933,7.2741,185.8694,0.0249,-4.6642
175,33,267,382,266,417,91.6846843178963,170.07351351694948,91.67647104680675,205.08778608196053,0.7869,5,110,1,4,5000,100,71.0,10.0,15.0,0.35,0.35,0.3,0.1,10.3289,0.0933,7.2741,185.9467,-0.1368,-4.6642
175,38,189,120,174,105,227.94404634998762,123.90722335683259,227.51381023617773,145.09651959988565,0.7216,5,110,1,4,5000,100,71.0,10.0,15.0,0.35,0.35,0.3,0.1,8.7174,0.0788,6.1466,133.6673,-2.2569,2.4814
175,31,375,80,391,58,307.96502408956883,167.4305826305338,307.69424046668917,194.62014284240982,0.694,5,110,1,4,5000,100,71.0,10.0,15.0,0.35,0.35,0.3,0.1,8.3111,0.0751,5.8623,180.0044,2.7697,3.5682
175,36,368,80,383,58,306.0273733851036,163.21764610482532,305.7832797516086,189.8341381311591,0.6979,5,110,1,4,5000,100,71.0,10.0,15.0,0.35,0.35,0.3,0.1,8.3433,0.0754,5.8849,175.5226,2.5825,3.5681
176,33,272,379,275,413,90.0,167.0,89.14490260373329,201.02238681301145,0.4304,2,110,1,4,5000,100,71.0,10.0,15.0,0.35,0.35,0.3,0.1,10.231,0.0924,7.2056,182.4386,0.0373,-4.578
176,36,371,78,387,56,306.45721009232426,166.6043216726385,306.3968782213016,193.80660463462024,0.7707,2,110,1,4,5000,100,71.0,10.0,15.0,0.35,0.35,0.3,0.1,8.3528,0.0755,5.8915,179.1789,2.6698,3.6179
177,33,277,375,278,408,88.2430116900918,163.07666908543356,88.24659513992847,196.09181522949905,0.8751,4,110,1,4,5000,100,71.0,10.0,15.0,0.35,0.35,0.3,0.1,10.1728,0.0919,7.1649,178.0668,0.1369,-4.4663
177,38,198,112,186,96,233.49855887949366,124.4025723206719,233.44752724790845,144.40221604947757,0.8655,4,110,1,4,5000,100,71.0,10.0,15.0,0.35,0.35,0.3,0.1,8.234,0.0744,5.8084,133.6584,-1.9964,2.6952
177,36,385,72,403,50,308.9084862911458,179.91386828146406,308.9604580108364,208.33866659840174,0.7993,4,110,1,4,5000,100,71.0,10.0,15.0,0.35,0.35,0.3,0.1,8.1023,0.0732,5.7162,193.0857,3.0451,3.7689
177,31,378,72,395,49,307.1309244482095,175.60182231400674,307.0382491089919,204.20088148683394,0.8162,4,110,1,4,5000,100,71.0,10.0,15.0,0.35,0.35,0.3,0.1,8.3334,0.0753,5.8779,188.8246,2.857,3.7802
178,37,279,376,281,410,87.5559319423646,164.14932226482082,87.39743779750019,198.20443990990717,0.7916,5,110,1,4,5000,100,71.0,10.0,15.0,0.35,0.35,0.3,0.1,10.401,0.094,7.3246,179.5766,0.199,-4.5019
178,33,285,376,287,409,85.46773829129855,164.51443705644803,85.6457789369304,197.57024067404484,0.7981,5,110,1,4,5000,100,71.0,10.0,15.0,0.35,0.35,0.3,0.1,10.1033,0.0913,7.1163,179.5335,0.3484,-4.4917
178,38,201,114,189,98,234.07705380092943,121.01652779682617,233.9427539484097,141.01418368376991,0.8678,5,110,1,4,5000,100,71.0,10.0,15.0,0.35,0.35,0.3,0.1,8.446,0.0763,5.9567,130.2523,-1.921,2.6445
178,36,388,74,406,51,310.04972776570827,180.27756377319946,309.7705492265088,209.46837470128995,0.7407,5,110,1,4,5000,100,71.0,10.0,15.0,0.35,0.35,0.3,0.1,8.2888,0.0749,5.8467,193.7798,3.1192,3.7305
178,31,381,73,399,51,308.10257244224823,176.64087862100325,308.2670786731404,205.0609665440988,0.7938,5,110,1,4,5000,100,71.0,10.0,15.0,0.35,0.35,0.3,0.1,8.24,0.0745,5.8126,189.7929,2.9447,3.7433
179,33,292,382,296,417,83.29016319224307,171.1724276862369,83.32259782195875,206.40009689920205,0.8344,4,110,1,4,5000,100,71.0,10.0,15.0,0.35,0.35,0.3,0.1,10.3255,0.0933,7.2717,187.1429,0.5473,-4.6642
179,37,286,382,290,417,85.29214775562778,170.57549648176317,84.98202036136544,205.7887266105702,0.7232,4,110,1,4,5000,100,71.0,10.0,15.0,0.35,0.35,0.3,0.1,10.3544,0.0936,7.292,186.5348,0.398,-4.664
179,38,207,117,195,101,235.61965527615513,115.10864433221339,235.25119875081742,135.09256086106296,0.734,4,110,1,4,5000,100,71.0,10.0,15.0,0.35,0.35,0.3,0.1,8.8393,0.0799,6.2319,124.3025,-1.7703,2.5682
179,31,386,77,404,55,310.1792339219073,176.69465187152667,310.05592558920216,205.11703976023054,0.7658,4,110,1,4,5000,100,71.0,10.0,15.0,0.35,0.35,0.3,0.1,8.2383,0.0744,5.8114,189.848,3.0695,3.6434
180,37,296,390,300,427,82.32103619263131,179.61069010501575,82.5799851047388,216.8155898453799,0.7844,5,110,1,4,5000,100,71.0,10.0,15.0,0.35,0.35,0.3,0.1,10.3864,0.0939,7.3144,196.4673,0.6467,-4.8876
180,33,290,390,294,427,84.22567409733672,178.90779748239035,84.15751073380838,216.12265036316762,0.8456,5,110,1,4,5000,100,71.0,10.0,15.0,0.35,0.35,0.3,0.1,10.4259,0.0942,7.342,195.7623,0.4974,-4.8872
180,38,212,126,202,112,235.09750438407525,104.86181383134664,235.0079798014413,122.06555615733703,0.8999,5,110,1,4,5000,100,71.0,10.0,15.0,0.35,0.35,0.3,0.1,8.39,0.0758,5.9175,112.8116,-1.6217,2.3203
180,36,399,86,419,66,315.22646435234117,178.89941307897016,315.19554797627086,207.18349355100662,0.7952,5,110,1,4,5000,100,71.0,10.0,15.0,0.35,0.35,0.3,0.1,8.1075,0.0733,5.7199,192.0054,3.4194,3.3945
180,31,392,86,411,66,313.60281897270363,174.0,313.59301812101796,201.58620984581262,0.8203,5,110,1,4,5000,100,71.0,10.0,15.0,0.35,0.35,0.3,0.1,8.1285,0.0734,5.7345,186.78,3.2322,3.3944
181,37,297,398,302,436,82.34483294316708,187.6725872363889,82.3718503314193,226.0,0.8346,5,110,1,4,5000,100,71.0,10.0,15.0,0.35,0.35,0.3,0.1,10.2537,0.0927,7.2215,205.0607,0.6842,-5.1001
181,33,292,398,296,436,83.86274405073802,187.0721785835617,83.8844964337146,225.28204544525957,0.7486,5,110,1,4,5000,100,71.0,10.0,15.0,0.35,0.35,0.3,0.1,10.2549,0.0927,7.2224,204.4068,0.5473,-5.1001
181,38,215,133,205,120,234.18883607735876,97.41663102366043,233.93561384258174,113.81124724736128,0.7288,5,110,1,4,5000,100,71.0,10.0,15.0,0.35,0.35,0.3,0.1,8.5897,0.0776,6.0572,104.9777,-1.5465,2.1326
181,36,402,94,422,74,317.7702157972002,175.56765077883796,317.3859440303888,203.82345301755635,0.5745,5,110,1,4,5000,100,71.0,10.0,15.0,0.35,0.35,0.3,0.1,8.2423,0.0745,5.8142,188.6434,3.4937,3.1942
181,31,395,94,414,74,316.1885386092088,170.4494059831245,315.8184554616886,198.01010075246163,0.648,5,110,1,4,5000,100,71.0,10.0,15.0,0.35,0.35,0.3,0.1,8.278,0.0748,5.8392,183.199,3.3064,3.1941
182,33,296,404,300,442,82.8749836510982,193.49418595916518,83.05901657125743,231.69807940507405,0.8358,6,110,1,4,5000,100,71.0,10.0,15.0,0.35,0.35,0.3,0.1,9.9437,0.0899,7.0046,210.8798,0.6472,-5.2521
182,37,290,403,294,442,84.61629832318825,191.84629264074925,84.53615718676336,231.04977818643323,0.7822,6,110,1,4,5000,100,71.0,10.0,15.0,0.35,0.35,0.3,0.1,10.2593,0.0927,7.2254,209.6309,0.4976,-5.2369
182,35,208,140,198,128,228.36646066342982,96.33275663033837,228.62148470411734,111.94641575325224,0.727,6,110,1,4,5000,100,71.0,10.0,15.0,0.35,0.35,0.3,0.1,8.2963,0.075,5.852,103.5543,-1.7218,1.9463
182,38,214,140,204,128,231.14662565964667,92.45539465060976,231.00900595749454,108.07404868885037,0.8478,6,110,1,4,5000,100,71.0,10.0,15.0,0.35,0.35,0.3,0.1,8.6197,0.0779,6.0782,99.6565,-1.5713,1.9455
182,31,401,101,421,83,319.289153328819,170.182255244194,319.11490909823726,197.08373854785685,0.7431,6,110,1,4,5000,100,71.0,10.0,15.0,0.35,0.35,0.3,0.1,8.1063,0.0732,5.719,182.6478,3.4694,2.9951
182,36,394,100,414,83,317.44704864232364,165.61400906928134,317.74640067734424,191.84629264074925,0.6945,6,110,1,4,5000,100,71.0,10.0,15.0,0.35,0.35,0.3,0.1,8.1215,0.0734,5.7296,177.7676,3.2946,3.0076
183,37,290,395,292,431,84.38241940987318,183.88311504866346,84.78198287642492,219.91134577370036,0.7089,4,110,1,4,5000,100,71.0,10.0,15.0,0.35,0.35,0.3,0.1,9.8744,0.0892,6.9561,200.2899,0.473,-5.0038
183,33,284,395,286,431,86.24827092947402,183.3930205869351,86.34223336102562,219.44703233354514,0.8389,4,110,1,4,5000,100,71.0,10.0,15.0,0.35,0.35,0.3,0.1,9.9048,0.0895,6.9774,199.8066,0.3236,-5.0035
183,35,210,133,199,121,231.87481802870425,100.42410069301094,231.26349061433456,116.66190466471906,0.7375,4,110,1,4,5000,100,71.0,10.0,15.0,0.35,0.35,0.3,0.1,8.2779,0.0748,5.8391,107.9357,-1.6844,2.1211
183,36,390,95,408,77,315.24381035610406,166.1715980545412,315.2114225810393,191.62724232217087,0.8847,4,110,1,4,5000,100,71.0,10.0,15.0,0.35,0.35,0.3,0.1,7.8736,0.0711,5.5562,177.9939,3.1708,3.1459
184,37,286,388,289,423,85.45195759087458,176.555940143627,85.39370214935815,211.68372634664195,0.8513,5,110,1,4,5000,100,71.0,10.0,15.0,0.35,0.35,0.3,0.1,10.0133,0.0905,7.0533,192.5307,0.3858,-4.816
184,33,281,388,282,423,87.07265200825913,176.22996340009834,87.28659055496666,211.23683390924037,0.7484,5,110,1,4,5000,100,71.0,10.0,15.0,0.35,0.35,0.3,0.1,9.9987,0.0903,7.0431,192.152,0.2364,-4.8161
184,35,204,125,193,110,231.98848972998346,110.42191811411355,232.24186685891618,129.0155029444136,0.8067,5,110,1,4,5000,100,71.0,10.0,15.0,0.35,0.35,0.3,0.1,8.594,0.0777,6.0603,118.9968,-1.8333,2.3571
184,31,392,86,410,66,313.60281897270363,174.0,313.38646106711883,200.89798406156294,0.711,5,110,1,4,5000,100,71.0,10.0,15.0,0.35,0.35,0.3,0.1,7.9402,0.0717,5.6028,186.4841,3.2205,3.3952
184,36,385,85,403,66,311.66152945623566,169.9941175452845,311.9003678794687,196.1555505204989,0.7373,5,110,1,4,5000,100,71.0,10.0,15.0,0.35,0.35,0.3,0.1,7.9073,0.0715,5.5798,182.1402,3.0459,3.4079
185,37,284,382,285,416,85.96228937902288,170.42300314218147,86.35372879124317,204.41379601191306,0.7377,5,110,1,4,5000,100,71.0,10.0,15.0,0.35,0.35,0.3,0.1,10.0357,0.0907,7.069,185.8772,0.3111,-4.654
185,33,278,381,278,416,87.96668433058561,169.10647533432893,88.31531568210372,204.08821622033938,0.6988,5,110,1,4,5000,100,71.0,10.0,15.0,0.35,0.35,0.3,0.1,10.3737,0.0937,7.3055,184.9578,0.1492,-4.639
185,35,203,120,191,105,233.13010235415598,115.0,232.87393813172562,134.2013412749664,0.7879,5,110,1,4,5000,100,71.0,10.0,15.0,0.35,0.35,0.3,0.1,8.5272,0.0771,6.0135,123.8609,-1.8709,2.482
185,31,390,81,408,60,312.01136754477056,176.30938715791623,311.8201698801358,203.9607805437114,0.6849,5,110,1,4,5000,100,71.0,10.0,15.0,0.35,0.35,0.3,0.1,8.0473,0.0727,5.6778,189.1297,3.1701,3.532
185,36,383,82,400,61,310.49222920659867,170.94151046483705,310.28734831021154,197.9520143873257,0.7607,5,110,1,4,5000,100,71.0,10.0,15.0,0.35,0.35,0.3,0.1,8.1032,0.0732,5.7169,183.4579,2.9827,3.5068
186,33,274,371,273,404,89.27933637748235,159.0125781188394,89.70158718000512,192.00260414900626,0.6883,3,110,1,4,5000,100,71.0,10.0,15.0,0.35,0.35,0.3,0.1,10.4012,0.094,7.3247,173.9573,0.0373,-4.3651
186,35,196,109,183,92,233.5777165250165,128.00390619039717,233.4369041314059,149.40214188558343,0.7826,3,110,1,4,5000,100,71.0,10.0,15.0,0.35,0.35,0.3,0.1,8.5367,0.0771,6.0201,137.8777,-2.0579,2.7813
186,36,377,70,394,47,306.4805778425889,176.60407696313243,306.47899683322083,205.20477577288497,0.8359,3,110,1,4,5000,100,71.0,10.0,15.0,0.35,0.35,0.3,0.1,8.29,0.0749,5.8476,189.8332,2.8322,3.8303
187,37,267,368,266,401,91.8357747405457,156.08010763707205,91.81830296445185,189.0952141118331,0.7913,5,110,1,4,5000,100,71.0,10.0,15.0,0.35,0.35,0.3,0.1,10.5852,0.0956,7.4535,171.0088,-0.1368,-4.2891
187,33,273,369,273,400,89.63506366426935,157.00318468107582,89.69523808957892,188.0026595556563,0.8305,5,110,1,4,5000,100,71.0,10.0,15.0,0.35,0.35,0.3,0.1,9.9438,0.0899,7.0047,171.1102,0.0249,-4.2938
187,35,192,105,178,87,233.2158744151031,133.60014970051492,233.05683413384656,156.40012787718558,0.8186,5,110,1,4,5000,100,71.0,10.0,15.0,0.35,0.35,0.3,0.1,8.7009,0.0786,6.135,144.1039,-2.1697,2.8929
187,36,379,66,396,42,306.2368208744129,181.01104938649465,306.1074512917519,210.41863035387337,0.8009,5,110,1,4,5000,100,71.0,10.0,15.0,0.35,0.35,0.3,0.1,8.3144,0.0751,5.8646,194.6102,2.882,3.9425
187,31,372,66,388,42,304.4084722520286,176.96327302578916,304.30778784471596,205.80573364218986,0.7695,5,110,1,4,5000,100,71.0,10.0,15.0,0.35,0.35,0.3,0.1,8.3392,0.0754,5.882,190.2978,2.6948,3.9424
188,33,271,370,271,402,90.36262667396252,158.00316452527144,90.30155394986828,190.0026315607234,0.8337,3,110,1,4,5000,100,71.0,10.0,15.0,0.35,0.35,0.3,0.1,10.1761,0.092,7.1673,172.5317,-0.0249,-4.3295
188,35,191,106,175,88,232.61471194203102,133.4053971921676,231.9654184900551,157.4325252290644,0.6163,3,110,1,4,5000,100,71.0,10.0,15.0,0.35,0.35,0.3,0.1,9.1428,0.0826,6.4442,144.4265,-2.2182,2.8662
188,36,371,68,387,43,304.5085229876684,174.7483905505284,304.2342444552571,204.41624201613726,0.7177,3,110,1,4,5000,100,71.0,10.0,15.0,0.35,0.35,0.3,0.1,8.6593,0.0782,6.106,188.4216,2.6686,3.9032
189,33,270,373,270,407,90.71171220603568,161.01242188104618,90.58762841623997,195.0102561405425,0.7612,5,110,1,4,5000,100,71.0,10.0,15.0,0.35,0.35,0.3,0.1,10.5682,0.0955,7.4416,176.3881,-0.0497,-4.426
189,37,265,373,263,407,92.48955292199916,161.15210206509875,92.64254529406472,195.20758181996928,0.7922,5,110,1,4,5000,100,71.0,10.0,15.0,0.35,0.35,0.3,0.1,10.5761,0.0956,7.4471,176.5526,-0.1989,-4.426
189,35,190,110,175,92,231.20344790169182,130.87398519186308,231.05023582289877,154.30165261590687,0.8319,5,110,1,4,5000,100,71.0,10.0,15.0,0.35,0.35,0.3,0.1,9.0917,0.0822,6.4085,141.6255,-2.2308,2.7666
189,36,369,72,386,47,304.7164293488647,170.3202865192517,304.6409475119163,200.55173896029922,0.7436,5,110,1,4,5000,100,71.0,10.0,15.0,0.35,0.35,0.3,0.1,9.0211,0.0815,6.3591,184.2039,2.6298,3.8014
189,31,376,71,393,47,306.41206440352397,175.2055935180153,306.25383773744477,204.61182761512103,0.7311,5,110,1,4,5000,100,71.0,10.0,15.0,0.35,0.35,0.3,0.1,8.5682,0.0774,6.0422,188.7704,2.8062,3.8164
190,33,269,375,268,409,91.05440450352184,163.02760502442524,91.16320624524114,197.0406049523803,0.8526,5,110,1,4,5000,100,71.0,10.0,15.0,0.35,0.35,0.3,0.1,10.4541,0.0945,7.3617,178.4276,-0.087,-4.4766
190,37,264,375,262,409,92.80980813607029,163.19620093617377,92.90592099965335,197.25364381932212,0.9149,5,110,1,4,5000,100,71.0,10.0,15.0,0.35,0.35,0.3,0.1,10.4567,0.0945,7.3635,178.6159,-0.2238,-4.4766
190,35,189,111,174,94,230.58724396420433,130.728726758888,230.29008120537125,153.3883959105121,0.7345,5,110,1,4,5000,100,71.0,10.0,15.0,0.35,0.35,0.3,0.1,8.8264,0.0798,6.2229,141.155,-2.2566,2.7303
190,31,375,74,393,49,306.73680664361,172.20046457544765,306.58765470957314,203.00246303924493,0.769,5,110,1,4,5000,100,71.0,10.0,15.0,0.35,0.35,0.3,0.1,9.0853,0.0821,6.404,186.3371,2.7916,3.7512
190,36,368,74,385,49,304.8244891569568,168.1071087134628,304.73169420198974,198.33809518093088,0.7784,5,110,1,4,5000,100,71.0,10.0,15.0,0.35,0.35,0.3,0.1,9.13,0.0825,6.4353,181.9756,2.6045,3.751
191,33,268,376,267,411,91.39718102729638,164.04877323527901,91.43928962788242,199.0628041598932,0.8348,5,110,1,4,5000,100,71.0,10.0,15.0,0.35,0.35,0.3,0.1,10.6716,0.0964,7.5139,179.8676,-0.1119,-4.5122
191,37,263,376,261,411,93.14112983563611,164.24676556937126,93.16388361888075,199.3037882229036,0.8477,5,110,1,4,5000,100,71.0,10.0,15.0,0.35,0.35,0.3,0.1,10.6718,0.0964,7.514,180.085,-0.2486,-4.5122
191,35,189,113,174,95,230.02407525853957,129.18978287774928,230.0502284248328,152.620444239951,0.8981,5,110,1,4,5000,100,71.0,10.0,15.0,0.35,0.35,0.3,0.1,9.2014,0.0831,6.4853,139.9311,-2.2553,2.6914
191,31,375,75,392,51,306.93675383430275,171.40011668607463,306.698695626939,200.80089641234176,0.7118,5,110,1,4,5000,100,71.0,10.0,15.0,0.35,0.35,0.3,0.1,8.7419,0.079,6.1638,184.9393,2.7805,3.7157
191,36,368,75,385,51,305.0200788542554,167.28717822953436,305.0636100565717,196.69773765857096,0.7741,5,110,1,4,5000,100,71.0,10.0,15.0,0.35,0.35,0.3,0.1,8.9422,0.0808,6.3039,180.8042,2.6052,3.7146
192,37,266,372,263,406,92.1475854282985,160.11246047700348,92.65614720395712,194.20865068271289,0.6674,5,110,1,4,5000,100,71.0,10.0,15.0,0.35,0.35,0.3,0.1,10.6496,0.0962,7.4986,175.52,-0.1865,-4.4006
192,33,260,372,257,405,94.28915332881903,160.44936896105264,94.4441061216527,193.58202395883765,0.7772,5,110,1,4,5000,100,71.0,10.0,15.0,0.35,0.35,0.3,0.1,10.3572,0.0936,7.2939,175.4653,-0.3358,-4.3903
192,35,187,110,171,92,230.1944289077348,132.7742444904131,229.91379876237474,156.84705926475002,0.7978,5,110,1,4,5000,100,71.0,10.0,15.0,0.35,0.35,0.3,0.1,9.1986,0.0831,6.4833,143.8102,-2.3176,2.7662
192,31,373,72,390,48,305.8077569071542,172.62966141425406,305.735476014867,202.03960007879644,0.6999,5,110,1,4,5000,100,71.0,10.0,15.0,0.35,0.35,0.3,0.1,8.6871,0.0785,6.1254,186.1804,2.7309,3.7908
192,36,366,72,382,48,303.87853980510965,168.6297719858507,303.8510103035582,197.47404892795407,0.7749,5,110,1,4,5000,100,71.0,10.0,15.0,0.35,0.35,0.3,0.1,8.7193,0.0788,6.1479,181.9156,2.5437,3.7906
193,37,261,366,258,398,94.08561677997488,154.39235732380018,94.30446896050799,186.52613757862463,0.8072,5,110,1,4,5000,100,71.0,10.0,15.0,0.35,0.35,0.3,0.1,10.4313,0.0943,7.3458,168.9448,-0.3109,-4.2281
193,33,255,366,252,398,96.29935370613049,154.93547043850222,96.13725594926198,187.0721785835617,0.8183,5,110,1,4,5000,100,71.0,10.0,15.0,0.35,0.35,0.3,0.1,10.399,0.094,7.3232,169.494,-0.4601,-4.2283
193,35,181,103,165,84,230.14276455788422,141.9929575718458,230.10648457232838,166.83225107874077,0.8033,5,110,1,4,5000,100,71.0,10.0,15.0,0.35,0.35,0.3,0.1,8.9013,0.0804,6.2753,153.4137,-2.4682,2.9544
193,31,368,65,383,39,303.146995832256,175.57049866079439,302.6849815207256,205.54804791094466,0.5848,5,110,1,4,5000,100,71.0,10.0,15.0,0.35,0.35,0.3,0.1,8.7049,0.0787,6.1378,189.3803,2.5812,3.9902
193,36,361,65,376,40,301.1924809837987,171.8429515575195,301.1593045083444,200.9975124224178,0.7388,5,110,1,4,5000,100,71.0,10.0,15.0,0.35,0.35,0.3,0.1,8.6539,0.0782,6.1021,185.2803,2.4068,3.978
194,37,260,365,257,397,94.48460600954462,153.46986674914396,94.63546342690265,185.60711193270586,0.8039,5,110,1,4,5000,100,71.0,10.0,15.0,0.35,0.35,0.3,0.1,10.4891,0.0948,7.3862,168.0155,-0.3357,-4.2028
194,33,254,365,250,397,96.70983680775694,154.05518491761322,96.78170353646856,186.30351580150065,0.8658,5,110,1,4,5000,100,71.0,10.0,15.0,0.35,0.35,0.3,0.1,10.4857,0.0947,7.3838,168.6516,-0.4974,-4.2028
194,35,180,102,163,82,230.09211512449895,143.4015341619468,230.02146104220182,169.64963896218583,0.8215,5,110,1,4,5000,100,71.0,10.0,15.0,0.35,0.35,0.3,0.1,9.2792,0.0838,6.5397,155.4252,-2.5042,2.9901
194,31,366,64,382,38,302.42106476250694,175.32826355154492,302.3004155104026,205.854317418897,0.771,5,110,1,4,5000,100,71.0,10.0,15.0,0.35,0.35,0.3,0.1,8.8627,0.0801,6.2482,189.369,2.5432,4.0142
194,36,359,64,375,38,300.4486235438405,171.67702234137218,300.6235820248539,202.20039564748632,0.7004,5,110,1,4,5000,100,71.0,10.0,15.0,0.35,0.35,0.3,0.1,9.035,0.0816,6.3688,185.6927,2.3681,4.0132
195,37,258,362,254,393,95.33215888165957,150.65191668213185,95.67924971638496,181.89282558693733,0.7483,5,110,1,4,5000,100,71.0,10.0,15.0,0.35,0.35,0.3,0.1,10.3968,0.0939,7.3217,164.8049,-0.398,-4.1164
195,33,252,362,248,393,97.59464336859145,151.32745950421557,97.55316977502925,182.58422713914803,0.8384,5,110,1,4,5000,100,71.0,10.0,15.0,0.35,0.35,0.3,0.1,10.3595,0.0936,7.2956,165.4929,-0.5472,-4.1167
195,35,178,99,161,79,230.24433811071518,146.98639392814562,230.1520817022062,173.23394586512194,0.8182,5,110,1,4,5000,100,71.0,10.0,15.0,0.35,0.35,0.3,0.1,9.0712,0.082,6.3942,159.0345,-2.5549,3.0658
195,31,365,61,380,35,301.6286680301081,177.341478509682,301.3902681041878,207.3475343475297,0.7071,5,110,1,4,5000,100,71.0,10.0,15.0,0.35,0.35,0.3,0.1,8.6323,0.078,6.087,191.1743,2.5066,4.0904
195,36,358,61,373,35,299.6630886622641,173.7728402253931,299.710008641776,203.78910667648555,0.7563,5,110,1,4,5000,100,71.0,10.0,15.0,0.35,0.35,0.3,0.1,8.7982,0.0795,6.2032,187.5878,2.3315,4.0894
196,33,252,359,248,390,97.74777203610812,148.35430563350698,97.6789638073687,179.61069010501575,0.8604,5,110,1,4,5000,100,71.0,10.0,15.0,0.35,0.35,0.3,0.1,10.5472,0.0953,7.4269,162.4931,-0.5471,-4.0408
196,37,258,359,254,390,95.44033203100551,147.6651617681029,95.77432590266328,178.90779748239035,0.8898,5,110,1,4,5000,100,71.0,10.0,15.0,0.35,0.35,0.3,0.1,10.5875,0.0957,7.4551,161.792,-0.3978,-4.0405
196,35,177,96,160,76,230.68370633538447,149.93665329064805,230.52754015165615,176.1817243643619,0.7956,5,110,1,4,5000,100,71.0,10.0,15.0,0.35,0.35,0.3,0.1,8.9063,0.0805,6.2788,162.0031,-2.5804,3.1414
196,31,363,58,378,31,300.579226872489,178.87705274852894,300.35474828790115,209.7546185427153,0.701,5,110,1,4,5000,100,71.0,10.0,15.0,0.35,0.35,0.3,0.1,8.7929,0.0795,6.1994,193.0892,2.4562,4.1767
196,36,356,58,371,31,298.6104596659652,175.41949720598336,298.67695377094395,206.30559856678636,0.7809,5,110,1,4,5000,100,71.0,10.0,15.0,0.35,0.35,0.3,0.1,8.9544,0.0809,6.3125,189.613,2.2811,4.1757
197,37,258,361,254,392,95.36773684715615,149.6562728387955,95.71059313749964,180.89776118017602,0.7531,5,110,1,4,5000,100,71.0,10.0,15.0,0.35,0.35,0.3,0.1,10.4596,0.0945,7.3656,163.8007,-0.3979,-4.0911
197,33,252,361,248,392,97.64501327167072,150.3362896974646,97.59464336859145,181.59295140505867,0.8594,5,110,1,4,5000,100,71.0,10.0,15.0,0.35,0.35,0.3,0.1,10.4213,0.0942,7.3388,164.493,-0.5472,-4.0914
197,35,177,97,160,77,230.4403320310055,149.164338901763,230.31989391780684,175.410946066658,0.8789,5,110,1,4,5000,100,71.0,10.0,15.0,0.35,0.35,0.3,0.1,8.9492,0.0809,6.3088,161.2264,-2.5803,3.1163
197,31,364,59,379,32,301.01879568854736,178.53010950537168,300.72913139181605,209.40152817016403,0.6575,5,110,1,4,5000,100,71.0,10.0,15.0,0.35,0.35,0.3,0.1,8.807,0.0796,6.2093,192.7375,2.4811,4.1517
197,36,357,59,371,32,299.05460409907715,175.025712396779,298.81079374297303,205.4288197892399,0.693,5,110,1,4,5000,100,71.0,10.0,15.0,0.35,0.35,0.3,0.1,8.8439,0.0799,6.2351,189.0125,2.2939,4.1515
198,33,252,365,249,398,97.44741685019517,154.30165261590687,97.0491781674953,187.41664813991312,0.7147,6,110,1,4,5000,100,71.0,10.0,15.0,0.35,0.35,0.3,0.1,10.7246,0.0969,7.551,169.2546,-0.5345,-4.2135
198,37,258,365,255,397,95.22819188527234,153.63918770938616,95.25027272973306,185.77943912069495,0.7979,6,110,1,4,5000,100,71.0,10.0,15.0,0.35,0.35,0.3,0.1,10.4795,0.0947,7.3795,168.1876,-0.3855,-4.2029
198,35,177,101,160,82,229.44124118943282,146.102703602637,229.25383643611917,171.5925406304132,0.7541,6,110,1,4,5000,100,71.0,10.0,15.0,0.35,0.35,0.3,0.1,8.8794,0.0802,6.2599,157.8251,-2.5805,3.0044
198,39,171,102,154,83,227.4424153106571,149.33519344079613,227.54994901296018,174.82848738120455,0.8047,6,110,1,4,5000,100,71.0,10.0,15.0,0.35,0.35,0.3,0.1,8.7034,0.0786,6.1368,161.0794,-2.7308,2.9802
198,31,364,63,379,37,301.69324221893083,175.1142484208524,301.44280707046437,205.11947737842937,0.7533,6,110,1,4,5000,100,71.0,10.0,15.0,0.35,0.35,0.3,0.1,8.7332,0.0789,6.1576,188.933,2.4813,4.0399
198,36,357,63,371,37,299.7034526855699,171.54008277950666,299.49746120836835,201.06217943710845,0.7338,6,110,1,4,5000,100,71.0,10.0,15.0,0.35,0.35,0.3,0.1,8.7686,0.0792,6.1824,185.1316,2.2942,4.0397
199,37,258,369,255,403,95.09569991955861,157.62296786953354,95.08622170963463,191.75505208468434,0.8509,5,110,1,4,5000,100,71.0,10.0,15.0,0.35,0.35,0.3,0.1,10.8117,0.0977,7.6119,173.0218,-0.3852,-4.3247
199,33,252,369,249,402,97.25972404625982,158.26875876179733,96.90222118079123,191.38704240360684,0.7461,5,110,1,4,5000,100,71.0,10.0,15.0,0.35,0.35,0.3,0.1,10.4822,0.0947,7.3814,173.2595,-0.5347,-4.3148
199,35,177,105,161,87,228.39971415912325,143.0873858870865,228.39492354211825,167.17057157286985,0.8732,5,110,1,4,5000,100,71.0,10.0,15.0,0.35,0.35,0.3,0.1,8.5905,0.0776,6.0578,154.1943,-2.5691,2.8934
199,36,357,67,372,42,300.3791260113683,168.0773631397161,300.4655449194599,197.2308292331602,0.7718,5,110,1,4,5000,100,71.0,10.0,15.0,0.35,0.35,0.3,0.1,8.832,0.0798,6.2268,181.4908,2.3064,3.9272
199,31,364,66,379,41,302.21654605857566,172.5688268488837,302.03549133958074,201.71762441591463,0.7432,5,110,1,4,5000,100,71.0,10.0,15.0,0.35,0.35,0.3,0.1,8.6187,0.0779,6.0776,186.0082,2.4817,3.9533
200,37,258,371,254,404,95.03193422282921,159.6151621870554,95.35582504285519,192.84190415985836,0.7206,5,110,1,4,5000,100,71.0,10.0,15.0,0.35,0.35,0.3,0.1,10.433,0.0943,7.347,174.6624,-0.3979,-4.3649
200,33,252,371,248,404,97.16936291861678,160.25292509030842,97.1250163489018,193.49418595916518,0.809,5,110,1,4,5000,100,71.0,10.0,15.0,0.35,0.35,0.3,0.1,10.3995,0.094,7.3235,175.3117,-0.5472,-4.3651
200,35,177,108,160,90,227.5895018472409,140.85808461000738,227.4470486423236,165.61400906928134,0.8315,5,110,1,4,5000,100,71.0,10.0,15.0,0.35,0.35,0.3,0.1,8.9395,0.0808,6.302,152.2362,-2.5803,2.8171
200,31,364,70,379,45,302.9386905429555,169.19810873647495,302.6484408499698,198.33809518093088,0.6788,5,110,1,4,5000,100,71.0,10.0,15.0,0.35,0.35,0.3,0.1,8.7744,0.0793,6.1865,182.6129,2.4812,3.8527
200,36,357,70,371,45,300.9043826885461,165.4962235218677,300.66007149865777,194.1391253714717,0.7062,5,110,1,4,5000,100,71.0,10.0,15.0,0.35,0.35,0.3,0.1,8.8142,0.0796,6.2143,178.6771,2.294,3.8525
201,37,258,371,254,403,95.03193422282921,159.6151621870554,95.38370167681175,191.84629264074925,0.8492,3,110,1,4,5000,100,71.0,10.0,15.0,0.35,0.35,0.3,0.1,10.149,0.0917,7.1483,174.2528,-0.3981,-4.3546
201,33,252,371,248,403,97.16936291861678,160.25292509030842,97.1619337274998,192.50194804209124,0.7946,3,110,1,4,5000,100,71.0,10.0,15.0,0.35,0.35,0.3,0.1,10.1174,0.0914,7.1262,174.9033,-0.5475,-4.3548
201,36,357,69,371,45,300.7274866155997,166.35504200354134,300.66007149865777,194.1391253714717,0.8128,3,110,1,4,5000,100,71.0,10.0,15.0,0.35,0.35,0.3,0.1,8.5295,0.0771,6.0151,179.1764,2.2949,3.8665
202,37,256,366,252,397,95.93152692491977,154.82893786369524,96.1701750950296,186.07794065928394,0.8399,4,110,1,4,5000,100,71.0,10.0,15.0,0.35,0.35,0.3,0.1,10.1444,0.0917,7.1451,169.0212,-0.4479,-4.2177
202,39,175,103,158,85,228.3338506615366,145.91093173576817,228.08765128498507,170.66048165876012,0.7608,4,110,1,4,5000,100,71.0,10.0,15.0,0.35,0.35,0.3,0.1,8.6521,0.0782,6.1009,157.3182,-2.6313,2.943
202,31,362,65,376,40,301.476839349584,172.3629890666787,301.1593045083444,200.9975124224178,0.6653,4,110,1,4,5000,100,71.0,10.0,15.0,0.35,0.35,0.3,0.1,8.4877,0.0767,5.9859,185.5822,2.4198,3.979
202,36,355,65,369,40,299.4501958302984,168.81350656863924,299.42097644624914,197.46645284705957,0.8121,4,110,1,4,5000,100,71.0,10.0,15.0,0.35,0.35,0.3,0.1,8.6573,0.0782,6.1046,182.0193,2.2446,3.978
203,37,256,368,252,399,95.85601358542897,156.81836627130127,96.10468487692889,188.06647760831805,0.7447,3,110,1,4,5000,100,71.0,10.0,15.0,0.35,0.35,0.3,0.1,10.0271,0.0906,7.063,171.0268,-0.448,-4.2683
203,31,362,66,376,41,301.6512728867126,171.51093259614677,301.30742889419776,200.14244927051334,0.6497,3,110,1,4,5000,100,71.0,10.0,15.0,0.35,0.35,0.3,0.1,8.5258,0.077,6.0125,184.7238,2.4197,3.9538
203,36,355,65,369,41,299.4501958302984,168.81350656863924,299.5641381125332,196.596032513375,0.8053,3,110,1,4,5000,100,71.0,10.0,15.0,0.35,0.35,0.3,0.1,8.4143,0.076,5.9345,181.6486,2.2454,3.9669
204,37,256,368,253,399,95.85601358542897,156.81836627130127,95.801586887647,187.9627622695517,0.8868,5,110,1,4,5000,100,71.0,10.0,15.0,0.35,0.35,0.3,0.1,9.9968,0.0903,7.0418,170.9839,-0.4356,-4.2685
204,33,250,368,246,399,98.02723751043196,157.54364474646383,97.91551242302658,188.79883474216678,0.8244,5,110,1,4,5000,100,71.0,10.0,15.0,0.35,0.35,0.3,0.1,9.9872,0.0902,7.035,171.7609,-0.5974,-4.2686
204,39,175,104,159,86,228.07146211707038,145.16542288024377,228.1134387480572,169.24833824885843,0.8395,5,110,1,4,5000,100,71.0,10.0,15.0,0.35,0.35,0.3,0.1,8.4768,0.0766,5.9783,156.2846,-2.6194,2.9188
204,31,362,65,376,42,301.476839349584,172.3629890666787,301.45682335755527,199.28873525616044,0.7959,5,110,1,4,5000,100,71.0,10.0,15.0,0.35,0.35,0.3,0.1,8.0179,0.0724,5.6571,184.8505,2.4214,3.9565
204,36,355,66,369,42,299.6179336918704,167.94344286098223,299.70857218931025,195.7268504830137,0.8019,5,110,1,4,5000,100,71.0,10.0,15.0,0.35,0.35,0.3,0.1,8.4548,0.0764,5.9629,180.7739,2.2453,3.9417
205,37,256,367,253,398,95.89352923206509,155.82361823549087,95.83256374519134,186.96791168540125,0.8248,4,110,1,4,5000,100,71.0,10.0,15.0,0.35,0.35,0.3,0.1,10.0548,0.0909,7.0824,169.981,-0.4355,-4.2432
205,33,250,366,246,398,98.13010235415598,155.56349186104046,97.95752522691714,187.8084130170957,0.7761,4,110,1,4,5000,100,71.0,10.0,15.0,0.35,0.35,0.3,0.1,10.3926,0.0939,7.3187,170.1719,-0.5969,-4.2284
205,31,362,64,376,41,301.30412349559094,173.216627377397,301.30742889419776,200.14244927051334,0.8142,4,110,1,4,5000,100,71.0,10.0,15.0,0.35,0.35,0.3,0.1,7.9812,0.0721,5.6315,185.7086,2.4215,3.9817
205,36,355,64,368,40,299.28417954854314,169.6850022836432,299.1676133795778,196.9771560359221,0.8489,4,110,1,4,5000,100,71.0,10.0,15.0,0.35,0.35,0.3,0.1,8.2376,0.0744,5.8109,182.3153,2.2335,3.9928
206,37,257,369,253,401,95.4575534851046,157.71493271088823,95.74060663895192,189.952625672824,0.7816,5,110,1,4,5000,100,71.0,10.0,15.0,0.35,0.35,0.3,0.1,10.2619,0.0927,7.2272,172.3391,-0.4229,-4.304
206,33,251,369,247,401,97.61854648756893,158.39823231336896,97.53506372332812,190.64626930522402,0.8065,5,110,1,4,5000,100,71.0,10.0,15.0,0.35,0.35,0.3,0.1,10.2247,0.0924,7.2012,173.0326,-0.5722,-4.3042
206,39,175,105,159,87,227.80637025178825,144.42298985964803,227.8864185438646,168.50519279832298,0.8454,5,110,1,4,5000,100,71.0,10.0,15.0,0.35,0.35,0.3,0.1,8.5168,0.077,6.0063,155.5374,-2.6193,2.8937
206,31,362,66,376,43,301.6512728867126,171.51093259614677,301.6075022462489,198.4363877921587,0.7692,5,110,1,4,5000,100,71.0,10.0,15.0,0.35,0.35,0.3,0.1,8.0547,0.0728,5.6829,183.9938,2.4212,3.9314
206,36,355,66,369,43,299.6179336918704,167.94344286098223,299.85429385556984,194.85892332659543,0.7235,5,110,1,4,5000,100,71.0,10.0,15.0,0.35,0.35,0.3,0.1,8.2103,0.0742,5.7918,180.4028,2.246,3.9306
207,37,257,368,253,399,95.49232455712743,156.71949463930773,95.801586887647,187.9627622695517,0.8374,4,110,1,4,5000,100,71.0,10.0,15.0,0.35,0.35,0.3,0.1,10.0315,0.0906,7.066,170.9251,-0.4231,-4.2683
207,39,175,104,159,86,228.07146211707038,145.16542288024377,228.1134387480572,169.24833824885843,0.8902,4,110,1,4,5000,100,71.0,10.0,15.0,0.35,0.35,0.3,0.1,8.4768,0.0766,5.9783,156.2846,-2.6194,2.9188
207,31,362,65,376,42,301.476839349584,172.3629890666787,301.45682335755527,199.28873525616044,0.7979,4,110,1,4,5000,100,71.0,10.0,15.0,0.35,0.35,0.3,0.1,8.0179,0.0724,5.6571,184.8505,2.4214,3.9565
207,36,355,65,369,42,299.4501958302984,168.81350656863924,299.70857218931025,195.7268504830137,0.8025,4,110,1,4,5000,100,71.0,10.0,15.0,0.35,0.35,0.3,0.1,8.1705,0.0738,5.7639,181.2767,2.2462,3.9557
208,37,257,370,253,401,95.42321859677337,158.71042813879623,95.74060663895192,189.952625672824,0.832,4,110,1,4,5000,100,71.0,10.0,15.0,0.35,0.35,0.3,0.1,9.9166,0.0896,6.9857,172.9318,-0.4232,-4.3189
208,33,251,369,247,401,97.61854648756893,158.39823231336896,97.53506372332812,190.64626930522402,0.8065,4,110,1,4,5000,100,71.0,10.0,15.0,0.35,0.35,0.3,0.1,10.2247,0.0924,7.2012,173.0326,-0.5722,-4.3042
208,39,175,105,159,88,227.80637025178825,144.42298985964803,227.6573906829055,167.7647161950331,0.7555,4,110,1,4,5000,100,71.0,10.0,15.0,0.35,0.35,0.3,0.1,8.2745,0.0748,5.8367,155.2212,-2.6202,2.8822
208,36,355,67,369,44,299.78741713137947,167.0748335327616,300.0013184955057,193.9922678871506,0.6896,4,110,1,4,5000,100,71.0,10.0,15.0,0.35,0.35,0.3,0.1,8.2503,0.0745,5.8198,179.5302,2.2459,3.9054
209,37,257,370,254,402,95.42321859677337,158.71042813879623,95.41186915231704,190.85072700935672,0.8106,4,110,1,4,5000,100,71.0,10.0,15.0,0.35,0.35,0.3,0.1,10.1754,0.0919,7.1668,173.303,-0.4106,-4.3295
209,39,175,106,159,88,227.53854459839877,143.68368035375485,227.6573906829055,167.7647161950331,0.8377,4,110,1,4,5000,100,71.0,10.0,15.0,0.35,0.35,0.3,0.1,8.5569,0.0773,6.0343,154.7932,-2.6191,2.8686
209,31,362,67,376,44,301.8274465766731,170.66048165876012,301.75948008481276,197.5854245636555,0.7929,4,110,1,4,5000,100,71.0,10.0,15.0,0.35,0.35,0.3,0.1,8.0918,0.0731,5.7089,183.1386,2.4211,3.9062
209,36,355,67,369,44,299.78741713137947,167.0748335327616,300.0013184955057,193.9922678871506,0.6839,4,110,1,4,5000,100,71.0,10.0,15.0,0.35,0.35,0.3,0.1,8.2503,0.0745,5.8198,179.5302,2.2459,3.9054
210,37,258,372,255,403,95.00064459755843,160.61133210331082,95.08622170963463,191.75505208468434,0.8084,5,110,1,4,5000,100,71.0,10.0,15.0,0.35,0.35,0.3,0.1,9.7814,0.0884,6.8911,174.8069,-0.3859,-4.3696
210,33,252,372,249,403,97.1250163489018,161.24515496597098,96.86642980249772,192.37983262286096,0.7775,5,110,1,4,5000,100,71.0,10.0,15.0,0.35,0.35,0.3,0.1,9.7438,0.088,6.8648,175.4419,-0.5353,-4.3699
210,39,176,107,160,90,227.563770211465,142.2708684165525,227.4470486423236,165.61400906928134,0.8548,5,110,1,4,5000,100,71.0,10.0,15.0,0.35,0.35,0.3,0.1,8.3907,0.0758,5.918,153.0575,-2.5948,2.8318
210,31,363,68,377,45,302.29061186374423,170.3437700651245,302.1593209879072,197.2663174492797,0.7715,5,110,1,4,5000,100,71.0,10.0,15.0,0.35,0.35,0.3,0.1,8.105,0.0732,5.7181,182.8192,2.446,3.8812
210,36,356,68,370,45,300.25643716352926,166.70932787339765,300.40553365100084,193.63109254456012,0.7991,5,110,1,4,5000,100,71.0,10.0,15.0,0.35,0.35,0.3,0.1,8.2683,0.0747,5.8324,179.1645,2.2708,3.8804
211,37,259,371,256,403,94.67416371113079,159.53056133543816,94.78846655031359,191.66898549321954,0.7965,5,110,1,4,5000,100,71.0,10.0,15.0,0.35,0.35,0.3,0.1,10.1274,0.0915,7.1331,174.1293,-0.3608,-4.3547
211,33,253,371,249,403,96.81435288940976,160.13119621110684,96.86642980249772,192.37983262286096,0.903,5,110,1,4,5000,100,71.0,10.0,15.0,0.35,0.35,0.3,0.1,10.1243,0.0915,7.131,174.7804,-0.5226,-4.3547
211,39,176,108,160,91,227.29061004263852,141.53444810363305,227.21204200204835,164.87874332369228,0.9348,5,110,1,4,5000,100,71.0,10.0,15.0,0.35,0.35,0.3,0.1,8.4314,0.0762,5.9465,152.3173,-2.5946,2.8067
211,31,364,69,377,47,302.75547212975016,170.03823099526764,302.4711922908485,195.57607215607945,0.6583,5,110,1,4,5000,100,71.0,10.0,15.0,0.35,0.35,0.3,0.1,7.7301,0.0698,5.4558,181.9153,2.4597,3.8457
211,36,357,69,370,47,300.7274866155997,166.35504200354134,300.7077449225784,191.9088325221119,0.824,5,110,1,4,5000,100,71.0,10.0,15.0,0.35,0.35,0.3,0.1,7.8937,0.0713,5.5702,178.2206,2.2844,3.8448
212,37,259,368,256,399,94.76364169072617,156.54072952429985,94.89040205805385,187.6832437912346,0.8192,4,110,1,4,5000,100,71.0,10.0,15.0,0.35,0.35,0.3,0.1,10.0124,0.0905,7.0527,170.7032,-0.3609,-4.2684
212,33,253,368,249,399,96.94413051099325,157.15279189374905,97.01185827447512,188.40912929048847,0.8798,4,110,1,4,5000,100,71.0,10.0,15.0,0.35,0.35,0.3,0.1,10.0101,0.0905,7.0511,171.3674,-0.5227,-4.2684
212,31,363,65,377,41,301.75948008481276,172.88724649319857,301.5513849483135,200.66389809828772,0.7659,4,110,1,4,5000,100,71.0,10.0,15.0,0.35,0.35,0.3,0.1,8.2292,0.0744,5.805,185.7429,2.4456,3.9679
212,36,356,65,370,41,299.7448812969422,169.30741271426953,299.8169967774419,197.0913493789111,0.8199,4,110,1,4,5000,100,71.0,10.0,15.0,0.35,0.35,0.3,0.1,8.392,0.0758,5.9189,182.146,2.2704,3.967
213,37,258,368,255,399,95.12819104185284,156.62694531912445,95.1944289077348,187.77113729218343,0.8951,4,110,1,4,5000,100,71.0,10.0,15.0,0.35,0.35,0.3,0.1,10.0079,0.0904,7.0495,170.7908,-0.3858,-4.2684
213,33,252,367,249,398,97.35237935989237,156.28499608087785,97.0491781674953,187.41664813991312,0.7732,4,110,1,4,5000,100,71.0,10.0,15.0,0.35,0.35,0.3,0.1,10.0241,0.0906,7.0609,170.4409,-0.5351,-4.2435
213,31,363,64,377,40,301.5858975038667,173.738308959193,301.4026092397335,201.51674868357716,0.7205,4,110,1,4,5000,100,71.0,10.0,15.0,0.35,0.35,0.3,0.1,8.1923,0.074,5.7792,186.5994,2.4457,3.9931
213,36,356,64,369,40,299.5778386812613,170.1763790894612,299.42097644624914,197.46645284705957,0.774,4,110,1,4,5000,100,71.0,10.0,15.0,0.35,0.35,0.3,0.1,8.215,0.0742,5.795,182.8085,2.2585,3.9929
214,37,258,367,255,398,95.16109803336025,155.63097378092831,95.22220194458677,186.77526602845464,0.8686,5,110,1,4,5000,100,71.0,10.0,15.0,0.35,0.35,0.3,0.1,10.0661,0.091,7.0903,169.7867,-0.3857,-4.2431
214,33,252,367,249,397,97.35237935989237,156.28499608087785,97.08689541007368,186.4242473499625,0.9012,5,110,1,4,5000,100,71.0,10.0,15.0,0.35,0.35,0.3,0.1,9.7327,0.0879,6.857,170.0293,-0.5354,-4.233
214,39,175,103,160,85,228.3338506615366,145.91093173576817,228.5912590372055,169.33103672983285,0.8029,5,110,1,4,5000,100,71.0,10.0,15.0,0.35,0.35,0.3,0.1,8.2219,0.0743,5.7999,156.751,-2.6079,2.9448
214,31,363,64,376,40,301.5858975038667,173.738308959193,301.1593045083444,200.9975124224178,0.5846,5,110,1,4,5000,100,71.0,10.0,15.0,0.35,0.35,0.3,0.1,8.0503,0.0727,5.6799,186.3765,2.4337,3.9938
214,36,356,64,369,40,299.5778386812613,170.1763790894612,299.42097644624914,197.46645284705957,0.7346,5,110,1,4,5000,100,71.0,10.0,15.0,0.35,0.35,0.3,0.1,8.215,0.0742,5.795,182.8085,2.2585,3.9929
215,37,257,365,253,394,95.59933933652057,153.73353570382747,95.95983911071306,182.98907071188705,0.7731,3,110,1,4,5000,100,71.0,10.0,15.0,0.35,0.35,0.3,0.1,9.6153,0.0869,6.7748,167.0904,-0.4234,-4.1716
215,33,251,364,247,394,97.86606837289688,153.44380078712857,97.82135210437495,183.7090090333079,0.7986,3,110,1,4,5000,100,71.0,10.0,15.0,0.35,0.35,0.3,0.1,9.9344,0.0898,6.9981,167.218,-0.5725,-4.1569
215,39,174,101,158,83,228.55926682128322,148.07092894960846,228.5322945838909,172.15400082484288,0.9141,3,110,1,4,5000,100,71.0,10.0,15.0,0.35,0.35,0.3,0.1,8.3231,0.0752,5.8707,159.2069,-2.6449,2.9943
216,37,257,364,254,394,95.63594069829345,152.73833834371774,95.64824737373527,182.8879438344693,0.8879,4,110,1,4,5000,100,71.0,10.0,15.0,0.35,0.35,0.3,0.1,9.9415,0.0898,7.0031,166.459,-0.4107,-4.1569
216,39,174,100,158,82,228.81407483429035,148.8220413782851,228.75172907052595,172.90459797240788,0.9109,4,110,1,4,5000,100,71.0,10.0,15.0,0.35,0.35,0.3,0.1,8.284,0.0749,5.8434,159.962,-2.6451,3.0194
216,31,361,60,375,36,300.350095894187,176.13914953808538,300.3373347864578,203.92400545301183,0.7994,4,110,1,4,5000,100,71.0,10.0,15.0,0.35,0.35,0.3,0.1,8.0906,0.0731,5.708,189.016,2.3962,4.0934
216,36,354,60,368,36,298.34569362307667,172.70784579746226,298.6104596659652,200.47942537826668,0.752,4,110,1,4,5000,100,71.0,10.0,15.0,0.35,0.35,0.3,0.1,8.2357,0.0744,5.8096,185.5603,2.221,4.0927
217,37,257,362,254,392,95.71059313749964,150.74813431681335,95.71059313749964,180.89776118017602,0.8367,5,110,1,4,5000,100,71.0,10.0,15.0,0.35,0.35,0.3,0.1,10.0608,0.0909,7.0866,164.4525,-0.4106,-4.1063
217,33,251,362,247,392,97.96961039432136,151.46286673637206,97.90716270295846,181.72781845386248,0.8613,5,110,1,4,5000,100,71.0,10.0,15.0,0.35,0.35,0.3,0.1,10.0525,0.0908,7.0807,165.2208,-0.5724,-4.1064
217,39,174,99,158,80,229.06631877480598,149.57606760441325,229.1849161251184,174.41330224498358,0.7877,5,110,1,4,5000,100,71.0,10.0,15.0,0.35,0.35,0.3,0.1,8.484,0.0767,5.9833,161.0427,-2.6443,3.056
217,31,361,59,375,35,300.1865358811953,177.00282483621552,300.1960198437295,204.78769494283586,0.8296,5,110,1,4,5000,100,71.0,10.0,15.0,0.35,0.35,0.3,0.1,8.054,0.0728,5.6824,189.8842,2.3963,4.1186
217,36,354,59,367,35,298.1889810745738,173.5885940953495,298.22348571236216,200.8830505542964,0.8393,5,110,1,4,5000,100,71.0,10.0,15.0,0.35,0.35,0.3,0.1,8.0664,0.0729,5.6911,186.2411,2.209,4.1185
218,37,256,361,253,390,96.12908076496804,149.85659811966906,96.09277165733607,179.0111728356641,0.8204,4,110,1,4,5000,100,71.0,10.0,15.0,0.35,0.35,0.3,0.1,9.811,0.0887,6.9118,163.1416,-0.4357,-4.0706
218,33,251,361,247,390,98.02240364732751,150.4725888658795,97.99486473076328,179.7470444819608,0.8666,4,110,1,4,5000,100,71.0,10.0,15.0,0.35,0.35,0.3,0.1,9.811,0.0887,6.9118,163.8122,-0.5726,-4.0706
218,31,361,58,374,33,300.0245655863379,177.867928531256,299.6758918305688,206.0218435020908,0.6269,4,110,1,4,5000,100,71.0,10.0,15.0,0.35,0.35,0.3,0.1,8.1163,0.0733,5.726,190.9125,2.3836,4.1557
218,36,354,58,367,33,298.0338518914638,174.4706279005151,297.9560660636843,202.64747716169575,0.7882,4,110,1,4,5000,100,71.0,10.0,15.0,0.35,0.35,0.3,0.1,8.2688,0.0747,5.8327,187.5064,2.2084,4.1548
219,37,255,357,252,386,96.68690932618236,145.9931505242626,96.5569464981634,175.1456536714514,0.7923,4,110,1,4,5000,100,71.0,10.0,15.0,0.35,0.35,0.3,0.1,10.0464,0.0908,7.0765,159.2462,-0.4604,-3.9695
219,33,250,357,245,386,98.62735314406524,146.6594695203825,98.82037955202107,176.08236708995025,0.8029,4,110,1,4,5000,100,71.0,10.0,15.0,0.35,0.35,0.3,0.1,10.0892,0.0912,7.1064,160.0297,-0.6097,-3.9692
219,36,352,54,365,28,296.85442134051857,177.09884245810304,296.81362132913756,206.1674077054858,0.7882,4,110,1,4,5000,100,71.0,10.0,15.0,0.35,0.35,0.3,0.1,8.3936,0.0758,5.9201,190.5308,2.1582,4.2664
219,31,359,53,373,28,298.68614757373945,181.24568960391858,298.76295757833077,209.89759407863636,0.7784,4,110,1,4,5000,100,71.0,10.0,15.0,0.35,0.35,0.3,0.1,8.1067,0.0733,5.7193,194.5222,2.3462,4.2805
220,37,255,357,251,386,96.68690932618236,145.9931505242626,96.88172363063696,175.26266002774236,0.7837,4,110,1,4,5000,100,71.0,10.0,15.0,0.35,0.35,0.3,0.1,10.083,0.0911,7.1021,159.2945,-0.4728,-3.9693
220,39,172,93,155,73,229.95845091948536,155.43809056984713,229.911788172506,181.6865432551349,0.8642,4,110,1,4,5000,100,71.0,10.0,15.0,0.35,0.35,0.3,0.1,8.6167,0.0779,6.0761,167.5405,-2.7062,3.2175
220,36,352,54,365,27,296.85442134051857,177.09884245810304,296.68879996848443,207.06037766796427,0.7068,4,110,1,4,5000,100,71.0,10.0,15.0,0.35,0.35,0.3,0.1,8.6314,0.078,6.0864,190.9112,2.1574,4.2775
220,31,359,53,373,27,298.68614757373945,181.24568960391858,298.63215439401324,210.77476129745705,0.8182,4,110,1,4,5000,100,71.0,10.0,15.0,0.35,0.35,0.3,0.1,8.3362,0.0753,5.8799,194.8981,2.3455,4.2917
221,37,256,362,252,393,96.08852815419519,150.8509197850646,96.30544597726862,182.10161998181127,0.8384,4,110,1,4,5000,100,71.0,10.0,15.0,0.35,0.35,0.3,0.1,10.3873,0.0939,7.315,165.0097,-0.4477,-4.1165
221,39,172,98,155,78,228.74298829568716,151.6443206981389,228.87467320356512,177.89041570584965,0.7732,4,110,1,4,5000,100,71.0,10.0,15.0,0.35,0.35,0.3,0.1,8.8143,0.0796,6.2144,163.7222,-2.7054,3.0919
221,31,359,57,373,31,299.30507585657995,177.74701122663075,299.16199999863045,207.27276714513172,0.7087,4,110,1,4,5000,100,71.0,10.0,15.0,0.35,0.35,0.3,0.1,8.4868,0.0767,5.9853,191.3778,2.345,4.191
221,36,352,57,366,31,297.2995722113328,174.42763542512407,297.4445225740888,203.9534260560484,0.709,4,110,1,4,5000,100,71.0,10.0,15.0,0.35,0.35,0.3,0.1,8.6357,0.078,6.0895,188.0386,2.1699,4.1901
222,37,255,363,251,395,96.42347043655657,151.95394038984313,96.54629078329404,184.20097719610501,0.8185,5,110,1,4,5000,100,71.0,10.0,15.0,0.35,0.35,0.3,0.1,10.6164,0.0959,7.4753,166.5307,-0.4724,-4.1522
222,33,249,363,244,395,98.6606036708298,152.74161188098023,98.69910208462609,185.129684275645,0.8369,5,110,1,4,5000,100,71.0,10.0,15.0,0.35,0.35,0.3,0.1,10.6087,0.0959,7.4699,167.3833,-0.634,-4.1522
222,39,172,100,154,80,228.23970029610211,150.14659503298768,228.20521593101347,177.05366418123066,0.8936,5,110,1,4,5000,100,71.0,10.0,15.0,0.35,0.35,0.3,0.1,9.1008,0.0822,6.4149,162.4938,-2.7168,3.0408
222,31,358,60,373,33,299.50072462349914,174.64249196572982,299.4336821751432,205.52858681944952,0.8038,5,110,1,4,5000,100,71.0,10.0,15.0,0.35,0.35,0.3,0.1,8.991,0.0812,6.3381,188.8309,2.3308,4.1257
222,36,351,60,365,33,297.4625617736371,171.30382365843442,297.4542712543037,201.71762441591463,0.8409,5,110,1,4,5000,100,71.0,10.0,15.0,0.35,0.35,0.3,0.1,9.0233,0.0815,6.3606,185.2708,2.1437,4.1255
223,37,255,370,251,403,96.14111061687682,158.91192529196795,96.2743345570818,192.15098230297966,0.7452,5,110,1,4,5000,100,71.0,10.0,15.0,0.35,0.35,0.3,0.1,10.4783,0.0947,7.3787,173.9579,-0.4725,-4.3397
223,33,249,370,245,403,98.28234941703133,159.66527487215245,98.0460910074524,192.89893727027115,0.7578,5,110,1,4,5000,100,71.0,10.0,15.0,0.35,0.35,0.3,0.1,10.432,0.0943,7.3463,174.7158,-0.6218,-4.34
223,39,172,105,154,86,226.93680038622105,146.4547711752676,226.87787744728536,172.6267650163207,0.9511,5,110,1,4,5000,100,71.0,10.0,15.0,0.35,0.35,0.3,0.1,9.0774,0.082,6.3985,158.4674,-2.7169,2.9038
223,31,358,65,373,39,300.3290860419837,170.30854353202602,300.2770249382498,200.32473636573192,0.8109,5,110,1,4,5000,100,71.0,10.0,15.0,0.35,0.35,0.3,0.1,8.9627,0.081,6.3182,184.1012,2.3309,3.9887
223,36,351,65,365,39,298.25424946167993,166.88319268278636,298.26124144157234,196.41283053812955,0.797,5,110,1,4,5000,100,71.0,10.0,15.0,0.35,0.35,0.3,0.1,8.9955,0.0813,6.3412,180.4479,2.1438,3.9885
224,33,249,371,244,406,98.23097510119034,160.65490966665163,98.2127801892859,196.01020381602586,0.9129,6,110,1,4,5000,100,71.0,10.0,15.0,0.35,0.35,0.3,0.1,10.9703,0.0991,7.723,176.5802,-0.6336,-4.3856
224,37,254,371,249,405,96.45881637871867,160.01562423713506,96.79594401601895,194.36563482261982,0.659,6,110,1,4,5000,100,71.0,10.0,15.0,0.35,0.35,0.3,0.1,10.7271,0.0969,7.5528,175.5259,-0.5096,-4.3751
224,39,172,109,154,91,225.84667402386148,143.55835050598765,225.71915611654507,169.01183390520322,0.7364,6,110,1,4,5000,100,71.0,10.0,15.0,0.35,0.35,0.3,0.1,9.0121,0.0814,6.3528,155.2487,-2.7171,2.7919
224,40,166,110,148,91,223.89829388479365,147.10540438746634,224.2984540876548,173.25414857947845,0.6968,6,110,1,4,5000,100,71.0,10.0,15.0,0.35,0.35,0.3,0.1,9.0332,0.0816,6.3675,159.1126,-2.8666,2.7794
224,36,350,70,365,43,298.7798063043972,162.01234520862909,298.8238066383916,192.89893727027115,0.7761,6,110,1,4,5000,100,71.0,10.0,15.0,0.35,0.35,0.3,0.1,9.6311,0.087,6.7859,176.1117,2.1293,3.8726
224,31,357,69,373,43,300.7274866155997,166.35504200354134,300.86393820185293,196.88067452139634,0.7761,6,110,1,4,5000,100,71.0,10.0,15.0,0.35,0.35,0.3,0.1,9.3004,0.084,6.5545,180.3352,2.3173,3.887
225,40,171,107,153,88,226.11239961629778,145.69145479402695,226.17875916991122,171.86331778480246,0.82,3,110,1,4,5000,100,71.0,10.0,15.0,0.35,0.35,0.3,0.1,9.121,0.0824,6.429,157.6989,-2.7416,2.8538
225,31,357,67,372,40,300.3791260113683,168.0773631397161,300.17352002964435,198.9572818471342,0.7401,3,110,1,4,5000,100,71.0,10.0,15.0,0.35,0.35,0.3,0.1,9.311,0.0841,6.5619,182.2183,2.3048,3.9493
225,36,350,67,364,40,298.27718695634724,164.64810961562844,298.14160123226173,195.05896544378575,0.7557,3,110,1,4,5000,100,71.0,10.0,15.0,0.35,0.35,0.3,0.1,9.3563,0.0845,6.5937,178.568,2.1178,3.949
226,37,248,367,243,400,98.8017083232078,156.84705926475002,98.76906225314762,190.22355269524328,0.8574,4,110,1,4,5000,100,71.0,10.0,15.0,0.35,0.35,0.3,0.1,10.6426,0.0962,7.4937,171.9305,-0.6588,-4.2638
226,33,253,367,248,399,96.98848972998348,156.16017418023074,97.31348862803166,188.53381659532593,0.7002,4,110,1,4,5000,100,71.0,10.0,15.0,0.35,0.35,0.3,0.1,10.394,0.0939,7.3197,170.8267,-0.5348,-4.2533
226,31,356,65,371,38,299.7448812969422,169.30741271426953,299.63838368815135,200.19240744843447,0.8194,4,110,1,4,5000,100,71.0,10.0,15.0,0.35,0.35,0.3,0.1,9.2504,0.0836,6.5195,183.4591,2.2801,3.9995
226,36,349,65,364,37,297.64597536373867,165.94577427581578,297.73154612507716,197.70938268074178,0.7912,4,110,1,4,5000,100,71.0,10.0,15.0,0.35,0.35,0.3,0.1,9.6664,0.0873,6.8106,180.4404,2.1043,4.0093
227,33,252,363,248,391,97.54492903875683,152.31874474272692,97.63657221548884,180.60177186284747,0.9657,4,110,1,4,5000,100,71.0,10.0,15.0,0.35,0.35,0.3,0.1,9.4018,0.085,6.6255,165.2589,-0.5481,-4.1106
227,40,169,99,152,81,227.6506896834218,152.89865924853626,227.5093647398517,177.65415840897168,0.8632,4,110,1,4,5000,100,71.0,10.0,15.0,0.35,0.35,0.3,0.1,8.2881,0.0749,5.8463,164.3494,-2.7823,3.0443
227,31,356,59,369,35,298.7676493388438,174.54225849346628,298.72373705794,201.83656754909404,0.8129,4,110,1,4,5000,100,71.0,10.0,15.0,0.35,0.35,0.3,0.1,8.0255,0.0725,5.6625,187.1997,2.2591,4.1188
227,36,349,59,362,35,296.7146481726805,171.283390905248,296.95217893122896,198.56736892047493,0.7293,4,110,1,4,5000,100,71.0,10.0,15.0,0.35,0.35,0.3,0.1,8.1641,0.0738,5.7595,183.919,2.084,4.118
228,33,247,348,244,363,100.41602830757071,138.27870407260838,100.50506386991735,153.57408635573907,0.8371,4,110,1,4,5000,100,71.0,10.0,15.0,0.35,0.35,0.3,0.1,5.7999,0.0524,4.1053,145.5256,-0.6632,-3.5911
228,40,162,74,149,58,231.44160009933503,176.47662734764623,231.38559251256706,197.0913493789111,0.9417,4,110,1,4,5000,100,71.0,10.0,15.0,0.35,0.35,0.3,0.1,6.1071,0.0552,4.3202,186.2152,-2.9146,3.6526
228,31,353,33,361,14,294.34741606888645,196.4739168439414,294.2036765189024,217.0829334609241,0.7512,4,110,1,4,5000,100,71.0,10.0,15.0,0.35,0.35,0.3,0.1,5.515,0.0498,3.906,206.2649,2.1277,4.7185
228,36,345,33,354,13,292.18667789344795,193.31321734428818,292.3946146522359,215.23243250030885,0.6884,4,110,1,4,5000,100,71.0,10.0,15.0,0.35,0.35,0.3,0.1,5.9376,0.0537,4.2016,203.6848,1.9392,4.7291
229,33,250,349,247,363,99.12289620537847,138.75518008348374,99.40078004102384,153.05554547287727,0.7543,5,110,1,4,5000,100,71.0,10.0,15.0,0.35,0.35,0.3,0.1,5.4234,0.049,3.8418,145.555,-0.5883,-3.6049
229,37,243,349,240,363,101.95187513002477,140.03570973148243,101.96512883774885,154.35349040433132,0.8176,5,110,1,4,5000,100,71.0,10.0,15.0,0.35,0.35,0.3,0.1,5.3825,0.0486,3.8132,146.8464,-0.7636,-3.605
229,40,164,72,152,57,232.35237935989235,176.81628884240274,232.25319461272534,196.02295783912658,0.8341,5,110,1,4,5000,100,71.0,10.0,15.0,0.35,0.35,0.3,0.1,5.7011,0.0515,4.0361,185.9249,-2.8531,3.6916
229,31,355,31,364,12,294.634463735911,199.12307751739877,294.7024302277713,220.14540649307222,0.7639,5,110,1,4,5000,100,71.0,10.0,15.0,0.35,0.35,0.3,0.1,5.549,0.0501,3.9297,209.1072,2.1902,4.7684
229,36,347,32,356,12,292.61986494804046,195.0,292.7824057304817,216.92394980729998,0.6807,5,110,1,4,5000,100,71.0,10.0,15.0,0.35,0.35,0.3,0.1,5.8902,0.0532,4.1684,205.3785,1.9893,4.7544
230,33,256,357,253,373,96.29681871898441,145.8800877433243,96.73048393461565,162.1172415260018,0.6482,5,110,1,4,5000,100,71.0,10.0,15.0,0.35,0.35,0.3,0.1,5.8343,0.0527,4.1293,153.5707,-0.4379,-3.8288
230,37,250,357,247,373,98.62735314406524,146.6594695203825,98.82637095422793,162.92943257741985,0.7237,5,110,1,4,5000,100,71.0,10.0,15.0,0.35,0.35,0.3,0.1,5.816,0.0526,4.1166,154.3669,-0.5881,-3.8288
230,40,170,80,158,66,232.30575953331083,166.81726529349413,232.01650174472292,185.23498589629335,0.6971,5,110,1,4,5000,100,71.0,10.0,15.0,0.35,0.35,0.3,0.1,5.7897,0.0523,4.0981,175.5444,-2.7028,3.4785
230,31,353,39,362,20,295.0893738689286,191.02355875650522,295.11483488614454,212.0471645648675,0.7531,5,110,1,4,5000,100,71.0,10.0,15.0,0.35,0.35,0.3,0.1,5.7723,0.0522,4.086,200.9871,2.1397,4.5672
230,36,360,38,370,19,296.82787401031453,194.98717906570164,296.92018575830605,216.45553815968765,0.6954,5,110,1,4,5000,100,71.0,10.0,15.0,0.35,0.35,0.3,0.1,5.7745,0.0522,4.0875,205.1613,2.3274,4.5922
231,33,260,366,258,383,94.45560283332632,154.46682491719702,94.68044361825332,171.572142260916,0.8006,4,110,1,4,5000,100,71.0,10.0,15.0,0.35,0.35,0.3,0.1,5.8061,0.0525,4.1096,162.5708,-0.3253,-4.0666
231,37,254,366,252,383,96.66665989090137,155.04837954651444,96.67095267425387,172.16561793807728,0.8975,4,110,1,4,5000,100,71.0,10.0,15.0,0.35,0.35,0.3,0.1,5.7893,0.0523,4.0979,163.1593,-0.4755,-4.0666
231,40,173,90,162,77,230.94151979375275,157.1146078504478,230.82634202955575,174.14074767268,0.8902,4,110,1,4,5000,100,71.0,10.0,15.0,0.35,0.35,0.3,0.1,5.6883,0.0514,4.0272,165.1901,-2.6154,3.2161
231,36,364,48,374,30,299.29136217098426,188.04254837669055,299.2679952148927,208.6336502101231,0.8086,4,110,1,4,5000,100,71.0,10.0,15.0,0.35,0.35,0.3,0.1,5.7447,0.0519,4.0667,197.8037,2.4276,4.3296
232,33,263,368,262,385,93.301865674435,156.259399717265,93.30821353387203,173.2887763243771,0.9644,3,110,1,4,5000,100,71.0,10.0,15.0,0.35,0.35,0.3,0.1,5.7188,0.0517,4.0485,164.3341,-0.2378,-4.117
232,36,365,51,375,33,300.01243802894317,185.930094390338,299.9169401776701,206.51876428063383,0.7984,3,110,1,4,5000,100,71.0,10.0,15.0,0.35,0.35,0.3,0.1,5.8059,0.0525,4.1095,195.6844,2.4525,4.2543
232,31,358,51,368,33,298.1094162117659,182.52944967867515,298.2052310470565,203.11819219360927,0.7964,3,110,1,4,5000,100,71.0,10.0,15.0,0.35,0.35,0.3,0.1,5.9083,0.0534,4.1811,192.2742,2.2771,4.2538
233,33,263,368,262,385,93.301865674435,156.259399717265,93.30821353387203,173.2887763243771,0.9963,2,110,1,4,5000,100,71.0,10.0,15.0,0.35,0.35,0.3,0.1,5.7188,0.0517,4.0485,164.3341,-0.2378,-4.117
233,31,358,51,368,33,298.1094162117659,182.52944967867515,298.2052310470565,203.11819219360927,0.8075,2,110,1,4,5000,100,71.0,10.0,15.0,0.35,0.35,0.3,0.1,5.9083,0.0534,4.1811,192.2742,2.2771,4.2538
234,33,263,368,262,385,93.301865674435,156.259399717265,93.30821353387203,173.2887763243771,0.9963,2,110,1,4,5000,100,71.0,10.0,15.0,0.35,0.35,0.3,0.1,5.7188,0.0517,4.0485,164.3341,-0.2378,-4.117
234,31,358,51,368,33,298.1094162117659,182.52944967867515,298.2052310470565,203.11819219360927,0.8392,2,110,1,4,5000,100,71.0,10.0,15.0,0.35,0.35,0.3,0.1,5.9083,0.0534,4.1811,192.2742,2.2771,4.2538
235,33,263,368,262,385,93.301865674435,156.259399717265,93.30821353387203,173.2887763243771,0.9963,2,110,1,4,5000,100,71.0,10.0,15.0,0.35,0.35,0.3,0.1,5.7188,0.0517,4.0485,164.3341,-0.2378,-4.117
235,31,358,51,368,33,298.1094162117659,182.52944967867515,298.2052310470565,203.11819219360927,0.8198,2,110,1,4,5000,100,71.0,10.0,15.0,0.35,0.35,0.3,0.1,5.9083,0.0534,4.1811,192.2742,2.2771,4.2538
236,33,263,368,262,385,93.301865674435,156.259399717265,93.30821353387203,173.2887763243771,0.9963,2,110,1,4,5000,100,71.0,10.0,15.0,0.35,0.35,0.3,0.1,5.7188,0.0517,4.0485,164.3341,-0.2378,-4.117
236,31,358,51,368,33,298.1094162117659,182.52944967867515,298.2052310470565,203.11819219360927,0.8003,2,110,1,4,5000,100,71.0,10.0,15.0,0.35,0.35,0.3,0.1,5.9083,0.0534,4.1811,192.2742,2.2771,4.2538
237,33,263,368,262,385,93.301865674435,156.259399717265,93.30821353387203,173.2887763243771,0.9963,3,110,1,4,5000,100,71.0,10.0,15.0,0.35,0.35,0.3,0.1,5.7188,0.0517,4.0485,164.3341,-0.2378,-4.117
237,36,366,51,376,33,300.2785590850219,186.43229333996834,300.1568270769711,207.01932276963907,0.7308,3,110,1,4,5000,100,71.0,10.0,15.0,0.35,0.35,0.3,0.1,5.7907,0.0523,4.0988,196.1872,2.4775,4.2543
237,31,358,51,368,33,298.1094162117659,182.52944967867515,298.2052310470565,203.11819219360927,0.8003,3,110,1,4,5000,100,71.0,10.0,15.0,0.35,0.35,0.3,0.1,5.9083,0.0534,4.1811,192.2742,2.2771,4.2538
238,33,263,368,262,385,93.301865674435,156.259399717265,93.30821353387203,173.2887763243771,0.9963,2,110,1,4,5000,100,71.0,10.0,15.0,0.35,0.35,0.3,0.1,5.7188,0.0517,4.0485,164.3341,-0.2378,-4.117
238,31,358,51,368,33,298.1094162117659,182.52944967867515,298.2052310470565,203.11819219360927,0.8392,2,110,1,4,5000,100,71.0,10.0,15.0,0.35,0.35,0.3,0.1,5.9083,0.0534,4.1811,192.2742,2.2771,4.2538
239,33,264,368,262,385,92.93567344642118,156.20499351813308,93.30821353387203,173.2887763243771,0.7113,2,110,1,4,5000,100,71.0,10.0,15.0,0.35,0.35,0.3,0.1,5.738,0.0518,4.062,164.304,-0.2252,-4.1169
239,31,358,51,368,33,298.1094162117659,182.52944967867515,298.2052310470565,203.11819219360927,0.8392,2,110,1,4,5000,100,71.0,10.0,15.0,0.35,0.35,0.3,0.1,5.9083,0.0534,4.1811,192.2742,2.2771,4.2538
240,33,263,368,262,385,93.301865674435,156.259399717265,93.30821353387203,173.2887763243771,0.9963,2,110,1,4,5000,100,71.0,10.0,15.0,0.35,0.35,0.3,0.1,5.7188,0.0517,4.0485,164.3341,-0.2378,-4.117
240,31,358,51,368,33,298.1094162117659,182.52944967867515,298.2052310470565,203.11819219360927,0.8198,2,110,1,4,5000,100,71.0,10.0,15.0,0.35,0.35,0.3,0.1,5.9083,0.0534,4.1811,192.2742,2.2771,4.2538
241,33,264,368,262,385,92.93567344642118,156.20499351813308,93.30821353387203,173.2887763243771,0.7113,3,110,1,4,5000,100,71.0,10.0,15.0,0.35,0.35,0.3,0.1,5.738,0.0518,4.062,164.304,-0.2252,-4.1169
241,36,366,51,376,33,300.2785590850219,186.43229333996834,300.1568270769711,207.01932276963907,0.7528,3,110,1,4,5000,100,71.0,10.0,15.0,0.35,0.35,0.3,0.1,5.7907,0.0523,4.0988,196.1872,2.4775,4.2543
241,31,358,51,368,33,298.1094162117659,182.52944967867515,298.2052310470565,203.11819219360927,0.8198,3,110,1,4,5000,100,71.0,10.0,15.0,0.35,0.35,0.3,0.1,5.9083,0.0534,4.1811,192.2742,2.2771,4.2538
242,36,366,51,376,33,300.2785590850219,186.43229333996834,300.1568270769711,207.01932276963907,0.7528,2,110,1,4,5000,100,71.0,10.0,15.0,0.35,0.35,0.3,0.1,5.7907,0.0523,4.0988,196.1872,2.4775,4.2543
242,31,358,51,368,33,298.1094162117659,182.52944967867515,298.2052310470565,203.11819219360927,0.8392,2,110,1,4,5000,100,71.0,10.0,15.0,0.35,0.35,0.3,0.1,5.9083,0.0534,4.1811,192.2742,2.2771,4.2538
243,31,358,51,368,33,298.1094162117659,182.52944967867515,298.2052310470565,203.11819219360927,0.8198,1,110,1,4,5000,100,71.0,10.0,15.0,0.35,0.35,0.3,0.1,5.9083,0.0534,4.1811,192.2742,2.2771,4.2538
244,33,263,368,262,385,93.301865674435,156.259399717265,93.30821353387203,173.2887763243771,0.9963,2,110,1,4,5000,100,71.0,10.0,15.0,0.35,0.35,0.3,0.1,5.7188,0.0517,4.0485,164.3341,-0.2378,-4.117
244,31,358,51,368,33,298.1094162117659,182.52944967867515,298.2052310470565,203.11819219360927,0.8392,2,110,1,4,5000,100,71.0,10.0,15.0,0.35,0.35,0.3,0.1,5.9083,0.0534,4.1811,192.2742,2.2771,4.2538
245,31,358,51,368,33,298.1094162117659,182.52944967867515,298.2052310470565,203.11819219360927,0.8198,1,110,1,4,5000,100,71.0,10.0,15.0,0.35,0.35,0.3,0.1,5.9083,0.0534,4.1811,192.2742,2.2771,4.2538
246,31,358,51,368,33,298.1094162117659,182.52944967867515,298.2052310470565,203.11819219360927,0.8003,1,110,1,4,5000,100,71.0,10.0,15.0,0.35,0.35,0.3,0.1,5.9083,0.0534,4.1811,192.2742,2.2771,4.2538
