Frame_Number,Track_ID,Center_X,Center_Y,Right_X,Right_Y,Angle_A_deg,A_px,Angle_B_deg,C_px,Pair_Score,Pair_Count,Binary_Threshold,Blur_Size,Min_Area_px2,Max_Area_px2,Max_Width_px,Max_Radial_Gap_px,Max_Angle_Diff_deg,Max_Center_Offset_px,Weight_Angle,Weight_Area,Weight_Center,Min_Score_Threshold,Zprime_mm,Zdoubleprime,Z_mm,B_px,X_mm,Y_mm
0,1,233,442,229,470,98.28848696665193,409.27496869464176,98.2782488359358,437.5591388601088,0.8244,10,59,1,4,5000,100,71.0,16.0,39.0,0.35,0.35,0.3,0.1,3.6963,0.0334,2.6334,422.9447,-1.529,-10.5027
0,2,221,409,217,435,100.80552901018514,378.71493236998197,100.67179763656368,405.0049382414985,0.86,10,59,1,4,5000,100,71.0,16.0,39.0,0.35,0.35,0.3,0.1,3.7124,0.0335,2.6447,391.419,-1.8298,-9.6504
0,3,399,213,410,232,58.702300158119776,205.9732992404598,58.82068474261747,227.92323269030737,0.7687,10,59,1,4,5000,100,71.0,16.0,39.0,0.35,0.35,0.3,0.1,5.5985,0.0506,3.9644,216.3931,2.8159,-4.643
0,4,299,179,300,198,87.1778447001882,142.1724305201258,87.1553443952266,161.19863522995473,0.8518,10,59,1,4,5000,100,71.0,16.0,39.0,0.35,0.35,0.3,0.1,6.9407,0.0627,4.9035,151.0889,0.1875,-3.7868
0,5,124,115,69,140,155.09523119190482,185.22418848519757,155.2085683370626,245.63794495150785,0.6751,10,59,1,4,5000,100,71.0,16.0,39.0,0.35,0.35,0.3,0.1,15.5176,0.1402,10.9046,211.1956,-4.8094,-2.2264
0,6,130,98,82,121,159.36647574784178,173.1040149736568,158.19859051364818,226.17692189964916,0.6551,10,59,1,4,5000,100,71.0,16.0,39.0,0.35,0.35,0.3,0.1,14.7103,0.1329,10.3397,196.1132,-4.5853,-1.7873
0,7,280,52,242,95,128.6598082540901,19.209372712298546,130.76360520094119,76.57675887630658,0.9019,10,59,1,4,5000,100,71.0,16.0,39.0,0.35,0.35,0.3,0.1,66.281,0.5989,46.4229,30.7141,-0.4989,-0.5875
0,8,286,82,287,97,97.59464336859145,45.39823785126467,94.76364169072617,60.207972893961475,0.8266,10,59,1,4,5000,100,71.0,16.0,39.0,0.35,0.35,0.3,0.1,15.5197,0.1402,10.9061,51.7647,-0.1353,-1.2919
0,9,283,45,242,85,138.3664606634298,12.041594578792296,136.16913932790743,69.31089380465383,0.6931,10,59,1,4,5000,100,71.0,16.0,39.0,0.35,0.35,0.3,0.1,77.9072,0.704,54.5576,20.5185,-0.3735,-0.3545
0,10,284,59,281,66,109.98310652189998,23.40939982143925,110.77225468204583,31.016124838541646,0.731,10,59,1,4,5000,100,71.0,16.0,39.0,0.35,0.35,0.3,0.1,15.4676,0.1398,10.8696,26.6812,-0.2337,-0.6274
1,1,232,442,228,470,98.42696902148067,409.42032191868543,98.40778570269867,437.70423804208247,0.8159,9,59,1,4,5000,100,71.0,16.0,39.0,0.35,0.35,0.3,0.1,3.695,0.0334,2.6325,423.0901,-1.5541,-10.5027
1,2,223,412,218,438,100.42580852588479,381.2951612596205,100.45565756030508,407.7707689376471,0.9491,9,59,1,4,5000,100,71.0,16.0,39.0,0.35,0.35,0.3,0.1,3.7133,0.0336,2.6453,394.0888,-1.7922,-9.7256
1,3,403,212,415,231,57.61362745401874,207.23416706711276,57.62446000678797,229.7063342618135,0.7846,9,59,1,4,5000,100,71.0,16.0,39.0,0.35,0.35,0.3,0.1,5.6918,0.0514,4.0296,217.8924,2.9282,-4.6176
1,5,122,112,76,139,156.1940564815423,185.80904176062046,154.72227776444706,238.8723508487326,0.5664,9,59,1,4,5000,100,71.0,16.0,39.0,0.35,0.35,0.3,0.1,13.8279,0.1249,9.7224,209.0256,-4.7679,-2.1863
1,6,128,95,84,120,160.523424501068,173.95401691251627,158.2460994409963,223.9486548296283,0.4984,9,59,1,4,5000,100,71.0,16.0,39.0,0.35,0.35,0.3,0.1,13.9051,0.1256,9.7763,195.8105,-4.5947,-1.7415
1,7,280,52,242,95,128.6598082540901,19.209372712298546,130.76360520094119,76.57675887630658,0.8438,9,59,1,4,5000,100,71.0,16.0,39.0,0.35,0.35,0.3,0.1,66.281,0.5989,46.4229,30.7141,-0.4989,-0.5875
1,8,288,81,289,95,95.1944289077348,44.181444068749045,92.96093613416376,58.077534382926416,0.8521,9,59,1,4,5000,100,71.0,16.0,39.0,0.35,0.35,0.3,0.1,15.039,0.1359,10.5697,50.1853,-0.0862,-1.2564
1,9,283,45,242,85,138.3664606634298,12.041594578792296,136.16913932790743,69.31089380465383,0.6776,9,59,1,4,5000,100,71.0,16.0,39.0,0.35,0.35,0.3,0.1,77.9072,0.704,54.5576,20.5185,-0.3735,-0.3545
1,10,284,59,281,66,109.98310652189998,23.40939982143925,110.77225468204583,31.016124838541646,0.7285,9,59,1,4,5000,100,71.0,16.0,39.0,0.35,0.35,0.3,0.1,15.4676,0.1398,10.8696,26.6812,-0.2337,-0.6274
2,1,231,442,227,470,98.56535197512608,409.56806516133554,98.53723605368269,437.8515730244668,0.7735,9,59,1,4,5000,100,71.0,16.0,39.0,0.35,0.35,0.3,0.1,3.6937,0.0334,2.6316,423.2378,-1.5792,-10.5027
2,2,223,414,219,440,100.37170265722476,383.2623122614589,100.26730829144662,409.558298658445,0.8929,9,59,1,4,5000,100,71.0,16.0,39.0,0.35,0.35,0.3,0.1,3.6706,0.0332,2.6155,395.9742,-1.7797,-9.7759
2,3,404,211,417,231,57.23150092123018,206.92993983471797,57.20510618423129,230.7834482799839,0.771,9,59,1,4,5000,100,71.0,16.0,39.0,0.35,0.35,0.3,0.1,6.031,0.0545,4.267,218.2067,2.9648,-4.6036
2,5,121,111,76,139,156.59952244480758,186.3249849054066,154.72227776444706,238.8723508487326,0.5209,9,59,1,4,5000,100,71.0,16.0,39.0,0.35,0.35,0.3,0.1,13.6769,0.1236,9.6167,209.3517,-4.7822,-2.1748
2,6,127,94,84,119,160.9422954898717,174.56803831171388,158.48411529050486,223.5799633240868,0.4931,9,59,1,4,5000,100,71.0,16.0,39.0,0.35,0.35,0.3,0.1,13.6233,0.1231,9.5792,196.0573,-4.6102,-1.718
2,7,253,91,242,95,125.8376529542783,66.61080993352356,130.76360520094119,76.57675887630658,0.277,9,59,1,4,5000,100,71.0,16.0,39.0,0.35,0.35,0.3,0.1,7.7026,0.0696,5.4366,71.247,-1.1123,-1.3997
2,8,289,80,289,94,93.99091309842979,43.104524124504614,93.01278750418334,57.07889277132134,0.9116,9,59,1,4,5000,100,71.0,16.0,39.0,0.35,0.35,0.3,0.1,15.437,0.1395,10.8482,49.1171,-0.0738,-1.2303
2,9,283,45,242,85,138.3664606634298,12.041594578792296,136.16913932790743,69.31089380465383,0.6828,9,59,1,4,5000,100,71.0,16.0,39.0,0.35,0.35,0.3,0.1,77.9072,0.704,54.5576,20.5185,-0.3735,-0.3545
2,10,284,59,281,66,109.98310652189998,23.40939982143925,110.77225468204583,31.016124838541646,0.7285,9,59,1,4,5000,100,71.0,16.0,39.0,0.35,0.35,0.3,0.1,15.4676,0.1398,10.8696,26.6812,-0.2337,-0.6274
3,3,410,210,421,230,55.70284759615926,209.41107898103195,56.241478767626475,232.14219780126146,0.6383,7,59,1,4,5000,100,71.0,16.0,39.0,0.35,0.35,0.3,0.1,5.6972,0.0515,4.0334,220.1915,3.0909,-4.5801
3,5,121,110,77,138,156.8823356747872,185.930094390338,154.83739020454746,237.54157530840786,0.5251,7,59,1,4,5000,100,71.0,16.0,39.0,0.35,0.35,0.3,0.1,13.488,0.1219,9.4845,208.5907,-4.772,-2.1511
3,6,127,93,86,118,161.2530990172167,174.24408167854654,158.53505514975595,221.35265979879256,0.4563,7,59,1,4,5000,100,71.0,16.0,39.0,0.35,0.35,0.3,0.1,13.1787,0.1191,9.2681,194.9935,-4.5902,-1.695
3,7,280,52,242,95,128.6598082540901,19.209372712298546,130.76360520094119,76.57675887630658,0.8438,7,59,1,4,5000,100,71.0,16.0,39.0,0.35,0.35,0.3,0.1,66.281,0.5989,46.4229,30.7141,-0.4989,-0.5875
3,8,289,80,289,94,93.99091309842979,43.104524124504614,93.01278750418334,57.07889277132134,0.9084,7,59,1,4,5000,100,71.0,16.0,39.0,0.35,0.35,0.3,0.1,15.437,0.1395,10.8482,49.1171,-0.0738,-1.2303
3,9,283,45,242,85,138.3664606634298,12.041594578792296,136.16913932790743,69.31089380465383,0.6903,7,59,1,4,5000,100,71.0,16.0,39.0,0.35,0.35,0.3,0.1,77.9072,0.704,54.5576,20.5185,-0.3735,-0.3545
3,10,284,59,281,66,109.98310652189998,23.40939982143925,110.77225468204583,31.016124838541646,0.7285,7,59,1,4,5000,100,71.0,16.0,39.0,0.35,0.35,0.3,0.1,15.4676,0.1398,10.8696,26.6812,-0.2337,-0.6274
4,1,224,441,221,469,99.55428967240177,409.6828041302197,99.33322941968095,437.79561441384953,0.6152,8,59,1,4,5000,100,71.0,16.0,39.0,0.35,0.35,0.3,0.1,3.6711,0.0332,2.6158,423.2729,-1.7421,-10.4778
4,2,225,426,221,453,99.7725420560933,394.72775428135276,99.68552240156482,422.0154025625131,0.8937,8,59,1,4,5000,100,71.0,16.0,39.0,0.35,0.35,0.3,0.1,3.6975,0.0334,2.6343,407.9157,-1.7296,-10.0891
4,3,420,209,432,229,53.3438915840331,214.40149253211834,53.901716032892,237.62154784446633,0.6169,8,59,1,4,5000,100,71.0,16.0,39.0,0.35,0.35,0.3,0.1,5.685,0.0514,4.0249,225.4151,3.3538,-4.5551
4,5,122,107,78,134,157.61986494804043,183.84776310850236,155.61659022647348,234.95744295510198,0.5891,8,59,1,4,5000,100,71.0,16.0,39.0,0.35,0.35,0.3,0.1,13.5057,0.122,9.4969,206.284,-4.747,-2.0645
4,7,280,52,242,95,128.6598082540901,19.209372712298546,130.76360520094119,76.57675887630658,0.7898,8,59,1,4,5000,100,71.0,16.0,39.0,0.35,0.35,0.3,0.1,66.281,0.5989,46.4229,30.7141,-0.4989,-0.5875
4,8,284,83,285,97,99.86580694308438,46.69047011971501,96.6544250460066,60.40695324215582,0.8023,8,59,1,4,5000,100,71.0,16.0,39.0,0.35,0.35,0.3,0.1,14.1739,0.1281,9.9645,52.6703,-0.1852,-1.3087
4,9,283,45,242,85,138.3664606634298,12.041594578792296,136.16913932790743,69.31089380465383,0.6805,8,59,1,4,5000,100,71.0,16.0,39.0,0.35,0.35,0.3,0.1,77.9072,0.704,54.5576,20.5185,-0.3735,-0.3545
4,10,284,59,281,66,109.98310652189998,23.40939982143925,110.77225468204583,31.016124838541646,0.7285,8,59,1,4,5000,100,71.0,16.0,39.0,0.35,0.35,0.3,0.1,15.4676,0.1398,10.8696,26.6812,-0.2337,-0.6274
5,1,216,441,210,469,100.65390259993849,411.08636562162945,100.74772609837206,439.71354311642483,0.7331,8,59,1,4,5000,100,71.0,16.0,39.0,0.35,0.35,0.3,0.1,3.7237,0.0336,2.6526,424.9183,-1.9802,-10.4775
5,2,225,432,221,459,99.62689724026787,400.6419848193646,99.55036790055503,427.93106921559223,0.8499,8,59,1,4,5000,100,71.0,16.0,39.0,0.35,0.35,0.3,0.1,3.6449,0.0329,2.5974,413.8371,-1.7296,-10.2398
5,11,535,166,569,181,27.96223220437437,275.118156434649,27.467918521893104,312.1938500355188,0.6955,8,59,1,4,5000,100,71.0,16.0,39.0,0.35,0.35,0.3,0.1,6.9863,0.0631,4.9354,292.4858,6.4985,-3.4117
5,5,121,114,82,129,155.75832427154643,187.5366630821824,156.34200300123732,229.26840166058645,0.7399,8,59,1,4,5000,100,71.0,16.0,39.0,0.35,0.35,0.3,0.1,11.0805,0.1001,7.8,206.3134,-4.7326,-2.0992
5,6,127,97,91,109,160.01689347810003,175.57049866079439,160.29202115702128,213.50644018389704,0.7797,8,59,1,4,5000,100,71.0,16.0,39.0,0.35,0.35,0.3,0.1,10.7905,0.0975,7.5971,192.689,-4.5486,-1.6405
5,7,280,52,242,96,128.6598082540901,19.209372712298546,130.27986306895644,77.33692520394123,0.7896,8,59,1,4,5000,100,71.0,16.0,39.0,0.35,0.35,0.3,0.1,66.6305,0.6021,46.6675,30.7747,-0.496,-0.592
5,8,281,66,280,95,110.77225468204583,31.016124838541646,101.6893691754392,59.22837157984339,0.4132,8,59,1,4,5000,100,71.0,16.0,39.0,0.35,0.35,0.3,0.1,34.5974,0.3126,24.2544,40.7124,-0.2611,-0.9877
5,9,283,45,252,93,138.3664606634298,12.041594578792296,125.53767779197437,68.81860213634101,0.3482,8,59,1,4,5000,100,71.0,16.0,39.0,0.35,0.35,0.3,0.1,77.7077,0.7022,54.4181,20.4968,-0.3127,-0.4084
6,1,211,433,205,465,101.56013079421777,404.19920831194116,101.49002638320057,436.75279048908203,0.6359,9,59,1,4,5000,100,71.0,16.0,39.0,0.35,0.35,0.3,0.1,4.284,0.0387,3.0447,419.8459,-2.1047,-10.3233
6,2,222,438,218,464,99.90198232258534,407.06387705125593,99.83182704422363,433.36474245143665,0.8219,9,59,1,4,5000,100,71.0,16.0,39.0,0.35,0.35,0.3,0.1,3.4633,0.0313,2.4704,419.8028,-1.805,-10.3788
6,12,534,171,577,197,28.97413255155024,276.6224864323217,29.310007070916125,326.84093990808435,0.7677,9,59,1,4,5000,100,71.0,16.0,39.0,0.35,0.35,0.3,0.1,9.2096,0.0832,6.491,299.6422,6.5665,-3.6633
6,11,524,154,567,178,26.762281997050103,259.83263844251746,27.14545166608077,309.04045042680093,0.7594,9,59,1,4,5000,100,71.0,16.0,39.0,0.35,0.35,0.3,0.1,9.5729,0.0865,6.7452,282.3083,6.3138,-3.2129
6,5,127,100,83,125,159.10223450116115,176.61823235442031,157.16634582208246,226.77080940897133,0.6116,9,59,1,4,5000,100,71.0,16.0,39.0,0.35,0.35,0.3,0.1,13.7593,0.1243,9.6743,198.5768,-4.6207,-1.8656
6,8,280,91,282,105,102.52880770915151,55.31726674375732,98.3658861240326,68.73136110975832,0.7463,9,59,1,4,5000,100,71.0,16.0,39.0,0.35,0.35,0.3,0.1,11.9673,0.1081,8.4205,61.299,-0.273,-1.5138
6,7,280,53,242,96,126.86989764584402,20.0,130.27986306895644,77.33692520394123,0.7588,9,59,1,4,5000,100,71.0,16.0,39.0,0.35,0.35,0.3,0.1,65.1903,0.5891,45.6598,31.7811,-0.5081,-0.6147
6,9,283,45,242,85,138.3664606634298,12.041594578792296,136.16913932790743,69.31089380465383,0.6784,9,59,1,4,5000,100,71.0,16.0,39.0,0.35,0.35,0.3,0.1,77.9072,0.704,54.5576,20.5185,-0.3735,-0.3545
6,10,284,59,281,67,109.98310652189998,23.40939982143925,110.13630342824813,31.953090617340916,0.7646,9,59,1,4,5000,100,71.0,16.0,39.0,0.35,0.35,0.3,0.1,17.0788,0.1543,11.9969,27.022,-0.2327,-0.6369
7,2,219,440,215,467,100.26730829144662,409.558298658445,100.15233963530581,436.8397875651896,0.7945,11,59,1,4,5000,100,71.0,16.0,39.0,0.35,0.35,0.3,0.1,3.5671,0.0322,2.543,422.7594,-1.8801,-10.4408
7,1,210,430,204,462,101.78575360721022,401.46357244462416,101.69828472496859,434.01497670011344,0.6193,11,59,1,4,5000,100,71.0,16.0,39.0,0.35,0.35,0.3,0.1,4.3118,0.039,3.0641,417.1052,-2.1298,-10.2479
7,12,535,173,576,195,29.234464692653468,278.4690287985362,29.088851422860497,324.99230760127233,0.8141,11,59,1,4,5000,100,71.0,16.0,39.0,0.35,0.35,0.3,0.1,8.5319,0.0771,6.0168,299.9373,6.573,-3.6669
7,11,524,156,566,177,27.15469532915934,260.7393334347543,27.064711005941685,307.6946538372092,0.8324,11,59,1,4,5000,100,71.0,16.0,39.0,0.35,0.35,0.3,0.1,9.1418,0.0826,6.4435,282.2776,6.3055,-3.2275
7,13,372,157,378,171,56.309932474020215,144.22205101855957,57.30801581742793,159.22311389996113,0.7404,11,59,1,4,5000,100,71.0,16.0,39.0,0.35,0.35,0.3,0.1,5.471,0.0494,3.8752,151.3518,2.0778,-3.1793
7,5,120,115,84,124,155.60626061383684,188.85973631242842,157.30194229325247,225.46174841866193,0.5398,11,59,1,4,5000,100,71.0,16.0,39.0,0.35,0.35,0.3,0.1,9.7767,0.0883,6.8878,205.544,-4.7312,-2.0543
7,8,283,92,284,107,99.29330859939712,55.731499172371095,96.519801751657,70.45565981523414,0.8039,11,59,1,4,5000,100,71.0,16.0,39.0,0.35,0.35,0.3,0.1,12.9134,0.1167,9.0825,62.2345,-0.2105,-1.5475
7,6,127,98,92,104,159.7107994622302,175.9147520817967,161.4791505225289,210.92415698539605,0.5443,11,59,1,4,5000,100,71.0,16.0,39.0,0.35,0.35,0.3,0.1,10.0157,0.0905,7.055,191.8353,-4.5427,-1.5931
7,7,280,52,242,96,128.6598082540901,19.209372712298546,130.27986306895644,77.33692520394123,0.7869,11,59,1,4,5000,100,71.0,16.0,39.0,0.35,0.35,0.3,0.1,66.6305,0.6021,46.6675,30.7747,-0.496,-0.592
7,9,283,45,242,86,138.3664606634298,12.041594578792296,135.57872556560778,70.00714249274856,0.6643,11,59,1,4,5000,100,71.0,16.0,39.0,0.35,0.35,0.3,0.1,78.1852,0.7065,54.7521,20.5487,-0.3709,-0.3583
7,10,284,59,281,66,109.98310652189998,23.40939982143925,110.77225468204583,31.016124838541646,0.7189,11,59,1,4,5000,100,71.0,16.0,39.0,0.35,0.35,0.3,0.1,15.4676,0.1398,10.8696,26.6812,-0.2337,-0.6274
8,2,215,441,211,468,100.79081467594136,411.2724158024703,100.64373250383707,438.545322629258,0.7801,12,59,1,4,5000,100,71.0,16.0,39.0,0.35,0.35,0.3,0.1,3.5517,0.0321,2.5322,424.4712,-1.9804,-10.466
8,1,210,429,204,460,101.81497523622322,400.48470632472345,101.75206089822694,432.0567092408125,0.6483,12,59,1,4,5000,100,71.0,16.0,39.0,0.35,0.35,0.3,0.1,4.1968,0.0379,2.9836,415.6721,-2.1299,-10.2111
8,4,299,179,300,198,87.1778447001882,142.1724305201258,87.1553443952266,161.19863522995473,0.8209,12,59,1,4,5000,100,71.0,16.0,39.0,0.35,0.35,0.3,0.1,6.9407,0.0627,4.9035,151.0889,0.1875,-3.7868
8,12,535,175,575,193,29.592296359357977,279.4512479843309,28.865168788551163,323.1485726411305,0.6434,12,59,1,4,5000,100,71.0,16.0,39.0,0.35,0.35,0.3,0.1,8.0251,0.0725,5.6622,299.7156,6.5652,-3.6695
8,11,524,158,565,175,27.544370831417478,261.658173959844,26.81634684428694,305.8970415025291,0.6644,12,59,1,4,5000,100,71.0,16.0,39.0,0.35,0.35,0.3,0.1,8.6263,0.0779,6.0828,282.0535,6.2979,-3.23
8,13,371,157,377,172,56.64175760295704,143.6697602141801,57.804266065286754,159.53056133543816,0.7151,12,59,1,4,5000,100,71.0,16.0,39.0,0.35,0.35,0.3,0.1,5.7892,0.0523,4.0978,151.1853,2.0522,-3.1909
8,5,118,114,84,122,156.1292331127781,190.2761151589973,157.772431417431,224.69757453074567,0.5237,12,59,1,4,5000,100,71.0,16.0,39.0,0.35,0.35,0.3,0.1,9.1798,0.0829,6.4702,206.0592,-4.7605,-2.0188
8,8,285,94,286,108,97.00126755749534,57.42821606144492,94.83041995828995,71.25307010929424,0.834,12,59,1,4,5000,100,71.0,16.0,39.0,0.35,0.35,0.3,0.1,11.8897,0.1074,8.3662,63.598,-0.1613,-1.5878
8,6,125,97,92,102,160.23757906760525,177.451401797788,161.99583839408663,210.2974084481309,0.5394,12,59,1,4,5000,100,71.0,16.0,39.0,0.35,0.35,0.3,0.1,9.3747,0.0847,6.6065,192.4832,-4.5723,-1.5573
8,7,280,53,242,96,126.86989764584402,20.0,130.27986306895644,77.33692520394123,0.718,12,59,1,4,5000,100,71.0,16.0,39.0,0.35,0.35,0.3,0.1,65.1903,0.5891,45.6598,31.7811,-0.5081,-0.6147
8,9,283,45,243,85,138.3664606634298,12.041594578792296,135.59065721464668,68.59300255857006,0.669,12,59,1,4,5000,100,71.0,16.0,39.0,0.35,0.35,0.3,0.1,77.6155,0.7013,54.3535,20.4867,-0.3698,-0.3571
8,10,284,59,281,67,109.98310652189998,23.40939982143925,110.13630342824813,31.953090617340916,0.7646,12,59,1,4,5000,100,71.0,16.0,39.0,0.35,0.35,0.3,0.1,17.0788,0.1543,11.9969,27.022,-0.2327,-0.6369
9,2,211,441,207,469,101.33720319043452,412.0400465974151,101.13128251551677,440.2828636229214,0.7744,11,59,1,4,5000,100,71.0,16.0,39.0,0.35,0.35,0.3,0.1,3.6672,0.0331,2.613,425.6935,-2.0805,-10.4778
9,1,211,427,203,458,101.73308415641223,398.32273347123936,101.93666167370918,430.3045433178692,0.5381,11,59,1,4,5000,100,71.0,16.0,39.0,0.35,0.35,0.3,0.1,4.2714,0.0386,3.0358,413.6965,-2.1298,-10.1605
9,4,299,179,300,198,87.1778447001882,142.1724305201258,87.1553443952266,161.19863522995473,0.7676,11,59,1,4,5000,100,71.0,16.0,39.0,0.35,0.35,0.3,0.1,6.9407,0.0627,4.9035,151.0889,0.1875,-3.7868
9,12,525,160,574,192,27.82943864806184,263.47295876427245,28.795192441925533,321.79030439091855,0.6739,11,59,1,4,5000,100,71.0,16.0,39.0,0.35,0.35,0.3,0.1,11.0274,0.0996,7.7629,289.7262,6.3978,-3.4536
9,13,370,157,376,172,56.97613244420336,143.12232530251876,58.10920819815429,159.0,0.7061,11,59,1,4,5000,100,71.0,16.0,39.0,0.35,0.35,0.3,0.1,5.8161,0.0526,4.1166,150.6439,2.0271,-3.1908
9,5,114,113,84,120,156.87915133757528,193.54586019855861,158.2460994409963,223.9486548296283,0.5549,11,59,1,4,5000,100,71.0,16.0,39.0,0.35,0.35,0.3,0.1,8.0591,0.0728,5.686,207.6403,-4.8178,-1.9845
9,8,288,94,288,109,94.01417569541103,57.14017850864661,93.17983011986423,72.11102550927978,0.9027,11,59,1,4,5000,100,71.0,16.0,39.0,0.35,0.35,0.3,0.1,12.8185,0.1158,9.0161,63.7586,-0.099,-1.5969
9,6,121,95,92,100,161.26402533298162,180.56854654119581,162.5155726767793,209.68786326347075,0.5949,11,59,1,4,5000,100,71.0,16.0,39.0,0.35,0.35,0.3,0.1,8.2577,0.0746,5.8249,194.0418,-4.6293,-1.5098
9,7,283,45,242,95,138.3664606634298,12.041594578792296,130.76360520094119,76.57675887630658,0.5254,11,59,1,4,5000,100,71.0,16.0,39.0,0.35,0.35,0.3,0.1,80.5934,0.7282,56.4371,20.8107,-0.348,-0.3893
9,9,280,53,252,93,126.86989764584402,20.0,125.53767779197437,68.81860213634101,0.6278,11,59,1,4,5000,100,71.0,16.0,39.0,0.35,0.35,0.3,0.1,60.8286,0.5496,42.608,30.9929,-0.4554,-0.6305
9,10,284,59,281,67,109.98310652189998,23.40939982143925,110.13630342824813,31.953090617340916,0.7615,11,59,1,4,5000,100,71.0,16.0,39.0,0.35,0.35,0.3,0.1,17.0788,0.1543,11.9969,27.022,-0.2327,-0.6369
10,2,208,441,203,469,101.74563342528795,412.6402791778815,101.6411182624356,441.0725563895355,0.8771,9,59,1,4,5000,100,71.0,16.0,39.0,0.35,0.35,0.3,0.1,3.6858,0.0333,2.626,426.383,-2.1682,-10.4777
10,1,210,428,204,455,101.84434005477313,399.50594488693156,101.88865803962798,427.16273245684715,0.6979,9,59,1,4,5000,100,71.0,16.0,39.0,0.35,0.35,0.3,0.1,3.7025,0.0335,2.6378,412.8717,-2.1306,-10.1392
10,4,299,179,300,198,87.1778447001882,142.1724305201258,87.1553443952266,161.19863522995473,0.8312,9,59,1,4,5000,100,71.0,16.0,39.0,0.35,0.35,0.3,0.1,6.9407,0.0627,4.9035,151.0889,0.1875,-3.7868
10,12,526,162,574,190,28.110599422147253,265.2941763401526,28.482185747040432,320.8317315977333,0.8144,9,59,1,4,5000,100,71.0,16.0,39.0,0.35,0.35,0.3,0.1,10.4863,0.0948,7.3843,290.4318,6.4162,-3.4568
10,5,112,112,84,118,157.38013505195957,195.0,158.72291329342232,223.21514285549716,0.5481,9,59,1,4,5000,100,71.0,16.0,39.0,0.35,0.35,0.3,0.1,7.4664,0.0675,5.2713,208.1558,-4.8464,-1.9486
10,8,290,94,291,108,92.00955381302114,57.0350769263968,90.80692945510238,71.00704190430693,0.9125,9,59,1,4,5000,100,71.0,16.0,39.0,0.35,0.35,0.3,0.1,12.0762,0.1091,8.4967,63.2587,-0.0372,-1.587
10,7,280,53,242,95,126.86989764584402,20.0,130.76360520094119,76.57675887630658,0.7498,9,59,1,4,5000,100,71.0,16.0,39.0,0.35,0.35,0.3,0.1,64.8324,0.5858,45.4094,31.7164,-0.5111,-0.6101
10,6,118,94,92,98,161.86191784440268,183.09833423600554,163.0382941134671,209.0956718825141,0.5903,9,59,1,4,5000,100,71.0,16.0,39.0,0.35,0.35,0.3,0.1,7.3359,0.0663,5.18,195.2354,-4.6722,-1.4741
10,10,284,59,281,67,109.98310652189998,23.40939982143925,110.13630342824813,31.953090617340916,0.7462,9,59,1,4,5000,100,71.0,16.0,39.0,0.35,0.35,0.3,0.1,17.0788,0.1543,11.9969,27.022,-0.2327,-0.6369
11,2,204,441,199,468,102.28832316327535,413.4730946506677,102.17643958394557,440.9194937854302,0.834,7,59,1,4,5000,100,71.0,16.0,39.0,0.35,0.35,0.3,0.1,3.5551,0.0321,2.5346,426.7555,-2.2687,-10.466
11,1,210,425,204,453,101.93330409255009,396.57029641666304,101.94417718844633,425.20583250938597,0.718,7,59,1,4,5000,100,71.0,16.0,39.0,0.35,0.35,0.3,0.1,3.8564,0.0348,2.7454,410.3891,-2.1304,-10.0756
11,12,528,164,573,189,28.286276165730076,268.00186566514793,28.410075543380653,319.4761336938958,0.8455,7,59,1,4,5000,100,71.0,16.0,39.0,0.35,0.35,0.3,0.1,9.6967,0.0876,6.8318,291.4839,6.437,-3.4738
11,8,292,94,293,107,90.0,57.0,89.18154453831139,70.00714249274856,0.933,7,59,1,4,5000,100,71.0,16.0,39.0,0.35,0.35,0.3,0.1,11.3339,0.1024,7.9773,62.8375,0.0124,-1.5768
11,7,280,53,242,95,126.86989764584402,20.0,130.76360520094119,76.57675887630658,0.7498,7,59,1,4,5000,100,71.0,16.0,39.0,0.35,0.35,0.3,0.1,64.8324,0.5858,45.4094,31.7164,-0.5111,-0.6101
11,9,283,45,243,85,138.3664606634298,12.041594578792296,135.59065721464668,68.59300255857006,0.6713,7,59,1,4,5000,100,71.0,16.0,39.0,0.35,0.35,0.3,0.1,77.6155,0.7013,54.3535,20.4867,-0.3698,-0.3571
11,10,284,59,281,67,109.98310652189998,23.40939982143925,110.13630342824813,31.953090617340916,0.7462,7,59,1,4,5000,100,71.0,16.0,39.0,0.35,0.35,0.3,0.1,17.0788,0.1543,11.9969,27.022,-0.2327,-0.6369
12,2,200,439,195,467,102.89048062975138,412.393016429716,102.7120859062867,440.80494552579603,0.7897,8,59,1,4,5000,100,71.0,16.0,39.0,0.35,0.35,0.3,0.1,3.6853,0.0333,2.6257,426.1259,-2.3688,-10.4276
12,1,211,423,204,451,101.85124894366855,394.40715003660875,102.0002096718853,423.24933549859236,0.6361,8,59,1,4,5000,100,71.0,16.0,39.0,0.35,0.35,0.3,0.1,3.9038,0.0353,2.7786,408.3196,-2.1178,-10.0252
12,4,299,179,300,198,87.1778447001882,142.1724305201258,87.1553443952266,161.19863522995473,0.8014,8,59,1,4,5000,100,71.0,16.0,39.0,0.35,0.35,0.3,0.1,6.9407,0.0627,4.9035,151.0889,0.1875,-3.7868
12,12,530,165,573,187,28.27203607943271,270.2369330791038,28.093648810980472,318.5294334908471,0.8438,8,59,1,4,5000,100,71.0,16.0,39.0,0.35,0.35,0.3,0.1,9.0774,0.082,6.3985,292.4026,6.4681,-3.4646
12,5,113,97,84,114,161.46907843683175,188.7882411592417,159.68583526226388,221.79495034828903,0.526,8,59,1,4,5000,100,71.0,16.0,39.0,0.35,0.35,0.3,0.1,8.8967,0.0804,6.272,203.9649,-4.8249,-1.708
12,7,283,45,242,95,138.3664606634298,12.041594578792296,130.76360520094119,76.57675887630658,0.5254,8,59,1,4,5000,100,71.0,16.0,39.0,0.35,0.35,0.3,0.1,80.5934,0.7282,56.4371,20.8107,-0.348,-0.3893
12,9,281,53,251,95,124.50852298766841,19.4164878389476,125.25635871296285,71.02816342831905,0.6421,8,59,1,4,5000,100,71.0,16.0,39.0,0.35,0.35,0.3,0.1,63.1526,0.5706,44.2341,30.4964,-0.44,-0.6261
12,10,284,59,283,67,109.98310652189998,23.40939982143925,106.69924423399362,31.32091952673165,0.6578,8,59,1,4,5000,100,71.0,16.0,39.0,0.35,0.35,0.3,0.1,15.9977,0.1446,11.2405,26.7933,-0.2089,-0.6391
13,2,197,436,191,465,103.3924977537511,410.15362975353514,103.27782184970417,439.7556139493844,0.8674,8,59,1,4,5000,100,71.0,16.0,39.0,0.35,0.35,0.3,0.1,3.8546,0.0348,2.7441,424.4391,-2.4562,-10.3638
13,1,211,421,205,449,101.9112154319716,392.4499968148809,101.92369703936528,421.0855020064215,0.7849,8,59,1,4,5000,100,71.0,16.0,39.0,0.35,0.35,0.3,0.1,3.8954,0.0352,2.7727,406.2638,-2.1053,-9.9751
13,4,299,179,300,198,87.1778447001882,142.1724305201258,87.1553443952266,161.19863522995473,0.8518,8,59,1,4,5000,100,71.0,16.0,39.0,0.35,0.35,0.3,0.1,6.9407,0.0627,4.9035,151.0889,0.1875,-3.7868
13,12,532,166,572,185,28.258029614706892,272.472016911829,27.85965069524227,316.7080674690811,0.7676,8,59,1,4,5000,100,71.0,16.0,39.0,0.35,0.35,0.3,0.1,8.3091,0.0751,5.8609,292.9294,6.4877,-3.456
13,5,111,98,84,113,161.37533074625267,191.0026177831079,159.92847413546127,221.44976857066254,0.5778,8,59,1,4,5000,100,71.0,16.0,39.0,0.35,0.35,0.3,0.1,8.1696,0.0738,5.7633,205.1024,-4.8546,-1.7097
13,7,283,45,242,95,138.3664606634298,12.041594578792296,130.76360520094119,76.57675887630658,0.5217,8,59,1,4,5000,100,71.0,16.0,39.0,0.35,0.35,0.3,0.1,80.5934,0.7282,56.4371,20.8107,-0.348,-0.3893
13,9,282,53,251,95,122.0053832080835,18.867962264113206,125.25635871296285,71.02816342831905,0.5772,8,59,1,4,5000,100,71.0,16.0,39.0,0.35,0.35,0.3,0.1,64.2133,0.5802,44.9762,29.8157,-0.4246,-0.6161
13,10,284,59,283,67,109.98310652189998,23.40939982143925,106.69924423399362,31.32091952673165,0.7131,8,59,1,4,5000,100,71.0,16.0,39.0,0.35,0.35,0.3,0.1,15.9977,0.1446,11.2405,26.7933,-0.2089,-0.6391
14,2,194,434,189,462,103.86632765669847,408.91686196585243,103.62313629841087,437.30309854836383,0.7484,7,59,1,4,5000,100,71.0,16.0,39.0,0.35,0.35,0.3,0.1,3.7124,0.0335,2.6447,422.6339,-2.5191,-10.3021
14,1,212,420,206,447,101.79815536984572,391.26589424584404,101.84639413321945,418.9224271867048,0.7199,7,59,1,4,5000,100,71.0,16.0,39.0,0.35,0.35,0.3,0.1,3.7778,0.0341,2.6904,404.6221,-2.0804,-9.9382
14,4,299,179,300,198,87.1778447001882,142.1724305201258,87.1553443952266,161.19863522995473,0.8209,7,59,1,4,5000,100,71.0,16.0,39.0,0.35,0.35,0.3,0.1,6.9407,0.0627,4.9035,151.0889,0.1875,-3.7868
14,12,535,167,572,184,28.14586462830364,275.5884612969128,27.699472808055,316.2419959461425,0.7596,7,59,1,4,5000,100,71.0,16.0,39.0,0.35,0.35,0.3,0.1,7.602,0.0687,5.3662,294.519,6.5312,-3.4592
14,5,108,100,83,111,161.09924209431298,194.48650338776724,160.50262640736466,221.713779454503,0.7269,7,59,1,4,5000,100,71.0,16.0,39.0,0.35,0.35,0.3,0.1,7.2398,0.0654,5.1128,207.2096,-4.91,-1.7116
14,7,283,45,250,95,138.3664606634298,12.041594578792296,125.90972307917767,71.61005515987263,0.3572,7,59,1,4,5000,100,71.0,16.0,39.0,0.35,0.35,0.3,0.1,78.8076,0.7121,55.1877,20.6164,-0.3163,-0.4094
14,10,283,54,284,68,117.89727103094764,19.235384061671343,104.4702941000659,32.01562118716424,0.5823,7,59,1,4,5000,100,71.0,16.0,39.0,0.35,0.35,0.3,0.1,27.5971,0.2494,19.3564,24.032,-0.2013,-0.5685
15,2,192,431,186,459,104.24135874744779,406.49231235043055,104.100118335013,435.1091817004095,0.8371,8,59,1,4,5000,100,71.0,16.0,39.0,0.35,0.35,0.3,0.1,3.7631,0.034,2.6801,420.3142,-2.5817,-10.2266
15,1,213,418,208,445,101.7142306593918,389.1040991816971,101.63363399894044,416.5573189850348,0.7375,8,59,1,4,5000,100,71.0,16.0,39.0,0.35,0.35,0.3,0.1,3.7711,0.0341,2.6857,402.363,-2.0428,-9.8881
15,4,299,179,300,198,87.1778447001882,142.1724305201258,87.1553443952266,161.19863522995473,0.7771,8,59,1,4,5000,100,71.0,16.0,39.0,0.35,0.35,0.3,0.1,6.9407,0.0627,4.9035,151.0889,0.1875,-3.7868
15,12,537,167,571,182,27.95096902789018,277.35356496717327,27.461498041956613,314.4296423685273,0.7434,8,59,1,4,5000,100,71.0,16.0,39.0,0.35,0.35,0.3,0.1,6.9336,0.0627,4.8985,294.7302,6.5489,-3.4369
15,5,107,101,83,109,160.91714590869648,195.757503049053,160.99129287936148,221.05429197371402,0.8666,8,59,1,4,5000,100,71.0,16.0,39.0,0.35,0.35,0.3,0.1,6.7166,0.0607,4.7467,207.6383,-4.9253,-1.7001
15,9,283,54,250,97,117.89727103094764,19.235384061671343,124.99202019855868,73.23933369440222,0.4805,8,59,1,4,5000,100,71.0,16.0,39.0,0.35,0.35,0.3,0.1,64.6292,0.584,45.2672,30.4686,-0.4222,-0.6374
15,7,283,45,243,85,138.3664606634298,12.041594578792296,135.59065721464668,68.59300255857006,0.6967,8,59,1,4,5000,100,71.0,16.0,39.0,0.35,0.35,0.3,0.1,77.6155,0.7013,54.3535,20.4867,-0.3698,-0.3571
15,10,284,59,284,68,109.98310652189998,23.40939982143925,104.4702941000659,32.01562118716424,0.6575,8,59,1,4,5000,100,71.0,16.0,39.0,0.35,0.35,0.3,0.1,17.1844,0.1553,12.0708,27.0443,-0.1961,-0.6497
16,2,190,428,184,456,104.62087398863166,404.0853870161602,104.45375016650038,432.6950427263987,0.8505,7,59,1,4,5000,100,71.0,16.0,39.0,0.35,0.35,0.3,0.1,3.7838,0.0342,2.6946,417.9011,-2.6318,-10.1512
16,1,215,417,210,444,101.45483803131366,387.72283915188694,101.39112624987266,415.1782749614917,0.7791,7,59,1,4,5000,100,71.0,16.0,39.0,0.35,0.35,0.3,0.1,3.7844,0.0342,2.695,400.9811,-1.9926,-9.863
16,4,299,179,300,198,87.1778447001882,142.1724305201258,87.1553443952266,161.19863522995473,0.9959,7,59,1,4,5000,100,71.0,16.0,39.0,0.35,0.35,0.3,0.1,6.9407,0.0627,4.9035,151.0889,0.1875,-3.7868
16,12,540,168,570,181,27.844170231032187,280.4728150819612,27.383506638766605,313.0814590485997,0.7429,7,59,1,4,5000,100,71.0,16.0,39.0,0.35,0.35,0.3,0.1,6.0799,0.0549,4.3012,295.8814,6.5799,-3.4401
16,5,105,102,82,108,160.8328765995142,197.9747458642137,161.3198496233267,221.6776939613005,0.7342,7,59,1,4,5000,100,71.0,16.0,39.0,0.35,0.35,0.3,0.1,6.2509,0.0565,4.4208,209.1568,-4.9653,-1.701
16,7,283,45,250,96,138.3664606634298,12.041594578792296,125.44571032759825,72.42237223399962,0.3468,7,59,1,4,5000,100,71.0,16.0,39.0,0.35,0.35,0.3,0.1,79.1141,0.7149,55.4021,20.6498,-0.3139,-0.4123
16,10,283,54,283,68,117.89727103094764,19.235384061671343,106.18920625702695,32.28002478313795,0.6497,7,59,1,4,5000,100,71.0,16.0,39.0,0.35,0.35,0.3,0.1,28.0234,0.2532,19.6547,24.1061,-0.2124,-0.5664
17,2,189,426,183,453,104.8305282837463,402.4052683551745,104.6825305461902,430.04302110370304,0.8324,7,59,1,4,5000,100,71.0,16.0,39.0,0.35,0.35,0.3,0.1,3.6743,0.0332,2.618,415.7654,-2.657,-10.0893
17,1,217,416,212,442,101.19359602574721,386.34958263210274,101.17383824181474,412.82562904936026,0.8305,7,59,1,4,5000,100,71.0,16.0,39.0,0.35,0.35,0.3,0.1,3.6664,0.0331,2.6125,399.149,-1.9427,-9.8261
17,14,301,109,299,179,82.8749836510982,72.56031973468694,87.1778447001882,142.1724305201258,0.4799,7,59,1,4,5000,100,71.0,16.0,39.0,0.35,0.35,0.3,0.1,35.8767,0.3242,25.1496,96.0829,0.1798,-2.4044
17,12,543,168,570,179,27.560612227386155,283.12894588861803,27.057552910841327,312.166622174761,0.6999,7,59,1,4,5000,100,71.0,16.0,39.0,0.35,0.35,0.3,0.1,5.3983,0.0488,3.8243,296.9396,6.6217,-3.4172
17,9,282,54,250,98,120.46554491945989,19.72308292331602,124.54836705601132,74.06078584514209,0.5565,7,59,1,4,5000,100,71.0,16.0,39.0,0.35,0.35,0.3,0.1,64.1209,0.5794,44.9116,31.1505,-0.4336,-0.6504
17,7,283,45,242,85,138.3664606634298,12.041594578792296,136.16913932790743,69.31089380465383,0.7026,7,59,1,4,5000,100,71.0,16.0,39.0,0.35,0.35,0.3,0.1,77.9072,0.704,54.5576,20.5185,-0.3735,-0.3545
17,10,284,59,283,68,109.98310652189998,23.40939982143925,106.18920625702695,32.28002478313795,0.6939,7,59,1,4,5000,100,71.0,16.0,39.0,0.35,0.35,0.3,0.1,17.6282,0.1593,12.3814,27.1382,-0.208,-0.6485
18,2,188,423,182,450,105.07913397496114,399.76493092816435,104.91414640864916,427.39794103388004,0.8338,7,59,1,4,5000,100,71.0,16.0,39.0,0.35,0.35,0.3,0.1,3.6971,0.0334,2.634,413.1199,-2.6821,-10.0139
18,1,218,414,214,441,101.10520110616326,384.1939614309418,100.92760215597235,411.4608122288197,0.7997,7,59,1,4,5000,100,71.0,16.0,39.0,0.35,0.35,0.3,0.1,3.7926,0.0343,2.7008,397.3602,-1.9049,-9.7878
18,14,302,111,299,179,82.30394827798344,74.67261881037788,87.1778447001882,142.1724305201258,0.4506,7,59,1,4,5000,100,71.0,16.0,39.0,0.35,0.35,0.3,0.1,34.4492,0.3113,24.1508,97.9168,0.1928,-2.4496
18,12,545,168,569,178,27.374513826073535,284.9034924320866,26.977243918480312,310.82149217838844,0.7463,7,59,1,4,5000,100,71.0,16.0,39.0,0.35,0.35,0.3,0.1,4.8148,0.0435,3.416,297.2987,6.6374,-3.4064
18,9,282,54,250,99,120.46554491945989,19.72308292331602,124.11447294534128,74.88658090739622,0.5682,7,59,1,4,5000,100,71.0,16.0,39.0,0.35,0.35,0.3,0.1,64.5272,0.5831,45.1958,31.2229,-0.4308,-0.6545
18,7,283,45,242,85,138.3664606634298,12.041594578792296,136.16913932790743,69.31089380465383,0.7063,7,59,1,4,5000,100,71.0,16.0,39.0,0.35,0.35,0.3,0.1,77.9072,0.704,54.5576,20.5185,-0.3735,-0.3545
18,10,284,59,283,68,109.98310652189998,23.40939982143925,106.18920625702695,32.28002478313795,0.7056,7,59,1,4,5000,100,71.0,16.0,39.0,0.35,0.35,0.3,0.1,17.6282,0.1593,12.3814,27.1382,-0.208,-0.6485
19,2,187,420,181,447,105.33104062794119,397.13221979587604,105.14864308422428,424.75993219699996,0.8133,6,59,1,4,5000,100,71.0,16.0,39.0,0.35,0.35,0.3,0.1,3.7201,0.0336,2.6501,410.4817,-2.7071,-9.9386
19,1,221,414,216,440,100.66552858862144,383.6274234201721,100.67973171558145,410.1036454361263,0.8484,6,59,1,4,5000,100,71.0,16.0,39.0,0.35,0.35,0.3,0.1,3.6916,0.0334,2.6301,396.424,-1.8424,-9.7758
19,14,303,113,299,179,81.7643806757905,76.79192665899195,87.1778447001882,142.1724305201258,0.4237,6,59,1,4,5000,100,71.0,16.0,39.0,0.35,0.35,0.3,0.1,33.0447,0.2986,23.168,99.7212,0.2059,-2.4939
19,9,282,54,249,99,120.46554491945989,19.72308292331602,124.74318015830362,75.45197147855052,0.5534,6,59,1,4,5000,100,71.0,16.0,39.0,0.35,0.35,0.3,0.1,64.8013,0.5855,45.3876,31.2718,-0.4372,-0.6517
19,7,283,45,243,85,138.3664606634298,12.041594578792296,135.59065721464668,68.59300255857006,0.6855,6,59,1,4,5000,100,71.0,16.0,39.0,0.35,0.35,0.3,0.1,77.6155,0.7013,54.3535,20.4867,-0.3698,-0.3571
19,10,284,59,283,68,109.98310652189998,23.40939982143925,106.18920625702695,32.28002478313795,0.6939,6,59,1,4,5000,100,71.0,16.0,39.0,0.35,0.35,0.3,0.1,17.6282,0.1593,12.3814,27.1382,-0.208,-0.6485
20,2,186,417,180,444,105.58630449147316,394.50728763864424,105.38606665179888,422.12912716371517,0.799,6,59,1,4,5000,100,71.0,16.0,39.0,0.35,0.35,0.3,0.1,3.7433,0.0338,2.6663,407.8511,-2.7321,-9.8632
20,1,223,413,218,440,100.39868598630905,382.2786941486538,100.40490448451439,409.7377209874629,0.9173,6,59,1,4,5000,100,71.0,16.0,39.0,0.35,0.35,0.3,0.1,3.8369,0.0347,2.7318,395.5322,-1.7921,-9.7624
20,14,305,114,299,179,80.41705527646744,78.08969202141856,87.1778447001882,142.1724305201258,0.3595,6,59,1,4,5000,100,71.0,16.0,39.0,0.35,0.35,0.3,0.1,32.1979,0.2909,22.5756,100.809,0.2301,-2.5192
20,9,282,54,249,100,120.46554491945989,19.72308292331602,124.31508759999728,76.27581530209953,0.5646,6,59,1,4,5000,100,71.0,16.0,39.0,0.35,0.35,0.3,0.1,65.1949,0.5891,45.6631,31.3419,-0.4344,-0.6557
20,7,283,45,242,85,138.3664606634298,12.041594578792296,136.16913932790743,69.31089380465383,0.7026,6,59,1,4,5000,100,71.0,16.0,39.0,0.35,0.35,0.3,0.1,77.9072,0.704,54.5576,20.5185,-0.3735,-0.3545
20,10,284,59,283,68,109.98310652189998,23.40939982143925,106.18920625702695,32.28002478313795,0.6814,6,59,1,4,5000,100,71.0,16.0,39.0,0.35,0.35,0.3,0.1,17.6282,0.1593,12.3814,27.1382,-0.208,-0.6485
21,1,224,412,221,439,100.27795335667712,381.1154680670938,100.01611032210666,408.2217534625023,0.7724,6,59,1,4,5000,100,71.0,16.0,39.0,0.35,0.35,0.3,0.1,3.8004,0.0343,2.7063,394.2032,-1.742,-9.7376
21,2,186,413,180,440,105.74393477789292,390.6558587811016,105.53144344866114,418.2738337500925,0.7846,6,59,1,4,5000,100,71.0,16.0,39.0,0.35,0.35,0.3,0.1,3.7784,0.0341,2.6909,403.9934,-2.7321,-9.7628
21,8,305,108,306,122,79.62415507994895,72.18032973047436,80.64702074990674,86.14522621712709,0.9056,6,59,1,4,5000,100,71.0,16.0,39.0,0.35,0.35,0.3,0.1,9.7614,0.0882,6.8771,78.5469,0.3361,-1.9422
21,9,282,54,249,100,120.46554491945989,19.72308292331602,124.31508759999728,76.27581530209953,0.5649,6,59,1,4,5000,100,71.0,16.0,39.0,0.35,0.35,0.3,0.1,65.1949,0.5891,45.6631,31.3419,-0.4344,-0.6557
21,7,283,45,242,84,138.3664606634298,12.041594578792296,136.7714697400341,68.62215385719105,0.7245,6,59,1,4,5000,100,71.0,16.0,39.0,0.35,0.35,0.3,0.1,77.6274,0.7014,54.3619,20.488,-0.3761,-0.3506
21,10,284,59,283,68,109.98310652189998,23.40939982143925,106.18920625702695,32.28002478313795,0.6814,6,59,1,4,5000,100,71.0,16.0,39.0,0.35,0.35,0.3,0.1,17.6282,0.1593,12.3814,27.1382,-0.208,-0.6485
22,1,226,412,223,439,99.98182928773316,380.76370625362915,99.73944594549724,407.87865842674336,0.7817,6,59,1,4,5000,100,71.0,16.0,39.0,0.35,0.35,0.3,0.1,3.805,0.0344,2.7095,393.8551,-1.6919,-9.7376
22,2,186,410,181,437,105.86421171223148,387.76926128820475,105.50933452267488,415.1156465372029,0.6469,6,59,1,4,5000,100,71.0,16.0,39.0,0.35,0.35,0.3,0.1,3.7694,0.0341,2.6846,400.9767,-2.7196,-9.6877
22,8,305,107,307,121,79.47921568612564,71.19691004531025,79.8753283446022,85.32877591996736,0.9662,6,59,1,4,5000,100,71.0,16.0,39.0,0.35,0.35,0.3,0.1,9.9917,0.0903,7.0382,77.6249,0.3485,-1.9165
22,7,283,45,241,95,138.3664606634298,12.041594578792296,131.32550047917036,77.23341245859851,0.5842,6,59,1,4,5000,100,71.0,16.0,39.0,0.35,0.35,0.3,0.1,80.8146,0.7302,56.5919,20.8348,-0.3517,-0.3869
22,9,282,54,249,98,120.46554491945989,19.72308292331602,125.1806993612421,74.63243262818116,0.5425,6,59,1,4,5000,100,71.0,16.0,39.0,0.35,0.35,0.3,0.1,64.4029,0.5819,45.1089,31.2008,-0.44,-0.6476
22,10,284,59,283,68,109.98310652189998,23.40939982143925,106.18920625702695,32.28002478313795,0.6814,6,59,1,4,5000,100,71.0,16.0,39.0,0.35,0.35,0.3,0.1,17.6282,0.1593,12.3814,27.1382,-0.208,-0.6485
23,1,229,412,226,439,99.53663575845941,380.25517747954467,99.32359177813801,407.3818847224309,0.7406,6,59,1,4,5000,100,71.0,16.0,39.0,0.35,0.35,0.3,0.1,3.8115,0.0344,2.714,393.3514,-1.6167,-9.7375
23,2,187,407,181,434,105.84308211768702,384.61019227264376,105.62083147801043,412.22566635278787,0.7674,6,59,1,4,5000,100,71.0,16.0,39.0,0.35,0.35,0.3,0.1,3.8354,0.0347,2.7307,397.9394,-2.7069,-9.612
23,8,304,106,306,120,80.13419305691563,70.03570517957252,80.42577211490818,84.17244204607586,0.9684,6,59,1,4,5000,100,71.0,16.0,39.0,0.35,0.35,0.3,0.1,10.1454,0.0917,7.1457,76.4561,0.3235,-1.8911
23,9,282,54,248,101,120.46554491945989,19.72308292331602,124.50852298766841,77.6659513557904,0.5605,6,59,1,4,5000,100,71.0,16.0,39.0,0.35,0.35,0.3,0.1,65.844,0.595,46.1172,31.4576,-0.4379,-0.6568
23,7,283,45,243,83,138.3664606634298,12.041594578792296,136.80873932249207,67.20863039818622,0.7498,6,59,1,4,5000,100,71.0,16.0,39.0,0.35,0.35,0.3,0.1,77.0381,0.6961,53.9495,20.4239,-0.3751,-0.3492
23,10,284,59,283,68,109.98310652189998,23.40939982143925,106.18920625702695,32.28002478313795,0.687,6,59,1,4,5000,100,71.0,16.0,39.0,0.35,0.35,0.3,0.1,17.6282,0.1593,12.3814,27.1382,-0.208,-0.6485
24,1,234,415,229,440,98.72338064168298,382.42384862871717,98.884996125723,407.89459422747933,0.8577,7,59,1,4,5000,100,71.0,16.0,39.0,0.35,0.35,0.3,0.1,3.5667,0.0322,2.5427,394.7488,-1.5166,-9.7891
24,2,188,403,182,431,105.86265837068808,380.48915884687176,105.59908580283923,409.0672316380279,0.723,7,59,1,4,5000,100,71.0,16.0,39.0,0.35,0.35,0.3,0.1,4.0057,0.0362,2.8499,394.261,-2.6816,-9.5233
24,15,500,296,534,344,51.232442405112,332.18217893198306,51.75221981350962,390.9130338067535,0.5248,7,59,1,4,5000,100,71.0,16.0,39.0,0.35,0.35,0.3,0.1,8.9887,0.0812,6.3364,359.1625,5.609,-7.0549
24,16,488,275,520,322,50.527540151656176,308.3180176376334,51.34019174590991,364.97808153367237,0.4547,7,59,1,4,5000,100,71.0,16.0,39.0,0.35,0.35,0.3,0.1,9.3132,0.0842,6.5635,334.264,5.2824,-6.5158
24,8,302,105,304,118,81.63411387596742,68.73136110975832,81.57303097851933,81.88406438373708,0.9812,7,59,1,4,5000,100,71.0,16.0,39.0,0.35,0.35,0.3,0.1,9.6643,0.0873,6.8092,74.7334,0.2739,-1.8553
24,9,283,45,248,98,138.3664606634298,12.041594578792296,125.80334410837109,75.21303078589507,0.3555,7,59,1,4,5000,100,71.0,16.0,39.0,0.35,0.35,0.3,0.1,80.1233,0.724,56.1082,20.7596,-0.3173,-0.4131
24,10,284,59,283,68,109.98310652189998,23.40939982143925,106.18920625702695,32.28002478313795,0.687,7,59,1,4,5000,100,71.0,16.0,39.0,0.35,0.35,0.3,0.1,17.6282,0.1593,12.3814,27.1382,-0.208,-0.6485
25,1,234,412,231,441,98.79208153103517,379.458825170795,98.586237725752,408.57924567946424,0.7353,9,59,1,4,5000,100,71.0,16.0,39.0,0.35,0.35,0.3,0.1,4.0896,0.037,2.9086,393.481,-1.4911,-9.7608
25,2,189,402,183,430,105.75863016777234,379.2545319439176,105.5015506437347,407.83575125287877,0.7235,9,59,1,4,5000,100,71.0,16.0,39.0,0.35,0.35,0.3,0.1,4.0187,0.0363,2.859,393.0262,-2.6565,-9.4981
25,15,500,300,534,344,51.66042565127491,335.31030404686345,51.75221981350962,390.9130338067535,0.6576,9,59,1,4,5000,100,71.0,16.0,39.0,0.35,0.35,0.3,0.1,8.4733,0.0766,5.9758,360.9831,5.6131,-7.1099
25,16,488,279,520,322,50.995386804075466,311.4161203277698,51.34019174590991,364.97808153367237,0.5749,9,59,1,4,5000,100,71.0,16.0,39.0,0.35,0.35,0.3,0.1,8.7636,0.0792,6.1789,336.0764,5.2866,-6.5709
25,17,354,149,359,163,61.032339353935974,128.01562404644207,61.998365187363575,142.70599146496969,0.8178,9,59,1,4,5000,100,71.0,16.0,39.0,0.35,0.35,0.3,0.1,6.0053,0.0543,4.249,134.9622,1.6139,-2.9775
25,8,300,103,302,117,83.08877288097531,66.48308055437865,82.8749836510982,80.62257748298549,0.966,9,59,1,4,5000,100,71.0,16.0,39.0,0.35,0.35,0.3,0.1,10.6373,0.0961,7.4899,72.8733,0.2238,-1.8149
25,9,282,54,248,101,120.46554491945989,19.72308292331602,124.50852298766841,77.6659513557904,0.559,9,59,1,4,5000,100,71.0,16.0,39.0,0.35,0.35,0.3,0.1,65.844,0.595,46.1172,31.4576,-0.4379,-0.6568
25,7,283,45,243,83,138.3664606634298,12.041594578792296,136.80873932249207,67.20863039818622,0.7684,9,59,1,4,5000,100,71.0,16.0,39.0,0.35,0.35,0.3,0.1,77.0381,0.6961,53.9495,20.4239,-0.3751,-0.3492
25,10,284,59,283,68,109.98310652189998,23.40939982143925,106.18920625702695,32.28002478313795,0.687,9,59,1,4,5000,100,71.0,16.0,39.0,0.35,0.35,0.3,0.1,17.6282,0.1593,12.3814,27.1382,-0.208,-0.6485
26,1,235,412,233,441,98.64280258000453,379.30726331036686,98.3087169524138,408.285439368097,0.581,8,59,1,4,5000,100,71.0,16.0,39.0,0.35,0.35,0.3,0.1,4.0719,0.0368,2.8962,393.2632,-1.4535,-9.761
26,15,500,305,534,344,52.18426739242686,339.24622326563934,51.75221981350962,390.9130338067535,0.5295,8,59,1,4,5000,100,71.0,16.0,39.0,0.35,0.35,0.3,0.1,7.8311,0.0708,5.5264,363.2516,5.6179,-7.1785
26,16,487,284,520,322,51.70983680775693,314.6966793596653,51.34019174590991,364.97808153367237,0.5601,8,59,1,4,5000,100,71.0,16.0,39.0,0.35,0.35,0.3,0.1,8.1871,0.074,5.7756,337.9775,5.2784,-6.6385
26,17,352,148,357,162,61.606980578617005,126.17844506887855,62.52556837372287,140.8900280360537,0.8289,8,59,1,4,5000,100,71.0,16.0,39.0,0.35,0.35,0.3,0.1,6.0963,0.0551,4.3126,133.129,1.5637,-2.9522
26,8,298,102,299,116,84.72610404264823,65.27633568147036,84.93638314696992,79.30952023559341,0.9751,8,59,1,4,5000,100,71.0,16.0,39.0,0.35,0.35,0.3,0.1,10.7413,0.0971,7.5627,71.6119,0.1616,-1.7898
26,9,282,54,247,101,120.46554491945989,19.72308292331602,125.11201118442222,78.2368199762746,0.545,8,59,1,4,5000,100,71.0,16.0,39.0,0.35,0.35,0.3,0.1,66.1053,0.5973,46.3,31.5041,-0.4441,-0.654
26,7,283,45,243,83,138.3664606634298,12.041594578792296,136.80873932249207,67.20863039818622,0.7602,8,59,1,4,5000,100,71.0,16.0,39.0,0.35,0.35,0.3,0.1,77.0381,0.6961,53.9495,20.4239,-0.3751,-0.3492
26,10,284,59,283,68,109.98310652189998,23.40939982143925,106.18920625702695,32.28002478313795,0.687,8,59,1,4,5000,100,71.0,16.0,39.0,0.35,0.35,0.3,0.1,17.6282,0.1593,12.3814,27.1382,-0.208,-0.6485
27,1,238,416,234,442,98.1089365702968,382.8276374558138,98.14990732381763,409.13200803652603,0.8844,7,59,1,4,5000,100,71.0,16.0,39.0,0.35,0.35,0.3,0.1,3.6758,0.0332,2.6191,395.543,-1.4037,-9.826
27,2,190,403,185,431,105.57254359681026,379.94736477570154,105.193576536056,408.27074350239695,0.5982,7,59,1,4,5000,100,71.0,16.0,39.0,0.35,0.35,0.3,0.1,3.9767,0.0359,2.8296,393.6002,-2.619,-9.5235
27,17,351,146,356,161,61.57400775690899,123.94353553130554,62.7004277886672,139.54210834009928,0.8081,7,59,1,4,5000,100,71.0,16.0,39.0,0.35,0.35,0.3,0.1,6.5517,0.0592,4.6313,131.2811,1.538,-2.9134
27,8,296,102,298,116,86.47854662307776,65.12296062065974,85.65676004831062,79.22752047110903,0.9396,7,59,1,4,5000,100,71.0,16.0,39.0,0.35,0.35,0.3,0.1,10.8135,0.0977,7.6132,71.4862,0.1243,-1.7896
27,9,282,54,248,101,120.46554491945989,19.72308292331602,124.50852298766841,77.6659513557904,0.5602,7,59,1,4,5000,100,71.0,16.0,39.0,0.35,0.35,0.3,0.1,65.844,0.595,46.1172,31.4576,-0.4379,-0.6568
27,7,283,45,243,83,138.3664606634298,12.041594578792296,136.80873932249207,67.20863039818622,0.7879,7,59,1,4,5000,100,71.0,16.0,39.0,0.35,0.35,0.3,0.1,77.0381,0.6961,53.9495,20.4239,-0.3751,-0.3492
27,10,284,59,283,68,109.98310652189998,23.40939982143925,106.18920625702695,32.28002478313795,0.687,7,59,1,4,5000,100,71.0,16.0,39.0,0.35,0.35,0.3,0.1,17.6282,0.1593,12.3814,27.1382,-0.208,-0.6485
28,1,239,416,236,443,97.96071399469619,382.6878623630491,97.85331330197822,409.8438727125245,0.8251,8,59,1,4,5000,100,71.0,16.0,39.0,0.35,0.35,0.3,0.1,3.7921,0.0343,2.7004,395.8006,-1.366,-9.8379
28,2,192,403,186,432,105.28160773469483,379.41533970043963,105.02166088916861,408.9755493914031,0.7001,8,59,1,4,5000,100,71.0,16.0,39.0,0.35,0.35,0.3,0.1,4.1495,0.0375,2.9505,393.6413,-2.5811,-9.5349
28,16,486,292,534,344,52.7366918236156,320.4075529696515,51.75221981350962,390.9130338067535,0.4468,8,59,1,4,5000,100,71.0,16.0,39.0,0.35,0.35,0.3,0.1,10.9694,0.0991,7.7223,352.1661,5.417,-6.9824
28,17,350,145,355,159,61.76255446183274,122.58874336577564,62.688466248232814,137.3062270984095,0.83,8,59,1,4,5000,100,71.0,16.0,39.0,0.35,0.35,0.3,0.1,6.267,0.0566,4.4321,129.5308,1.5134,-2.8767
28,8,295,102,295,116,87.35745470593528,65.06919393998976,87.82525588538995,79.05694150420949,0.9382,8,59,1,4,5000,100,71.0,16.0,39.0,0.35,0.35,0.3,0.1,10.7407,0.0971,7.5623,71.3843,0.0746,-1.7898
28,9,282,54,247,102,120.46554491945989,19.72308292331602,124.69515353123397,79.05694150420949,0.556,8,59,1,4,5000,100,71.0,16.0,39.0,0.35,0.35,0.3,0.1,66.4752,0.6007,46.5589,31.5701,-0.4413,-0.6579
28,7,283,45,243,82,138.3664606634298,12.041594578792296,137.43664824681014,66.52818951391959,0.8378,8,59,1,4,5000,100,71.0,16.0,39.0,0.35,0.35,0.3,0.1,76.7469,0.6935,53.7458,20.3922,-0.3778,-0.3452
28,10,284,59,283,68,109.98310652189998,23.40939982143925,106.18920625702695,32.28002478313795,0.687,8,59,1,4,5000,100,71.0,16.0,39.0,0.35,0.35,0.3,0.1,17.6282,0.1593,12.3814,27.1382,-0.208,-0.6485
29,1,240,416,237,443,97.8123840977513,382.5506502412458,97.71477950441594,409.708432912968,0.8238,7,59,1,4,5000,100,71.0,16.0,39.0,0.35,0.35,0.3,0.1,3.7936,0.0343,2.7015,395.6641,-1.341,-9.8379
29,2,193,404,187,431,105.09647827915767,380.1184026063458,104.92236571225502,407.7511495998509,0.7499,7,59,1,4,5000,100,71.0,16.0,39.0,0.35,0.35,0.3,0.1,3.8815,0.0351,2.763,393.4502,-2.5565,-9.5366
29,17,349,143,354,157,61.73148721287088,120.3536455617361,62.676108698653465,135.07035203922436,0.8336,7,59,1,4,5000,100,71.0,16.0,39.0,0.35,0.35,0.3,0.1,6.3764,0.0576,4.5086,127.288,1.4882,-2.8263
29,8,293,103,294,118,89.13194855025446,66.007575322837,88.58557678859785,81.02468759581859,0.962,7,59,1,4,5000,100,71.0,16.0,39.0,0.35,0.35,0.3,0.1,11.3032,0.1021,7.9558,72.7492,0.0372,-1.8252
29,9,282,54,247,102,120.46554491945989,19.72308292331602,124.69515353123397,79.05694150420949,0.5558,7,59,1,4,5000,100,71.0,16.0,39.0,0.35,0.35,0.3,0.1,66.4752,0.6007,46.5589,31.5701,-0.4413,-0.6579
29,7,283,45,243,82,138.3664606634298,12.041594578792296,137.43664824681014,66.52818951391959,0.8903,7,59,1,4,5000,100,71.0,16.0,39.0,0.35,0.35,0.3,0.1,76.7469,0.6935,53.7458,20.3922,-0.3778,-0.3452
29,10,284,59,283,68,109.98310652189998,23.40939982143925,106.18920625702695,32.28002478313795,0.687,7,59,1,4,5000,100,71.0,16.0,39.0,0.35,0.35,0.3,0.1,17.6282,0.1593,12.3814,27.1382,-0.208,-0.6485
30,1,241,416,238,443,97.66394875324374,382.41600384921134,97.57615489568907,409.5753898856717,0.8712,7,59,1,4,5000,100,71.0,16.0,39.0,0.35,0.35,0.3,0.1,3.7951,0.0343,2.7026,395.53,-1.3159,-9.8379
30,2,195,404,189,431,104.80502248521057,379.6024235960566,104.65046891343411,407.2407150568322,0.7825,7,59,1,4,5000,100,71.0,16.0,39.0,0.35,0.35,0.3,0.1,3.8873,0.0351,2.7671,392.9362,-2.5063,-9.5365
30,14,292,111,299,179,90.0,74.0,87.1778447001882,142.1724305201258,0.5399,7,59,1,4,5000,100,71.0,16.0,39.0,0.35,0.35,0.3,0.1,34.9008,0.3154,24.4667,97.3367,0.0791,-2.4413
30,17,349,140,353,155,61.03994330604966,117.72000679578642,62.66333514418599,132.83448347473634,0.7414,7,59,1,4,5000,100,71.0,16.0,39.0,0.35,0.35,0.3,0.1,6.676,0.0603,4.7183,124.8214,1.4753,-2.7631
30,9,282,54,246,102,120.46554491945989,19.72308292331602,125.28674897505974,79.63039620647382,0.5411,7,59,1,4,5000,100,71.0,16.0,39.0,0.35,0.35,0.3,0.1,66.7303,0.603,46.7373,31.6155,-0.4474,-0.6552
30,7,283,45,243,82,138.3664606634298,12.041594578792296,137.43664824681014,66.52818951391959,0.8378,7,59,1,4,5000,100,71.0,16.0,39.0,0.35,0.35,0.3,0.1,76.7469,0.6935,53.7458,20.3922,-0.3778,-0.3452
30,10,284,59,283,68,109.98310652189998,23.40939982143925,106.18920625702695,32.28002478313795,0.687,7,59,1,4,5000,100,71.0,16.0,39.0,0.35,0.35,0.3,0.1,17.6282,0.1593,12.3814,27.1382,-0.208,-0.6485
31,1,243,418,240,444,97.32852003774644,384.1379960378822,97.28089928218441,410.3084205813963,0.9329,5,59,1,4,5000,100,71.0,16.0,39.0,0.35,0.35,0.3,0.1,3.6456,0.0329,2.598,396.7922,-1.2659,-9.8763
31,2,198,404,192,431,104.36636914607661,378.8469347902923,104.24135874744779,406.49231235043055,0.7933,5,59,1,4,5000,100,71.0,16.0,39.0,0.35,0.35,0.3,0.1,3.8958,0.0352,2.773,392.183,-2.4311,-9.5365
31,9,282,54,246,102,120.46554491945989,19.72308292331602,125.28674897505974,79.63039620647382,0.542,5,59,1,4,5000,100,71.0,16.0,39.0,0.35,0.35,0.3,0.1,66.7303,0.603,46.7373,31.6155,-0.4474,-0.6552
31,7,283,45,243,82,138.3664606634298,12.041594578792296,137.43664824681014,66.52818951391959,0.8378,5,59,1,4,5000,100,71.0,16.0,39.0,0.35,0.35,0.3,0.1,76.7469,0.6935,53.7458,20.3922,-0.3778,-0.3452
31,10,284,59,283,68,109.98310652189998,23.40939982143925,106.18920625702695,32.28002478313795,0.687,5,59,1,4,5000,100,71.0,16.0,39.0,0.35,0.35,0.3,0.1,17.6282,0.1593,12.3814,27.1382,-0.208,-0.6485
32,1,243,417,241,444,97.34759514317727,383.1461862005154,97.14234195451617,410.18288603987367,0.7648,6,59,1,4,5000,100,71.0,16.0,39.0,0.35,0.35,0.3,0.1,3.7716,0.0341,2.6861,396.2038,-1.2532,-9.8631
32,2,201,405,194,433,103.88961351417319,379.0844233149128,103.89998741203563,407.9460748677452,0.8804,6,59,1,4,5000,100,71.0,16.0,39.0,0.35,0.35,0.3,0.1,4.0584,0.0367,2.8868,392.986,-2.3682,-9.5731
32,18,477,308,489,331,55.68033386560995,328.1249761904753,56.1752247766622,353.89970330589426,0.6894,6,59,1,4,5000,100,71.0,16.0,39.0,0.35,0.35,0.3,0.1,4.1824,0.0378,2.9735,340.5253,4.7862,-7.079
32,14,291,115,299,179,90.73452103425483,78.00640999302557,87.1778447001882,142.1724305201258,0.5008,6,59,1,4,5000,100,71.0,16.0,39.0,0.35,0.35,0.3,0.1,32.252,0.2914,22.6134,100.7396,0.0689,-2.527
32,9,282,54,246,102,120.46554491945989,19.72308292331602,125.28674897505974,79.63039620647382,0.5422,6,59,1,4,5000,100,71.0,16.0,39.0,0.35,0.35,0.3,0.1,66.7303,0.603,46.7373,31.6155,-0.4474,-0.6552
32,10,284,59,283,67,109.98310652189998,23.40939982143925,106.69924423399362,31.32091952673165,0.6803,6,59,1,4,5000,100,71.0,16.0,39.0,0.35,0.35,0.3,0.1,15.9977,0.1446,11.2405,26.7933,-0.2089,-0.6391
33,1,245,415,242,444,97.08770226787753,380.9107507015259,97.00370060261312,410.0597517435721,0.7726,7,59,1,4,5000,100,71.0,16.0,39.0,0.35,0.35,0.3,0.1,4.0784,0.0369,2.9008,394.9481,-1.2154,-9.8361
33,2,204,407,197,435,103.37854019507152,380.32091712131745,103.42493054747546,409.18088909429775,0.8552,7,59,1,4,5000,100,71.0,16.0,39.0,0.35,0.35,0.3,0.1,4.0455,0.0366,2.8777,394.2234,-2.293,-9.6233
33,18,474,312,486,334,56.50268457953191,329.7711327572503,56.84748460901987,354.7463882832354,0.7386,7,59,1,4,5000,100,71.0,16.0,39.0,0.35,0.35,0.3,0.1,4.0379,0.0365,2.8724,341.8031,4.7114,-7.1674
33,14,290,117,299,179,91.43209618416465,80.02499609497022,87.1778447001882,142.1724305201258,0.4638,7,59,1,4,5000,100,71.0,16.0,39.0,0.35,0.35,0.3,0.1,30.9536,0.2797,21.7049,102.4076,0.0579,-2.5692
33,9,281,53,245,102,124.50852298766841,19.4164878389476,125.86982351772133,80.2122185206219,0.6304,7,59,1,4,5000,100,71.0,16.0,39.0,0.35,0.35,0.3,0.1,67.5328,0.6102,47.2989,31.2649,-0.4568,-0.6379
33,7,283,45,243,82,138.3664606634298,12.041594578792296,137.43664824681014,66.52818951391959,0.9428,7,59,1,4,5000,100,71.0,16.0,39.0,0.35,0.35,0.3,0.1,76.7469,0.6935,53.7458,20.3922,-0.3778,-0.3452
33,10,284,59,282,67,109.98310652189998,23.40939982143925,108.43494882292202,31.622776601683793,0.7313,7,59,1,4,5000,100,71.0,16.0,39.0,0.35,0.35,0.3,0.1,16.517,0.1492,11.6039,26.9032,-0.2208,-0.638
34,1,245,415,242,445,97.08770226787753,380.9107507015259,96.98670453666693,411.052308106888,0.7182,4,59,1,4,5000,100,71.0,16.0,39.0,0.35,0.35,0.3,0.1,4.212,0.0381,2.9942,395.4079,-1.2153,-9.8477
34,2,206,410,200,437,102.98339772420928,382.78584090846414,102.95276451337553,410.4436623947311,0.8671,4,59,1,4,5000,100,71.0,16.0,39.0,0.35,0.35,0.3,0.1,3.8587,0.0349,2.7471,396.1326,-2.2307,-9.6871
34,9,283,45,245,101,138.3664606634298,12.041594578792296,126.29262972847961,79.40403012442127,0.3678,4,59,1,4,5000,100,71.0,16.0,39.0,0.35,0.35,0.3,0.1,81.5232,0.7366,57.0877,20.9119,-0.3222,-0.4142
34,10,284,59,281,67,109.98310652189998,23.40939982143925,110.13630342824813,31.953090617340916,0.787,4,59,1,4,5000,100,71.0,16.0,39.0,0.35,0.35,0.3,0.1,17.0788,0.1543,11.9969,27.022,-0.2327,-0.6369
35,1,246,415,244,445,96.93838580533622,380.7886552931954,96.70983680775694,410.81382644696856,0.6551,5,59,1,4,5000,100,71.0,16.0,39.0,0.35,0.35,0.3,0.1,4.1976,0.0379,2.9842,395.2318,-1.1777,-9.8478
35,2,208,412,202,439,102.62583687890732,384.29285707647495,102.61932229343078,411.9514534505249,0.8812,5,59,1,4,5000,100,71.0,16.0,39.0,0.35,0.35,0.3,0.1,3.8442,0.0347,2.7369,397.6418,-2.1806,-9.7373
35,14,292,129,299,179,90.0,92.0,87.1778447001882,142.1724305201258,0.5225,5,59,1,4,5000,100,71.0,16.0,39.0,0.35,0.35,0.3,0.1,23.7113,0.2143,16.6376,111.7114,0.0838,-2.802
35,9,283,45,245,102,138.3664606634298,12.041594578792296,125.86982351772133,80.2122185206219,0.3577,5,59,1,4,5000,100,71.0,16.0,39.0,0.35,0.35,0.3,0.1,81.7786,0.7389,57.2664,20.9397,-0.3198,-0.4169
35,10,284,59,281,67,109.98310652189998,23.40939982143925,110.13630342824813,31.953090617340916,0.7965,5,59,1,4,5000,100,71.0,16.0,39.0,0.35,0.35,0.3,0.1,17.0788,0.1543,11.9969,27.022,-0.2327,-0.6369
36,1,247,417,244,445,96.75357403553099,382.65519727294964,96.70983680775694,410.81382644696856,0.8101,6,59,1,4,5000,100,71.0,16.0,39.0,0.35,0.35,0.3,0.1,3.9274,0.0355,2.7951,396.2349,-1.1654,-9.8746
36,2,210,416,204,443,102.20827522362148,387.76926128820475,102.22961575755788,415.4274906647368,0.8942,6,59,1,4,5000,100,71.0,16.0,39.0,0.35,0.35,0.3,0.1,3.8109,0.0344,2.7136,401.1222,-2.1305,-9.8378
36,18,467,320,478,342,58.26840785628645,332.73713348527843,58.62365497184444,357.2408151373524,0.727,6,59,1,4,5000,100,71.0,16.0,39.0,0.35,0.35,0.3,0.1,3.9303,0.0355,2.7971,344.5539,4.5238,-7.3684
36,8,293,116,293,131,89.27477570094075,79.00632886041473,89.39049342332481,94.00531899844816,0.9405,6,59,1,4,5000,100,71.0,16.0,39.0,0.35,0.35,0.3,0.1,9.5943,0.0867,6.7602,85.8557,0.0249,-2.1543
36,9,283,45,244,102,138.3664606634298,12.041594578792296,126.44444175658711,80.80222769206304,0.3714,6,59,1,4,5000,100,71.0,16.0,39.0,0.35,0.35,0.3,0.1,81.9621,0.7406,57.3948,20.9597,-0.3237,-0.4146
36,10,284,59,281,67,109.98310652189998,23.40939982143925,110.13630342824813,31.953090617340916,0.7652,6,59,1,4,5000,100,71.0,16.0,39.0,0.35,0.35,0.3,0.1,17.0788,0.1543,11.9969,27.022,-0.2327,-0.6369
37,1,247,417,245,445,96.75357403553099,382.65519727294964,96.57128398370125,410.6981860198557,0.7383,6,59,1,4,5000,100,71.0,16.0,39.0,0.35,0.35,0.3,0.1,3.9119,0.0353,2.7842,396.1811,-1.1529,-9.8747
37,2,211,419,205,446,101.9717829581787,390.4932777910524,102.00862685700369,418.1506905411015,0.8739,6,59,1,4,5000,100,71.0,16.0,39.0,0.35,0.35,0.3,0.1,3.7851,0.0342,2.6956,403.849,-2.1054,-9.9131
37,18,467,320,479,342,58.26840785628645,332.73713348527843,58.486923966671945,357.76249104678374,0.8353,6,59,1,4,5000,100,71.0,16.0,39.0,0.35,0.35,0.3,0.1,4.0109,0.0362,2.8535,344.7963,4.5361,-7.368
37,8,294,118,296,132,88.58557678859785,81.02468759581859,87.58897025338877,95.08417323613851,0.7996,6,59,1,4,5000,100,71.0,16.0,39.0,0.35,0.35,0.3,0.1,8.8352,0.0798,6.229,87.4932,0.0748,-2.1943
37,9,283,45,244,102,138.3664606634298,12.041594578792296,126.44444175658711,80.80222769206304,0.3714,6,59,1,4,5000,100,71.0,16.0,39.0,0.35,0.35,0.3,0.1,81.9621,0.7406,57.3948,20.9597,-0.3237,-0.4146
37,10,284,59,281,67,109.98310652189998,23.40939982143925,110.13630342824813,31.953090617340916,0.7827,6,59,1,4,5000,100,71.0,16.0,39.0,0.35,0.35,0.3,0.1,17.0788,0.1543,11.9969,27.022,-0.2327,-0.6369
38,2,211,423,205,450,101.85124894366855,394.40715003660875,101.89564959292007,422.0639761931833,0.8531,6,59,1,4,5000,100,71.0,16.0,39.0,0.35,0.35,0.3,0.1,3.7488,0.0339,2.6701,407.7671,-2.1055,-10.0136
38,1,248,419,245,445,96.57055837164089,384.5256818471297,96.57128398370125,410.6981860198557,0.8195,6,59,1,4,5000,100,71.0,16.0,39.0,0.35,0.35,0.3,0.1,3.6424,0.0329,2.5957,397.1812,-1.1405,-9.9014
38,18,468,320,479,342,58.12218352024762,333.2641594891356,58.486923966671945,357.76249104678374,0.6933,6,59,1,4,5000,100,71.0,16.0,39.0,0.35,0.35,0.3,0.1,3.9235,0.0355,2.7924,345.0791,4.5489,-7.3684
38,14,297,131,299,179,86.95522155580602,94.13288479590966,87.1778447001882,142.1724305201258,0.6644,6,59,1,4,5000,100,71.0,16.0,39.0,0.35,0.35,0.3,0.1,22.4984,0.2033,15.789,113.2696,0.1443,-2.8387
38,9,283,45,243,101,138.3664606634298,12.041594578792296,127.43857157233303,80.60397012554654,0.3949,6,59,1,4,5000,100,71.0,16.0,39.0,0.35,0.35,0.3,0.1,81.9007,0.7401,57.3518,20.953,-0.3298,-0.4095
38,10,284,59,281,67,109.98310652189998,23.40939982143925,110.13630342824813,31.953090617340916,0.7827,6,59,1,4,5000,100,71.0,16.0,39.0,0.35,0.35,0.3,0.1,17.0788,0.1543,11.9969,27.022,-0.2327,-0.6369
39,2,211,426,205,453,101.76240701237053,397.34367995477163,101.81228222754099,425.0,0.8451,6,59,1,4,5000,100,71.0,16.0,39.0,0.35,0.35,0.3,0.1,3.7219,0.0336,2.6513,410.7068,-2.1055,-10.089
39,1,248,418,245,446,96.58765254313612,383.5322672214165,96.55535728840282,411.6916321714591,0.8,6,59,1,4,5000,100,71.0,16.0,39.0,0.35,0.35,0.3,0.1,3.9189,0.0354,2.7891,397.1134,-1.1404,-9.8997
39,18,467,322,478,345,58.44861505168652,334.43983016381287,58.8723856319601,359.8055030151707,0.6985,6,59,1,4,5000,100,71.0,16.0,39.0,0.35,0.35,0.3,0.1,4.0435,0.0365,2.8764,346.6593,4.5235,-7.4305
39,14,300,131,299,179,85.13548556223948,94.33981132056604,87.1778447001882,142.1724305201258,0.5561,6,59,1,4,5000,100,71.0,16.0,39.0,0.35,0.35,0.3,0.1,22.3819,0.2022,15.7074,113.4192,0.1805,-2.8404
39,9,283,45,243,101,138.3664606634298,12.041594578792296,127.43857157233303,80.60397012554654,0.3949,6,59,1,4,5000,100,71.0,16.0,39.0,0.35,0.35,0.3,0.1,81.9007,0.7401,57.3518,20.953,-0.3298,-0.4095
39,10,284,59,281,67,109.98310652189998,23.40939982143925,110.13630342824813,31.953090617340916,0.7827,6,59,1,4,5000,100,71.0,16.0,39.0,0.35,0.35,0.3,0.1,17.0788,0.1543,11.9969,27.022,-0.2327,-0.6369
40,2,210,429,204,456,101.81497523622322,400.48470632472345,101.86108879863617,428.1413318052813,0.8633,6,59,1,4,5000,100,71.0,16.0,39.0,0.35,0.35,0.3,0.1,3.6937,0.0334,2.6316,413.8515,-2.1306,-10.1643
40,1,248,418,245,446,96.58765254313612,383.5322672214165,96.55535728840282,411.6916321714591,0.7541,6,59,1,4,5000,100,71.0,16.0,39.0,0.35,0.35,0.3,0.1,3.9189,0.0354,2.7891,397.1134,-1.1404,-9.8997
40,18,465,325,476,348,59.00699600772409,335.96577206614364,59.389748775164534,361.35439668004597,0.7035,6,59,1,4,5000,100,71.0,16.0,39.0,0.35,0.35,0.3,0.1,4.0293,0.0364,2.8664,348.1979,4.4734,-7.5058
40,14,300,124,299,179,84.74619724873774,87.36704184073076,87.1778447001882,142.1724305201258,0.5369,6,59,1,4,5000,100,71.0,16.0,39.0,0.35,0.35,0.3,0.1,26.4236,0.2388,18.5354,108.227,0.1775,-2.7101
40,9,283,45,243,102,138.3664606634298,12.041594578792296,127.01067323360311,81.40024569987489,0.3848,6,59,1,4,5000,100,71.0,16.0,39.0,0.35,0.35,0.3,0.1,82.1459,0.7423,57.5234,20.9797,-0.3275,-0.4122
40,10,284,59,281,67,109.98310652189998,23.40939982143925,110.13630342824813,31.953090617340916,0.7748,6,59,1,4,5000,100,71.0,16.0,39.0,0.35,0.35,0.3,0.1,17.0788,0.1543,11.9969,27.022,-0.2327,-0.6369
41,2,208,432,203,459,102.00557312696733,403.832886228945,101.9091843509709,431.28296975419744,0.8231,6,59,1,4,5000,100,71.0,16.0,39.0,0.35,0.35,0.3,0.1,3.6377,0.0329,2.5924,417.1068,-2.1683,-10.2399
41,1,249,418,245,446,96.43920509120564,383.4188310451118,96.55535728840282,411.6916321714591,0.7212,6,59,1,4,5000,100,71.0,16.0,39.0,0.35,0.35,0.3,0.1,3.9352,0.0356,2.8006,397.0526,-1.1278,-9.8996
41,18,463,327,474,350,59.474052925719036,336.66155111625085,59.82329846225115,362.067673232505,0.729,6,59,1,4,5000,100,71.0,16.0,39.0,0.35,0.35,0.3,0.1,4.024,0.0364,2.8627,348.9027,4.4233,-7.5559
41,14,301,124,299,179,84.0938588862295,87.46427842267951,87.1778447001882,142.1724305201258,0.5022,6,59,1,4,5000,100,71.0,16.0,39.0,0.35,0.35,0.3,0.1,26.3656,0.2382,18.4948,108.3016,0.1894,-2.7111
41,9,283,45,242,101,138.3664606634298,12.041594578792296,127.99873244250468,81.21576201698781,0.4076,6,59,1,4,5000,100,71.0,16.0,39.0,0.35,0.35,0.3,0.1,82.0894,0.7418,57.4839,20.9735,-0.3336,-0.4071
41,10,284,59,281,67,109.98310652189998,23.40939982143925,110.13630342824813,31.953090617340916,0.7916,6,59,1,4,5000,100,71.0,16.0,39.0,0.35,0.35,0.3,0.1,17.0788,0.1543,11.9969,27.022,-0.2327,-0.6369
42,2,205,435,199,462,102.33050042496028,407.3978399550003,102.3431077526381,435.05631819340357,0.9147,5,59,1,4,5000,100,71.0,16.0,39.0,0.35,0.35,0.3,0.1,3.6334,0.0328,2.5894,420.7731,-2.256,-10.3151
42,1,249,419,245,446,96.42248956278691,384.4125388173492,96.55535728840282,411.6916321714591,0.6535,5,59,1,4,5000,100,71.0,16.0,39.0,0.35,0.35,0.3,0.1,3.7922,0.0343,2.7005,397.5847,-1.1279,-9.9131
42,14,302,124,299,179,83.44305350183662,87.5728268357257,87.1778447001882,142.1724305201258,0.4659,5,59,1,4,5000,100,71.0,16.0,39.0,0.35,0.35,0.3,0.1,26.3008,0.2377,18.4495,108.3848,0.2014,-2.7124
42,9,283,45,242,101,138.3664606634298,12.041594578792296,127.99873244250468,81.21576201698781,0.4081,5,59,1,4,5000,100,71.0,16.0,39.0,0.35,0.35,0.3,0.1,82.0894,0.7418,57.4839,20.9735,-0.3336,-0.4071
42,10,284,59,281,67,109.98310652189998,23.40939982143925,110.13630342824813,31.953090617340916,0.787,5,59,1,4,5000,100,71.0,16.0,39.0,0.35,0.35,0.3,0.1,17.0788,0.1543,11.9969,27.022,-0.2327,-0.6369
43,2,202,437,196,465,102.68038349181982,410.0,102.64215232788986,438.63424398922615,0.9052,5,59,1,4,5000,100,71.0,16.0,39.0,0.35,0.35,0.3,0.1,3.7341,0.0337,2.6599,423.834,-2.3311,-10.3771
43,1,249,420,246,447,96.40586023235673,385.40627913929995,96.40153624014971,412.5724178856362,0.7632,5,59,1,4,5000,100,71.0,16.0,39.0,0.35,0.35,0.3,0.1,3.7676,0.034,2.6833,398.5269,-1.1154,-9.9383
43,18,460,332,471,355,60.338853798010554,339.48343111262443,60.625140686851736,364.9177989629993,0.7151,5,59,1,4,5000,100,71.0,16.0,39.0,0.35,0.35,0.3,0.1,3.996,0.0361,2.8431,351.7414,4.3482,-7.6813
43,9,283,45,241,101,138.3664606634298,12.041594578792296,128.55046529615774,81.83520025025906,0.4207,5,59,1,4,5000,100,71.0,16.0,39.0,0.35,0.35,0.3,0.1,82.278,0.7435,57.6158,20.994,-0.3373,-0.4047
43,10,284,59,281,67,109.98310652189998,23.40939982143925,110.13630342824813,31.953090617340916,0.7916,5,59,1,4,5000,100,71.0,16.0,39.0,0.35,0.35,0.3,0.1,17.0788,0.1543,11.9969,27.022,-0.2327,-0.6369
44,2,199,438,193,466,103.057212301805,411.6430492550554,102.9946167919165,440.274914116169,0.9048,5,59,1,4,5000,100,71.0,16.0,39.0,0.35,0.35,0.3,0.1,3.7194,0.0336,2.6496,425.4778,-2.4063,-10.4023
44,1,249,420,246,447,96.40586023235673,385.40627913929995,96.40153624014971,412.5724178856362,0.7939,5,59,1,4,5000,100,71.0,16.0,39.0,0.35,0.35,0.3,0.1,3.7676,0.034,2.6833,398.5269,-1.1154,-9.9383
44,8,303,119,304,132,82.35959323897325,82.73451516749222,82.80076636163236,95.75489543621255,0.883,5,59,1,4,5000,100,71.0,16.0,39.0,0.35,0.35,0.3,0.1,8.0731,0.0729,5.6958,88.7698,0.287,-2.209
44,9,283,45,241,101,138.3664606634298,12.041594578792296,128.55046529615774,81.83520025025906,0.4211,5,59,1,4,5000,100,71.0,16.0,39.0,0.35,0.35,0.3,0.1,82.278,0.7435,57.6158,20.994,-0.3373,-0.4047
44,10,284,59,281,67,109.98310652189998,23.40939982143925,110.13630342824813,31.953090617340916,0.7916,5,59,1,4,5000,100,71.0,16.0,39.0,0.35,0.35,0.3,0.1,17.0788,0.1543,11.9969,27.022,-0.2327,-0.6369
45,2,196,439,190,467,103.43102887068167,413.30376238306854,103.34445098974035,441.9321214847366,0.8985,6,59,1,4,5000,100,71.0,16.0,39.0,0.35,0.35,0.3,0.1,3.7046,0.0335,2.6392,427.1388,-2.4815,-10.4275
45,1,249,420,246,447,96.40586023235673,385.40627913929995,96.40153624014971,412.5724178856362,0.7429,6,59,1,4,5000,100,71.0,16.0,39.0,0.35,0.35,0.3,0.1,3.7676,0.034,2.6833,398.5269,-1.1154,-9.9383
45,18,457,337,467,361,61.189206257026946,342.3813663153998,61.625477407620956,368.2404106015525,0.6094,6,59,1,4,5000,100,71.0,16.0,39.0,0.35,0.35,0.3,0.1,4.0272,0.0364,2.8649,354.8404,4.2604,-7.819
45,8,304,119,305,133,81.67434966957316,82.87339742040264,82.28810758734112,96.87620966986684,0.8648,6,59,1,4,5000,100,71.0,16.0,39.0,0.35,0.35,0.3,0.1,8.6213,0.0779,6.0794,89.3294,0.3118,-2.2199
45,9,283,45,241,101,138.3664606634298,12.041594578792296,128.55046529615774,81.83520025025906,0.4212,6,59,1,4,5000,100,71.0,16.0,39.0,0.35,0.35,0.3,0.1,82.278,0.7435,57.6158,20.994,-0.3373,-0.4047
45,10,284,59,281,67,109.98310652189998,23.40939982143925,110.13630342824813,31.953090617340916,0.7916,6,59,1,4,5000,100,71.0,16.0,39.0,0.35,0.35,0.3,0.1,17.0788,0.1543,11.9969,27.022,-0.2327,-0.6369
46,2,193,440,187,468,103.80183772920822,414.9819273173231,103.69165846197448,443.60568075713365,0.8733,5,59,1,4,5000,100,71.0,16.0,39.0,0.35,0.35,0.3,0.1,3.6895,0.0333,2.6287,428.8167,-2.5568,-10.4526
46,1,250,420,246,448,96.25808263113454,385.2959901166894,96.38608955679696,413.56619784503664,0.7028,5,59,1,4,5000,100,71.0,16.0,39.0,0.35,0.35,0.3,0.1,3.9164,0.0354,2.7874,398.9309,-1.1028,-9.9499
46,8,303,119,305,133,82.35959323897325,82.73451516749222,82.28810758734112,96.87620966986684,0.9316,5,59,1,4,5000,100,71.0,16.0,39.0,0.35,0.35,0.3,0.1,8.7136,0.0787,6.1439,89.2486,0.2993,-2.2195
46,9,283,45,241,100,138.3664606634298,12.041594578792296,128.99099404250546,81.05553651663777,0.4318,5,59,1,4,5000,100,71.0,16.0,39.0,0.35,0.35,0.3,0.1,82.0403,0.7413,57.4495,20.9682,-0.3396,-0.4019
46,10,284,59,281,67,109.98310652189998,23.40939982143925,110.13630342824813,31.953090617340916,0.7916,5,59,1,4,5000,100,71.0,16.0,39.0,0.35,0.35,0.3,0.1,17.0788,0.1543,11.9969,27.022,-0.2327,-0.6369
47,2,190,439,184,467,104.23728046576109,414.73847181085097,104.09893029139626,443.355387922601,0.8596,5,59,1,4,5000,100,71.0,16.0,39.0,0.35,0.35,0.3,0.1,3.6907,0.0333,2.6295,428.5698,-2.632,-10.4275
47,1,250,420,247,447,96.25808263113454,385.2959901166894,96.26349061433454,412.4621194728069,0.8232,5,59,1,4,5000,100,71.0,16.0,39.0,0.35,0.35,0.3,0.1,3.7686,0.0341,2.684,398.4165,-1.0903,-9.9383
47,8,302,117,303,131,82.8749836510982,80.62257748298549,83.32553095288243,94.64142856064674,0.909,5,59,1,4,5000,100,71.0,16.0,39.0,0.35,0.35,0.3,0.1,8.8521,0.08,6.2408,87.0713,0.2618,-2.1692
47,9,283,45,240,100,138.3664606634298,12.041594578792296,129.53615718676338,81.68843247363729,0.4447,5,59,1,4,5000,100,71.0,16.0,39.0,0.35,0.35,0.3,0.1,82.2336,0.7431,57.5847,20.9892,-0.3432,-0.3995
47,10,284,59,281,67,109.98310652189998,23.40939982143925,110.13630342824813,31.953090617340916,0.7916,5,59,1,4,5000,100,71.0,16.0,39.0,0.35,0.35,0.3,0.1,17.0788,0.1543,11.9969,27.022,-0.2327,-0.6369
48,2,187,438,180,466,104.67320950798654,414.5189983583382,104.63174708452792,443.37907032244993,0.9436,6,59,1,4,5000,100,71.0,16.0,39.0,0.35,0.35,0.3,0.1,3.723,0.0336,2.6521,428.4636,-2.7196,-10.4023
48,1,250,420,247,447,96.25808263113454,385.2959901166894,96.26349061433454,412.4621194728069,0.797,6,59,1,4,5000,100,71.0,16.0,39.0,0.35,0.35,0.3,0.1,3.7686,0.0341,2.684,398.4165,-1.0903,-9.9383
48,18,451,344,461,369,62.61966934353902,345.73110938994193,63.02226126940228,372.5385886052611,0.5857,6,59,1,4,5000,100,71.0,16.0,39.0,0.35,0.35,0.3,0.1,4.1304,0.0373,2.9372,358.6346,4.1097,-8.0064
48,8,300,116,302,131,84.21760767763595,79.40403012442127,83.9275435927923,94.53041838477179,0.9212,6,59,1,4,5000,100,71.0,16.0,39.0,0.35,0.35,0.3,0.1,9.6245,0.087,6.7813,86.3095,0.2241,-2.1542
48,9,283,45,240,100,138.3664606634298,12.041594578792296,129.53615718676338,81.68843247363729,0.4447,6,59,1,4,5000,100,71.0,16.0,39.0,0.35,0.35,0.3,0.1,82.2336,0.7431,57.5847,20.9892,-0.3432,-0.3995
48,10,284,59,281,67,109.98310652189998,23.40939982143925,110.13630342824813,31.953090617340916,0.7916,6,59,1,4,5000,100,71.0,16.0,39.0,0.35,0.35,0.3,0.1,17.0788,0.1543,11.9969,27.022,-0.2327,-0.6369
49,2,184,437,178,464,105.10957512234047,414.32354507075746,104.94811905188489,441.955880150949,0.8143,7,59,1,4,5000,100,71.0,16.0,39.0,0.35,0.35,0.3,0.1,3.5713,0.0323,2.546,427.6939,-2.7825,-10.3656
49,1,251,419,248,447,96.12609526216495,384.1939614309418,96.12537194019973,412.35421666329546,0.8309,7,59,1,4,5000,100,71.0,16.0,39.0,0.35,0.35,0.3,0.1,3.9125,0.0354,2.7847,397.7763,-1.0652,-9.9248
49,18,449,347,459,371,63.13999246065156,347.48956818874433,63.43494882292201,373.4233522424649,0.6301,7,59,1,4,5000,100,71.0,16.0,39.0,0.35,0.35,0.3,0.1,3.9812,0.036,2.8327,359.99,4.06,-8.0699
49,8,298,116,300,130,85.65676004831062,79.22752047110903,85.08343399398998,93.34345183246653,0.8853,7,59,1,4,5000,100,71.0,16.0,39.0,0.35,0.35,0.3,0.1,9.0525,0.0818,6.3811,85.7082,0.1745,-2.1437
49,9,283,45,240,100,138.3664606634298,12.041594578792296,129.53615718676338,81.68843247363729,0.4448,7,59,1,4,5000,100,71.0,16.0,39.0,0.35,0.35,0.3,0.1,82.2336,0.7431,57.5847,20.9892,-0.3432,-0.3995
49,10,284,59,281,67,109.98310652189998,23.40939982143925,110.13630342824813,31.953090617340916,0.7827,7,59,1,4,5000,100,71.0,16.0,39.0,0.35,0.35,0.3,0.1,17.0788,0.1543,11.9969,27.022,-0.2327,-0.6369
49,19,433,36,457,39,359.593653766691,141.00354605470034,0.6944602875497745,165.01212076693034,0.5013,7,59,1,4,5000,100,71.0,16.0,39.0,0.35,0.35,0.3,0.1,8.6826,0.0785,6.1222,152.066,3.8159,-0.0125
50,2,181,434,175,462,105.62083147801043,412.22566635278787,105.39191696165096,440.8106169320335,0.7597,5,59,1,4,5000,100,71.0,16.0,39.0,0.35,0.35,0.3,0.1,3.7085,0.0335,2.6419,426.0392,-2.8575,-10.3021
50,1,251,421,248,448,96.09442925752982,386.18259929727543,96.11058124846994,413.34852122633754,0.7813,5,59,1,4,5000,100,71.0,16.0,39.0,0.35,0.35,0.3,0.1,3.7602,0.034,2.6782,399.304,-1.0653,-9.9634
50,8,297,116,299,130,86.37851529588266,79.1580697086532,85.69553103949202,93.26306878931231,0.8597,5,59,1,4,5000,100,71.0,16.0,39.0,0.35,0.35,0.3,0.1,9.0533,0.0818,6.3817,85.6336,0.1496,-2.1437
50,9,283,45,239,100,138.3664606634298,12.041594578792296,130.072890052351,82.3286098510111,0.4576,5,59,1,4,5000,100,71.0,16.0,39.0,0.35,0.35,0.3,0.1,82.4265,0.7448,57.7197,21.0102,-0.3468,-0.3971
50,10,284,59,281,66,109.98310652189998,23.40939982143925,110.77225468204583,31.016124838541646,0.7526,5,59,1,4,5000,100,71.0,16.0,39.0,0.35,0.35,0.3,0.1,15.4676,0.1398,10.8696,26.6812,-0.2337,-0.6274
51,2,179,432,173,459,105.96455196156418,410.8454697328425,105.74794882079796,438.4575235983527,0.7685,8,59,1,4,5000,100,71.0,16.0,39.0,0.35,0.35,0.3,0.1,3.598,0.0325,2.5646,424.2026,-2.9078,-10.2401
51,1,251,420,249,448,96.11022138878465,385.1882656571978,95.97271984485809,413.2432697576574,0.7778,8,59,1,4,5000,100,71.0,16.0,39.0,0.35,0.35,0.3,0.1,3.8887,0.0351,2.768,398.7229,-1.0527,-9.9501
51,18,442,354,455,376,64.67713713672595,350.69787567078305,64.32054432463681,376.1515651967967,0.5068,8,59,1,4,5000,100,71.0,16.0,39.0,0.35,0.35,0.3,0.1,3.8755,0.035,2.7588,362.979,3.9224,-8.2208
51,20,520,322,534,343,51.34019174590991,364.97808153367237,51.66130163977016,390.1281840626232,0.7109,8,59,1,4,5000,100,71.0,16.0,39.0,0.35,0.35,0.3,0.1,3.686,0.0333,2.6262,377.1343,5.8906,-7.4071
51,8,296,116,297,130,87.1014232007183,79.1012010022604,86.92254460057562,93.13431161500041,0.93,8,59,1,4,5000,100,71.0,16.0,39.0,0.35,0.35,0.3,0.1,9.0169,0.0815,6.3562,85.5461,0.1122,-2.1438
51,21,99,109,68,116,159.5416179463643,205.9927183179056,160.57334578333047,237.52263050075882,0.7084,8,59,1,4,5000,100,71.0,16.0,39.0,0.35,0.35,0.3,0.1,7.8676,0.0711,5.552,220.6369,-5.2059,-1.8851
51,9,283,45,239,100,138.3664606634298,12.041594578792296,130.072890052351,82.3286098510111,0.4578,8,59,1,4,5000,100,71.0,16.0,39.0,0.35,0.35,0.3,0.1,82.4265,0.7448,57.7197,21.0102,-0.3468,-0.3971
51,10,284,59,281,66,109.98310652189998,23.40939982143925,110.77225468204583,31.016124838541646,0.7326,8,59,1,4,5000,100,71.0,16.0,39.0,0.35,0.35,0.3,0.1,15.4676,0.1398,10.8696,26.6812,-0.2337,-0.6274
52,2,178,430,172,457,106.17619336160838,409.2004398824615,105.94539590092286,436.8065933568311,0.7747,7,59,1,4,5000,100,71.0,16.0,39.0,0.35,0.35,0.3,0.1,3.6113,0.0326,2.5739,422.5531,-2.9329,-10.1899
52,1,251,420,248,448,96.11022138878465,385.1882656571978,96.11058124846994,413.34852122633754,0.8737,7,59,1,4,5000,100,71.0,16.0,39.0,0.35,0.35,0.3,0.1,3.9027,0.0353,2.7779,398.7719,-1.0652,-9.95
52,18,443,354,452,378,64.52963941477505,351.1267577385694,64.86364476499024,376.670943928517,0.5888,7,59,1,4,5000,100,71.0,16.0,39.0,0.35,0.35,0.3,0.1,3.8843,0.0351,2.7649,363.4506,3.8973,-8.2458
52,8,295,116,296,131,87.82525588538995,79.05694150420949,87.56335175318986,94.08506789071261,0.9245,7,59,1,4,5000,100,71.0,16.0,39.0,0.35,0.35,0.3,0.1,9.6057,0.0868,6.7681,85.9188,0.0872,-2.1543
52,21,99,109,69,117,159.5416179463643,205.9927183179056,160.26483616196114,236.9155967850154,0.7628,7,59,1,4,5000,100,71.0,16.0,39.0,0.35,0.35,0.3,0.1,7.7267,0.0698,5.4534,220.3747,-5.1942,-1.8979
52,9,283,45,238,99,138.3664606634298,12.041594578792296,131.05481377096245,82.21921916437786,0.4811,7,59,1,4,5000,100,71.0,16.0,39.0,0.35,0.35,0.3,0.1,82.3937,0.7445,57.6968,21.0066,-0.3526,-0.3918
52,10,284,59,281,66,109.98310652189998,23.40939982143925,110.77225468204583,31.016124838541646,0.7526,7,59,1,4,5000,100,71.0,16.0,39.0,0.35,0.35,0.3,0.1,15.4676,0.1398,10.8696,26.6812,-0.2337,-0.6274
53,2,177,427,171,455,106.4293014515334,406.6017707782395,106.14433878028349,435.16088978675464,0.7331,7,59,1,4,5000,100,71.0,16.0,39.0,0.35,0.35,0.3,0.1,3.7548,0.0339,2.6743,420.3969,-2.9577,-10.1264
53,1,251,421,249,448,96.09442925752982,386.18259929727543,95.97271984485809,413.2432697576574,0.7775,7,59,1,4,5000,100,71.0,16.0,39.0,0.35,0.35,0.3,0.1,3.7462,0.0339,2.6683,399.2549,-1.0527,-9.9635
53,18,438,358,449,381,65.5425986627984,352.64287884487334,65.4682644923364,378.133574282951,0.7262,7,59,1,4,5000,100,71.0,16.0,39.0,0.35,0.35,0.3,0.1,3.8603,0.0349,2.7482,364.9436,3.7971,-8.3336
53,14,295,131,299,179,88.172031755695,94.04786015641186,87.1778447001882,142.1724305201258,0.6151,7,59,1,4,5000,100,71.0,16.0,39.0,0.35,0.35,0.3,0.1,22.5463,0.2037,15.8225,113.208,0.1203,-2.8383
53,21,99,109,69,118,159.5416179463643,205.9927183179056,160.03752573486508,237.25513693068902,0.7759,7,59,1,4,5000,100,71.0,16.0,39.0,0.35,0.35,0.3,0.1,7.8055,0.0705,5.5086,220.5215,-5.1937,-1.9102
53,9,283,45,238,99,138.3664606634298,12.041594578792296,131.05481377096245,82.21921916437786,0.4809,7,59,1,4,5000,100,71.0,16.0,39.0,0.35,0.35,0.3,0.1,82.3937,0.7445,57.6968,21.0066,-0.3526,-0.3918
53,10,284,59,280,66,109.98310652189998,23.40939982143925,112.47943439710312,31.38470965295043,0.6846,7,59,1,4,5000,100,71.0,16.0,39.0,0.35,0.35,0.3,0.1,16.1079,0.1456,11.3177,26.8166,-0.2457,-0.6265
54,2,177,425,170,452,106.5093890914221,404.6838272034107,106.38206534653472,432.560978360277,0.8878,7,59,1,4,5000,100,71.0,16.0,39.0,0.35,0.35,0.3,0.1,3.6849,0.0333,2.6254,418.1583,-2.9704,-10.0641
54,1,251,421,249,448,96.09442925752982,386.18259929727543,95.97271984485809,413.2432697576574,0.7414,7,59,1,4,5000,100,71.0,16.0,39.0,0.35,0.35,0.3,0.1,3.7462,0.0339,2.6683,399.2549,-1.0527,-9.9635
54,18,434,360,447,383,66.26834169401576,352.8356557945923,65.86872373258086,379.1319031682773,0.5185,7,59,1,4,5000,100,71.0,16.0,39.0,0.35,0.35,0.3,0.1,3.9758,0.0359,2.829,365.5114,3.7217,-8.3832
54,14,293,130,299,179,89.38394009160076,93.00537618869137,87.1778447001882,142.1724305201258,0.5471,7,59,1,4,5000,100,71.0,16.0,39.0,0.35,0.35,0.3,0.1,23.1369,0.2091,16.2357,112.4494,0.096,-2.8202
54,21,99,109,70,119,159.5416179463643,205.9927183179056,159.72731438669013,236.6600938054407,0.7884,7,59,1,4,5000,100,71.0,16.0,39.0,0.35,0.35,0.3,0.1,7.6673,0.0693,5.4118,220.2641,-5.182,-1.923
54,9,283,45,237,99,138.3664606634298,12.041594578792296,131.57612875506933,82.87943049997388,0.4928,7,59,1,4,5000,100,71.0,16.0,39.0,0.35,0.35,0.3,0.1,82.5904,0.7463,57.8344,21.028,-0.3561,-0.3894
54,10,284,59,281,66,109.98310652189998,23.40939982143925,110.77225468204583,31.016124838541646,0.7364,7,59,1,4,5000,100,71.0,16.0,39.0,0.35,0.35,0.3,0.1,15.4676,0.1398,10.8696,26.6812,-0.2337,-0.6274
55,1,252,420,249,448,95.96227840538617,385.0831079130841,95.97271984485809,413.2432697576574,0.791,7,59,1,4,5000,100,71.0,16.0,39.0,0.35,0.35,0.3,0.1,3.9037,0.0353,2.7786,398.6665,-1.0401,-9.95
55,2,178,423,171,451,106.45380926895663,402.4822977473668,106.29208587696624,431.3200667717652,0.8355,7,59,1,4,5000,100,71.0,16.0,39.0,0.35,0.35,0.3,0.1,3.8276,0.0346,2.7253,416.4025,-2.945,-10.0256
55,18,433,362,444,385,66.54657448990163,354.268259938708,66.40517943011854,379.7472843879203,0.6848,7,59,1,4,5000,100,71.0,16.0,39.0,0.35,0.35,0.3,0.1,3.8415,0.0347,2.735,366.5656,3.6719,-8.434
55,14,291,124,299,179,90.65854317756362,87.00574693662483,87.1778447001882,142.1724305201258,0.4805,7,59,1,4,5000,100,71.0,16.0,39.0,0.35,0.35,0.3,0.1,26.6397,0.2407,18.6866,107.9494,0.071,-2.708
55,21,99,109,70,120,159.5416179463643,205.9927183179056,159.50054318622705,237.00843866833097,0.7764,7,59,1,4,5000,100,71.0,16.0,39.0,0.35,0.35,0.3,0.1,7.7482,0.07,5.4685,220.4148,-5.1815,-1.9353
55,9,283,45,237,99,138.3664606634298,12.041594578792296,131.57612875506933,82.87943049997388,0.4934,7,59,1,4,5000,100,71.0,16.0,39.0,0.35,0.35,0.3,0.1,82.5904,0.7463,57.8344,21.028,-0.3561,-0.3894
55,10,284,59,281,66,109.98310652189998,23.40939982143925,110.77225468204583,31.016124838541646,0.731,7,59,1,4,5000,100,71.0,16.0,39.0,0.35,0.35,0.3,0.1,15.4676,0.1398,10.8696,26.6812,-0.2337,-0.6274
56,1,251,421,249,449,96.09442925752982,386.18259929727543,95.95832736866481,414.23785437837523,0.7151,8,59,1,4,5000,100,71.0,16.0,39.0,0.35,0.35,0.3,0.1,3.879,0.0351,2.7613,399.7185,-1.0527,-9.9752
56,2,178,424,172,451,106.413583882566,403.4414455655244,106.16449915225692,431.0406013358834,0.7705,8,59,1,4,5000,100,71.0,16.0,39.0,0.35,0.35,0.3,0.1,3.6602,0.0331,2.6082,416.7846,-2.9328,-10.0392
56,18,430,364,441,387,67.1193628235823,354.9267530068704,66.93985259164982,380.39584645471615,0.6589,8,59,1,4,5000,100,71.0,16.0,39.0,0.35,0.35,0.3,0.1,3.8332,0.0346,2.7292,367.2202,3.5967,-8.4842
56,20,502,294,534,343,50.74703310259685,331.8870289722092,51.66130163977016,390.1281840626232,0.4163,8,59,1,4,5000,100,71.0,16.0,39.0,0.35,0.35,0.3,0.1,8.9271,0.0807,6.2933,358.6586,5.6345,-7.0182
56,22,488,272,521,321,50.170455779630394,306.00816982557836,51.11944711225709,364.8246153975907,0.4605,8,59,1,4,5000,100,71.0,16.0,39.0,0.35,0.35,0.3,0.1,9.7031,0.0877,6.8363,332.838,5.2917,-6.4621
56,21,99,109,71,120,159.5416179463643,205.9927183179056,159.41554834768547,236.07202290826416,0.7011,8,59,1,4,5000,100,71.0,16.0,39.0,0.35,0.35,0.3,0.1,7.5302,0.068,5.316,220.009,-5.1704,-1.9358
56,9,283,45,237,99,138.3664606634298,12.041594578792296,131.57612875506933,82.87943049997388,0.4932,8,59,1,4,5000,100,71.0,16.0,39.0,0.35,0.35,0.3,0.1,82.5904,0.7463,57.8344,21.028,-0.3561,-0.3894
56,10,284,59,281,66,109.98310652189998,23.40939982143925,110.77225468204583,31.016124838541646,0.7285,8,59,1,4,5000,100,71.0,16.0,39.0,0.35,0.35,0.3,0.1,15.4676,0.1398,10.8696,26.6812,-0.2337,-0.6274
57,2,179,425,173,452,106.23752004968807,404.120031673759,106.00008482435224,431.7244491570984,0.7819,9,59,1,4,5000,100,71.0,16.0,39.0,0.35,0.35,0.3,0.1,3.6549,0.033,2.6045,417.4664,-2.9077,-10.0643
57,1,252,420,249,448,95.96227840538617,385.0831079130841,95.97271984485809,413.2432697576574,0.8168,9,59,1,4,5000,100,71.0,16.0,39.0,0.35,0.35,0.3,0.1,3.9037,0.0353,2.7786,398.6665,-1.0401,-9.95
57,18,426,365,439,389,67.77818877461141,354.3162429243119,67.33391947052216,381.4616625560162,0.4801,9,59,1,4,5000,100,71.0,16.0,39.0,0.35,0.35,0.3,0.1,4.083,0.0369,2.904,367.3882,3.5209,-8.5204
57,20,499,294,534,343,51.150381528504816,329.9969696830563,51.66130163977016,390.1281840626232,0.5533,9,59,1,4,5000,100,71.0,16.0,39.0,0.35,0.35,0.3,0.1,9.241,0.0835,6.513,357.5521,5.5944,-7.0148
57,22,486,272,521,321,50.45923944848432,304.7310289419179,51.11944711225709,364.8246153975907,0.5609,9,59,1,4,5000,100,71.0,16.0,39.0,0.35,0.35,0.3,0.1,9.9327,0.0898,6.9969,332.0811,5.2647,-6.4596
57,21,100,108,71,119,159.70602627242317,204.70710783946902,159.64309521814656,235.72229423624742,0.6759,9,59,1,4,5000,100,71.0,16.0,39.0,0.35,0.35,0.3,0.1,7.7934,0.0704,5.5001,219.1227,-5.1562,-1.9102
57,9,283,45,237,99,138.3664606634298,12.041594578792296,131.57612875506933,82.87943049997388,0.4932,9,59,1,4,5000,100,71.0,16.0,39.0,0.35,0.35,0.3,0.1,82.5904,0.7463,57.8344,21.028,-0.3561,-0.3894
57,10,284,59,281,66,109.98310652189998,23.40939982143925,110.77225468204583,31.016124838541646,0.7336,9,59,1,4,5000,100,71.0,16.0,39.0,0.35,0.35,0.3,0.1,15.4676,0.1398,10.8696,26.6812,-0.2337,-0.6274
57,19,434,37,456,38,0.0,142.0,0.34936017950278536,164.00304875214974,0.6072,9,59,1,4,5000,100,71.0,16.0,39.0,0.35,0.35,0.3,0.1,7.9576,0.0719,5.615,152.2105,3.8196,-0.0125
58,2,181,425,174,453,105.96489752696115,403.5653602577902,105.83619187906794,432.41184072594496,0.871,9,59,1,4,5000,100,71.0,16.0,39.0,0.35,0.35,0.3,0.1,3.8188,0.0345,2.7191,417.4909,-2.8699,-10.0758
58,1,252,422,250,449,95.93152692491977,387.07234465923807,95.82072424552504,414.13524361010377,0.7345,9,59,1,4,5000,100,71.0,16.0,39.0,0.35,0.35,0.3,0.1,3.7381,0.0338,2.6627,400.1467,-1.0277,-9.9886
58,18,423,366,435,391,68.28872538346651,354.12144809372955,68.00351808811487,381.7918280948402,0.5839,9,59,1,4,5000,100,71.0,16.0,39.0,0.35,0.35,0.3,0.1,4.1612,0.0376,2.9587,367.4364,3.433,-8.5575
58,20,497,295,533,343,51.5302718336833,329.52845097199116,51.77667881525739,389.5086648586909,0.6273,9,59,1,4,5000,100,71.0,16.0,39.0,0.35,0.35,0.3,0.1,9.2317,0.0834,6.5065,357.0169,5.5571,-7.0273
58,22,484,273,520,321,50.86960044301471,304.2367499169027,51.241914347415054,364.1977484828812,0.6229,9,59,1,4,5000,100,71.0,16.0,39.0,0.35,0.35,0.3,0.1,9.9274,0.0897,6.9932,331.5279,5.2274,-6.472
58,8,289,119,289,135,92.09525256462385,82.05485969764375,91.75340486007154,98.04590761474952,0.8573,9,59,1,4,5000,100,71.0,16.0,39.0,0.35,0.35,0.3,0.1,9.8263,0.0888,6.9224,89.3405,-0.0747,-2.2407
58,21,100,108,71,119,159.70602627242317,204.70710783946902,159.64309521814656,235.72229423624742,0.6744,9,59,1,4,5000,100,71.0,16.0,39.0,0.35,0.35,0.3,0.1,7.7934,0.0704,5.5001,219.1227,-5.1562,-1.9102
58,9,280,52,236,99,128.6598082540901,19.209372712298546,132.08916217383225,83.54639429682169,0.5786,9,59,1,4,5000,100,71.0,16.0,39.0,0.35,0.35,0.3,0.1,69.2917,0.6261,48.5295,31.2367,-0.5189,-0.5875
58,10,284,59,281,66,109.98310652189998,23.40939982143925,110.77225468204583,31.016124838541646,0.731,9,59,1,4,5000,100,71.0,16.0,39.0,0.35,0.35,0.3,0.1,15.4676,0.1398,10.8696,26.6812,-0.2337,-0.6274
59,2,181,426,175,454,105.92594062849128,404.5268841498671,105.6728205095432,433.10275916922996,0.7824,8,59,1,4,5000,100,71.0,16.0,39.0,0.35,0.35,0.3,0.1,3.7755,0.0341,2.6888,418.3274,-2.8574,-10.1012
59,1,252,422,249,449,95.93152692491977,387.07234465923807,95.95832736866481,414.23785437837523,0.8333,8,59,1,4,5000,100,71.0,16.0,39.0,0.35,0.35,0.3,0.1,3.7518,0.0339,2.6723,400.1946,-1.0402,-9.9885
59,20,494,296,534,343,52.048520026512826,328.4585209733491,51.66130163977016,390.1281840626232,0.5915,8,59,1,4,5000,100,71.0,16.0,39.0,0.35,0.35,0.3,0.1,9.4977,0.0858,6.6926,356.6471,5.5299,-7.0369
59,22,481,274,521,321,51.428747748829856,303.1336338976591,51.11944711225709,364.8246153975907,0.6626,8,59,1,4,5000,100,71.0,16.0,39.0,0.35,0.35,0.3,0.1,10.2211,0.0924,7.1987,331.1303,5.1999,-6.4813
59,8,288,120,288,136,92.75910765862028,83.09632964216891,92.31372249782422,99.08077512817509,0.8348,8,59,1,4,5000,100,71.0,16.0,39.0,0.35,0.35,0.3,0.1,9.7102,0.0877,6.8413,90.3873,-0.0996,-2.266
59,21,100,108,71,119,159.70602627242317,204.70710783946902,159.64309521814656,235.72229423624742,0.6855,8,59,1,4,5000,100,71.0,16.0,39.0,0.35,0.35,0.3,0.1,7.7934,0.0704,5.5001,219.1227,-5.1562,-1.9102
59,9,280,52,236,98,128.6598082540901,19.209372712298546,132.5529513576764,82.80700453464067,0.5674,8,59,1,4,5000,100,71.0,16.0,39.0,0.35,0.35,0.3,0.1,68.9918,0.6234,48.3197,31.1846,-0.5218,-0.5832
59,10,284,59,281,66,109.98310652189998,23.40939982143925,110.77225468204583,31.016124838541646,0.7364,8,59,1,4,5000,100,71.0,16.0,39.0,0.35,0.35,0.3,0.1,15.4676,0.1398,10.8696,26.6812,-0.2337,-0.6274
60,2,181,427,175,455,105.88716850276396,405.4885941675795,105.63716208598125,434.0656632354142,0.7504,9,59,1,4,5000,100,71.0,16.0,39.0,0.35,0.35,0.3,0.1,3.767,0.034,2.6829,419.2908,-2.8574,-10.1263
60,1,252,422,249,449,95.93152692491977,387.07234465923807,95.95832736866481,414.23785437837523,0.7857,9,59,1,4,5000,100,71.0,16.0,39.0,0.35,0.35,0.3,0.1,3.7518,0.0339,2.6723,400.1946,-1.0402,-9.9885
60,18,415,368,428,394,69.61487307210513,353.1147122395214,69.14554196042165,382.0274859221519,0.5179,9,59,1,4,5000,100,71.0,16.0,39.0,0.35,0.35,0.3,0.1,4.3526,0.0393,3.0926,367.0025,3.2447,-8.6191
60,20,492,297,534,343,52.43140797117251,328.0243893371345,51.66130163977016,390.1281840626232,0.4707,9,59,1,4,5000,100,71.0,16.0,39.0,0.35,0.35,0.3,0.1,9.5704,0.0865,6.7434,356.391,5.5044,-7.0487
60,22,479,274,520,321,51.725517097325266,301.8907087010132,51.241914347415054,364.1977484828812,0.597,9,59,1,4,5000,100,71.0,16.0,39.0,0.35,0.35,0.3,0.1,10.3522,0.0935,7.2904,330.1301,5.1615,-6.4799
60,8,287,121,286,137,93.40644375499473,84.1486779456457,93.43363036245051,100.17983829094555,0.8369,9,59,1,4,5000,100,71.0,16.0,39.0,0.35,0.35,0.3,0.1,9.625,0.087,6.7816,91.4671,-0.137,-2.2912
60,21,100,108,70,117,159.70602627242317,204.70710783946902,160.182847480381,235.97457490161943,0.6278,9,59,1,4,5000,100,71.0,16.0,39.0,0.35,0.35,0.3,0.1,7.8523,0.071,5.5413,219.2316,-5.1684,-1.8851
60,9,280,52,236,98,128.6598082540901,19.209372712298546,132.5529513576764,82.80700453464067,0.5677,9,59,1,4,5000,100,71.0,16.0,39.0,0.35,0.35,0.3,0.1,68.9918,0.6234,48.3197,31.1846,-0.5218,-0.5832
60,10,284,59,281,66,109.98310652189998,23.40939982143925,110.77225468204583,31.016124838541646,0.749,9,59,1,4,5000,100,71.0,16.0,39.0,0.35,0.35,0.3,0.1,15.4676,0.1398,10.8696,26.6812,-0.2337,-0.6274
61,2,181,429,174,457,105.81017347612773,407.4125673073917,105.6928342769374,436.26138953613577,0.8704,8,59,1,4,5000,100,71.0,16.0,39.0,0.35,0.35,0.3,0.1,3.7843,0.0342,2.695,421.3437,-2.8699,-10.1763
61,1,252,422,249,449,95.93152692491977,387.07234465923807,95.95832736866481,414.23785437837523,0.7971,8,59,1,4,5000,100,71.0,16.0,39.0,0.35,0.35,0.3,0.1,3.7518,0.0339,2.6723,400.1946,-1.0402,-9.9885
61,18,412,369,424,395,70.1278241807561,353.0212458195682,69.76030863038169,381.55995597022496,0.6031,8,59,1,4,5000,100,71.0,16.0,39.0,0.35,0.35,0.3,0.1,4.2995,0.0389,3.0555,366.7362,3.1571,-8.6444
61,22,476,276,490,298,52.40824412383413,301.62393804205925,52.815293546766874,327.6049450176233,0.5714,8,59,1,4,5000,100,71.0,16.0,39.0,0.35,0.35,0.3,0.1,4.5696,0.0413,3.2444,314.0781,4.7848,-6.2629
61,8,285,122,286,138,94.70785224437222,85.28774824088158,93.39971415912326,101.17806086301516,0.6721,8,59,1,4,5000,100,71.0,16.0,39.0,0.35,0.35,0.3,0.1,9.431,0.0852,6.6459,92.5558,-0.1619,-2.317
61,21,100,107,70,117,159.96898731910227,204.3624231604235,160.182847480381,235.97457490161943,0.704,8,59,1,4,5000,100,71.0,16.0,39.0,0.35,0.35,0.3,0.1,7.945,0.0718,5.6062,219.0338,-5.1677,-1.8724
61,9,280,52,236,98,128.6598082540901,19.209372712298546,132.5529513576764,82.80700453464067,0.5679,8,59,1,4,5000,100,71.0,16.0,39.0,0.35,0.35,0.3,0.1,68.9918,0.6234,48.3197,31.1846,-0.5218,-0.5832
61,10,284,59,281,66,109.98310652189998,23.40939982143925,110.77225468204583,31.016124838541646,0.7424,8,59,1,4,5000,100,71.0,16.0,39.0,0.35,0.35,0.3,0.1,15.4676,0.1398,10.8696,26.6812,-0.2337,-0.6274
62,2,179,431,172,458,106.00299887700443,409.8841299684583,105.9094399724687,437.7682035050056,0.8975,8,59,1,4,5000,100,71.0,16.0,39.0,0.35,0.35,0.3,0.1,3.6405,0.0329,2.5944,423.3675,-2.9203,-10.2148
62,1,252,422,249,449,95.93152692491977,387.07234465923807,95.95832736866481,414.23785437837523,0.8318,8,59,1,4,5000,100,71.0,16.0,39.0,0.35,0.35,0.3,0.1,3.7518,0.0339,2.6723,400.1946,-1.0402,-9.9885
62,18,408,370,418,396,70.794302431686,352.62586405424094,70.66020553523904,380.46944686794495,0.7834,8,59,1,4,5000,100,71.0,16.0,39.0,0.35,0.35,0.3,0.1,4.2033,0.038,2.9882,366.0189,3.032,-8.67
62,22,474,277,487,299,52.8257451664089,301.20424963801554,53.340618661637876,326.60220452409686,0.5623,8,59,1,4,5000,100,71.0,16.0,39.0,0.35,0.35,0.3,0.1,4.4771,0.0405,3.1797,313.3895,4.7225,-6.2884
62,8,284,124,285,139,95.25380275126226,87.36704184073076,93.92590770368398,102.23991392797629,0.6491,8,59,1,4,5000,100,71.0,16.0,39.0,0.35,0.35,0.3,0.1,8.6809,0.0784,6.1211,94.2202,-0.1871,-2.357
62,21,101,107,77,116,159.87251130699204,203.42320418280704,159.82455476918335,229.05457864884517,0.7456,8,59,1,4,5000,100,71.0,16.0,39.0,0.35,0.35,0.3,0.1,6.559,0.0593,4.6364,215.4794,-5.0762,-1.8629
62,9,280,52,236,97,128.6598082540901,19.209372712298546,133.02506598911802,82.07313811473277,0.5552,8,59,1,4,5000,100,71.0,16.0,39.0,0.35,0.35,0.3,0.1,68.6898,0.6207,48.1084,31.1322,-0.5247,-0.5788
62,10,284,59,282,66,109.98310652189998,23.40939982143925,109.02560603756869,30.675723300355934,0.7361,8,59,1,4,5000,100,71.0,16.0,39.0,0.35,0.35,0.3,0.1,14.8684,0.1343,10.4503,26.5544,-0.2218,-0.6284
63,2,178,432,171,460,106.09854162244757,411.1216365018995,105.96328406128859,439.9659077701362,0.8633,8,59,1,4,5000,100,71.0,16.0,39.0,0.35,0.35,0.3,0.1,3.7507,0.0339,2.6715,425.055,-2.9452,-10.2517
63,1,252,422,250,448,95.93152692491977,387.07234465923807,95.83478899684134,413.14041196668234,0.7095,8,59,1,4,5000,100,71.0,16.0,39.0,0.35,0.35,0.3,0.1,3.6052,0.0326,2.5697,399.6818,-1.0278,-9.9769
63,18,404,370,414,396,71.41033747701383,351.33032889290956,71.23055084353794,379.16355310076943,0.7372,8,59,1,4,5000,100,71.0,16.0,39.0,0.35,0.35,0.3,0.1,4.2167,0.0381,2.9975,364.7167,2.9318,-8.67
63,22,471,278,485,300,53.39730258668975,300.2032644725903,53.72727769517277,326.2177187094533,0.6599,8,59,1,4,5000,100,71.0,16.0,39.0,0.35,0.35,0.3,0.1,4.5959,0.0415,3.2629,312.6703,4.6595,-6.3128
63,8,283,125,283,140,95.83949231151745,88.45903006477066,94.99374398582339,103.39245620450265,0.7336,8,59,1,4,5000,100,71.0,16.0,39.0,0.35,0.35,0.3,0.1,8.6143,0.0778,6.0745,95.3445,-0.2245,-2.382
63,21,101,107,78,115,159.87251130699204,203.42320418280704,159.9739109058834,227.771815640127,0.7791,8,59,1,4,5000,100,71.0,16.0,39.0,0.35,0.35,0.3,0.1,6.2492,0.0565,4.4197,214.9101,-5.0654,-1.851
63,9,280,52,236,98,128.6598082540901,19.209372712298546,132.5529513576764,82.80700453464067,0.5674,8,59,1,4,5000,100,71.0,16.0,39.0,0.35,0.35,0.3,0.1,68.9918,0.6234,48.3197,31.1846,-0.5218,-0.5832
63,10,284,59,282,66,109.98310652189998,23.40939982143925,109.02560603756869,30.675723300355934,0.7247,8,59,1,4,5000,100,71.0,16.0,39.0,0.35,0.35,0.3,0.1,14.8684,0.1343,10.4503,26.5544,-0.2218,-0.6284
64,2,177,434,170,461,106.15485112427532,413.3206987316266,106.05242400715665,441.2029011690653,0.9057,7,59,1,4,5000,100,71.0,16.0,39.0,0.35,0.35,0.3,0.1,3.611,0.0326,2.5737,426.8069,-2.9705,-10.2902
64,1,252,422,249,448,95.93152692491977,387.07234465923807,95.97271984485809,413.2432697576574,0.7734,7,59,1,4,5000,100,71.0,16.0,39.0,0.35,0.35,0.3,0.1,3.619,0.0327,2.5793,399.7299,-1.0403,-9.9768
64,18,401,370,409,396,71.87531409842865,350.3855019831728,71.94893675267235,377.58442764499705,0.8554,7,59,1,4,5000,100,71.0,16.0,39.0,0.35,0.35,0.3,0.1,4.1349,0.0374,2.9403,363.4769,2.8317,-8.6704
64,8,282,126,282,142,96.41084002023244,89.56003573022959,95.44033203100551,105.47511554864494,0.6834,7,59,1,4,5000,100,71.0,16.0,39.0,0.35,0.35,0.3,0.1,9.0307,0.0816,6.3658,96.8682,-0.2493,-2.418
64,21,101,107,78,113,159.87251130699204,203.42320418280704,160.44800482675942,227.09469390542793,0.6918,7,59,1,4,5000,100,71.0,16.0,39.0,0.35,0.35,0.3,0.1,6.085,0.055,4.3048,214.6082,-5.0663,-1.8264
64,9,280,52,236,97,128.6598082540901,19.209372712298546,133.02506598911802,82.07313811473277,0.555,7,59,1,4,5000,100,71.0,16.0,39.0,0.35,0.35,0.3,0.1,68.6898,0.6207,48.1084,31.1322,-0.5247,-0.5788
64,10,284,59,282,66,109.98310652189998,23.40939982143925,109.02560603756869,30.675723300355934,0.7247,7,59,1,4,5000,100,71.0,16.0,39.0,0.35,0.35,0.3,0.1,14.8684,0.1343,10.4503,26.5544,-0.2218,-0.6284
65,2,176,434,169,462,106.28791059566558,413.6000483558966,106.14106529691202,442.4409565128436,0.8654,8,59,1,4,5000,100,71.0,16.0,39.0,0.35,0.35,0.3,0.1,3.7286,0.0337,2.656,427.5347,-2.9953,-10.302
65,1,252,421,249,449,95.9468630539735,386.07771238443695,95.95832736866481,414.23785437837523,0.8249,8,59,1,4,5000,100,71.0,16.0,39.0,0.35,0.35,0.3,0.1,3.894,0.0352,2.7718,399.6624,-1.0401,-9.9751
65,18,397,371,405,397,72.54835102557749,350.11569516375584,72.57350643224821,377.3181681287028,0.8883,8,59,1,4,5000,100,71.0,16.0,39.0,0.35,0.35,0.3,0.1,4.1385,0.0374,2.9428,363.2083,2.7314,-8.6955
65,22,467,280,481,302,54.23990182097912,299.4561737550255,54.50324775786055,325.49347151671105,0.69,8,59,1,4,5000,100,71.0,16.0,39.0,0.35,0.35,0.3,0.1,4.6108,0.0417,3.2733,311.9324,4.5592,-6.3629
65,8,280,127,281,142,97.59464336859145,90.79647570252934,95.98059952476346,105.57461816175325,0.6305,8,59,1,4,5000,100,71.0,16.0,39.0,0.35,0.35,0.3,0.1,8.3285,0.0753,5.8745,97.6295,-0.287,-2.4331
65,21,101,106,79,111,160.13741450251777,203.08126452235814,160.84186095141726,225.48835890129672,0.6774,8,59,1,4,5000,100,71.0,16.0,39.0,0.35,0.35,0.3,0.1,5.7862,0.0523,4.0957,213.6991,-5.0552,-1.7894
65,9,280,52,235,97,128.6598082540901,19.209372712298546,133.53119928561418,82.75868534480233,0.5413,8,59,1,4,5000,100,71.0,16.0,39.0,0.35,0.35,0.3,0.1,68.9721,0.6232,48.3059,31.1812,-0.5298,-0.5758
65,10,284,59,282,66,109.98310652189998,23.40939982143925,109.02560603756869,30.675723300355934,0.733,8,59,1,4,5000,100,71.0,16.0,39.0,0.35,0.35,0.3,0.1,14.8684,0.1343,10.4503,26.5544,-0.2218,-0.6284
66,2,175,435,168,462,106.38174605037818,414.8409333708524,106.26538141407245,442.7200018070112,0.8628,8,59,1,4,5000,100,71.0,16.0,39.0,0.35,0.35,0.3,0.1,3.5978,0.0325,2.5645,428.3273,-3.0206,-10.3153
66,1,253,421,249,448,95.79921762909841,385.9753878163736,95.97271984485809,413.2432697576574,0.6762,8,59,1,4,5000,100,71.0,16.0,39.0,0.35,0.35,0.3,0.1,3.7758,0.0341,2.6891,399.1442,-1.0277,-9.9633
66,18,393,371,400,397,73.17493487682135,348.93695705671536,73.30075576600639,375.85103432077983,0.8184,8,59,1,4,5000,100,71.0,16.0,39.0,0.35,0.35,0.3,0.1,4.1096,0.0371,2.9226,361.8943,2.6187,-8.6957
66,22,465,281,478,304,54.66273414451395,299.1070042643602,55.13780385308514,325.39975414864716,0.581,8,59,1,4,5000,100,71.0,16.0,39.0,0.35,0.35,0.3,0.1,4.6594,0.0421,3.3072,311.6999,4.4964,-6.4002
66,8,278,128,278,144,98.74616226255522,92.07062506576133,97.45429881274848,107.91200118615167,0.6693,8,59,1,4,5000,100,71.0,16.0,39.0,0.35,0.35,0.3,0.1,8.7665,0.0792,6.181,99.3639,-0.3491,-2.4689
66,21,101,106,79,110,160.13741450251777,203.08126452235814,161.0822330031347,225.16216378423795,0.6239,8,59,1,4,5000,100,71.0,16.0,39.0,0.35,0.35,0.3,0.1,5.7063,0.0516,4.0398,213.5525,-5.0557,-1.777
66,9,283,45,235,97,138.3664606634298,12.041594578792296,133.53119928561418,82.75868534480233,0.5392,8,59,1,4,5000,100,71.0,16.0,39.0,0.35,0.35,0.3,0.1,82.5546,0.746,57.8093,21.0241,-0.3674,-0.3786
66,10,284,59,282,66,109.98310652189998,23.40939982143925,109.02560603756869,30.675723300355934,0.7428,8,59,1,4,5000,100,71.0,16.0,39.0,0.35,0.35,0.3,0.1,14.8684,0.1343,10.4503,26.5544,-0.2218,-0.6284
67,2,173,435,167,462,106.64640055101715,415.4094365803454,106.38954033403479,443.00112866673373,0.7277,7,59,1,4,5000,100,71.0,16.0,39.0,0.35,0.35,0.3,0.1,3.5572,0.0321,2.5361,428.7618,-3.0583,-10.3156
67,1,253,421,249,448,95.79921762909841,385.9753878163736,95.97271984485809,413.2432697576574,0.6501,7,59,1,4,5000,100,71.0,16.0,39.0,0.35,0.35,0.3,0.1,3.7758,0.0341,2.6891,399.1442,-1.0277,-9.9633
67,18,389,370,396,397,73.7596185337225,346.8400207588507,73.88658176691071,374.7212297161718,0.8333,7,59,1,4,5000,100,71.0,16.0,39.0,0.35,0.35,0.3,0.1,4.2763,0.0386,3.0392,360.242,2.5182,-8.6821
67,22,463,282,476,304,55.086531684653785,298.77416220282504,55.427774615360136,324.2606975876047,0.6411,7,59,1,4,5000,100,71.0,16.0,39.0,0.35,0.35,0.3,0.1,4.5272,0.0409,3.2148,310.9961,4.4468,-6.4134
67,8,276,130,275,146,99.76177477504226,94.36630754670864,98.86462338841079,110.3177229641729,0.6713,7,59,1,4,5000,100,71.0,16.0,39.0,0.35,0.35,0.3,0.1,8.6247,0.0779,6.0817,101.7205,-0.4116,-2.5192
67,9,281,51,235,97,128.15722658736905,17.804493814764857,133.53119928561418,82.75868534480233,0.5301,7,59,1,4,5000,100,71.0,16.0,39.0,0.35,0.35,0.3,0.1,71.4817,0.6459,50.0618,29.3045,-0.4976,-0.5415
67,10,284,59,283,66,109.98310652189998,23.40939982143925,107.24145939893998,30.364452901377952,0.6728,7,59,1,4,5000,100,71.0,16.0,39.0,0.35,0.35,0.3,0.1,14.3138,0.1293,10.0623,26.4371,-0.2098,-0.6294
68,2,172,436,165,463,106.73875855842765,416.65453315666684,106.60047979053026,444.52783939816413,0.8157,7,59,1,4,5000,100,71.0,16.0,39.0,0.35,0.35,0.3,0.1,3.582,0.0324,2.5534,430.1401,-3.0959,-10.3405
68,1,253,421,249,448,95.79921762909841,385.9753878163736,95.97271984485809,413.2432697576574,0.6972,7,59,1,4,5000,100,71.0,16.0,39.0,0.35,0.35,0.3,0.1,3.7758,0.0341,2.6891,399.1442,-1.0277,-9.9633
68,18,386,370,393,396,74.23656705861272,346.01300553591915,74.28674042544995,372.93699199730776,0.867,7,59,1,4,5000,100,71.0,16.0,39.0,0.35,0.35,0.3,0.1,4.1445,0.0374,2.947,358.9709,2.4432,-8.6704
68,22,465,283,477,305,54.883118589101954,300.74075214376916,55.38273930417193,325.6516543793383,0.5644,7,59,1,4,5000,100,71.0,16.0,39.0,0.35,0.35,0.3,0.1,4.4012,0.0398,3.1266,312.7009,4.4848,-6.439
68,8,273,132,272,148,101.30993247402021,96.88137075826292,100.2139729850705,112.78741064498288,0.6534,7,59,1,4,5000,100,71.0,16.0,39.0,0.35,0.35,0.3,0.1,8.3957,0.0759,5.9215,104.2311,-0.4865,-2.5699
68,9,282,52,235,97,123.69006752597979,18.027756377319946,133.53119928561418,82.75868534480233,0.4152,7,59,1,4,5000,100,71.0,16.0,39.0,0.35,0.35,0.3,0.1,71.0782,0.6423,49.7795,29.6062,-0.495,-0.5541
68,10,284,59,283,65,109.98310652189998,23.40939982143925,107.81888891452277,29.410882339705484,0.7166,7,59,1,4,5000,100,71.0,16.0,39.0,0.35,0.35,0.3,0.1,12.5743,0.1136,8.8452,26.0692,-0.2106,-0.6194
69,2,170,437,164,464,106.96170588653291,418.1913437650282,106.6869331513483,445.7723634322792,0.6776,7,59,1,4,5000,100,71.0,16.0,39.0,0.35,0.35,0.3,0.1,3.533,0.0319,2.5191,431.5416,-3.1336,-10.3659
69,1,252,421,249,449,95.9468630539735,386.07771238443695,95.95832736866481,414.23785437837523,0.8295,7,59,1,4,5000,100,71.0,16.0,39.0,0.35,0.35,0.3,0.1,3.894,0.0352,2.7718,399.6624,-1.0401,-9.9751
69,18,385,370,392,396,74.39605285494325,345.74267888127434,74.43474007358311,372.6674120445736,0.9098,7,59,1,4,5000,100,71.0,16.0,39.0,0.35,0.35,0.3,0.1,4.1477,0.0375,2.9492,358.7005,2.4182,-8.6704
69,22,466,284,478,305,54.8370872565107,302.1340761979688,55.23819766651298,326.2207841324645,0.5729,7,59,1,4,5000,100,71.0,16.0,39.0,0.35,0.35,0.3,0.1,4.2423,0.0383,3.0154,313.7158,4.5103,-6.4523
69,8,270,133,268,149,102.90740867126584,98.48857801796105,102.0947570770121,114.54256850621083,0.6911,7,59,1,4,5000,100,71.0,16.0,39.0,0.35,0.35,0.3,0.1,8.34,0.0754,5.8825,105.9107,-0.5739,-2.595
69,9,283,45,235,97,138.3664606634298,12.041594578792296,133.53119928561418,82.75868534480233,0.5393,7,59,1,4,5000,100,71.0,16.0,39.0,0.35,0.35,0.3,0.1,82.5546,0.746,57.8093,21.0241,-0.3674,-0.3786
69,10,283,52,284,66,120.96375653207352,17.4928556845359,105.42216131873867,30.083217912982647,0.5371,7,59,1,4,5000,100,71.0,16.0,39.0,0.35,0.35,0.3,0.1,29.2871,0.2646,20.5389,22.1221,-0.2001,-0.5178
70,2,169,438,162,466,107.05251357479901,419.4401029944562,106.85839876773828,448.26443088873333,0.7659,6,59,1,4,5000,100,71.0,16.0,39.0,0.35,0.35,0.3,0.1,3.6763,0.0332,2.6194,433.3735,-3.1709,-10.4026
70,1,252,421,250,449,95.9468630539735,386.07771238443695,95.82072424552504,414.13524361010377,0.7063,6,59,1,4,5000,100,71.0,16.0,39.0,0.35,0.35,0.3,0.1,3.8803,0.0351,2.7622,399.6146,-1.0276,-9.9752
70,18,386,370,393,397,74.23656705861272,346.01300553591915,74.32824093619509,373.89971917614486,0.8572,6,59,1,4,5000,100,71.0,16.0,39.0,0.35,0.35,0.3,0.1,4.2869,0.0387,3.0467,359.4162,2.443,-8.6821
70,8,266,135,265,151,104.85861444792467,101.39033484509261,103.3245312618908,117.15374513859982,0.6269,6,59,1,4,5000,100,71.0,16.0,39.0,0.35,0.35,0.3,0.1,7.9825,0.0721,5.6324,108.7035,-0.6616,-2.6464
70,9,283,45,235,97,138.3664606634298,12.041594578792296,133.53119928561418,82.75868534480233,0.5392,6,59,1,4,5000,100,71.0,16.0,39.0,0.35,0.35,0.3,0.1,82.5546,0.746,57.8093,21.0241,-0.3674,-0.3786
70,10,284,59,284,67,109.98310652189998,23.40939982143925,104.93141717813755,31.04834939252005,0.6946,6,59,1,4,5000,100,71.0,16.0,39.0,0.35,0.35,0.3,0.1,15.5239,0.1403,10.909,26.6931,-0.197,-0.6402
71,2,167,439,160,467,107.27283469554501,420.98574797729196,107.06526851050442,449.80440193488545,0.7516,7,59,1,4,5000,100,71.0,16.0,39.0,0.35,0.35,0.3,0.1,3.6626,0.0331,2.6098,434.9182,-3.2211,-10.4277
71,1,252,421,249,449,95.9468630539735,386.07771238443695,95.95832736866481,414.23785437837523,0.8429,7,59,1,4,5000,100,71.0,16.0,39.0,0.35,0.35,0.3,0.1,3.894,0.0352,2.7718,399.6624,-1.0401,-9.9751
71,18,387,371,393,397,74.12259747639159,347.2477501726973,74.32824093619509,373.89971917614486,0.8216,7,59,1,4,5000,100,71.0,16.0,39.0,0.35,0.35,0.3,0.1,4.0901,0.037,2.9089,360.0812,2.4559,-8.6958
71,22,463,289,478,310,55.84030545433057,304.54063768239536,55.73266455665579,330.3407331831786,0.6518,7,59,1,4,5000,100,71.0,16.0,39.0,0.35,0.35,0.3,0.1,4.4973,0.0406,3.1939,316.9165,4.4719,-6.5763
71,8,262,137,259,153,106.69924423399362,104.4030650891055,105.88013877707527,120.60265337047937,0.763,7,59,1,4,5000,100,71.0,16.0,39.0,0.35,0.35,0.3,0.1,7.9678,0.072,5.6221,111.9197,-0.7864,-2.6962
71,9,283,45,235,97,138.3664606634298,12.041594578792296,133.53119928561418,82.75868534480233,0.5392,7,59,1,4,5000,100,71.0,16.0,39.0,0.35,0.35,0.3,0.1,82.5546,0.746,57.8093,21.0241,-0.3674,-0.3786
71,10,284,59,284,67,109.98310652189998,23.40939982143925,104.93141717813755,31.04834939252005,0.66,7,59,1,4,5000,100,71.0,16.0,39.0,0.35,0.35,0.3,0.1,15.5239,0.1403,10.909,26.6931,-0.197,-0.6402
72,2,166,440,158,468,107.36211954713048,422.2380844973603,107.27072393171741,451.3501966322824,0.8594,7,59,1,4,5000,100,71.0,16.0,39.0,0.35,0.35,0.3,0.1,3.688,0.0333,2.6276,436.3091,-3.2586,-10.4526
72,1,251,422,250,449,96.07871824100934,387.17696212455616,95.82072424552504,414.13524361010377,0.6198,7,59,1,4,5000,100,71.0,16.0,39.0,0.35,0.35,0.3,0.1,3.7232,0.0336,2.6522,400.2026,-1.0402,-9.9887
72,18,386,372,393,398,74.32603884465031,347.93821290568246,74.36952826098003,374.8626415101937,0.855,7,59,1,4,5000,100,71.0,16.0,39.0,0.35,0.35,0.3,0.1,4.1224,0.0373,2.9316,360.899,2.4433,-8.7206
72,22,463,293,478,313,56.25831466860378,307.8587338374534,56.02345596374314,332.8242779606079,0.5909,7,59,1,4,5000,100,71.0,16.0,39.0,0.35,0.35,0.3,0.1,4.3125,0.039,3.0645,319.8551,4.4725,-6.6649
72,8,258,139,256,156,108.43494882292202,107.5174404457249,106.83166875824152,124.32618388738553,0.7088,7,59,1,4,5000,100,71.0,16.0,39.0,0.35,0.35,0.3,0.1,8.0236,0.0725,5.6611,115.3125,-0.8738,-2.7586
72,9,283,45,235,97,138.3664606634298,12.041594578792296,133.53119928561418,82.75868534480233,0.5392,7,59,1,4,5000,100,71.0,16.0,39.0,0.35,0.35,0.3,0.1,82.5546,0.746,57.8093,21.0241,-0.3674,-0.3786
72,10,282,53,283,67,122.0053832080835,18.867962264113206,106.69924423399362,31.32091952673165,0.4922,7,59,1,4,5000,100,71.0,16.0,39.0,0.35,0.35,0.3,0.1,27.4594,0.2481,19.2601,23.5495,-0.2256,-0.5462
73,2,164,441,156,469,107.57985142665528,423.7924020083418,107.47477425625567,452.90175535098115,0.8312,7,59,1,4,5000,100,71.0,16.0,39.0,0.35,0.35,0.3,0.1,3.6746,0.0332,2.6182,437.8638,-3.3088,-10.4778
73,1,251,422,249,449,96.07871824100934,387.17696212455616,95.95832736866481,414.23785437837523,0.715,7,59,1,4,5000,100,71.0,16.0,39.0,0.35,0.35,0.3,0.1,3.7369,0.0338,2.6618,400.2505,-1.0528,-9.9886
73,18,387,374,392,401,74.25690298993484,350.13425996323184,74.63838368815135,377.48642359692883,0.682,7,59,1,4,5000,100,71.0,16.0,39.0,0.35,0.35,0.3,0.1,4.1602,0.0376,2.958,363.2962,2.4432,-8.7831
73,22,464,295,477,316,56.309932474020215,310.0774096899031,56.45234091195185,334.7626024513491,0.7114,7,59,1,4,5000,100,71.0,16.0,39.0,0.35,0.35,0.3,0.1,4.2365,0.0383,3.0114,321.9475,4.4727,-6.7279
73,8,255,141,253,158,109.5839937702482,110.38568747804219,107.86486037792312,127.12985487288185,0.6863,7,59,1,4,5000,100,71.0,16.0,39.0,0.35,0.35,0.3,0.1,7.8019,0.0705,5.506,118.1676,-0.9489,-2.8094
73,9,282,53,234,97,122.0053832080835,18.867962264113206,134.02897806892082,83.45058418010026,0.3596,7,59,1,4,5000,100,71.0,16.0,39.0,0.35,0.35,0.3,0.1,69.8534,0.6312,48.9225,30.7773,-0.515,-0.5756
73,10,284,59,283,67,109.98310652189998,23.40939982143925,106.69924423399362,31.32091952673165,0.7066,7,59,1,4,5000,100,71.0,16.0,39.0,0.35,0.35,0.3,0.1,15.9977,0.1446,11.2405,26.7933,-0.2089,-0.6391
74,2,162,441,154,469,107.83725000330719,424.40075400498523,107.71579270637694,453.50633953672576,0.8274,7,59,1,4,5000,100,71.0,16.0,39.0,0.35,0.35,0.3,0.1,3.6691,0.0332,2.6144,438.4711,-3.3589,-10.4778
74,1,251,423,250,450,96.06308771821182,388.171353914737,95.80672690553158,415.13010008911664,0.6919,7,59,1,4,5000,100,71.0,16.0,39.0,0.35,0.35,0.3,0.1,3.714,0.0336,2.6458,401.1984,-1.0402,-10.0138
74,18,384,376,390,403,74.81641157128183,351.2620104708165,75.0101376403182,378.89312477267254,0.7858,7,59,1,4,5000,100,71.0,16.0,39.0,0.35,0.35,0.3,0.1,4.188,0.0378,2.9775,364.5547,2.3805,-8.833
74,22,465,297,476,318,56.36081681189733,312.2963336320169,56.78304954470734,335.882419903156,0.6062,7,59,1,4,5000,100,71.0,16.0,39.0,0.35,0.35,0.3,0.1,4.0271,0.0364,2.8648,323.6602,4.4734,-6.779
74,8,252,142,249,160,110.85445803957835,112.36102527122117,109.2692943984688,130.29965464267354,0.7183,7,59,1,4,5000,100,71.0,16.0,39.0,0.35,0.35,0.3,0.1,8.1812,0.0739,5.7714,120.6673,-1.0358,-2.8454
74,9,283,45,235,97,138.3664606634298,12.041594578792296,133.53119928561418,82.75868534480233,0.5392,7,59,1,4,5000,100,71.0,16.0,39.0,0.35,0.35,0.3,0.1,82.5546,0.746,57.8093,21.0241,-0.3674,-0.3786
74,10,282,53,283,67,122.0053832080835,18.867962264113206,106.69924423399362,31.32091952673165,0.5408,7,59,1,4,5000,100,71.0,16.0,39.0,0.35,0.35,0.3,0.1,27.4594,0.2481,19.2601,23.5495,-0.2256,-0.5462
75,2,160,440,152,468,108.13586842483909,424.0672116540018,107.99514338255977,453.167739363693,0.8054,7,59,1,4,5000,100,71.0,16.0,39.0,0.35,0.35,0.3,0.1,3.6712,0.0332,2.6159,438.1348,-3.409,-10.4527
75,1,251,423,249,451,96.06308771821182,388.171353914737,95.92974876777575,416.22710147226115,0.7827,7,59,1,4,5000,100,71.0,16.0,39.0,0.35,0.35,0.3,0.1,3.8599,0.0349,2.7479,401.71,-1.0527,-10.0254
75,18,382,379,387,405,75.25643716352927,353.643888678993,75.52499717381772,380.06446821559103,0.7296,7,59,1,4,5000,100,71.0,16.0,39.0,0.35,0.35,0.3,0.1,3.9852,0.036,2.8355,366.3785,2.3182,-8.8969
75,22,465,299,476,320,56.563004059323085,313.96337366004974,56.96901672398248,337.5574025258519,0.6224,7,59,1,4,5000,100,71.0,16.0,39.0,0.35,0.35,0.3,0.1,4.0077,0.0362,2.8513,325.3332,4.4735,-6.8292
75,8,248,145,246,162,112.16634582208246,116.61903789690601,110.20361516832514,133.19534526401438,0.6842,7,59,1,4,5000,100,71.0,16.0,39.0,0.35,0.35,0.3,0.1,7.3434,0.0664,5.1852,124.3572,-1.1244,-2.911
75,9,282,53,235,98,122.0053832080835,18.867962264113206,133.05851360908562,83.48652585896721,0.3857,7,59,1,4,5000,100,71.0,16.0,39.0,0.35,0.35,0.3,0.1,69.8678,0.6313,48.9326,30.7797,-0.507,-0.5827
75,10,284,59,283,67,109.98310652189998,23.40939982143925,106.69924423399362,31.32091952673165,0.6849,7,59,1,4,5000,100,71.0,16.0,39.0,0.35,0.35,0.3,0.1,15.9977,0.1446,11.2405,26.7933,-0.2089,-0.6391
76,2,158,439,150,467,108.43494882292202,423.7452064625628,108.274905162316,452.8399275682302,0.7978,7,59,1,4,5000,100,71.0,16.0,39.0,0.35,0.35,0.3,0.1,3.6732,0.0332,2.6173,437.8097,-3.4592,-10.4277
76,1,251,424,249,451,96.0475370744251,389.16577444580093,95.92974876777575,416.22710147226115,0.8066,7,59,1,4,5000,100,71.0,16.0,39.0,0.35,0.35,0.3,0.1,3.7185,0.0336,2.649,402.2418,-1.0528,-10.0388
76,18,380,381,385,408,75.65066795705286,355.07745633875436,75.9274244002831,382.4787575800779,0.7147,7,59,1,4,5000,100,71.0,16.0,39.0,0.35,0.35,0.3,0.1,4.1115,0.0372,2.9239,368.2691,2.2679,-8.9588
76,22,465,301,476,322,56.76305309364419,315.6342820417326,57.15314553497595,339.2359061184414,0.6339,7,59,1,4,5000,100,71.0,16.0,39.0,0.35,0.35,0.3,0.1,3.9885,0.036,2.8379,327.0098,4.4735,-6.8794
76,8,245,146,242,163,113.32535088097586,118.70130580579136,111.64443514071401,135.55810562264435,0.7364,7,59,1,4,5000,100,71.0,16.0,39.0,0.35,0.35,0.3,0.1,7.3371,0.0663,5.1808,126.5709,-1.2118,-2.9359
76,9,282,53,235,98,122.0053832080835,18.867962264113206,133.05851360908562,83.48652585896721,0.3857,7,59,1,4,5000,100,71.0,16.0,39.0,0.35,0.35,0.3,0.1,69.8678,0.6313,48.9326,30.7797,-0.507,-0.5827
76,10,284,59,283,67,109.98310652189998,23.40939982143925,106.69924423399362,31.32091952673165,0.695,7,59,1,4,5000,100,71.0,16.0,39.0,0.35,0.35,0.3,0.1,15.9977,0.1446,11.2405,26.7933,-0.2089,-0.6391
77,2,156,437,148,465,108.77803322244554,422.4878696483486,108.59544078275663,451.57502145269285,0.7748,7,59,1,4,5000,100,71.0,16.0,39.0,0.35,0.35,0.3,0.1,3.6829,0.0333,2.624,436.5475,-3.5093,-10.3775
77,1,251,425,248,452,96.03206570115678,390.16022349798806,96.0521233050655,417.3260116503643,0.9734,7,59,1,4,5000,100,71.0,16.0,39.0,0.35,0.35,0.3,0.1,3.7232,0.0336,2.6522,403.2862,-1.0653,-10.0639
77,18,378,383,383,410,76.0417099254886,356.527698783699,76.28950287424888,383.94009949469984,0.74,7,59,1,4,5000,100,71.0,16.0,39.0,0.35,0.35,0.3,0.1,4.097,0.037,2.9138,369.7265,2.2178,-9.009
77,22,465,302,476,324,56.862284840333814,316.47116772306447,57.33545935586457,340.91787867461574,0.6129,7,59,1,4,5000,100,71.0,16.0,39.0,0.35,0.35,0.3,0.1,4.1155,0.0372,2.9267,328.24,4.4731,-6.9165
77,8,241,149,238,166,114.48248589734712,123.06502346320826,112.71441235316725,139.84634424968,0.7108,7,59,1,4,5000,100,71.0,16.0,39.0,0.35,0.35,0.3,0.1,7.0639,0.0638,4.9897,130.9201,-1.3122,-3.0119
77,9,282,53,234,98,122.0053832080835,18.867962264113206,133.55587446906418,84.17244204607586,0.3735,7,59,1,4,5000,100,71.0,16.0,39.0,0.35,0.35,0.3,0.1,70.1394,0.6338,49.1226,30.826,-0.512,-0.5798
77,10,284,59,283,67,109.98310652189998,23.40939982143925,106.69924423399362,31.32091952673165,0.6719,7,59,1,4,5000,100,71.0,16.0,39.0,0.35,0.35,0.3,0.1,15.9977,0.1446,11.2405,26.7933,-0.2089,-0.6391
78,2,154,435,146,462,109.12315331596172,421.24577149213025,108.95910389316963,449.37845965288545,0.7954,7,59,1,4,5000,100,71.0,16.0,39.0,0.35,0.35,0.3,0.1,3.5761,0.0323,2.5493,434.8576,-3.5596,-10.3155
78,1,250,426,248,453,96.16230533620086,391.26078259902306,96.0376825214229,418.32045132888254,0.7711,7,59,1,4,5000,100,71.0,16.0,39.0,0.35,0.35,0.3,0.1,3.699,0.0334,2.6353,404.3384,-1.0778,-10.0891
78,18,377,384,382,411,76.23603585145271,357.2590096834508,76.46950689767712,384.67648745406836,0.7222,7,59,1,4,5000,100,71.0,16.0,39.0,0.35,0.35,0.3,0.1,4.0897,0.037,2.9086,370.4612,2.1927,-9.0341
78,23,521,321,535,342,51.11944711225709,364.8246153975907,51.45492082667727,389.96666524204346,0.6849,7,59,1,4,5000,100,71.0,16.0,39.0,0.35,0.35,0.3,0.1,3.6864,0.0333,2.6265,376.9769,5.9157,-7.382
78,8,237,151,234,168,115.7552707601671,126.57408897558773,113.88127601760901,143.26548781894402,0.6746,7,59,1,4,5000,100,71.0,16.0,39.0,0.35,0.35,0.3,0.1,6.8456,0.0619,4.837,134.4036,-1.4126,-3.0627
78,9,282,53,233,98,122.0053832080835,18.867962264113206,134.0451587461278,84.86459803710851,0.3612,7,59,1,4,5000,100,71.0,16.0,39.0,0.35,0.35,0.3,0.1,70.4098,0.6362,49.3118,30.8721,-0.517,-0.577
78,10,284,59,283,67,109.98310652189998,23.40939982143925,106.69924423399362,31.32091952673165,0.6803,7,59,1,4,5000,100,71.0,16.0,39.0,0.35,0.35,0.3,0.1,15.9977,0.1446,11.2405,26.7933,-0.2089,-0.6391
79,2,152,432,144,459,109.5158730095827,419.0763653560052,109.32632467329775,447.2001788908408,0.7626,6,59,1,4,5000,100,71.0,16.0,39.0,0.35,0.35,0.3,0.1,3.5929,0.0325,2.5611,432.6817,-3.6097,-10.2401
79,1,249,426,247,454,96.30785778799192,391.3693907295255,96.15916302914309,419.4210295156885,0.752,6,59,1,4,5000,100,71.0,16.0,39.0,0.35,0.35,0.3,0.1,3.8289,0.0346,2.7262,404.9099,-1.1028,-10.1008
79,18,375,386,380,413,76.62229970963713,358.73388465546435,76.82744657667311,386.16058835670947,0.6687,6,59,1,4,5000,100,71.0,16.0,39.0,0.35,0.35,0.3,0.1,4.0748,0.0368,2.8982,371.9423,2.1426,-9.0843
79,8,233,153,230,170,116.95883040316482,130.14222988715076,114.99330526225975,146.74126890551273,0.619,6,59,1,4,5000,100,71.0,16.0,39.0,0.35,0.35,0.3,0.1,6.6346,0.0599,4.6893,137.9442,-1.513,-3.1134
79,9,282,53,234,98,122.0053832080835,18.867962264113206,133.55587446906418,84.17244204607586,0.3732,6,59,1,4,5000,100,71.0,16.0,39.0,0.35,0.35,0.3,0.1,70.1394,0.6338,49.1226,30.826,-0.512,-0.5798
79,10,284,59,283,67,109.98310652189998,23.40939982143925,106.69924423399362,31.32091952673165,0.6719,6,59,1,4,5000,100,71.0,16.0,39.0,0.35,0.35,0.3,0.1,15.9977,0.1446,11.2405,26.7933,-0.2089,-0.6391
80,1,248,428,245,455,96.4205955375217,393.46791482915097,96.41540275484107,420.63404522220975,0.9081,7,59,1,4,5000,100,71.0,16.0,39.0,0.35,0.35,0.3,0.1,3.693,0.0334,2.6311,406.5977,-1.1405,-10.1393
80,2,151,429,143,456,109.78334764060945,416.58732577936166,109.57582349882541,444.7043962004423,0.7408,7,59,1,4,5000,100,71.0,16.0,39.0,0.35,0.35,0.3,0.1,3.6128,0.0326,2.575,430.1869,-3.6348,-10.1648
80,18,373,388,378,414,77.0053832080835,360.224929731411,77.14976071480046,386.6846260197061,0.7174,7,59,1,4,5000,100,71.0,16.0,39.0,0.35,0.35,0.3,0.1,3.9205,0.0354,2.7903,372.9861,2.0927,-9.1228
80,22,467,308,479,331,57.147386375908724,322.5926223582926,57.54141959085693,348.4322028745334,0.6852,7,59,1,4,5000,100,71.0,16.0,39.0,0.35,0.35,0.3,0.1,4.2616,0.0385,3.029,335.0149,4.5353,-7.0786
80,8,229,155,225,172,118.09768296743596,133.76471881628578,116.3950345261977,150.71164520368026,0.6641,7,59,1,4,5000,100,71.0,16.0,39.0,0.35,0.35,0.3,0.1,6.5928,0.0596,4.6601,141.7334,-1.6255,-3.1635
80,9,282,53,234,98,122.0053832080835,18.867962264113206,133.55587446906418,84.17244204607586,0.3733,7,59,1,4,5000,100,71.0,16.0,39.0,0.35,0.35,0.3,0.1,70.1394,0.6338,49.1226,30.826,-0.512,-0.5798
80,10,284,59,283,67,109.98310652189998,23.40939982143925,106.69924423399362,31.32091952673165,0.6548,7,59,1,4,5000,100,71.0,16.0,39.0,0.35,0.35,0.3,0.1,15.9977,0.1446,11.2405,26.7933,-0.2089,-0.6391
81,1,247,429,244,456,96.5486557389006,394.5744543175597,96.53522768640255,421.74044150401323,0.977,6,59,1,4,5000,100,71.0,16.0,39.0,0.35,0.35,0.3,0.1,3.6829,0.0333,2.6241,407.7054,-1.1656,-10.1644
81,2,150,427,142,453,110.00669473774026,415.04698529202693,109.82813377130779,442.21714123267543,0.7695,6,59,1,4,5000,100,71.0,16.0,39.0,0.35,0.35,0.3,0.1,3.5076,0.0317,2.5014,428.2015,-3.6601,-10.1028
81,18,372,389,377,416,77.19573393471325,360.9764535257113,77.35919286450098,388.4147268062837,0.7291,6,59,1,4,5000,100,71.0,16.0,39.0,0.35,0.35,0.3,0.1,4.052,0.0366,2.8823,374.1933,2.0675,-9.1596
81,22,468,310,480,333,57.19058389577265,324.81533215043896,57.578935237493056,350.65652710308984,0.6725,6,59,1,4,5000,100,71.0,16.0,39.0,0.35,0.35,0.3,0.1,4.2338,0.0383,3.0095,337.2416,4.5605,-7.1289
81,9,282,53,234,98,122.0053832080835,18.867962264113206,133.55587446906418,84.17244204607586,0.3744,6,59,1,4,5000,100,71.0,16.0,39.0,0.35,0.35,0.3,0.1,70.1394,0.6338,49.1226,30.826,-0.512,-0.5798
81,10,284,59,283,67,109.98310652189998,23.40939982143925,106.69924423399362,31.32091952673165,0.6849,6,59,1,4,5000,100,71.0,16.0,39.0,0.35,0.35,0.3,0.1,15.9977,0.1446,11.2405,26.7933,-0.2089,-0.6391
82,1,246,430,242,457,96.67599905618347,395.6829538911172,96.7889745744388,422.965719651132,0.867,6,59,1,4,5000,100,71.0,16.0,39.0,0.35,0.35,0.3,0.1,3.6882,0.0333,2.6278,408.8697,-1.2032,-10.1894
82,2,150,425,142,451,110.10158397816475,413.168246601793,109.91640599380908,440.33623516581054,0.7574,6,59,1,4,5000,100,71.0,16.0,39.0,0.35,0.35,0.3,0.1,3.5227,0.0318,2.512,426.3198,-3.66,-10.0526
82,18,370,391,375,418,77.57405713457253,362.49137920783716,77.71025535213138,389.9358921669048,0.7476,6,59,1,4,5000,100,71.0,16.0,39.0,0.35,0.35,0.3,0.1,4.0366,0.0365,2.8715,375.7131,2.0174,-9.2098
82,8,221,158,216,176,120.40342447450583,140.29255147726127,118.66818839153173,158.42032697857937,0.622,6,59,1,4,5000,100,71.0,16.0,39.0,0.35,0.35,0.3,0.1,6.7161,0.0607,4.7463,148.8064,-1.8378,-3.2506
82,9,282,53,234,97,122.0053832080835,18.867962264113206,134.02897806892082,83.45058418010026,0.3635,6,59,1,4,5000,100,71.0,16.0,39.0,0.35,0.35,0.3,0.1,69.8534,0.6312,48.9225,30.7773,-0.515,-0.5756
82,10,284,59,283,67,109.98310652189998,23.40939982143925,106.69924423399362,31.32091952673165,0.676,6,59,1,4,5000,100,71.0,16.0,39.0,0.35,0.35,0.3,0.1,15.9977,0.1446,11.2405,26.7933,-0.2089,-0.6391
83,1,244,431,240,458,96.9459676207628,396.9130887234635,97.04125064906026,424.19924563817887,0.8828,6,59,1,4,5000,100,71.0,16.0,39.0,0.35,0.35,0.3,0.1,3.6776,0.0332,2.6203,410.1028,-1.2533,-10.2146
83,2,151,423,143,450,110.06648909434266,410.94646853331153,109.83816712807666,439.0558051091,0.7427,6,59,1,4,5000,100,71.0,16.0,39.0,0.35,0.35,0.3,0.1,3.6598,0.0331,2.6079,424.5364,-3.6347,-10.0142
83,18,369,392,374,420,77.76203131319905,363.2547315589984,77.9154597166587,391.6797160946683,0.7301,6,59,1,4,5000,100,71.0,16.0,39.0,0.35,0.35,0.3,0.1,4.1669,0.0377,2.9627,376.9321,1.9922,-9.2466
83,22,471,313,483,337,57.03454535070263,328.9635238138113,57.516451492066146,355.6416735985815,0.6046,6,59,1,4,5000,100,71.0,16.0,39.0,0.35,0.35,0.3,0.1,4.3126,0.039,3.0647,341.7828,4.6354,-7.2162
83,9,282,53,234,97,122.0053832080835,18.867962264113206,134.02897806892082,83.45058418010026,0.3617,6,59,1,4,5000,100,71.0,16.0,39.0,0.35,0.35,0.3,0.1,69.8534,0.6312,48.9225,30.7773,-0.515,-0.5756
83,10,284,59,283,67,109.98310652189998,23.40939982143925,106.69924423399362,31.32091952673165,0.6513,6,59,1,4,5000,100,71.0,16.0,39.0,0.35,0.35,0.3,0.1,15.9977,0.1446,11.2405,26.7933,-0.2089,-0.6391
84,1,242,431,239,458,97.23237870827765,397.15991741362825,97.17526110028379,424.3229901855425,0.8928,5,59,1,4,5000,100,71.0,16.0,39.0,0.35,0.35,0.3,0.1,3.6594,0.0331,2.6076,410.2924,-1.2909,-10.2147
84,2,152,422,144,448,109.98310652189998,409.6644968751869,109.80381266704077,436.83520920365385,0.7654,5,59,1,4,5000,100,71.0,16.0,39.0,0.35,0.35,0.3,0.1,3.5522,0.0321,2.5326,422.8138,-3.6098,-9.9772
84,22,473,315,485,338,56.93268816122654,331.7303121513016,57.33216916926623,357.56118357562247,0.6157,5,59,1,4,5000,100,71.0,16.0,39.0,0.35,0.35,0.3,0.1,4.1473,0.0375,2.949,344.1617,4.686,-7.2546
84,9,282,53,233,97,122.0053832080835,18.867962264113206,134.51853419416165,84.1486779456457,0.3511,5,59,1,4,5000,100,71.0,16.0,39.0,0.35,0.35,0.3,0.1,70.13,0.6337,49.1161,30.8244,-0.5199,-0.5727
84,10,284,59,283,67,109.98310652189998,23.40939982143925,106.69924423399362,31.32091952673165,0.6681,5,59,1,4,5000,100,71.0,16.0,39.0,0.35,0.35,0.3,0.1,15.9977,0.1446,11.2405,26.7933,-0.2089,-0.6391
85,1,240,431,237,459,97.51842687944219,397.4166579296847,97.42560351576607,425.5690308281372,0.8775,6,59,1,4,5000,100,71.0,16.0,39.0,0.35,0.35,0.3,0.1,3.7857,0.0342,2.696,411.0113,-1.341,-10.2264
85,2,153,420,145,447,109.94706388909097,407.4432475817951,109.7246141743268,435.5559665530941,0.7512,6,59,1,4,5000,100,71.0,16.0,39.0,0.35,0.35,0.3,0.1,3.6906,0.0333,2.6295,421.0308,-3.5845,-9.9388
85,22,475,318,487,339,56.925992382419444,335.3356527421443,57.1498567243474,359.48435292791254,0.6658,6,59,1,4,5000,100,71.0,16.0,39.0,0.35,0.35,0.3,0.1,3.8463,0.0348,2.7384,346.9904,4.7371,-7.3061
85,24,234,97,208,163,134.02897806892082,83.45058418010026,123.69006752597979,151.43315356948756,0.2548,6,59,1,4,5000,100,71.0,16.0,39.0,0.35,0.35,0.3,0.1,32.031,0.2894,22.4588,107.6037,-1.6385,-2.1462
85,25,104,104,71,109,160.38479796475423,199.58206332233365,161.95481237239605,232.43278598338918,0.5094,6,59,1,4,5000,100,71.0,16.0,39.0,0.35,0.35,0.3,0.1,8.4154,0.076,5.9353,214.7584,-5.1025,-1.7341
85,10,284,59,283,67,109.98310652189998,23.40939982143925,106.69924423399362,31.32091952673165,0.676,6,59,1,4,5000,100,71.0,16.0,39.0,0.35,0.35,0.3,0.1,15.9977,0.1446,11.2405,26.7933,-0.2089,-0.6391
86,1,238,432,234,459,97.7845839275937,398.67405232846545,97.82574516640891,425.96713488249304,0.857,5,59,1,4,5000,100,71.0,16.0,39.0,0.35,0.35,0.3,0.1,3.6628,0.0331,2.61,411.8689,-1.4037,-10.2397
86,2,154,419,146,446,109.86258549748226,406.1625290447163,109.64494924717121,434.2775610136909,0.7557,5,59,1,4,5000,100,71.0,16.0,39.0,0.35,0.35,0.3,0.1,3.7022,0.0335,2.6375,419.7498,-3.5594,-9.9136
86,25,104,104,71,111,160.38479796475423,199.58206332233365,161.4873093258545,233.0600780914655,0.5824,5,59,1,4,5000,100,71.0,16.0,39.0,0.35,0.35,0.3,0.1,8.5636,0.0774,6.039,215.0258,-5.1013,-1.7586
86,9,282,53,234,97,122.0053832080835,18.867962264113206,134.02897806892082,83.45058418010026,0.3603,5,59,1,4,5000,100,71.0,16.0,39.0,0.35,0.35,0.3,0.1,69.8534,0.6312,48.9225,30.7773,-0.515,-0.5756
86,10,284,59,283,67,109.98310652189998,23.40939982143925,106.69924423399362,31.32091952673165,0.6803,5,59,1,4,5000,100,71.0,16.0,39.0,0.35,0.35,0.3,0.1,15.9977,0.1446,11.2405,26.7933,-0.2089,-0.6391
87,1,236,432,232,459,98.0691710270586,398.949871537766,98.09208259894463,426.24406154221083,0.8783,6,59,1,4,5000,100,71.0,16.0,39.0,0.35,0.35,0.3,0.1,3.6605,0.0331,2.6084,412.1456,-1.4539,-10.2397
87,2,155,419,147,446,109.72980051544496,405.8238534142615,109.52059895437799,433.9423924900631,0.7559,6,59,1,4,5000,100,71.0,16.0,39.0,0.35,0.35,0.3,0.1,3.7056,0.0335,2.6399,419.4124,-3.5343,-9.9136
87,22,479,320,491,343,56.544173930673836,339.2020047110571,56.96297159006177,365.0164379860173,0.4775,6,59,1,4,5000,100,71.0,16.0,39.0,0.35,0.35,0.3,0.1,4.0568,0.0367,2.8856,351.6361,4.8367,-7.3803
87,25,104,104,76,113,160.38479796475423,199.58206332233365,160.61548432064217,228.98034850178738,0.6135,6,59,1,4,5000,100,71.0,16.0,39.0,0.35,0.35,0.3,0.1,7.5916,0.0686,5.3589,213.2729,-5.0452,-1.7858
87,9,281,52,234,97,126.2538377374448,18.601075237738275,134.02897806892082,83.45058418010026,0.4663,6,59,1,4,5000,100,71.0,16.0,39.0,0.35,0.35,0.3,0.1,70.3255,0.6355,49.2529,30.4213,-0.5169,-0.5618
87,10,284,59,282,66,109.98310652189998,23.40939982143925,109.02560603756869,30.675723300355934,0.7502,6,59,1,4,5000,100,71.0,16.0,39.0,0.35,0.35,0.3,0.1,14.8684,0.1343,10.4503,26.5544,-0.2218,-0.6284
88,1,233,432,230,460,98.49529713638476,399.38202262996265,98.33858756520851,427.5195901944144,0.6997,5,59,1,4,5000,100,71.0,16.0,39.0,0.35,0.35,0.3,0.1,3.7658,0.034,2.6821,412.9721,-1.5164,-10.2516
88,2,155,420,148,447,109.68224928121143,406.765288587903,109.35227010818504,434.5526435312527,0.6521,5,59,1,4,5000,100,71.0,16.0,39.0,0.35,0.35,0.3,0.1,3.6552,0.033,2.6047,420.2001,-3.5219,-9.939
88,25,104,104,76,114,160.38479796475423,199.58206332233365,160.37979035845558,229.31419493786248,0.7006,5,59,1,4,5000,100,71.0,16.0,39.0,0.35,0.35,0.3,0.1,7.6719,0.0693,5.415,213.4176,-5.0446,-1.7981
88,10,284,59,282,66,109.98310652189998,23.40939982143925,109.02560603756869,30.675723300355934,0.7631,5,59,1,4,5000,100,71.0,16.0,39.0,0.35,0.35,0.3,0.1,14.8684,0.1343,10.4503,26.5544,-0.2218,-0.6284
88,26,283,45,281,52,138.3664606634298,12.041594578792296,126.2538377374448,18.601075237738275,0.4723,5,59,1,4,5000,100,71.0,16.0,39.0,0.35,0.35,0.3,0.1,23.6902,0.2141,16.6229,14.6193,-0.2407,-0.2768
89,1,231,432,227,460,98.77885910864237,399.68237389206945,98.73598358447558,427.9649518360119,0.7832,5,59,1,4,5000,100,71.0,16.0,39.0,0.35,0.35,0.3,0.1,3.7818,0.0342,2.6932,413.3404,-1.5791,-10.2515
89,2,155,421,148,448,109.63491768041479,407.7070026379238,109.30867293488919,435.4962686407313,0.6538,5,59,1,4,5000,100,71.0,16.0,39.0,0.35,0.35,0.3,0.1,3.6473,0.033,2.5991,421.1437,-3.5219,-9.9641
89,25,105,103,76,115,160.55996517182382,198.3053201505194,160.14478563067897,229.65191050805564,0.6529,5,59,1,4,5000,100,71.0,16.0,39.0,0.35,0.35,0.3,0.1,8.1062,0.0732,5.7189,212.8306,-5.0294,-1.7971
89,10,284,59,282,66,109.98310652189998,23.40939982143925,109.02560603756869,30.675723300355934,0.7491,5,59,1,4,5000,100,71.0,16.0,39.0,0.35,0.35,0.3,0.1,14.8684,0.1343,10.4503,26.5544,-0.2218,-0.6284
89,26,283,45,281,52,138.3664606634298,12.041594578792296,126.2538377374448,18.601075237738275,0.4723,5,59,1,4,5000,100,71.0,16.0,39.0,0.35,0.35,0.3,0.1,23.6902,0.2141,16.6229,14.6193,-0.2407,-0.2768
90,1,229,431,225,459,99.08460519449824,399.0050124998432,99.02142456593876,427.28561876103436,0.7828,5,59,1,4,5000,100,71.0,16.0,39.0,0.35,0.35,0.3,0.1,3.7878,0.0342,2.6974,412.6613,-1.6292,-10.2264
90,2,155,423,148,450,109.54090757521054,409.59125967237145,109.22204306007117,437.3842704076131,0.6614,5,59,1,4,5000,100,71.0,16.0,39.0,0.35,0.35,0.3,0.1,3.6315,0.0328,2.5881,423.0318,-3.5219,-10.0143
90,25,105,103,77,115,160.55996517182382,198.3053201505194,160.0596994316696,228.7116088002531,0.7035,5,59,1,4,5000,100,71.0,16.0,39.0,0.35,0.35,0.3,0.1,7.8803,0.0712,5.5609,212.4259,-5.0184,-1.7976
90,10,284,59,282,66,109.98310652189998,23.40939982143925,109.02560603756869,30.675723300355934,0.7586,5,59,1,4,5000,100,71.0,16.0,39.0,0.35,0.35,0.3,0.1,14.8684,0.1343,10.4503,26.5544,-0.2218,-0.6284
90,26,283,45,281,52,138.3664606634298,12.041594578792296,126.2538377374448,18.601075237738275,0.4666,5,59,1,4,5000,100,71.0,16.0,39.0,0.35,0.35,0.3,0.1,23.6902,0.2141,16.6229,14.6193,-0.2407,-0.2768
91,1,227,431,222,459,99.36796942462385,399.3256816184003,99.41828241691915,427.76629133207774,0.7717,5,59,1,4,5000,100,71.0,16.0,39.0,0.35,0.35,0.3,0.1,3.8055,0.0344,2.7098,413.057,-1.6918,-10.2263
91,2,155,424,147,452,109.49422619920662,410.5337988521773,109.25929164376717,439.6020928066653,0.7479,5,59,1,4,5000,100,71.0,16.0,39.0,0.35,0.35,0.3,0.1,3.7841,0.0342,2.6948,424.571,-3.5341,-10.051
91,25,105,103,78,115,160.55996517182382,198.3053201505194,159.9739109058834,227.771815640127,0.7307,5,59,1,4,5000,100,71.0,16.0,39.0,0.35,0.35,0.3,0.1,7.6536,0.0692,5.4023,212.0197,-5.0074,-1.7982
91,9,281,52,234,96,126.2538377374448,18.601075237738275,134.5103044068708,82.73451516749222,0.4532,5,59,1,4,5000,100,71.0,16.0,39.0,0.35,0.35,0.3,0.1,70.0405,0.6329,49.0534,30.3734,-0.5198,-0.5575
91,10,284,59,282,66,109.98310652189998,23.40939982143925,109.02560603756869,30.675723300355934,0.806,5,59,1,4,5000,100,71.0,16.0,39.0,0.35,0.35,0.3,0.1,14.8684,0.1343,10.4503,26.5544,-0.2218,-0.6284
92,1,225,429,220,458,99.69917815317586,397.68454835459727,99.70491258851209,427.1123973850443,0.8101,5,59,1,4,5000,100,71.0,16.0,39.0,0.35,0.35,0.3,0.1,3.9486,0.0357,2.8099,411.8735,-1.7418,-10.1878
92,2,153,426,145,453,109.66315409860154,413.08836827003495,109.46164500297989,441.2085674598806,0.8068,5,59,1,4,5000,100,71.0,16.0,39.0,0.35,0.35,0.3,0.1,3.6428,0.0329,2.596,426.6857,-3.5846,-10.0894
92,25,105,103,79,116,160.55996517182382,198.3053201505194,159.65058472262467,227.17834403833479,0.6842,5,59,1,4,5000,100,71.0,16.0,39.0,0.35,0.35,0.3,0.1,7.5099,0.0679,5.3018,211.7622,-4.9959,-1.811
92,9,283,45,234,96,138.3664606634298,12.041594578792296,134.5103044068708,82.73451516749222,0.5625,5,59,1,4,5000,100,71.0,16.0,39.0,0.35,0.35,0.3,0.1,82.5474,0.7459,57.8043,21.0233,-0.373,-0.373
92,10,284,59,282,66,109.98310652189998,23.40939982143925,109.02560603756869,30.675723300355934,0.768,5,59,1,4,5000,100,71.0,16.0,39.0,0.35,0.35,0.3,0.1,14.8684,0.1343,10.4503,26.5544,-0.2218,-0.6284
93,1,222,428,218,457,100.15002825646549,397.2165656162895,99.99241452621625,426.46922514995146,0.6991,5,59,1,4,5000,100,71.0,16.0,39.0,0.35,0.35,0.3,0.1,3.9303,0.0355,2.7972,411.3235,-1.8045,-10.1628
93,2,152,427,143,455,109.74683660542613,414.36698710201324,109.61908355631519,443.7623237725348,0.8583,5,59,1,4,5000,100,71.0,16.0,39.0,0.35,0.35,0.3,0.1,3.791,0.0343,2.6997,428.5612,-3.6218,-10.1261
93,25,105,103,80,115,160.55996517182382,198.3053201505194,159.80019337856592,225.89378034819816,0.7284,5,59,1,4,5000,100,71.0,16.0,39.0,0.35,0.35,0.3,0.1,7.1975,0.065,5.0832,211.2024,-4.9852,-1.7992
93,9,281,52,234,96,126.2538377374448,18.601075237738275,134.5103044068708,82.73451516749222,0.4532,5,59,1,4,5000,100,71.0,16.0,39.0,0.35,0.35,0.3,0.1,70.0405,0.6329,49.0534,30.3734,-0.5198,-0.5575
93,10,284,59,282,66,109.98310652189998,23.40939982143925,109.02560603756869,30.675723300355934,0.7914,5,59,1,4,5000,100,71.0,16.0,39.0,0.35,0.35,0.3,0.1,14.8684,0.1343,10.4503,26.5544,-0.2218,-0.6284
94,1,220,426,215,455,100.48620261489523,395.6071283483148,100.4374753511182,425.03293989995643,0.7282,4,59,1,4,5000,100,71.0,16.0,39.0,0.35,0.35,0.3,0.1,3.9683,0.0359,2.8237,409.7925,-1.8671,-10.1125
94,2,150,428,142,456,109.95957159633389,415.98677863605235,109.69712497144883,445.0404475999906,0.7328,4,59,1,4,5000,100,71.0,16.0,39.0,0.35,0.35,0.3,0.1,3.7343,0.0337,2.66,430.0234,-3.6596,-10.1516
94,9,283,45,234,95,138.3664606634298,12.041594578792296,135.0,82.02438661763951,0.5742,4,59,1,4,5000,100,71.0,16.0,39.0,0.35,0.35,0.3,0.1,82.3351,0.744,57.6558,21.0002,-0.3754,-0.3698
94,10,284,59,282,66,109.98310652189998,23.40939982143925,109.02560603756869,30.675723300355934,0.7914,4,59,1,4,5000,100,71.0,16.0,39.0,0.35,0.35,0.3,0.1,14.8684,0.1343,10.4503,26.5544,-0.2218,-0.6284
95,1,217,420,213,454,101.0795989228253,390.2742625385384,100.72746309995703,424.4172475288911,0.4969,6,59,1,4,5000,100,71.0,16.0,39.0,0.35,0.35,0.3,0.1,4.638,0.0419,3.2923,406.6303,-1.9289,-10.0201
95,2,148,428,140,455,110.2180684178642,416.673733273409,109.98310652189998,444.7785966073458,0.7488,6,59,1,4,5000,100,71.0,16.0,39.0,0.35,0.35,0.3,0.1,3.6106,0.0326,2.5734,430.2677,-3.71,-10.1398
95,27,521,320,536,342,51.020656176836425,364.04670030093666,51.34019174590991,390.59057848340376,0.6685,6,59,1,4,5000,100,71.0,16.0,39.0,0.35,0.35,0.3,0.1,3.8927,0.0352,2.7708,376.8518,5.9274,-7.3686
95,25,106,102,84,115,160.73740085871802,197.03045449879062,159.44395478041653,222.14409737825582,0.5825,6,59,1,4,5000,100,71.0,16.0,39.0,0.35,0.35,0.3,0.1,6.6304,0.0599,4.6864,208.835,-4.9261,-1.7879
95,9,281,52,234,95,126.2538377374448,18.601075237738275,135.0,82.02438661763951,0.441,6,59,1,4,5000,100,71.0,16.0,39.0,0.35,0.35,0.3,0.1,69.7537,0.6303,48.8528,30.3252,-0.5227,-0.553
95,10,284,59,282,66,109.98310652189998,23.40939982143925,109.02560603756869,30.675723300355934,0.8183,6,59,1,4,5000,100,71.0,16.0,39.0,0.35,0.35,0.3,0.1,14.8684,0.1343,10.4503,26.5544,-0.2218,-0.6284
96,1,216,419,211,452,101.2522328162717,389.48684188300894,101.04418401089906,422.8309354813103,0.5566,4,59,1,4,5000,100,71.0,16.0,39.0,0.35,0.35,0.3,0.1,4.5428,0.041,3.2257,405.4745,-1.9666,-9.9832
96,2,147,427,139,455,110.39487608204838,416.08292442733097,110.10407631809088,445.1213317737086,0.6941,4,59,1,4,5000,100,71.0,16.0,39.0,0.35,0.35,0.3,0.1,3.7316,0.0337,2.6581,430.1126,-3.7348,-10.1265
96,9,283,45,235,95,138.3664606634298,12.041594578792296,134.50178838738637,81.32035415564789,0.5619,4,59,1,4,5000,100,71.0,16.0,39.0,0.35,0.35,0.3,0.1,82.1215,0.742,57.5063,20.977,-0.3722,-0.3722
96,10,284,59,282,66,109.98310652189998,23.40939982143925,109.02560603756869,30.675723300355934,0.7789,4,59,1,4,5000,100,71.0,16.0,39.0,0.35,0.35,0.3,0.1,14.8684,0.1343,10.4503,26.5544,-0.2218,-0.6284
97,1,215,416,210,450,101.48425986563551,386.7428085950662,101.22987321613823,421.06175319066915,0.5248,4,59,1,4,5000,100,71.0,16.0,39.0,0.35,0.35,0.3,0.1,4.7017,0.0425,3.3369,403.1733,-1.9914,-9.9194
97,2,145,426,137,454,110.70117916630906,415.84853011643554,110.39023311351261,444.8752634166121,0.6724,4,59,1,4,5000,100,71.0,16.0,39.0,0.35,0.35,0.3,0.1,3.7322,0.0337,2.6585,429.8725,-3.7849,-10.1015
97,9,281,52,235,95,126.2538377374448,18.601075237738275,134.50178838738637,81.32035415564789,0.4535,4,59,1,4,5000,100,71.0,16.0,39.0,0.35,0.35,0.3,0.1,69.4655,0.6277,48.6511,30.2767,-0.5179,-0.5559
97,10,284,59,282,66,109.98310652189998,23.40939982143925,109.02560603756869,30.675723300355934,0.7914,4,59,1,4,5000,100,71.0,16.0,39.0,0.35,0.35,0.3,0.1,14.8684,0.1343,10.4503,26.5544,-0.2218,-0.6284
98,1,215,415,210,448,101.513831184487,385.7628805367359,101.28312116127758,419.10022667614965,0.5332,5,59,1,4,5000,100,71.0,16.0,39.0,0.35,0.35,0.3,0.1,4.5839,0.0414,3.2545,401.7411,-1.9916,-9.8827
98,2,143,426,135,453,110.95850965595866,416.55971960812536,110.67669948611936,444.6403040661069,0.688,5,59,1,4,5000,100,71.0,16.0,39.0,0.35,0.35,0.3,0.1,3.6085,0.0326,2.572,430.1422,-3.8353,-10.0897
98,25,106,102,89,111,160.73740085871802,197.03045449879062,159.97158247171907,216.0671192014185,0.6703,5,59,1,4,5000,100,71.0,16.0,39.0,0.35,0.35,0.3,0.1,5.0999,0.0461,3.6155,206.1102,-4.8705,-1.7404
98,9,283,45,235,95,138.3664606634298,12.041594578792296,134.50178838738637,81.32035415564789,0.5619,5,59,1,4,5000,100,71.0,16.0,39.0,0.35,0.35,0.3,0.1,82.1215,0.742,57.5063,20.977,-0.3722,-0.3722
98,10,284,59,282,66,109.98310652189998,23.40939982143925,109.02560603756869,30.675723300355934,0.806,5,59,1,4,5000,100,71.0,16.0,39.0,0.35,0.35,0.3,0.1,14.8684,0.1343,10.4503,26.5544,-0.2218,-0.6284
99,2,143,425,134,452,111.00781896752717,415.62603383330065,110.84297476896087,444.059680673668,0.7822,5,59,1,4,5000,100,71.0,16.0,39.0,0.35,0.35,0.3,0.1,3.6603,0.0331,2.6082,429.3726,-3.8477,-10.0643
99,1,215,413,209,446,101.57342679200963,383.80333505585907,101.47148029643397,417.3367944478416,0.6188,5,59,1,4,5000,100,71.0,16.0,39.0,0.35,0.35,0.3,0.1,4.6323,0.0419,3.2883,399.8683,-2.004,-9.8322
99,25,107,102,90,110,160.6410058243053,196.08671551127577,160.13084674772486,214.78593994952277,0.7417,5,59,1,4,5000,100,71.0,16.0,39.0,0.35,0.35,0.3,0.1,5.0367,0.0455,3.5712,205.0108,-4.8457,-1.7279
99,9,283,45,235,94,138.3664606634298,12.041594578792296,135.0,80.61017305526642,0.5743,5,59,1,4,5000,100,71.0,16.0,39.0,0.35,0.35,0.3,0.1,81.9026,0.7401,57.3532,20.9532,-0.3746,-0.3689
99,10,284,59,282,66,109.98310652189998,23.40939982143925,109.02560603756869,30.675723300355934,0.7849,5,59,1,4,5000,100,71.0,16.0,39.0,0.35,0.35,0.3,0.1,14.8684,0.1343,10.4503,26.5544,-0.2218,-0.6284
100,2,142,424,133,452,111.18617644039914,415.053008662749,110.96346159393565,444.41647134191595,0.7334,6,59,1,4,5000,100,71.0,16.0,39.0,0.35,0.35,0.3,0.1,3.781,0.0342,2.6927,429.2331,-3.8725,-10.051
100,1,215,411,208,443,101.63363399894044,381.8442090696152,101.6893691754392,414.59860105890374,0.6567,6,59,1,4,5000,100,71.0,16.0,39.0,0.35,0.35,0.3,0.1,4.5514,0.0411,3.2317,397.5479,-2.0167,-9.7701
100,25,107,102,90,108,160.6410058243053,196.08671551127577,160.63418246128967,214.11445537375565,0.8971,6,59,1,4,5000,100,71.0,16.0,39.0,0.35,0.35,0.3,0.1,4.8637,0.0439,3.4503,204.7044,-4.8463,-1.7031
100,9,283,45,235,94,138.3664606634298,12.041594578792296,135.0,80.61017305526642,0.5744,6,59,1,4,5000,100,71.0,16.0,39.0,0.35,0.35,0.3,0.1,81.9026,0.7401,57.3532,20.9532,-0.3746,-0.3689
100,10,284,59,282,66,109.98310652189998,23.40939982143925,109.02560603756869,30.675723300355934,0.7849,6,59,1,4,5000,100,71.0,16.0,39.0,0.35,0.35,0.3,0.1,14.8684,0.1343,10.4503,26.5544,-0.2218,-0.6284
100,28,469,60,481,64,7.403728852788015,178.48809484108457,8.13010235415598,190.91883092036784,0.624,6,59,1,4,5000,100,71.0,16.0,39.0,0.35,0.35,0.3,0.1,3.7241,0.0337,2.6529,184.4943,4.5871,-0.6267
101,2,142,424,133,451,111.18617644039914,415.053008662749,111.00968403415997,443.4828068820707,0.7723,5,59,1,4,5000,100,71.0,16.0,39.0,0.35,0.35,0.3,0.1,3.6647,0.0331,2.6113,428.7972,-3.8728,-10.0392
101,1,215,409,208,441,101.69446213360473,379.8855090681928,101.74563342528795,412.6402791778815,0.6583,5,59,1,4,5000,100,71.0,16.0,39.0,0.35,0.35,0.3,0.1,4.5739,0.0413,3.2475,395.586,-2.0166,-9.7199
101,25,107,102,91,107,160.6410058243053,196.08671551127577,160.79888285720327,212.84031572989173,0.8542,5,59,1,4,5000,100,71.0,16.0,39.0,0.35,0.35,0.3,0.1,4.5341,0.041,3.2196,204.1203,-4.835,-1.691
101,9,281,52,235,94,126.2538377374448,18.601075237738275,135.0,80.61017305526642,0.44,5,59,1,4,5000,100,71.0,16.0,39.0,0.35,0.35,0.3,0.1,69.1705,0.625,48.4447,30.2271,-0.5208,-0.5515
101,10,284,59,281,66,109.98310652189998,23.40939982143925,110.77225468204583,31.016124838541646,0.7694,5,59,1,4,5000,100,71.0,16.0,39.0,0.35,0.35,0.3,0.1,15.4676,0.1398,10.8696,26.6812,-0.2337,-0.6274
102,2,141,423,132,450,111.36502533866712,414.48401657965053,111.17682614926144,442.9096973424718,0.774,5,59,1,4,5000,100,71.0,16.0,39.0,0.35,0.35,0.3,0.1,3.6691,0.0332,2.6144,428.2257,-3.8978,-10.0141
102,1,215,408,208,438,101.72511201516508,378.90632087628205,101.83103816765029,409.7035513636659,0.626,5,59,1,4,5000,100,71.0,16.0,39.0,0.35,0.35,0.3,0.1,4.3219,0.0391,3.0711,393.7036,-2.017,-9.6716
102,25,107,101,91,105,160.91714590869648,195.757503049053,161.30888695464765,212.19095173922943,0.772,5,59,1,4,5000,100,71.0,16.0,39.0,0.35,0.35,0.3,0.1,4.4581,0.0403,3.1664,203.6432,-4.8353,-1.6535
102,9,281,52,235,93,126.2538377374448,18.601075237738275,135.50702906091476,79.90619500389191,0.4296,5,59,1,4,5000,100,71.0,16.0,39.0,0.35,0.35,0.3,0.1,68.8739,0.6223,48.2372,30.1773,-0.5238,-0.5469
102,10,284,59,281,65,109.98310652189998,23.40939982143925,111.44773632710536,30.083217912982647,0.714,5,59,1,4,5000,100,71.0,16.0,39.0,0.35,0.35,0.3,0.1,13.8072,0.1248,9.7079,26.33,-0.2347,-0.6176
103,2,139,422,130,449,111.67300141018403,414.28733989828845,111.46494485024404,442.7053195975851,0.7683,4,59,1,4,5000,100,71.0,16.0,39.0,0.35,0.35,0.3,0.1,3.6698,0.0332,2.6149,428.0252,-3.948,-9.989
103,1,216,406,208,436,101.63801508009975,376.7452720340363,101.88865803962798,407.74624461789955,0.5352,4,59,1,4,5000,100,71.0,16.0,39.0,0.35,0.35,0.3,0.1,4.3733,0.0395,3.1071,391.6332,-2.0044,-9.6211
103,9,280,51,235,93,130.6012946450045,18.439088914585774,135.50702906091476,79.90619500389191,0.5401,4,59,1,4,5000,100,71.0,16.0,39.0,0.35,0.35,0.3,0.1,69.1697,0.625,48.4441,29.9638,-0.5278,-0.5355
103,10,284,59,281,65,109.98310652189998,23.40939982143925,111.44773632710536,30.083217912982647,0.7111,4,59,1,4,5000,100,71.0,16.0,39.0,0.35,0.35,0.3,0.1,13.8072,0.1248,9.7079,26.33,-0.2347,-0.6176
104,1,217,404,209,433,101.54991339323595,374.5851038148741,101.83760529644464,404.6047453997543,0.5025,5,59,1,4,5000,100,71.0,16.0,39.0,0.35,0.35,0.3,0.1,4.2637,0.0385,3.0304,389.0166,-1.9795,-9.5592
104,29,307,402,307,430,87.64670313389169,365.3080891521566,87.81419919322441,393.2861553627333,0.6967,5,59,1,4,5000,100,71.0,16.0,39.0,0.35,0.35,0.3,0.1,4.0816,0.0369,2.903,378.7812,0.3759,-9.4977
104,27,530,334,536,342,51.29317018936511,380.5955858913763,51.34019174590991,390.59057848340376,0.8118,5,59,1,4,5000,100,71.0,16.0,39.0,0.35,0.35,0.3,0.1,1.4343,0.013,1.0508,385.5283,6.0467,-7.5521
104,9,280,51,235,93,130.6012946450045,18.439088914585774,135.50702906091476,79.90619500389191,0.5388,5,59,1,4,5000,100,71.0,16.0,39.0,0.35,0.35,0.3,0.1,69.1697,0.625,48.4441,29.9638,-0.5278,-0.5355
104,10,284,59,281,65,109.98310652189998,23.40939982143925,111.44773632710536,30.083217912982647,0.696,5,59,1,4,5000,100,71.0,16.0,39.0,0.35,0.35,0.3,0.1,13.8072,0.1248,9.7079,26.33,-0.2347,-0.6176
105,2,136,420,127,447,112.16159374616127,413.5516896350443,111.92177859395915,441.955880150949,0.7283,6,59,1,4,5000,100,71.0,16.0,39.0,0.35,0.35,0.3,0.1,3.6744,0.0332,2.6181,427.2823,-4.0232,-9.9389
105,1,216,403,210,431,101.7307753322874,373.80743705817304,101.7566741380356,402.4425424827748,0.7495,6,59,1,4,5000,100,71.0,16.0,39.0,0.35,0.35,0.3,0.1,4.0825,0.0369,2.9036,387.5968,-1.9797,-9.5228
105,29,304,399,304,428,88.10138762934115,362.1988404178014,88.24211353857818,391.184099881373,0.7162,6,59,1,4,5000,100,71.0,16.0,39.0,0.35,0.35,0.3,0.1,4.2578,0.0385,3.0263,376.1339,0.3007,-9.434
105,27,522,320,531,331,50.898519967298675,364.67656903069604,50.89147057779279,378.88916585196785,0.8156,6,59,1,4,5000,100,71.0,16.0,39.0,0.35,0.35,0.3,0.1,2.1153,0.0191,1.5272,371.647,5.8824,-7.237
105,9,283,45,235,92,138.3664606634298,12.041594578792296,136.02303018866783,79.20858539325141,0.5985,6,59,1,4,5000,100,71.0,16.0,39.0,0.35,0.35,0.3,0.1,81.4608,0.7361,57.044,20.9051,-0.3795,-0.3622
105,10,284,59,281,65,109.98310652189998,23.40939982143925,111.44773632710536,30.083217912982647,0.7057,6,59,1,4,5000,100,71.0,16.0,39.0,0.35,0.35,0.3,0.1,13.8072,0.1248,9.7079,26.33,-0.2347,-0.6176
106,2,134,419,125,446,112.47060199706316,413.38601814768725,112.21083011400839,441.78048847815813,0.7178,5,59,1,4,5000,100,71.0,16.0,39.0,0.35,0.35,0.3,0.1,3.6746,0.0332,2.6182,427.1119,-4.0733,-9.9138
106,1,217,402,211,428,101.6114864238885,372.6258176777342,101.70390510227654,399.30189080443887,0.7366,5,59,1,4,5000,100,71.0,16.0,39.0,0.35,0.35,0.3,0.1,3.8245,0.0346,2.7231,385.5029,-1.955,-9.4742
106,29,300,395,301,424,88.71986044039508,358.0893743187586,88.66778014613037,387.1046370169182,0.8342,5,59,1,4,5000,100,71.0,16.0,39.0,0.35,0.35,0.3,0.1,4.3091,0.0389,3.0622,372.0321,0.213,-9.3334
106,9,283,45,235,92,138.3664606634298,12.041594578792296,136.02303018866783,79.20858539325141,0.5986,5,59,1,4,5000,100,71.0,16.0,39.0,0.35,0.35,0.3,0.1,81.4608,0.7361,57.044,20.9051,-0.3795,-0.3622
106,10,284,59,281,65,109.98310652189998,23.40939982143925,111.44773632710536,30.083217912982647,0.7083,5,59,1,4,5000,100,71.0,16.0,39.0,0.35,0.35,0.3,0.1,13.8072,0.1248,9.7079,26.33,-0.2347,-0.6176
107,2,132,418,123,444,112.77984902457027,413.2323801446348,112.54985792115927,440.6926366528036,0.7341,5,59,1,4,5000,100,71.0,16.0,39.0,0.35,0.35,0.3,0.1,3.5589,0.0322,2.5373,426.521,-4.1237,-9.8769
107,1,219,399,212,426,101.40121616658844,369.28715114393026,101.62116574594276,397.1410328837855,0.6199,5,59,1,4,5000,100,71.0,16.0,39.0,0.35,0.35,0.3,0.1,4.022,0.0363,2.8613,382.708,-1.9172,-9.4104
107,29,297,392,298,421,89.19307054489762,355.0352095215346,89.10482628978893,384.04687213932624,0.8169,5,59,1,4,5000,100,71.0,16.0,39.0,0.35,0.35,0.3,0.1,4.3442,0.0393,3.0867,368.9716,0.1378,-9.258
107,9,283,45,235,92,138.3664606634298,12.041594578792296,136.02303018866783,79.20858539325141,0.5984,5,59,1,4,5000,100,71.0,16.0,39.0,0.35,0.35,0.3,0.1,81.4608,0.7361,57.044,20.9051,-0.3795,-0.3622
107,10,284,59,281,65,109.98310652189998,23.40939982143925,111.44773632710536,30.083217912982647,0.7014,5,59,1,4,5000,100,71.0,16.0,39.0,0.35,0.35,0.3,0.1,13.8072,0.1248,9.7079,26.33,-0.2347,-0.6176
108,2,131,416,122,442,113.0158877543553,411.7790669764552,112.77037890876223,439.2322847879013,0.7225,5,59,1,4,5000,100,71.0,16.0,39.0,0.35,0.35,0.3,0.1,3.5701,0.0323,2.5451,425.0629,-4.1488,-9.8267
108,1,218,397,214,424,101.61567012446616,367.52686976600774,101.39532105389284,394.7822184445495,0.7556,5,59,1,4,5000,100,71.0,16.0,39.0,0.35,0.35,0.3,0.1,3.9568,0.0358,2.8157,380.6673,-1.9047,-9.3607
108,29,295,389,294,416,89.51169552007403,352.0127838587684,89.69765040802334,379.0052770081177,0.6791,5,59,1,4,5000,100,71.0,16.0,39.0,0.35,0.35,0.3,0.1,4.0864,0.0369,2.9064,365.0107,0.0626,-9.1594
108,9,280,51,234,92,130.6012946450045,18.439088914585774,136.5207696611438,79.93122043357026,0.515,5,59,1,4,5000,100,71.0,16.0,39.0,0.35,0.35,0.3,0.1,69.1802,0.6251,48.4515,29.9655,-0.5355,-0.5279
108,10,284,59,281,65,109.98310652189998,23.40939982143925,111.44773632710536,30.083217912982647,0.7273,5,59,1,4,5000,100,71.0,16.0,39.0,0.35,0.35,0.3,0.1,13.8072,0.1248,9.7079,26.33,-0.2347,-0.6176
109,2,129,414,120,440,113.38176054024551,410.7286208678426,113.11274134278261,438.17005831069747,0.6947,6,59,1,4,5000,100,71.0,16.0,39.0,0.35,0.35,0.3,0.1,3.5775,0.0323,2.5503,424.0058,-4.1989,-9.7765
109,1,220,396,214,423,101.34062115855902,366.1488768247146,101.4240673420011,393.8019806958822,0.9192,6,59,1,4,5000,100,71.0,16.0,39.0,0.35,0.35,0.3,0.1,4.027,0.0364,2.8648,379.4723,-1.8796,-9.3352
109,29,292,385,292,413,90.0,348.0,90.0,376.0,0.8817,6,59,1,4,5000,100,71.0,16.0,39.0,0.35,0.35,0.3,0.1,4.28,0.0387,3.0418,361.4586,0.0,-9.0705
109,30,291,376,290,405,90.1690136086285,339.0014749230451,90.31138704027484,368.0054347424777,0.8758,6,59,1,4,5000,100,71.0,16.0,39.0,0.35,0.35,0.3,0.1,4.54,0.041,3.2238,352.9085,-0.0376,-8.8558
109,9,283,45,234,91,138.3664606634298,12.041594578792296,137.04540848888723,79.2464510246358,0.6223,6,59,1,4,5000,100,71.0,16.0,39.0,0.35,0.35,0.3,0.1,81.4729,0.7362,57.0525,20.9064,-0.3851,-0.3563
109,10,284,59,282,65,109.98310652189998,23.40939982143925,109.6538240580533,29.732137494637012,0.7577,6,59,1,4,5000,100,71.0,16.0,39.0,0.35,0.35,0.3,0.1,13.1673,0.119,9.2601,26.1946,-0.2227,-0.6185
110,2,128,412,119,438,113.62136209283655,409.2932933728575,113.33640330744238,436.7264590106718,0.6932,8,59,1,4,5000,100,71.0,16.0,39.0,0.35,0.35,0.3,0.1,3.5886,0.0324,2.558,422.5651,-4.2239,-9.7263
110,1,222,395,216,421,101.0635005333433,364.7793853824528,101.19511142629999,391.44859177163994,0.7416,8,59,1,4,5000,100,71.0,16.0,39.0,0.35,0.35,0.3,0.1,3.9029,0.0353,2.7779,377.6437,-1.8296,-9.2983
110,30,290,380,290,407,90.33408239174854,343.0058308542291,90.30970389995883,370.00540536592166,0.8341,8,59,1,4,5000,100,71.0,16.0,39.0,0.35,0.35,0.3,0.1,4.1907,0.0379,2.9793,355.9944,-0.0501,-8.9332
110,31,369,145,374,158,54.51253760227899,132.6386067478093,55.87505824799412,146.16771189288008,0.6945,8,59,1,4,5000,100,71.0,16.0,39.0,0.35,0.35,0.3,0.1,5.3702,0.0485,3.8046,139.0749,1.9904,-2.8667
110,32,283,45,244,88,138.3664606634298,12.041594578792296,133.26429541107163,70.03570517957252,0.8396,8,59,1,4,5000,100,71.0,16.0,39.0,0.35,0.35,0.3,0.1,78.1965,0.7066,54.76,20.5499,-0.3583,-0.3709
110,9,281,52,234,91,126.2538377374448,18.601075237738275,137.04540848888723,79.2464510246358,0.3907,8,59,1,4,5000,100,71.0,16.0,39.0,0.35,0.35,0.3,0.1,68.5921,0.6198,48.04,30.1299,-0.5346,-0.5346
110,10,284,59,283,66,109.98310652189998,23.40939982143925,107.24145939893998,30.364452901377952,0.728,8,59,1,4,5000,100,71.0,16.0,39.0,0.35,0.35,0.3,0.1,14.3138,0.1293,10.0623,26.4371,-0.2098,-0.6294
110,28,465,62,482,68,8.222813890574903,174.79702514631077,9.266607240759202,192.5123372669918,0.6234,8,59,1,4,5000,100,71.0,16.0,39.0,0.35,0.35,0.3,0.1,5.3376,0.0482,3.7818,183.2275,4.5442,-0.701
111,2,128,410,118,437,113.73404949921273,407.4616546375867,113.50904022419246,436.20637317673385,0.7627,11,59,1,4,5000,100,71.0,16.0,39.0,0.35,0.35,0.3,0.1,3.7706,0.0341,2.6854,421.3443,-4.236,-9.6876
111,33,232,395,229,422,99.5142205448402,362.9931128823245,99.29330859939712,390.12049420659764,0.7939,11,59,1,4,5000,100,71.0,16.0,39.0,0.35,0.35,0.3,0.1,3.9863,0.036,2.8364,376.0682,-1.5413,-9.3104
111,1,224,393,219,420,100.81387751362496,362.4362012823774,100.79117198624745,389.89485762189787,0.9616,11,59,1,4,5000,100,71.0,16.0,39.0,0.35,0.35,0.3,0.1,4.0392,0.0365,2.8733,375.6644,-1.7668,-9.2599
111,30,289,377,288,403,90.50553787648097,340.0132350365203,90.6261584535352,366.0218572708466,0.7595,11,59,1,4,5000,100,71.0,16.0,39.0,0.35,0.35,0.3,0.1,4.0768,0.0368,2.8996,352.5385,-0.0877,-8.8462
111,27,524,297,538,316,48.25722194066696,348.45946679635495,48.59671707762847,371.96370790710216,0.5068,11,59,1,4,5000,100,71.0,16.0,39.0,0.35,0.35,0.3,0.1,3.6106,0.0326,2.5735,359.8282,5.9911,-6.7557
111,31,370,146,375,160,54.412629436866155,134.03357788255897,55.98865109649398,148.38463532320318,0.6429,11,59,1,4,5000,100,71.0,16.0,39.0,0.35,0.35,0.3,0.1,5.6236,0.0508,3.9819,140.8445,2.015,-2.9037
111,32,283,45,244,88,138.3664606634298,12.041594578792296,133.26429541107163,70.03570517957252,0.8785,11,59,1,4,5000,100,71.0,16.0,39.0,0.35,0.35,0.3,0.1,78.1965,0.7066,54.76,20.5499,-0.3583,-0.3709
111,9,281,53,234,91,124.50852298766841,19.4164878389476,137.04540848888723,79.2464510246358,0.342,11,59,1,4,5000,100,71.0,16.0,39.0,0.35,0.35,0.3,0.1,67.1106,0.6064,47.0034,31.1908,-0.5495,-0.5574
111,10,284,59,283,66,109.98310652189998,23.40939982143925,107.24145939893998,30.364452901377952,0.7216,11,59,1,4,5000,100,71.0,16.0,39.0,0.35,0.35,0.3,0.1,14.3138,0.1293,10.0623,26.4371,-0.2098,-0.6294
111,28,465,61,482,67,7.8981369028577735,174.6568063374571,8.972626614896393,192.35384061671346,0.6226,11,59,1,4,5000,100,71.0,16.0,39.0,0.35,0.35,0.3,0.1,5.3364,0.0482,3.781,183.0787,4.5442,-0.676
111,34,458,47,476,52,3.4473868518651978,166.30093204789924,4.660545482580333,184.61040057374882,0.6293,11,59,1,4,5000,100,71.0,16.0,39.0,0.35,0.35,0.3,0.1,5.7744,0.0522,4.0874,174.978,4.3798,-0.3128
112,2,128,408,118,434,113.8477541501926,405.6316062636145,113.66722170105383,433.45703362617155,0.7825,9,59,1,4,5000,100,71.0,16.0,39.0,0.35,0.35,0.3,0.1,3.67,0.0332,2.615,419.083,-4.2362,-9.6256
112,1,228,393,221,419,100.1915018500277,361.7070637961056,100.52906913896402,388.54214700595867,0.7146,9,59,1,4,5000,100,71.0,16.0,39.0,0.35,0.35,0.3,0.1,3.9584,0.0358,2.8168,374.6447,-1.6917,-9.2479
112,30,287,369,287,398,90.86282301708103,332.03764846776033,90.79351961461238,361.03462437832746,0.8434,9,59,1,4,5000,100,71.0,16.0,39.0,0.35,0.35,0.3,0.1,4.6302,0.0418,3.2869,345.9295,-0.1253,-8.6799
112,27,524,294,538,313,47.92668399309086,346.2268042771963,48.289242678491824,369.7188120720935,0.5531,9,59,1,4,5000,100,71.0,16.0,39.0,0.35,0.35,0.3,0.1,3.6313,0.0328,2.588,357.5874,5.9911,-6.6804
112,31,372,147,377,161,53.97262661489639,136.01470508735443,55.56999122082709,150.3362896974646,0.624,9,59,1,4,5000,100,71.0,16.0,39.0,0.35,0.35,0.3,0.1,5.535,0.05,3.9199,142.8174,2.0653,-2.929
112,32,283,45,244,88,138.3664606634298,12.041594578792296,133.26429541107163,70.03570517957252,0.8785,9,59,1,4,5000,100,71.0,16.0,39.0,0.35,0.35,0.3,0.1,78.1965,0.7066,54.76,20.5499,-0.3583,-0.3709
112,9,282,53,234,91,122.0053832080835,18.867962264113206,137.04540848888723,79.2464510246358,0.2822,9,59,1,4,5000,100,71.0,16.0,39.0,0.35,0.35,0.3,0.1,68.1045,0.6154,47.6988,30.4791,-0.5329,-0.5486
112,10,284,59,283,67,109.98310652189998,23.40939982143925,106.69924423399362,31.32091952673165,0.7201,9,59,1,4,5000,100,71.0,16.0,39.0,0.35,0.35,0.3,0.1,15.9977,0.1446,11.2405,26.7933,-0.2089,-0.6391
112,28,464,61,482,67,7.943471810590411,173.6663467687393,8.972626614896393,192.35384061671346,0.6646,9,59,1,4,5000,100,71.0,16.0,39.0,0.35,0.35,0.3,0.1,5.6503,0.0511,4.0006,182.533,4.5304,-0.6758
113,2,128,406,119,432,113.96248897457819,403.8031698736403,113.65220170216753,431.223839786253,0.6739,8,59,1,4,5000,100,71.0,16.0,39.0,0.35,0.35,0.3,0.1,3.6342,0.0328,2.5899,417.0633,-4.2238,-9.5756
113,30,287,366,286,393,90.87068949843436,329.0379917273992,90.96556778740091,356.0505582076793,0.9268,8,59,1,4,5000,100,71.0,16.0,39.0,0.35,0.35,0.3,0.1,4.3636,0.0394,3.1003,342.0117,-0.1378,-8.5814
113,27,524,292,538,311,47.70395166645083,344.7448331737548,48.082180824528145,368.2281901212888,0.4755,8,59,1,4,5000,100,71.0,16.0,39.0,0.35,0.35,0.3,0.1,3.6451,0.0329,2.5976,356.0998,5.991,-6.6302
113,32,281,53,243,88,124.50852298766841,19.4164878389476,133.8542371618249,70.7248188403477,0.615,8,59,1,4,5000,100,71.0,16.0,39.0,0.35,0.35,0.3,0.1,62.9927,0.5692,44.1222,30.4683,-0.5101,-0.5696
113,9,283,45,234,91,138.3664606634298,12.041594578792296,137.04540848888723,79.2464510246358,0.6226,8,59,1,4,5000,100,71.0,16.0,39.0,0.35,0.35,0.3,0.1,81.4729,0.7362,57.0525,20.9064,-0.3851,-0.3563
113,10,284,59,283,66,109.98310652189998,23.40939982143925,107.24145939893998,30.364452901377952,0.7155,8,59,1,4,5000,100,71.0,16.0,39.0,0.35,0.35,0.3,0.1,14.3138,0.1293,10.0623,26.4371,-0.2098,-0.6294
113,28,463,61,483,68,7.989326766396897,172.6759971738979,9.218926138107449,193.49935400408964,0.6474,8,59,1,4,5000,100,71.0,16.0,39.0,0.35,0.35,0.3,0.1,6.2934,0.0569,4.4506,182.4956,4.5276,-0.6879
113,34,456,47,476,53,3.4893249057963907,164.30459518832697,4.969740728110304,184.69434208984313,0.605,8,59,1,4,5000,100,71.0,16.0,39.0,0.35,0.35,0.3,0.1,6.4657,0.0584,4.5711,173.9038,4.3518,-0.3251
114,2,129,404,120,429,113.94800205212759,401.56942114658085,113.69068940282739,428.0747598258977,0.7135,8,59,1,4,5000,100,71.0,16.0,39.0,0.35,0.35,0.3,0.1,3.5356,0.0319,2.521,414.3987,-4.199,-9.5135
114,1,229,393,226,420,100.03552143343946,361.53146474408004,99.77739734575613,388.6450823051798,0.6899,8,59,1,4,5000,100,71.0,16.0,39.0,0.35,0.35,0.3,0.1,3.9999,0.0361,2.8458,374.5983,-1.6165,-9.2602
114,30,286,362,286,389,91.05764808924742,325.05537989702617,90.97653803576156,352.05113264978996,0.9386,8,59,1,4,5000,100,71.0,16.0,39.0,0.35,0.35,0.3,0.1,4.4123,0.0399,3.1344,338.0151,-0.1503,-8.4809
114,27,524,289,538,308,47.366247991455786,342.5317503531607,47.7684324930359,366.001366117669,0.4769,8,59,1,4,5000,100,71.0,16.0,39.0,0.35,0.35,0.3,0.1,3.6658,0.0331,2.6121,353.8779,5.9909,-6.5549
114,31,375,149,382,163,53.45891240017056,139.40229553346674,54.46232220802562,154.8418548067673,0.7568,8,59,1,4,5000,100,71.0,16.0,39.0,0.35,0.35,0.3,0.1,5.807,0.0525,4.1103,146.717,2.1647,-2.9781
114,32,283,45,243,88,138.3664606634298,12.041594578792296,133.8542371618249,70.7248188403477,0.8536,8,59,1,4,5000,100,71.0,16.0,39.0,0.35,0.35,0.3,0.1,78.4669,0.709,54.9492,20.5794,-0.362,-0.3683
114,9,281,52,234,91,126.2538377374448,18.601075237738275,137.04540848888723,79.2464510246358,0.3904,8,59,1,4,5000,100,71.0,16.0,39.0,0.35,0.35,0.3,0.1,68.5921,0.6198,48.04,30.1299,-0.5346,-0.5346
114,10,284,59,282,66,109.98310652189998,23.40939982143925,109.02560603756869,30.675723300355934,0.7789,8,59,1,4,5000,100,71.0,16.0,39.0,0.35,0.35,0.3,0.1,14.8684,0.1343,10.4503,26.5544,-0.2218,-0.6284
115,2,131,401,121,427,113.86017519134235,398.016331323226,113.67560263350637,425.84151981693844,0.7992,8,59,1,4,5000,100,71.0,16.0,39.0,0.35,0.35,0.3,0.1,3.7378,0.0338,2.6624,411.459,-4.1609,-9.4497
115,33,229,391,227,419,100.09105723888892,359.5622338344226,99.65679165051893,387.4906450483676,0.5064,8,59,1,4,5000,100,71.0,16.0,39.0,0.35,0.35,0.3,0.1,4.1373,0.0374,2.942,373.0044,-1.6038,-9.2218
115,30,286,358,285,385,91.07082445478696,321.05606986942325,91.15234591156637,348.0703951789063,0.9214,8,59,1,4,5000,100,71.0,16.0,39.0,0.35,0.35,0.3,0.1,4.468,0.0404,3.1734,334.0179,-0.1628,-8.3803
115,27,524,287,538,306,47.1386825776663,341.0630440255877,47.557141440798326,364.5229759562489,0.4577,8,59,1,4,5000,100,71.0,16.0,39.0,0.35,0.35,0.3,0.1,3.6796,0.0332,2.6217,352.403,5.9909,-6.5048
115,31,377,149,384,164,52.80409859194391,140.60227594174995,54.08007286402672,156.82155464093577,0.6952,8,59,1,4,5000,100,71.0,16.0,39.0,0.35,0.35,0.3,0.1,6.0351,0.0545,4.2698,148.2697,2.2144,-2.99
115,32,283,45,243,88,138.3664606634298,12.041594578792296,133.8542371618249,70.7248188403477,0.8536,8,59,1,4,5000,100,71.0,16.0,39.0,0.35,0.35,0.3,0.1,78.4669,0.709,54.9492,20.5794,-0.362,-0.3683
115,9,281,52,234,91,126.2538377374448,18.601075237738275,137.04540848888723,79.2464510246358,0.3873,8,59,1,4,5000,100,71.0,16.0,39.0,0.35,0.35,0.3,0.1,68.5921,0.6198,48.04,30.1299,-0.5346,-0.5346
115,10,284,59,282,66,109.98310652189998,23.40939982143925,109.02560603756869,30.675723300355934,0.7586,8,59,1,4,5000,100,71.0,16.0,39.0,0.35,0.35,0.3,0.1,14.8684,0.1343,10.4503,26.5544,-0.2218,-0.6284
116,2,133,399,123,425,113.71235490582922,395.37956446938426,113.53635259873741,423.2079866921228,0.7916,8,59,1,4,5000,100,71.0,16.0,39.0,0.35,0.35,0.3,0.1,3.7623,0.034,2.6796,408.8208,-4.1107,-9.3994
116,1,232,394,228,419,99.54038180484264,362.00690601147375,99.51096037929061,387.3241536491108,0.8826,8,59,1,4,5000,100,71.0,16.0,39.0,0.35,0.35,0.3,0.1,3.7391,0.0338,2.6634,374.2378,-1.5541,-9.2617
116,30,286,353,285,380,91.08776384038408,316.0569568922665,91.16913932790742,343.0714211355997,0.9011,8,59,1,4,5000,100,71.0,16.0,39.0,0.35,0.35,0.3,0.1,4.5358,0.041,3.2208,329.0106,-0.1628,-8.2546
116,35,124,111,102,118,156.2276511886353,183.5755975068582,156.91068293208286,206.54539452623968,0.7991,8,59,1,4,5000,100,71.0,16.0,39.0,0.35,0.35,0.3,0.1,6.516,0.0589,4.6064,194.3843,-4.4764,-1.9381
116,32,280,52,243,88,128.6598082540901,19.209372712298546,133.8542371618249,70.7248188403477,0.693,8,59,1,4,5000,100,71.0,16.0,39.0,0.35,0.35,0.3,0.1,63.3927,0.5728,44.402,30.2127,-0.5146,-0.5568
116,9,283,45,234,91,138.3664606634298,12.041594578792296,137.04540848888723,79.2464510246358,0.6226,8,59,1,4,5000,100,71.0,16.0,39.0,0.35,0.35,0.3,0.1,81.4729,0.7362,57.0525,20.9064,-0.3851,-0.3563
116,28,461,62,484,71,8.414681700306595,170.8391055935379,10.04202363552951,194.98717906570164,0.6304,8,59,1,4,5000,100,71.0,16.0,39.0,0.35,0.35,0.3,0.1,7.3052,0.066,5.1585,182.1161,4.5102,-0.7371
116,10,284,59,281,66,109.98310652189998,23.40939982143925,110.77225468204583,31.016124838541646,0.7605,8,59,1,4,5000,100,71.0,16.0,39.0,0.35,0.35,0.3,0.1,15.4676,0.1398,10.8696,26.6812,-0.2337,-0.6274
117,2,134,398,125,424,113.63770318533712,394.06217783491985,113.34138343798432,421.49495845146237,0.6975,8,59,1,4,5000,100,71.0,16.0,39.0,0.35,0.35,0.3,0.1,3.7226,0.0336,2.6518,407.3172,-4.0732,-9.3746
117,1,233,395,229,419,99.35847858903654,362.8291609008295,99.36500462940192,387.16017357161104,0.8448,8,59,1,4,5000,100,71.0,16.0,39.0,0.35,0.35,0.3,0.1,3.5903,0.0324,2.5593,374.6,-1.5291,-9.275
117,30,286,348,286,375,91.10524770127635,311.05787242890995,91.01697803071919,338.0532502432124,0.8954,8,59,1,4,5000,100,71.0,16.0,39.0,0.35,0.35,0.3,0.1,4.6025,0.0416,3.2675,323.9942,-0.1503,-8.129
117,35,126,108,102,118,156.8430791368328,180.54639292990598,156.91068293208286,206.54539452623968,0.9508,8,59,1,4,5000,100,71.0,16.0,39.0,0.35,0.35,0.3,0.1,7.4331,0.0672,5.248,192.6728,-4.4466,-1.8985
117,32,280,52,243,88,128.6598082540901,19.209372712298546,133.8542371618249,70.7248188403477,0.6661,8,59,1,4,5000,100,71.0,16.0,39.0,0.35,0.35,0.3,0.1,63.3927,0.5728,44.402,30.2127,-0.5146,-0.5568
117,9,283,45,234,91,138.3664606634298,12.041594578792296,137.04540848888723,79.2464510246358,0.6226,8,59,1,4,5000,100,71.0,16.0,39.0,0.35,0.35,0.3,0.1,81.4729,0.7362,57.0525,20.9064,-0.3851,-0.3563
117,10,284,59,281,66,109.98310652189998,23.40939982143925,110.77225468204583,31.016124838541646,0.7526,8,59,1,4,5000,100,71.0,16.0,39.0,0.35,0.35,0.3,0.1,15.4676,0.1398,10.8696,26.6812,-0.2337,-0.6274
117,34,453,48,478,55,3.9085442944594546,161.37533888422976,5.527540151656172,186.86893802876924,0.6468,8,59,1,4,5000,100,71.0,16.0,39.0,0.35,0.35,0.3,0.1,8.1017,0.0732,5.7158,173.189,4.3309,-0.362
118,2,135,398,126,424,113.5043689555345,393.66229181876184,113.21645636262109,421.0997506529777,0.7143,8,59,1,4,5000,100,71.0,16.0,39.0,0.35,0.35,0.3,0.1,3.7268,0.0337,2.6548,406.919,-4.0481,-9.3746
118,1,233,395,230,419,99.35847858903654,362.8291609008295,99.21892613810745,386.9987080081793,0.7393,8,59,1,4,5000,100,71.0,16.0,39.0,0.35,0.35,0.3,0.1,3.5672,0.0322,2.5431,374.5244,-1.5166,-9.2752
118,30,286,344,286,370,91.11964468052916,307.05862632402955,91.03224469156574,333.0540496676178,0.873,8,59,1,4,5000,100,71.0,16.0,39.0,0.35,0.35,0.3,0.1,4.4944,0.0406,3.1918,319.5285,-0.1503,-8.0169
118,35,129,105,102,118,157.35518044573564,176.61540136692497,156.91068293208286,206.54539452623968,0.8828,8,59,1,4,5000,100,71.0,16.0,39.0,0.35,0.35,0.3,0.1,8.6447,0.0781,6.0958,190.4114,-4.4021,-1.8581
118,32,280,52,243,88,128.6598082540901,19.209372712298546,133.8542371618249,70.7248188403477,0.693,8,59,1,4,5000,100,71.0,16.0,39.0,0.35,0.35,0.3,0.1,63.3927,0.5728,44.402,30.2127,-0.5146,-0.5568
118,28,459,62,486,71,8.513987929750348,168.86088949191284,9.940573033113026,196.95684806576287,0.6734,8,59,1,4,5000,100,71.0,16.0,39.0,0.35,0.35,0.3,0.1,8.4997,0.0768,5.9943,181.8299,4.5031,-0.736
118,10,284,59,281,65,109.98310652189998,23.40939982143925,111.44773632710536,30.083217912982647,0.7203,8,59,1,4,5000,100,71.0,16.0,39.0,0.35,0.35,0.3,0.1,13.8072,0.1248,9.7079,26.33,-0.2347,-0.6176
118,34,452,47,479,55,3.576334374997351,160.31219541881399,5.498162724980993,187.8643127366132,0.6227,8,59,1,4,5000,100,71.0,16.0,39.0,0.35,0.35,0.3,0.1,8.7575,0.0791,6.1747,172.9981,4.3272,-0.3492
119,2,135,399,126,426,113.44645756424562,394.57952303686517,113.10964960478178,422.93852981254855,0.6835,8,59,1,4,5000,100,71.0,16.0,39.0,0.35,0.35,0.3,0.1,3.839,0.0347,2.7333,408.2672,-4.0478,-9.4115
119,1,234,394,230,419,99.22793169028941,361.6807984950266,99.21892613810745,386.9987080081793,0.8704,8,59,1,4,5000,100,71.0,16.0,39.0,0.35,0.35,0.3,0.1,3.7425,0.0338,2.6657,373.9117,-1.5039,-9.2617
119,30,287,339,288,366,90.94851896098606,302.0413878924542,90.69657090142218,329.02431521089744,0.7988,8,59,1,4,5000,100,71.0,16.0,39.0,0.35,0.35,0.3,0.1,4.732,0.0428,3.3581,314.956,-0.1127,-7.9027
119,35,132,102,102,118,157.89055165624833,172.69916039170545,156.91068293208286,206.54539452623968,0.8068,8,59,1,4,5000,100,71.0,16.0,39.0,0.35,0.35,0.3,0.1,9.8768,0.0892,6.9578,188.1119,-4.3566,-1.8173
119,32,280,52,243,88,128.6598082540901,19.209372712298546,133.8542371618249,70.7248188403477,0.7,8,59,1,4,5000,100,71.0,16.0,39.0,0.35,0.35,0.3,0.1,63.3927,0.5728,44.402,30.2127,-0.5146,-0.5568
119,28,458,62,486,70,8.564518642575582,167.87197502859135,9.653786088536545,196.78668654154427,0.7851,8,59,1,4,5000,100,71.0,16.0,39.0,0.35,0.35,0.3,0.1,8.7752,0.0793,6.1871,181.183,4.4887,-0.7232
119,10,284,59,281,66,109.98310652189998,23.40939982143925,110.77225468204583,31.016124838541646,0.7565,8,59,1,4,5000,100,71.0,16.0,39.0,0.35,0.35,0.3,0.1,15.4676,0.1398,10.8696,26.6812,-0.2337,-0.6274
119,34,451,48,480,54,3.9575531141278533,159.38004893963358,5.166948919667756,188.76705220985997,0.7519,8,59,1,4,5000,100,71.0,16.0,39.0,0.35,0.35,0.3,0.1,9.3416,0.0844,6.5833,172.8333,4.323,-0.3488
120,2,134,401,125,427,113.46402240470746,396.8122981965151,113.18085737292284,424.25110488954533,0.7081,9,59,1,4,5000,100,71.0,16.0,39.0,0.35,0.35,0.3,0.1,3.6984,0.0334,2.6349,410.0732,-4.0732,-9.4499
120,1,234,395,231,419,99.20259697202165,362.66789215479224,99.07272665196757,386.83976010746363,0.7733,9,59,1,4,5000,100,71.0,16.0,39.0,0.35,0.35,0.3,0.1,3.5691,0.0323,2.5444,374.3641,-1.4915,-9.2752
120,30,289,335,289,361,90.57678366493022,298.0151002885592,90.5305013166738,324.01388859121454,0.9104,9,59,1,4,5000,100,71.0,16.0,39.0,0.35,0.35,0.3,0.1,4.6256,0.0418,3.2836,310.4712,-0.0752,-7.7906
120,31,388,151,395,165,49.899092453787766,149.03690818049066,51.17680118260422,164.2954655491137,0.6666,9,59,1,4,5000,100,71.0,16.0,39.0,0.35,0.35,0.3,0.1,5.3893,0.0487,3.818,156.2947,2.4911,-3.0294
120,35,135,100,103,119,158.13569725733583,169.1685549976709,156.54578947641278,206.0218435020908,0.7394,9,59,1,4,5000,100,71.0,16.0,39.0,0.35,0.35,0.3,0.1,10.8705,0.0982,7.6531,185.7852,-4.2998,-1.8019
120,32,280,52,243,88,128.6598082540901,19.209372712298546,133.8542371618249,70.7248188403477,0.756,9,59,1,4,5000,100,71.0,16.0,39.0,0.35,0.35,0.3,0.1,63.3927,0.5728,44.402,30.2127,-0.5146,-0.5568
120,28,458,62,487,70,8.564518642575582,167.87197502859135,9.605204155012947,197.7725966861941,0.7922,9,59,1,4,5000,100,71.0,16.0,39.0,0.35,0.35,0.3,0.1,9.05,0.0818,6.3793,181.5997,4.4994,-0.7229
120,10,284,59,281,66,109.98310652189998,23.40939982143925,110.77225468204583,31.016124838541646,0.777,9,59,1,4,5000,100,71.0,16.0,39.0,0.35,0.35,0.3,0.1,15.4676,0.1398,10.8696,26.6812,-0.2337,-0.6274
120,34,450,48,481,54,3.9825205718290317,158.38244852255568,5.139757378990604,189.76301009416983,0.7724,9,59,1,4,5000,100,71.0,16.0,39.0,0.35,0.35,0.3,0.1,9.9753,0.0901,7.0267,172.6585,4.3187,-0.3485
121,1,234,395,231,419,99.20259697202165,362.66789215479224,99.07272665196757,386.83976010746363,0.7574,7,59,1,4,5000,100,71.0,16.0,39.0,0.35,0.35,0.3,0.1,3.5691,0.0323,2.5444,374.3641,-1.4915,-9.2752
121,30,290,331,290,357,90.38976119531806,294.00680264238787,90.35809395932358,320.00624993896605,0.8954,7,59,1,4,5000,100,71.0,16.0,39.0,0.35,0.35,0.3,0.1,4.6861,0.0423,3.326,306.4561,-0.0501,-7.6901
121,35,139,99,103,119,157.9407934703729,165.08482668010407,156.54578947641278,206.0218435020908,0.8055,7,59,1,4,5000,100,71.0,16.0,39.0,0.35,0.35,0.3,0.1,12.208,0.1103,8.5889,183.2954,-4.2392,-1.7849
121,32,281,52,243,88,126.2538377374448,18.601075237738275,133.8542371618249,70.7248188403477,0.7127,7,59,1,4,5000,100,71.0,16.0,39.0,0.35,0.35,0.3,0.1,64.578,0.5835,45.2314,29.4552,-0.4972,-0.5469
121,28,458,63,488,70,8.901716032891995,168.02380783686579,9.557104221670667,198.75864761061342,0.864,7,59,1,4,5000,100,71.0,16.0,39.0,0.35,0.35,0.3,0.1,9.2736,0.0838,6.5358,182.1035,4.5102,-0.7351
121,10,284,59,281,66,109.98310652189998,23.40939982143925,110.77225468204583,31.016124838541646,0.749,7,59,1,4,5000,100,71.0,16.0,39.0,0.35,0.35,0.3,0.1,15.4676,0.1398,10.8696,26.6812,-0.2337,-0.6274
121,34,450,49,482,54,4.343239951689387,158.45504094221806,5.112849779882466,190.7590102721232,0.8787,7,59,1,4,5000,100,71.0,16.0,39.0,0.35,0.35,0.3,0.1,10.2374,0.0925,7.2101,173.1129,4.3291,-0.3608
122,2,133,405,124,431,113.36749340322714,400.88028138086315,113.09320293259763,428.3223085481306,0.7038,8,59,1,4,5000,100,71.0,16.0,39.0,0.35,0.35,0.3,0.1,3.6625,0.0331,2.6098,414.1472,-4.0984,-9.5504
122,1,235,394,231,419,99.07149757717717,361.52178357603844,99.07272665196757,386.83976010746363,0.8605,8,59,1,4,5000,100,71.0,16.0,39.0,0.35,0.35,0.3,0.1,3.7441,0.0338,2.6668,373.7525,-1.4789,-9.2617
122,30,292,326,292,352,90.0,289.0,90.0,315.0,0.9146,8,59,1,4,5000,100,71.0,16.0,39.0,0.35,0.35,0.3,0.1,4.7639,0.043,3.3804,301.4404,0.0,-7.5644
122,35,143,99,103,119,157.4074447636727,161.38463371709216,156.54578947641278,206.0218435020908,0.8914,8,59,1,4,5000,100,71.0,16.0,39.0,0.35,0.35,0.3,0.1,13.4455,0.1215,9.4548,180.9917,-4.1784,-1.7802
122,32,281,52,243,88,126.2538377374448,18.601075237738275,133.8542371618249,70.7248188403477,0.6915,8,59,1,4,5000,100,71.0,16.0,39.0,0.35,0.35,0.3,0.1,64.578,0.5835,45.2314,29.4552,-0.4972,-0.5469
122,28,458,64,490,71,9.23829293129311,168.1814496310458,9.74364128703716,200.89798406156294,0.899,8,59,1,4,5000,100,71.0,16.0,39.0,0.35,0.35,0.3,0.1,9.8101,0.0886,6.9112,183.0897,4.5313,-0.7594
122,10,284,59,281,65,109.98310652189998,23.40939982143925,111.44773632710536,30.083217912982647,0.7203,8,59,1,4,5000,100,71.0,16.0,39.0,0.35,0.35,0.3,0.1,13.8072,0.1248,9.7079,26.33,-0.2347,-0.6176
122,34,450,49,482,54,4.343239951689387,158.45504094221806,5.112849779882466,190.7590102721232,0.833,8,59,1,4,5000,100,71.0,16.0,39.0,0.35,0.35,0.3,0.1,10.2374,0.0925,7.2101,173.1129,4.3291,-0.3608
123,2,132,406,123,432,113.44176408901592,402.1952262272639,113.16356864789182,429.6347285776605,0.6887,8,59,1,4,5000,100,71.0,16.0,39.0,0.35,0.35,0.3,0.1,3.6506,0.033,2.6015,415.4624,-4.1235,-9.5755
123,1,235,395,231,418,99.04657781657043,362.50931022526856,99.09614198165895,385.85230334935153,0.8114,8,59,1,4,5000,100,71.0,16.0,39.0,0.35,0.35,0.3,0.1,3.452,0.0312,2.4625,373.8167,-1.4791,-9.2632
123,30,293,323,294,348,89.79966592299216,286.00174824640493,89.6315434746623,311.0064308016797,0.8134,8,59,1,4,5000,100,71.0,16.0,39.0,0.35,0.35,0.3,0.1,4.6352,0.0419,3.2903,297.9805,0.0376,-7.4775
123,35,146,98,103,121,157.32442697081393,158.2308440222702,156.03751102542182,206.8260138377182,0.8216,8,59,1,4,5000,100,71.0,16.0,39.0,0.35,0.35,0.3,0.1,14.7319,0.1331,10.3549,179.294,-4.129,-1.7872
123,32,281,52,243,88,126.2538377374448,18.601075237738275,133.8542371618249,70.7248188403477,0.6915,8,59,1,4,5000,100,71.0,16.0,39.0,0.35,0.35,0.3,0.1,64.578,0.5835,45.2314,29.4552,-0.4972,-0.5469
123,28,458,65,490,71,9.574227885091824,168.34488409215172,9.74364128703716,200.89798406156294,0.9662,8,59,1,4,5000,100,71.0,16.0,39.0,0.35,0.35,0.3,0.1,9.7568,0.0882,6.8738,183.1865,4.5316,-0.7719
123,10,284,59,281,66,109.98310652189998,23.40939982143925,110.77225468204583,31.016124838541646,0.7359,8,59,1,4,5000,100,71.0,16.0,39.0,0.35,0.35,0.3,0.1,15.4676,0.1398,10.8696,26.6812,-0.2337,-0.6274
123,34,451,50,483,54,4.674163711130772,159.53056133543816,5.086221709634632,191.75505208468434,0.9065,8,59,1,4,5000,100,71.0,16.0,39.0,0.35,0.35,0.3,0.1,10.152,0.0917,7.1504,174.1648,4.3545,-0.3732
124,2,131,406,121,432,113.57233458969853,402.59408838183407,113.40833617650557,430.42537099943354,0.7873,7,59,1,4,5000,100,71.0,16.0,39.0,0.35,0.35,0.3,0.1,3.6975,0.0334,2.6342,416.0448,-4.161,-9.5753
124,1,236,394,231,418,98.91492695714787,361.3654659759286,99.09614198165895,385.85230334935153,0.7647,7,59,1,4,5000,100,71.0,16.0,39.0,0.35,0.35,0.3,0.1,3.6267,0.0328,2.5847,373.2077,-1.4664,-9.2498
124,30,296,318,297,344,89.18445679710288,281.0284683088174,89.06692647678155,307.04071391266666,0.8478,7,59,1,4,5000,100,71.0,16.0,39.0,0.35,0.35,0.3,0.1,4.8953,0.0442,3.4723,293.4593,0.1127,-7.3632
124,35,150,99,103,122,156.41296947487177,154.94515158597252,155.7848610139685,207.23416706711276,0.9196,7,59,1,4,5000,100,71.0,16.0,39.0,0.35,0.35,0.3,0.1,15.9777,0.1444,11.2265,177.3151,-4.0666,-1.806
124,28,458,66,491,72,9.909499699876415,168.51409436602032,9.975126720458642,202.05444810743464,0.9724,7,59,1,4,5000,100,71.0,16.0,39.0,0.35,0.35,0.3,0.1,10.0167,0.0905,7.0557,183.7664,4.5422,-0.7964
124,10,284,59,282,66,109.98310652189998,23.40939982143925,109.02560603756869,30.675723300355934,0.7789,7,59,1,4,5000,100,71.0,16.0,39.0,0.35,0.35,0.3,0.1,14.8684,0.1343,10.4503,26.5544,-0.2218,-0.6284
124,34,451,51,484,55,5.031934222829206,159.6151621870554,5.35582504285519,192.84190415985836,0.9324,7,59,1,4,5000,100,71.0,16.0,39.0,0.35,0.35,0.3,0.1,10.433,0.0943,7.347,174.6624,4.3649,-0.3979
125,2,129,404,120,431,113.94800205212759,401.56942114658085,113.5835899570958,429.9069666800016,0.6459,7,59,1,4,5000,100,71.0,16.0,39.0,0.35,0.35,0.3,0.1,3.7717,0.0341,2.6862,415.2553,-4.1984,-9.5373
125,1,236,394,232,418,98.91492695714787,361.3654659759286,98.94945808420889,385.69547573182655,0.8705,7,59,1,4,5000,100,71.0,16.0,39.0,0.35,0.35,0.3,0.1,3.6042,0.0326,2.569,373.1343,-1.4539,-9.2499
125,30,298,315,299,340,88.76359239714385,278.0647406630334,88.67657053874521,303.08084729985825,0.8647,7,59,1,4,5000,100,71.0,16.0,39.0,0.35,0.35,0.3,0.1,4.7639,0.043,3.3804,290.0344,0.1628,-7.2763
125,35,154,99,102,123,155.80679101271124,151.28780519261954,155.64699082497035,208.55694665965936,0.9754,7,59,1,4,5000,100,71.0,16.0,39.0,0.35,0.35,0.3,0.1,17.6129,0.1591,12.3707,175.3652,-4.0112,-1.8099
125,28,458,67,491,72,10.24408744645863,168.68906307167634,9.975126720458642,202.05444810743464,0.9342,7,59,1,4,5000,100,71.0,16.0,39.0,0.35,0.35,0.3,0.1,9.9598,0.09,7.0159,183.8704,4.5426,-0.809
125,10,284,59,282,66,109.98310652189998,23.40939982143925,109.02560603756869,30.675723300355934,0.7733,7,59,1,4,5000,100,71.0,16.0,39.0,0.35,0.35,0.3,0.1,14.8684,0.1343,10.4503,26.5544,-0.2218,-0.6284
125,34,452,53,485,56,5.710593137499642,160.79800993793424,5.622400627089724,193.93297811357408,0.9783,7,59,1,4,5000,100,71.0,16.0,39.0,0.35,0.35,0.3,0.1,10.3375,0.0934,7.2801,175.8179,4.3905,-0.4353
126,2,127,403,118,429,114.26678843253318,401.47353586506796,113.93536029312392,428.8822682275405,0.6719,7,59,1,4,5000,100,71.0,16.0,39.0,0.35,0.35,0.3,0.1,3.653,0.033,2.6031,414.7255,-4.2488,-9.5003
126,1,236,394,232,419,98.91492695714787,361.3654659759286,98.92640792673934,386.6833329741534,0.8888,7,59,1,4,5000,100,71.0,16.0,39.0,0.35,0.35,0.3,0.1,3.7456,0.0338,2.6679,373.596,-1.4538,-9.2617
126,30,301,312,302,336,88.12553443739547,275.14723331336626,88.08446719069224,299.16717734403954,0.856,7,59,1,4,5000,100,71.0,16.0,39.0,0.35,0.35,0.3,0.1,4.6286,0.0418,3.2857,286.6549,0.238,-7.1894
126,35,159,100,101,125,154.65382405805332,147.16657229140046,155.26291706722702,210.2974084481309,0.9377,7,59,1,4,5000,100,71.0,16.0,39.0,0.35,0.35,0.3,0.1,19.545,0.1766,13.7225,173.1573,-3.9385,-1.8355
126,28,458,69,493,73,10.911128384283383,169.0562036720333,10.154266580200265,204.1984329028996,0.8461,7,59,1,4,5000,100,71.0,16.0,39.0,0.35,0.35,0.3,0.1,10.4196,0.0942,7.3376,184.973,4.564,-0.8457
126,10,284,59,282,66,109.98310652189998,23.40939982143925,109.02560603756869,30.675723300355934,0.7733,7,59,1,4,5000,100,71.0,16.0,39.0,0.35,0.35,0.3,0.1,14.8684,0.1343,10.4503,26.5544,-0.2218,-0.6284
126,34,452,54,486,57,6.064922445447955,160.90059042775448,5.885987833028267,195.02820308868152,0.9557,7,59,1,4,5000,100,71.0,16.0,39.0,0.35,0.35,0.3,0.1,10.6113,0.0959,7.4717,176.3283,4.4008,-0.46
127,1,236,394,232,419,98.91492695714787,361.3654659759286,98.92640792673934,386.6833329741534,0.8718,6,59,1,4,5000,100,71.0,16.0,39.0,0.35,0.35,0.3,0.1,3.7456,0.0338,2.6679,373.596,-1.4538,-9.2617
127,30,304,309,305,333,87.47388308838046,272.26457720386617,87.48524735252717,296.2853354454115,0.8454,6,59,1,4,5000,100,71.0,16.0,39.0,0.35,0.35,0.3,0.1,4.6757,0.0422,3.3187,283.7675,0.3131,-7.114
127,35,163,102,100,127,153.25756307538975,144.4506836259351,154.88516511385544,212.0471645648675,0.8494,6,59,1,4,5000,100,71.0,16.0,39.0,0.35,0.35,0.3,0.1,20.9843,0.1896,14.7295,171.8404,-3.8832,-1.8751
127,28,459,70,493,74,11.177914782506045,170.2292571798397,10.430219965629155,204.37710243566914,0.8795,6,59,1,4,5000,100,71.0,16.0,39.0,0.35,0.35,0.3,0.1,10.0882,0.0912,7.1057,185.7468,4.579,-0.871
127,10,284,59,282,66,109.98310652189998,23.40939982143925,109.02560603756869,30.675723300355934,0.7733,6,59,1,4,5000,100,71.0,16.0,39.0,0.35,0.35,0.3,0.1,14.8684,0.1343,10.4503,26.5544,-0.2218,-0.6284
127,34,452,56,487,58,6.772159966113561,161.1241757155021,6.14662565964667,196.12750954417385,0.8754,6,59,1,4,5000,100,71.0,16.0,39.0,0.35,0.35,0.3,0.1,10.8433,0.098,7.6341,176.911,4.4115,-0.4971
128,2,125,400,115,426,114.70503564723718,399.5722713102099,114.46614524387445,427.375712927162,0.7386,7,59,1,4,5000,100,71.0,16.0,39.0,0.35,0.35,0.3,0.1,3.7209,0.0336,2.6506,413.0066,-4.3113,-9.4247
128,1,236,394,232,419,98.91492695714787,361.3654659759286,98.92640792673934,386.6833329741534,0.9064,7,59,1,4,5000,100,71.0,16.0,39.0,0.35,0.35,0.3,0.1,3.7456,0.0338,2.6679,373.596,-1.4538,-9.2617
128,30,307,305,309,330,86.7964890468022,268.41944787961995,86.67939429237668,293.492759706266,0.7855,7,59,1,4,5000,100,71.0,16.0,39.0,0.35,0.35,0.3,0.1,4.9382,0.0446,3.5024,280.3967,0.4007,-7.0249
128,35,167,104,100,127,151.80869162620687,141.8238343861849,154.88516511385544,212.0471645648675,0.7415,7,59,1,4,5000,100,71.0,16.0,39.0,0.35,0.35,0.3,0.1,21.9615,0.1984,15.4133,169.9678,-3.8221,-1.893
128,28,458,72,494,74,11.906052021945193,169.64963896218583,10.37971024956776,205.36065835500236,0.7555,7,59,1,4,5000,100,71.0,16.0,39.0,0.35,0.35,0.3,0.1,10.5387,0.0952,7.4209,185.8048,4.5758,-0.8953
128,10,284,59,281,65,109.98310652189998,23.40939982143925,111.44773632710536,30.083217912982647,0.714,7,59,1,4,5000,100,71.0,16.0,39.0,0.35,0.35,0.3,0.1,13.8072,0.1248,9.7079,26.33,-0.2347,-0.6176
128,34,437,56,487,58,7.465190856121426,146.23952953972466,6.14662565964667,196.12750954417385,0.6478,7,59,1,4,5000,100,71.0,16.0,39.0,0.35,0.35,0.3,0.1,16.1261,0.1457,11.3304,167.5488,4.1757,-0.4913
129,2,124,399,114,425,114.89546754526891,399.0839510679426,114.64390046570477,426.88171663822754,0.7359,8,59,1,4,5000,100,71.0,16.0,39.0,0.35,0.35,0.3,0.1,3.7246,0.0337,2.6532,412.5151,-4.3364,-9.3997
129,1,237,394,233,418,98.75822199285767,361.2118491965622,98.80265581505527,385.5411780860768,0.8644,8,59,1,4,5000,100,71.0,16.0,39.0,0.35,0.35,0.3,0.1,3.6056,0.0326,2.57,372.9802,-1.4288,-9.2499
129,30,309,304,312,327,86.35687178779398,267.54065111679756,86.05481377096244,290.68883707497264,0.7121,8,59,1,4,5000,100,71.0,16.0,39.0,0.35,0.35,0.3,0.1,4.5891,0.0415,3.2581,278.6348,0.4634,-6.9767
129,36,501,278,516,300,49.06751956658015,319.0015673942685,49.57859732122347,345.46345682285994,0.5455,8,59,1,4,5000,100,71.0,16.0,39.0,0.35,0.35,0.3,0.1,4.4073,0.0398,3.1309,331.7056,5.4243,-6.3137
129,37,234,89,171,106,138.12213046211573,77.89736837660179,150.30613897408986,139.29106216839614,0.2012,8,59,1,4,5000,100,71.0,16.0,39.0,0.35,0.35,0.3,0.1,31.2834,0.2827,21.9357,99.917,-2.0773,-1.4042
129,28,459,74,495,75,12.49247557736109,171.04970037974343,10.602613105475957,206.52602741543257,0.6848,8,59,1,4,5000,100,71.0,16.0,39.0,0.35,0.35,0.3,0.1,10.3983,0.094,7.3227,187.1212,4.602,-0.9328
129,10,284,59,281,65,109.98310652189998,23.40939982143925,111.44773632710536,30.083217912982647,0.7057,8,59,1,4,5000,100,71.0,16.0,39.0,0.35,0.35,0.3,0.1,13.8072,0.1248,9.7079,26.33,-0.2347,-0.6176
129,34,437,56,488,59,7.465190856121426,146.23952953972466,6.404352726384142,197.2308292331602,0.6672,8,59,1,4,5000,100,71.0,16.0,39.0,0.35,0.35,0.3,0.1,16.4298,0.1485,11.5429,167.9501,4.1844,-0.5031
130,2,124,398,114,424,114.95604227103058,398.1770962775232,114.69998628563351,425.9730038394452,0.738,7,59,1,4,5000,100,71.0,16.0,39.0,0.35,0.35,0.3,0.1,3.7325,0.0337,2.6588,411.6063,-4.3364,-9.3745
130,1,237,394,233,420,98.75822199285767,361.2118491965622,98.75740334138156,387.5177415293395,0.9259,7,59,1,4,5000,100,71.0,16.0,39.0,0.35,0.35,0.3,0.1,3.8883,0.0351,2.7677,373.9027,-1.4286,-9.2734
130,30,313,301,314,325,85.45195759087458,264.8339102154405,85.63172256541161,288.8390555309306,0.8098,7,59,1,4,5000,100,71.0,16.0,39.0,0.35,0.35,0.3,0.1,4.7982,0.0434,3.4044,276.3161,0.5385,-6.913
130,37,234,89,174,109,138.12213046211573,77.89736837660179,148.60973189581222,138.2316895650198,0.2706,7,59,1,4,5000,100,71.0,16.0,39.0,0.35,0.35,0.3,0.1,30.8943,0.2792,21.6634,99.6431,-2.0441,-1.4401
130,28,459,76,496,76,13.14486761755074,171.49344010777787,10.823011226207099,207.69448716805172,0.645,7,59,1,4,5000,100,71.0,16.0,39.0,0.35,0.35,0.3,0.1,10.5656,0.0955,7.4397,187.8659,4.6135,-0.9699
130,10,284,59,281,65,109.98310652189998,23.40939982143925,111.44773632710536,30.083217912982647,0.7057,7,59,1,4,5000,100,71.0,16.0,39.0,0.35,0.35,0.3,0.1,13.8072,0.1248,9.7079,26.33,-0.2347,-0.6176
130,34,437,56,489,60,7.465190856121426,146.23952953972466,6.6592072661368045,198.33809518093088,0.7207,7,59,1,4,5000,100,71.0,16.0,39.0,0.35,0.35,0.3,0.1,16.7327,0.1512,11.7548,168.3503,4.1931,-0.5149
131,1,238,394,233,419,98.6013848587149,361.06093668520833,98.77997172726583,386.5294296686864,0.7819,6,59,1,4,5000,100,71.0,16.0,39.0,0.35,0.35,0.3,0.1,3.7702,0.0341,2.6851,373.3614,-1.4162,-9.2615
131,30,315,298,319,323,84.96395570476113,262.01145013147806,84.60694170373996,287.2716484444645,0.7766,6,59,1,4,5000,100,71.0,16.0,39.0,0.35,0.35,0.3,0.1,5.0894,0.046,3.6082,274.0607,0.626,-6.8488
131,36,498,282,512,303,49.94232910475291,320.09529830973776,50.406949370471565,345.18980286213554,0.5904,6,59,1,4,5000,100,71.0,16.0,39.0,0.35,0.35,0.3,0.1,4.1744,0.0377,2.968,332.1693,5.3375,-6.4025
131,37,234,88,178,111,138.67449952082967,77.23341245859851,147.01147838636544,135.91173606425605,0.3628,6,59,1,4,5000,100,71.0,16.0,39.0,0.35,0.35,0.3,0.1,30.4669,0.2753,21.3644,98.4956,-1.9994,-1.4531
131,28,452,63,497,77,9.229886243727718,162.09873534361705,11.040940180323732,208.86598574205422,0.7567,6,59,1,4,5000,100,71.0,16.0,39.0,0.35,0.35,0.3,0.1,13.952,0.1261,9.8092,182.5344,4.5074,-0.815
131,34,437,56,490,60,7.465190856121426,146.23952953972466,6.625874705617477,199.3313823761828,0.7028,6,59,1,4,5000,100,71.0,16.0,39.0,0.35,0.35,0.3,0.1,17.0027,0.1536,11.9437,168.7071,4.2022,-0.5146
132,1,238,393,234,418,98.62518317817047,360.0722149791622,98.6557369606136,385.3894134508627,0.8913,8,59,1,4,5000,100,71.0,16.0,39.0,0.35,0.35,0.3,0.1,3.7585,0.034,2.677,372.3009,-1.4036,-9.2365
132,38,510,305,536,342,50.87396151619193,345.4677987888307,51.34019174590991,390.59057848340376,0.516,8,59,1,4,5000,100,71.0,16.0,39.0,0.35,0.35,0.3,0.1,6.7844,0.0613,4.7941,366.6461,5.775,-7.1625
132,36,496,284,523,320,50.446327194686994,320.3513695928269,50.77680548804768,365.3080891521566,0.6341,8,59,1,4,5000,100,71.0,16.0,39.0,0.35,0.35,0.3,0.1,7.2563,0.0656,5.1243,341.3559,5.4345,-6.6214
132,30,321,296,323,320,83.61125252036402,260.6184951226601,83.74870776306538,284.6928169097352,0.8235,8,59,1,4,5000,100,71.0,16.0,39.0,0.35,0.35,0.3,0.1,4.8858,0.0441,3.4657,272.1242,0.7514,-6.7873
132,37,234,88,181,115,138.67449952082967,77.23341245859851,144.9041832129739,135.66502865514016,0.4531,8,59,1,4,5000,100,71.0,16.0,39.0,0.35,0.35,0.3,0.1,30.374,0.2745,21.2994,98.4307,-1.9634,-1.4987
132,28,452,64,498,78,9.578422919460744,162.2621335986927,11.256435029703894,210.0404722904612,0.7957,8,59,1,4,5000,100,71.0,16.0,39.0,0.35,0.35,0.3,0.1,14.2024,0.1283,9.9844,183.0856,4.5171,-0.8392
132,10,285,59,281,65,107.65012421993013,23.08679276123039,111.44773632710536,30.083217912982647,0.6151,8,59,1,4,5000,100,71.0,16.0,39.0,0.35,0.35,0.3,0.1,14.5625,0.1316,10.2363,26.1247,-0.2221,-0.6168
132,34,437,56,491,62,7.465190856121426,146.23952953972466,7.160449726891123,200.5642041840966,0.6694,8,59,1,4,5000,100,71.0,16.0,39.0,0.35,0.35,0.3,0.1,17.3356,0.1566,12.1767,169.1471,4.2103,-0.5385
133,1,238,393,234,418,98.62518317817047,360.0722149791622,98.6557369606136,385.3894134508627,0.8778,7,59,1,4,5000,100,71.0,16.0,39.0,0.35,0.35,0.3,0.1,3.7585,0.034,2.677,372.3009,-1.4036,-9.2365
133,38,508,307,536,342,51.34019174590991,345.7687088213738,51.34019174590991,390.59057848340376,0.7142,7,59,1,4,5000,100,71.0,16.0,39.0,0.35,0.35,0.3,0.1,6.7364,0.0609,4.7605,366.8155,5.7503,-7.1878
133,36,494,285,523,320,50.83662852486951,319.85621769789,50.77680548804768,365.3080891521566,0.7063,7,59,1,4,5000,100,71.0,16.0,39.0,0.35,0.35,0.3,0.1,7.3415,0.0663,5.1839,341.0746,5.409,-6.6332
133,30,323,294,326,318,83.12206502104787,258.8628980754098,83.10095181149931,283.0494656416083,0.9385,7,59,1,4,5000,100,71.0,16.0,39.0,0.35,0.35,0.3,0.1,4.9394,0.0446,3.5032,270.4164,0.8139,-6.7369
133,28,453,65,499,79,9.865806943084367,163.41664541900252,11.469530332866904,211.21789696898318,0.8045,7,59,1,4,5000,100,71.0,16.0,39.0,0.35,0.35,0.3,0.1,14.1208,0.1276,9.9272,184.2677,4.5426,-0.8641
133,32,279,44,234,88,151.69924423399362,14.7648230602334,138.67449952082967,77.23341245859851,0.5782,7,59,1,4,5000,100,71.0,16.0,39.0,0.35,0.35,0.3,0.1,75.1465,0.679,52.626,24.7904,-0.4818,-0.3936
133,34,437,58,492,63,8.24071182970788,146.5127980757995,7.406912128495229,201.6829194552677,0.6029,7,59,1,4,5000,100,71.0,16.0,39.0,0.35,0.35,0.3,0.1,17.535,0.1584,12.3162,169.7271,4.2202,-0.5749
134,1,239,394,235,418,98.44441774071989,360.91273183416513,98.50870331627031,385.24018481980823,0.8184,7,59,1,4,5000,100,71.0,16.0,39.0,0.35,0.35,0.3,0.1,3.6082,0.0326,2.5718,372.6799,-1.3787,-9.2499
134,38,506,308,536,342,51.702982425744764,345.3071096864355,51.34019174590991,390.59057848340376,0.5608,7,59,1,4,5000,100,71.0,16.0,39.0,0.35,0.35,0.3,0.1,6.81,0.0615,4.812,366.5556,5.7248,-7.1998
134,36,493,287,523,320,51.200718361437936,320.78185734233784,50.77680548804768,365.3080891521566,0.556,7,59,1,4,5000,100,71.0,16.0,39.0,0.35,0.35,0.3,0.1,7.1823,0.0649,5.0725,341.6001,5.3975,-6.6595
134,30,329,292,329,316,81.74411128478327,257.6703320136022,82.445715239089,281.44271175498574,0.6,7,59,1,4,5000,100,71.0,16.0,39.0,0.35,0.35,0.3,0.1,4.88,0.0441,3.4616,269.0324,0.9267,-6.6872
134,28,454,66,500,81,10.149151798968262,164.57521077003062,11.944177188446332,212.60291625469299,0.7784,7,59,1,4,5000,100,71.0,16.0,39.0,0.35,0.35,0.3,0.1,14.092,0.1273,9.9071,185.5313,4.5677,-0.9012
134,32,279,49,235,87,137.29061004263855,17.69180601295413,138.74298829568713,75.82216034906945,0.8741,7,59,1,4,5000,100,71.0,16.0,39.0,0.35,0.35,0.3,0.1,68.7944,0.6216,48.1815,28.6894,-0.5389,-0.4773
134,34,437,56,493,64,7.465190856121426,146.23952953972466,7.650650955359411,202.80532537386685,0.6758,7,59,1,4,5000,100,71.0,16.0,39.0,0.35,0.35,0.3,0.1,17.9349,0.1621,12.5959,169.9389,4.2273,-0.562
135,2,119,390,109,416,116.10878043937709,393.1132152446671,115.77355515915825,420.86815037491255,0.6875,7,59,1,4,5000,100,71.0,16.0,39.0,0.35,0.35,0.3,0.1,3.7736,0.0341,2.6875,406.5175,-4.4616,-9.1738
135,1,238,394,235,418,98.6013848587149,361.06093668520833,98.50870331627031,385.24018481980823,0.8573,7,59,1,4,5000,100,71.0,16.0,39.0,0.35,0.35,0.3,0.1,3.5855,0.0324,2.5559,372.7589,-1.3913,-9.25
135,30,332,291,334,315,81.05054191579113,257.13031715455105,81.40877456777235,281.15476165272395,0.7178,7,59,1,4,5000,100,71.0,16.0,39.0,0.35,0.35,0.3,0.1,4.9393,0.0446,3.5031,268.6064,1.0268,-6.6618
135,36,491,289,505,311,51.70246567959574,321.0996729988992,52.139495949178105,347.0518693221519,0.6677,7,59,1,4,5000,100,71.0,16.0,39.0,0.35,0.35,0.3,0.1,4.2986,0.0388,3.0548,333.5718,5.1616,-6.5898
135,28,454,66,501,82,10.149151798968262,164.57521077003062,12.150911040914204,213.78961621182634,0.748,7,59,1,4,5000,100,71.0,16.0,39.0,0.35,0.35,0.3,0.1,14.3949,0.1301,10.119,185.9817,4.5769,-0.9129
135,32,280,49,235,87,135.0,16.97056274847714,138.74298829568713,75.82216034906945,0.8108,7,59,1,4,5000,100,71.0,16.0,39.0,0.35,0.35,0.3,0.1,70.1893,0.6342,49.1575,27.7337,-0.5177,-0.4652
135,34,437,58,494,66,8.24071182970788,146.5127980757995,8.169808362708292,204.07106605298068,0.6873,7,59,1,4,5000,100,71.0,16.0,39.0,0.35,0.35,0.3,0.1,18.1695,0.1642,12.7601,170.567,4.2365,-0.6104
136,2,118,388,108,414,116.36883352118407,391.7614069813411,116.01532176104563,419.505661463585,0.6629,7,59,1,4,5000,100,71.0,16.0,39.0,0.35,0.35,0.3,0.1,3.7847,0.0342,2.6953,405.1591,-4.4866,-9.1236
136,1,239,394,235,417,98.44441774071989,360.91273183416513,98.53076560994813,384.251219906977,0.839,7,59,1,4,5000,100,71.0,16.0,39.0,0.35,0.35,0.3,0.1,3.4662,0.0313,2.4724,372.2165,-1.3788,-9.2381
136,30,337,290,339,313,79.91452370003753,256.9708154635464,80.33581445981015,279.9732130043873,0.552,7,59,1,4,5000,100,71.0,16.0,39.0,0.35,0.35,0.3,0.1,4.741,0.0428,3.3644,267.9793,1.1522,-6.6253
136,36,490,292,503,313,52.171712165387085,322.84516412670644,52.602349593092804,347.4147377415069,0.6606,7,59,1,4,5000,100,71.0,16.0,39.0,0.35,0.35,0.3,0.1,4.0568,0.0367,2.8856,334.6796,5.1249,-6.6536
136,28,463,81,502,84,14.429752249755778,176.57009939398006,12.615444406498414,215.19526017085042,0.716,7,59,1,4,5000,100,71.0,16.0,39.0,0.35,0.35,0.3,0.1,10.9112,0.0986,7.6815,193.9786,4.7345,-1.1308
136,32,281,51,235,87,128.15722658736905,17.804493814764857,138.74298829568713,75.82216034906945,0.648,7,59,1,4,5000,100,71.0,16.0,39.0,0.35,0.35,0.3,0.1,68.5784,0.6197,48.0304,28.8374,-0.527,-0.496
136,34,455,67,494,68,10.428528477438077,165.73774464496614,8.724846869374478,204.36486977951958,0.7121,7,59,1,4,5000,100,71.0,16.0,39.0,0.35,0.35,0.3,0.1,11.5504,0.1044,8.1288,183.0356,4.5303,-0.7571
137,2,118,386,107,411,116.49934503671554,389.97051170569296,116.31941161233729,417.25411921274065,0.7873,5,59,1,4,5000,100,71.0,16.0,39.0,0.35,0.35,0.3,0.1,3.7405,0.0338,2.6644,403.1512,-4.4993,-9.0612
137,38,523,320,537,341,50.77680548804768,365.3080891521566,51.13392783071985,390.43693472826055,0.666,5,59,1,4,5000,100,71.0,16.0,39.0,0.35,0.35,0.3,0.1,3.6798,0.0333,2.6219,377.4547,5.9658,-7.357
137,28,463,82,503,86,14.743562836470735,176.8219443394965,13.073918858250373,216.61486560252507,0.744,5,59,1,4,5000,100,71.0,16.0,39.0,0.35,0.35,0.3,0.1,11.1933,0.1011,7.8789,194.706,4.7444,-1.1675
137,32,282,51,236,87,125.53767779197437,17.204650534085253,138.23970029610214,75.07329751649384,0.6197,5,59,1,4,5000,100,71.0,16.0,39.0,0.35,0.35,0.3,0.1,69.402,0.6271,48.6067,27.9939,-0.5043,-0.489
137,34,456,67,496,69,10.366322603450492,166.7213243709394,8.914926957147866,206.49455198624491,0.7542,5,59,1,4,5000,100,71.0,16.0,39.0,0.35,0.35,0.3,0.1,11.7939,0.1066,8.2992,184.4886,4.5652,-0.7691
138,1,239,394,236,418,98.44441774071989,360.91273183416513,98.36155668626593,385.09349514111506,0.8664,5,59,1,4,5000,100,71.0,16.0,39.0,0.35,0.35,0.3,0.1,3.5872,0.0324,2.5571,372.6112,-1.3662,-9.25
138,2,117,384,107,409,116.76284939997063,388.63093031821336,116.4417020037827,415.4623930032657,0.6861,5,59,1,4,5000,100,71.0,16.0,39.0,0.35,0.35,0.3,0.1,3.6929,0.0334,2.631,401.599,-4.5119,-9.0113
138,28,464,82,504,88,14.66154774860925,177.78920102188434,13.526394594055022,218.04815981796315,0.816,5,59,1,4,5000,100,71.0,16.0,39.0,0.35,0.35,0.3,0.1,11.2557,0.1017,7.9226,195.8714,4.7685,-1.1921
138,32,282,52,236,86,123.69006752597979,18.027756377319946,138.81407483429035,74.41102068914255,0.5443,5,59,1,4,5000,100,71.0,16.0,39.0,0.35,0.35,0.3,0.1,67.5029,0.61,47.2779,29.0238,-0.5229,-0.507
138,34,456,67,496,71,10.366322603450492,166.7213243709394,9.462322208025617,206.81392603013947,0.8375,5,59,1,4,5000,100,71.0,16.0,39.0,0.35,0.35,0.3,0.1,11.8784,0.1073,8.3583,184.616,4.5643,-0.7938
139,1,239,394,236,418,98.44441774071989,360.91273183416513,98.36155668626593,385.09349514111506,0.8453,5,59,1,4,5000,100,71.0,16.0,39.0,0.35,0.35,0.3,0.1,3.5872,0.0324,2.5571,372.6112,-1.3662,-9.25
139,38,522,320,536,341,50.898519967298675,364.67656903069604,51.248371665038235,389.8102102305685,0.6111,5,59,1,4,5000,100,71.0,16.0,39.0,0.35,0.35,0.3,0.1,3.6866,0.0333,2.6267,376.8248,5.9407,-7.357
139,32,283,52,243,87,120.96375653207352,17.4928556845359,134.42127443439225,70.00714249274856,0.3271,5,59,1,4,5000,100,71.0,16.0,39.0,0.35,0.35,0.3,0.1,66.4195,0.6002,46.5199,27.9914,-0.4677,-0.5241
139,28,464,82,505,89,14.66154774860925,177.78920102188434,13.719345264021625,219.25555865245468,0.8608,5,59,1,4,5000,100,71.0,16.0,39.0,0.35,0.35,0.3,0.1,11.558,0.1044,8.1341,196.3571,4.7781,-1.2038
139,34,457,67,497,73,10.304846468766033,167.70509831248424,9.960140308372775,208.13697413001853,0.8918,5,59,1,4,5000,100,71.0,16.0,39.0,0.35,0.35,0.3,0.1,11.9054,0.1076,8.3772,185.7463,4.5887,-0.8185
140,1,240,394,237,420,98.28732283630228,360.7672379803909,98.17198522645693,386.9289340434494,0.8171,4,59,1,4,5000,100,71.0,16.0,39.0,0.35,0.35,0.3,0.1,3.8723,0.035,2.7566,373.3904,-1.3409,-9.2735
140,2,118,379,108,404,116.96571443287016,383.7186469276676,116.62746485556401,410.5423242492788,0.6805,4,59,1,4,5000,100,71.0,16.0,39.0,0.35,0.35,0.3,0.1,3.7375,0.0338,2.6622,396.6775,-4.4867,-8.8858
140,28,465,82,506,92,14.580420397203778,178.7568180517879,14.413597701184932,220.9547464980103,0.9735,4,59,1,4,5000,100,71.0,16.0,39.0,0.35,0.35,0.3,0.1,11.6834,0.1056,8.2219,197.6283,4.8016,-1.2407
140,34,457,67,498,75,10.304846468766033,167.70509831248424,10.451632943988697,209.4755355644186,0.9209,4,59,1,4,5000,100,71.0,16.0,39.0,0.35,0.35,0.3,0.1,12.2559,0.1107,8.6225,186.2774,4.5979,-0.8427
141,1,240,395,237,421,98.26449408465858,361.7568244000381,98.15099035159483,387.9188059375312,0.839,5,59,1,4,5000,100,71.0,16.0,39.0,0.35,0.35,0.3,0.1,3.8621,0.0349,2.7494,374.3813,-1.3409,-9.2986
141,2,119,377,109,402,116.96806290930088,381.4826339428834,116.62780666075955,408.306257605734,0.6679,5,59,1,4,5000,100,71.0,16.0,39.0,0.35,0.35,0.3,0.1,3.7587,0.034,2.677,394.4389,-4.4616,-8.8355
141,37,237,85,190,134,138.88790956083307,73.0,136.43928962788243,140.75865870347016,0.6399,5,59,1,4,5000,100,71.0,16.0,39.0,0.35,0.35,0.3,0.1,35.0806,0.317,24.5926,96.14,-1.7723,-1.6369
141,28,466,82,506,94,14.500166766552566,179.7247896090019,14.914751739540325,221.46105752479374,0.9266,5,59,1,4,5000,100,71.0,16.0,39.0,0.35,0.35,0.3,0.1,11.5132,0.104,8.1028,198.422,4.8156,-1.266
141,34,458,67,498,78,10.24408744645863,168.68906307167634,11.256435029703894,210.0404722904612,0.8323,5,59,1,4,5000,100,71.0,16.0,39.0,0.35,0.35,0.3,0.1,12.0834,0.1092,8.5017,187.1073,4.612,-0.8803
142,1,241,397,238,422,98.06324616569727,363.5945544146667,97.98420581369005,388.768568688365,0.8206,6,59,1,4,5000,100,71.0,16.0,39.0,0.35,0.35,0.3,0.1,3.703,0.0335,2.6381,375.7604,-1.316,-9.3371
142,2,121,374,111,399,116.90407550152945,377.9021037252902,116.56505117707799,404.7283039274619,0.6836,6,59,1,4,5000,100,71.0,16.0,39.0,0.35,0.35,0.3,0.1,3.7934,0.0343,2.7014,390.8554,-4.4114,-8.7601
142,39,370,294,374,319,73.11685410951033,268.57587382339466,73.78661831001405,293.6800980659057,0.4986,6,59,1,4,5000,100,71.0,16.0,39.0,0.35,0.35,0.3,0.1,4.9413,0.0446,3.5045,280.5675,2.0036,-6.7495
142,37,237,85,190,138,138.88790956083307,73.0,135.28224293627088,143.54441821262157,0.5851,6,59,1,4,5000,100,71.0,16.0,39.0,0.35,0.35,0.3,0.1,36.0531,0.3258,25.2729,96.7815,-1.7616,-1.6718
142,28,467,83,506,96,14.727445880633356,180.9447429465692,15.413581537504049,221.98423367437607,0.8745,6,59,1,4,5000,100,71.0,16.0,39.0,0.35,0.35,0.3,0.1,11.272,0.1019,7.934,199.3745,4.8303,-1.3038
142,34,459,68,498,80,10.516046384544792,169.85287751463028,11.790500902031408,210.440015206234,0.7754,6,59,1,4,5000,100,71.0,16.0,39.0,0.35,0.35,0.3,0.1,11.8113,0.1067,8.3113,187.9806,4.627,-0.918
143,1,241,398,239,424,98.04120284518069,364.5846952355515,97.79819713405176,390.6123397948406,0.717,5,59,1,4,5000,100,71.0,16.0,39.0,0.35,0.35,0.3,0.1,3.8142,0.0345,2.7159,377.15,-1.3033,-9.3741
143,2,123,372,113,397,116.76992198278504,375.2146052594435,116.43758580446536,402.04601726668056,0.6902,5,59,1,4,5000,100,71.0,16.0,39.0,0.35,0.35,0.3,0.1,3.8204,0.0345,2.7202,388.1672,-4.3612,-8.7098
143,39,374,297,379,321,72.49552727315637,272.6242835845699,72.96818161295204,297.0269348055829,0.6023,5,59,1,4,5000,100,71.0,16.0,39.0,0.35,0.35,0.3,0.1,4.7408,0.0428,3.3643,284.3029,2.1166,-6.8131
143,28,468,83,506,98,14.647375272363,181.91206666958627,15.910028140283494,222.52415599210798,0.8025,5,59,1,4,5000,100,71.0,16.0,39.0,0.35,0.35,0.3,0.1,11.113,0.1004,7.8228,200.179,4.8443,-1.3291
143,34,460,68,498,82,10.45483507775349,170.83617883809038,12.322496637552561,210.85777196963835,0.6614,5,59,1,4,5000,100,71.0,16.0,39.0,0.35,0.35,0.3,0.1,11.6039,0.1049,8.1663,188.7488,4.6416,-0.9432
144,1,242,399,239,425,97.86402479549955,365.4367250291082,97.77834503590725,391.60311541150946,0.8042,5,59,1,4,5000,100,71.0,16.0,39.0,0.35,0.35,0.3,0.1,3.8252,0.0346,2.7236,378.0677,-1.2908,-9.399
144,2,126,369,116,394,116.56505117707799,371.1872842649651,116.24316816167928,398.02638103522736,0.7325,5,59,1,4,5000,100,71.0,16.0,39.0,0.35,0.35,0.3,0.1,3.8614,0.0349,2.749,384.1386,-4.2859,-8.6344
144,39,377,299,384,323,72.025512511164,275.44327909753036,72.16814237145853,300.4330208216134,0.7971,5,59,1,4,5000,100,71.0,16.0,39.0,0.35,0.35,0.3,0.1,4.8024,0.0434,3.4073,287.3959,2.2166,-6.8628
144,28,468,82,507,100,14.342226030393581,181.66177363441105,16.331811608468268,224.04017496868727,0.692,5,59,1,4,5000,100,71.0,16.0,39.0,0.35,0.35,0.3,0.1,11.5602,0.1045,8.1356,200.6376,4.8531,-1.3405
144,34,461,68,499,84,10.394324448361438,171.81967291320282,12.79230202714093,212.26869764522513,0.6069,5,59,1,4,5000,100,71.0,16.0,39.0,0.35,0.35,0.3,0.1,11.6548,0.1053,8.2018,189.9143,4.6664,-0.968
145,1,243,399,240,425,97.70865435679677,365.301245549478,97.6333305872313,391.4690281490989,0.829,5,59,1,4,5000,100,71.0,16.0,39.0,0.35,0.35,0.3,0.1,3.8267,0.0346,2.7247,377.9327,-1.2657,-9.399
145,2,128,367,118,393,116.42598402416688,368.50508816025865,116.04772185429192,396.2473974677941,0.6865,5,59,1,4,5000,100,71.0,16.0,39.0,0.35,0.35,0.3,0.1,4.0147,0.0363,2.8562,381.8731,-4.2353,-8.596
145,38,522,320,537,341,50.898519967298675,364.67656903069604,51.13392783071985,390.43693472826055,0.7971,5,59,1,4,5000,100,71.0,16.0,39.0,0.35,0.35,0.3,0.1,3.7754,0.0341,2.6888,377.1174,5.9529,-7.3566
145,39,381,301,387,325,71.36994712013271,278.5982770944573,71.74428660757427,303.2639114698615,0.7061,5,59,1,4,5000,100,71.0,16.0,39.0,0.35,0.35,0.3,0.1,4.6914,0.0424,3.3296,290.4083,2.3045,-6.9136
145,34,469,82,498,86,14.2645122980799,182.6307750626931,13.37996312706131,211.74749113035554,0.7458,5,59,1,4,5000,100,71.0,16.0,39.0,0.35,0.35,0.3,0.1,8.1706,0.0738,5.764,196.1143,4.7795,-1.173
146,1,244,399,241,425,97.55316977502925,365.16845427829605,97.48821769317696,391.33745029066665,0.8393,4,59,1,4,5000,100,71.0,16.0,39.0,0.35,0.35,0.3,0.1,3.8283,0.0346,2.7257,377.8003,-1.2407,-9.399
146,2,131,366,121,391,116.07535558394878,366.2813126546316,115.78290482302133,393.1373805681673,0.7443,4,59,1,4,5000,100,71.0,16.0,39.0,0.35,0.35,0.3,0.1,3.9137,0.0354,2.7855,379.2345,-4.1604,-8.5589
146,39,385,303,392,327,70.72914513146287,281.78892810044897,70.97439396243132,306.75723300355935,0.7951,4,59,1,4,5000,100,71.0,16.0,39.0,0.35,0.35,0.3,0.1,4.695,0.0424,3.3322,293.7435,2.4172,-6.9636
146,34,470,82,498,89,14.187619019317571,183.60010893242955,14.1670555226312,212.46176126540982,0.9002,4,59,1,4,5000,100,71.0,16.0,39.0,0.35,0.35,0.3,0.1,8.0646,0.0729,5.6899,196.9793,4.7925,-1.2106
147,1,245,399,241,426,97.39757321691896,365.03835414925925,97.46918540273977,392.32894361747003,0.7989,4,59,1,4,5000,100,71.0,16.0,39.0,0.35,0.35,0.3,0.1,3.9878,0.036,2.8374,378.192,-1.228,-9.4106
147,2,134,365,125,390,115.72045713165843,364.07142156450567,115.3182608262441,390.50992304933817,0.6554,4,59,1,4,5000,100,71.0,16.0,39.0,0.35,0.35,0.3,0.1,3.8775,0.035,2.7602,376.8275,-4.0728,-8.5341
147,39,389,305,396,330,70.102768383091,285.0140347421509,70.45774265849522,310.90995481007036,0.7472,4,59,1,4,5000,100,71.0,16.0,39.0,0.35,0.35,0.3,0.1,4.8091,0.0435,3.4121,297.3993,2.5172,-7.0256
147,34,470,82,497,90,14.187619019317571,183.60010893242955,14.495649953040985,211.74040710265956,0.8591,4,59,1,4,5000,100,71.0,16.0,39.0,0.35,0.35,0.3,0.1,7.8774,0.0712,5.5589,196.6687,4.7812,-1.2234
148,1,244,399,242,426,97.55316977502925,365.16845427829605,97.32433672593947,392.20020397750943,0.7052,4,59,1,4,5000,100,71.0,16.0,39.0,0.35,0.35,0.3,0.1,3.95,0.0357,2.8109,378.2019,-1.228,-9.4109
148,2,136,364,127,389,115.50413948681376,362.30512003006527,115.11483488614456,388.75313503559045,0.6724,4,59,1,4,5000,100,71.0,16.0,39.0,0.35,0.35,0.3,0.1,3.8971,0.0352,2.7739,375.0635,-4.0226,-8.5089
148,39,392,308,399,333,69.74575309687668,288.8615585362649,70.12576154919557,314.74592928265173,0.7272,4,59,1,4,5000,100,71.0,16.0,39.0,0.35,0.35,0.3,0.1,4.7458,0.0429,3.3677,301.2487,2.5925,-7.1011
148,34,471,81,497,93,13.810077091898918,184.32851108821987,15.278765329661162,212.5111761766896,0.6246,4,59,1,4,5000,100,71.0,16.0,39.0,0.35,0.35,0.3,0.1,7.8595,0.071,5.5463,197.4191,4.7942,-1.2485
149,1,244,402,242,427,97.49179698916876,368.14263540100865,97.30575953331083,393.19206502675,0.7357,3,59,1,4,5000,100,71.0,16.0,39.0,0.35,0.35,0.3,0.1,3.6412,0.0329,2.5949,380.2553,-1.2283,-9.4628
149,2,139,363,130,388,115.14184633044488,360.1180362047977,114.77514056883193,386.5811687084615,0.6992,3,59,1,4,5000,100,71.0,16.0,39.0,0.35,0.35,0.3,0.1,3.9221,0.0354,2.7914,372.8807,-3.9474,-8.4837
149,39,396,311,403,336,69.2151389860315,293.07336965340266,69.63318785955533,318.93886561534015,0.7238,3,59,1,4,5000,100,71.0,16.0,39.0,0.35,0.35,0.3,0.1,4.6772,0.0423,3.3197,305.4595,2.6928,-7.1767
150,1,244,402,241,429,97.49179698916876,368.14263540100865,97.41266139767426,395.3036807316623,0.7644,4,59,1,4,5000,100,71.0,16.0,39.0,0.35,0.35,0.3,0.1,3.9373,0.0356,2.802,381.24,-1.2406,-9.4861
150,2,142,362,132,387,114.77514056883193,357.94552658190884,114.56717132060132,384.83762809787714,0.8173,4,59,1,4,5000,100,71.0,16.0,39.0,0.35,0.35,0.3,0.1,4.0067,0.0362,2.8506,370.9048,-3.8845,-8.4582
150,39,399,314,407,339,68.87937136434486,296.94780686174465,69.15343176752037,323.154761685481,0.776,4,59,1,4,5000,100,71.0,16.0,39.0,0.35,0.35,0.3,0.1,4.6771,0.0423,3.3197,309.4975,2.7805,-7.2518
150,32,282,46,238,83,138.01278750418336,13.45362404707371,139.57392125990086,70.9365914038728,0.873,4,59,1,4,5000,100,71.0,16.0,39.0,0.35,0.35,0.3,0.1,75.383,0.6812,52.7915,22.6177,-0.4305,-0.3699
151,1,245,402,240,431,97.33743653326957,368.01358670570846,97.51842687944219,397.4166579296847,0.632,4,59,1,4,5000,100,71.0,16.0,39.0,0.35,0.35,0.3,0.1,4.2512,0.0384,3.0217,382.1504,-1.2403,-9.5092
151,2,144,362,135,387,114.48378961491113,357.1120272407526,114.15964148753753,383.6000521376398,0.7344,4,59,1,4,5000,100,71.0,16.0,39.0,0.35,0.35,0.3,0.1,3.9576,0.0358,2.8162,369.8824,-3.822,-8.4585
151,39,402,318,410,342,68.62169011772654,301.7631521574495,68.84928121506698,327.03057960991964,0.8153,4,59,1,4,5000,100,71.0,16.0,39.0,0.35,0.35,0.3,0.1,4.4471,0.0402,3.1588,313.8892,2.8561,-7.3407
151,32,281,45,239,83,143.9726266148964,13.601470508735444,139.04448557418112,70.178344238091,0.7797,4,59,1,4,5000,100,71.0,16.0,39.0,0.35,0.35,0.3,0.1,74.7353,0.6753,52.3383,22.7866,-0.437,-0.3687
152,1,244,404,240,432,97.45142979196956,370.12565433917166,97.49960981912942,398.4080822473359,0.7657,4,59,1,4,5000,100,71.0,16.0,39.0,0.35,0.35,0.3,0.1,4.0727,0.0368,2.8968,383.7465,-1.253,-9.5479
152,2,147,362,138,387,114.04422326936782,355.8791929854849,113.74949449286676,382.38200794493457,0.7559,4,59,1,4,5000,100,71.0,16.0,39.0,0.35,0.35,0.3,0.1,3.9729,0.0359,2.827,368.6549,-3.7467,-8.4584
152,39,405,321,413,346,68.30301769968123,305.6550343115585,68.61539633036989,331.8463499874603,0.7813,4,59,1,4,5000,100,71.0,16.0,39.0,0.35,0.35,0.3,0.1,4.5468,0.0411,3.2285,318.2127,2.9311,-7.4279
152,32,279,46,239,83,145.30484646876604,15.811388300841896,139.04448557418112,70.178344238091,0.7577,4,59,1,4,5000,100,71.0,16.0,39.0,0.35,0.35,0.3,0.1,69.9705,0.6322,49.0044,25.8081,-0.4975,-0.4146
153,1,243,406,240,433,97.56412902059074,372.2391704267567,97.48088617952368,399.3995493237317,0.7758,5,59,1,4,5000,100,71.0,16.0,39.0,0.35,0.35,0.3,0.1,3.8954,0.0352,2.7727,385.3414,-1.2657,-9.5866
153,2,150,362,141,387,113.60162711310782,354.66744987382197,113.33674748205034,381.1836827567518,0.7936,5,59,1,4,5000,100,71.0,16.0,39.0,0.35,0.35,0.3,0.1,3.9879,0.036,2.8375,367.4478,-3.6715,-8.4583
153,39,408,325,415,349,68.06151953229354,310.4834939252005,68.48411529050487,335.3699449861302,0.6942,5,59,1,4,5000,100,71.0,16.0,39.0,0.35,0.35,0.3,0.1,4.2644,0.0385,3.0309,322.4472,2.9943,-7.5171
153,32,278,51,239,83,135.0,19.79898987322333,139.04448557418112,70.178344238091,0.6732,5,59,1,4,5000,100,71.0,16.0,39.0,0.35,0.35,0.3,0.1,61.9649,0.5599,43.4031,30.8847,-0.5774,-0.517
153,40,284,59,281,66,109.98310652189998,23.40939982143925,110.77225468204583,31.016124838541646,0.724,5,59,1,4,5000,100,71.0,16.0,39.0,0.35,0.35,0.3,0.1,15.4676,0.1398,10.8696,26.6812,-0.2337,-0.6274
154,1,243,408,239,435,97.52382043863864,374.22185932946246,97.58521351688049,401.5133870744536,0.805,5,59,1,4,5000,100,71.0,16.0,39.0,0.35,0.35,0.3,0.1,3.8935,0.0352,2.7714,387.3875,-1.2782,-9.6367
154,2,153,362,144,387,113.15602307756248,353.47701481143014,112.92141889790871,380.0052631214468,0.804,5,59,1,4,5000,100,71.0,16.0,39.0,0.35,0.35,0.3,0.1,4.0026,0.0362,2.8478,366.2614,-3.5963,-8.4582
154,39,410,329,418,354,67.99589402608332,314.94126436527813,68.32334977104676,341.1231449198368,0.7551,5,59,1,4,5000,100,71.0,16.0,39.0,0.35,0.35,0.3,0.1,4.4165,0.0399,3.1373,327.5098,3.0566,-7.629
154,32,277,50,239,83,139.08561677997488,19.849433241279208,139.04448557418112,70.178344238091,0.7755,5,59,1,4,5000,100,71.0,16.0,39.0,0.35,0.35,0.3,0.1,61.8682,0.559,43.3354,30.946,-0.5866,-0.5089
154,40,284,59,281,66,109.98310652189998,23.40939982143925,110.77225468204583,31.016124838541646,0.7424,5,59,1,4,5000,100,71.0,16.0,39.0,0.35,0.35,0.3,0.1,15.4676,0.1398,10.8696,26.6812,-0.2337,-0.6274
155,1,241,410,238,436,97.78572916367708,376.4704503676218,97.70748572296499,402.63755413522966,0.7562,5,59,1,4,5000,100,71.0,16.0,39.0,0.35,0.35,0.3,0.1,3.7169,0.0336,2.6479,389.1146,-1.316,-9.6754
155,2,156,362,147,387,112.70743484854204,352.30810379552724,112.50352849976743,378.8469347902923,0.8515,5,59,1,4,5000,100,71.0,16.0,39.0,0.35,0.35,0.3,0.1,4.017,0.0363,2.8578,365.0959,-3.5211,-8.4581
155,39,412,333,420,358,67.9321004375898,319.3994364428341,68.26016575003182,345.5792239125495,0.7253,5,59,1,4,5000,100,71.0,16.0,39.0,0.35,0.35,0.3,0.1,4.357,0.0394,3.0957,331.974,3.1069,-7.7296
155,32,276,49,239,83,143.13010235415598,20.0,139.04448557418112,70.178344238091,0.6838,5,59,1,4,5000,100,71.0,16.0,39.0,0.35,0.35,0.3,0.1,61.5801,0.5564,43.1338,31.1287,-0.598,-0.5026
155,40,284,59,281,66,109.98310652189998,23.40939982143925,110.77225468204583,31.016124838541646,0.724,5,59,1,4,5000,100,71.0,16.0,39.0,0.35,0.35,0.3,0.1,15.4676,0.1398,10.8696,26.6812,-0.2337,-0.6274
156,1,240,411,236,438,97.91551242302658,377.59766948433355,97.94999047254683,404.89134344907893,0.8596,5,59,1,4,5000,100,71.0,16.0,39.0,0.35,0.35,0.3,0.1,3.8602,0.0349,2.7481,390.7685,-1.3534,-9.7121
156,2,158,363,149,388,112.34476729132021,352.4656011584677,112.16634582208246,379.0118731649445,0.8542,5,59,1,4,5000,100,71.0,16.0,39.0,0.35,0.35,0.3,0.1,4.0163,0.0363,2.8573,365.257,-3.471,-8.4832
156,39,413,337,422,362,68.03413694828738,323.48261158832014,68.19859051364818,350.03571246374275,0.8349,5,59,1,4,5000,100,71.0,16.0,39.0,0.35,0.35,0.3,0.1,4.3631,0.0394,3.0999,336.2357,3.1444,-7.8297
156,32,276,50,239,83,140.9061411137705,20.615528128088304,139.04448557418112,70.178344238091,0.7526,5,59,1,4,5000,100,71.0,16.0,39.0,0.35,0.35,0.3,0.1,60.4124,0.5459,42.3168,31.8692,-0.6078,-0.5197
156,40,284,59,281,66,109.98310652189998,23.40939982143925,110.77225468204583,31.016124838541646,0.749,5,59,1,4,5000,100,71.0,16.0,39.0,0.35,0.35,0.3,0.1,15.4676,0.1398,10.8696,26.6812,-0.2337,-0.6274
157,1,239,413,234,439,98.02340642625371,379.71699988280744,98.20990143837071,406.1625290447163,0.7235,4,59,1,4,5000,100,71.0,16.0,39.0,0.35,0.35,0.3,0.1,3.7241,0.0337,2.6529,392.4948,-1.3911,-9.7506
157,2,160,364,152,389,111.98243820311865,352.6372073392143,111.6890649646158,378.8192180974983,0.7814,4,59,1,4,5000,100,71.0,16.0,39.0,0.35,0.35,0.3,0.1,3.9613,0.0358,2.8189,365.2596,-3.4084,-8.5086
157,39,414,342,423,366,68.19859051364818,328.49505323520475,68.28872538346651,354.12144809372955,0.8751,4,59,1,4,5000,100,71.0,16.0,39.0,0.35,0.35,0.3,0.1,4.1547,0.0375,2.9541,340.8272,3.1699,-7.9436
157,40,284,59,281,66,109.98310652189998,23.40939982143925,110.77225468204583,31.016124838541646,0.749,4,59,1,4,5000,100,71.0,16.0,39.0,0.35,0.35,0.3,0.1,15.4676,0.1398,10.8696,26.6812,-0.2337,-0.6274
158,1,237,414,233,440,98.30024522304055,380.9908135375445,98.32904523351661,407.2959611879303,0.9066,5,59,1,4,5000,100,71.0,16.0,39.0,0.35,0.35,0.3,0.1,3.693,0.0334,2.6311,393.7045,-1.4288,-9.7758
158,2,163,365,154,390,111.46935125751939,352.4556709715422,111.35226019983624,379.01583080393885,0.8953,5,59,1,4,5000,100,71.0,16.0,39.0,0.35,0.35,0.3,0.1,4.0185,0.0363,2.8588,365.2535,-3.3456,-8.5333
158,39,415,346,423,371,68.29456325389442,332.58081724597406,68.58411530280893,358.7715150342903,0.7598,5,59,1,4,5000,100,71.0,16.0,39.0,0.35,0.35,0.3,0.1,4.1925,0.0379,2.9806,345.1801,3.1824,-8.0562
158,41,492,121,551,159,22.78240573048169,216.92394980729998,25.222427150540234,286.29530209208815,0.5697,5,59,1,4,5000,100,71.0,16.0,39.0,0.35,0.35,0.3,0.1,15.2563,0.1379,10.7218,246.828,5.6509,-2.5361
158,40,284,59,281,66,109.98310652189998,23.40939982143925,110.77225468204583,31.016124838541646,0.7424,5,59,1,4,5000,100,71.0,16.0,39.0,0.35,0.35,0.3,0.1,15.4676,0.1398,10.8696,26.6812,-0.2337,-0.6274
159,1,235,415,231,441,98.57523263983522,382.27346232769025,98.586237725752,408.57924567946424,0.938,5,59,1,4,5000,100,71.0,16.0,39.0,0.35,0.35,0.3,0.1,3.6811,0.0333,2.6228,394.9889,-1.4789,-9.8009
159,2,165,366,157,392,111.10749769197339,352.66131060835124,110.82089285331082,379.80258029665885,0.7772,5,59,1,4,5000,100,71.0,16.0,39.0,0.35,0.35,0.3,0.1,4.1008,0.0371,2.9165,365.7291,-3.2828,-8.5704
159,39,416,351,424,375,68.45071552880619,337.5973933548658,68.66773687211142,362.86085487415147,0.8022,5,59,1,4,5000,100,71.0,16.0,39.0,0.35,0.35,0.3,0.1,3.9915,0.0361,2.84,349.7735,3.2079,-8.17
159,41,491,122,549,160,23.129056834783405,216.39316070523117,25.57574044111491,284.91753192810023,0.5989,5,59,1,4,5000,100,71.0,16.0,39.0,0.35,0.35,0.3,0.1,15.1274,0.1367,10.6316,245.972,5.6158,-2.5616
159,40,284,59,281,66,109.98310652189998,23.40939982143925,110.77225468204583,31.016124838541646,0.7424,5,59,1,4,5000,100,71.0,16.0,39.0,0.35,0.35,0.3,0.1,15.4676,0.1398,10.8696,26.6812,-0.2337,-0.6274
160,1,232,415,229,442,99.01932243138168,382.7322824116095,98.84181456019168,409.8707113224852,0.8476,6,59,1,4,5000,100,71.0,16.0,39.0,0.35,0.35,0.3,0.1,3.7893,0.0342,2.6985,395.8369,-1.5415,-9.8128
160,2,168,368,160,393,110.53707310785532,353.46428390998716,110.34410125591839,379.68407920269715,0.8224,6,59,1,4,5000,100,71.0,16.0,39.0,0.35,0.35,0.3,0.1,3.9579,0.0358,2.8164,366.1053,-3.2079,-8.6088
160,39,416,355,424,380,68.69734422251713,341.32096331752024,68.95129620669692,367.52278840909986,0.7866,6,59,1,4,5000,100,71.0,16.0,39.0,0.35,0.35,0.3,0.1,4.0908,0.037,2.9094,353.9376,3.2077,-8.2823
160,41,489,123,546,160,23.5835899570958,214.9534833400008,25.838677675710027,282.21445746098834,0.6108,6,59,1,4,5000,100,71.0,16.0,39.0,0.35,0.35,0.3,0.1,14.9722,0.1353,10.523,244.0342,5.5562,-2.5748
160,32,283,45,240,83,138.3664606634298,12.041594578792296,138.50353164478446,69.42621983083913,0.6505,6,59,1,4,5000,100,71.0,16.0,39.0,0.35,0.35,0.3,0.1,77.9536,0.7044,54.5901,20.5235,-0.3856,-0.3414
160,40,284,59,281,66,109.98310652189998,23.40939982143925,110.77225468204583,31.016124838541646,0.749,6,59,1,4,5000,100,71.0,16.0,39.0,0.35,0.35,0.3,0.1,15.4676,0.1398,10.8696,26.6812,-0.2337,-0.6274
161,1,231,416,227,443,99.14333401190389,383.8775846542749,99.09578083814574,411.1702810272163,0.8984,6,59,1,4,5000,100,71.0,16.0,39.0,0.35,0.35,0.3,0.1,3.7991,0.0343,2.7053,397.0555,-1.5791,-9.8378
161,2,171,369,163,395,110.02466534888138,353.3624201864143,109.81587638750834,380.5325216062354,0.7917,6,59,1,4,5000,100,71.0,16.0,39.0,0.35,0.35,0.3,0.1,4.0972,0.037,2.9139,366.4445,-3.1325,-8.6456
161,39,415,360,423,385,69.15291878277218,345.6269665405175,69.37181660070245,371.84001936316645,0.8434,6,59,1,4,5000,100,71.0,16.0,39.0,0.35,0.35,0.3,0.1,4.0434,0.0365,2.8762,358.2546,3.1827,-8.4078
161,41,488,124,544,161,23.935360293123917,214.44113411377026,26.200114841347343,280.8558349046713,0.5996,6,59,1,4,5000,100,71.0,16.0,39.0,0.35,0.35,0.3,0.1,14.8397,0.1341,10.4303,243.1957,5.5211,-2.6003
161,32,270,48,241,83,153.434948822922,24.596747752497688,137.95077910900636,68.6804193347711,0.4895,6,59,1,4,5000,100,71.0,16.0,39.0,0.35,0.35,0.3,0.1,52.3033,0.4726,36.643,36.2214,-0.7164,-0.5594
161,40,284,59,281,66,109.98310652189998,23.40939982143925,110.77225468204583,31.016124838541646,0.7526,6,59,1,4,5000,100,71.0,16.0,39.0,0.35,0.35,0.3,0.1,15.4676,0.1398,10.8696,26.6812,-0.2337,-0.6274
162,1,229,416,224,443,99.43780540185695,384.2004685057008,99.50808560046093,411.655195521689,0.8877,6,59,1,4,5000,100,71.0,16.0,39.0,0.35,0.35,0.3,0.1,3.8178,0.0345,2.7184,397.4543,-1.6417,-9.8377
162,2,174,371,166,396,109.45797901158984,354.2315626818141,109.33979446476097,380.46944686794495,0.852,6,59,1,4,5000,100,71.0,16.0,39.0,0.35,0.35,0.3,0.1,3.9523,0.0357,2.8125,366.882,-3.0576,-8.684
162,39,415,364,423,390,69.38637110180139,349.3680008243457,69.63986746875483,376.52357163927996,0.8258,6,59,1,4,5000,100,71.0,16.0,39.0,0.35,0.35,0.3,0.1,4.1401,0.0374,2.944,362.4378,3.1825,-8.5201
162,41,486,125,542,161,24.39943592417513,213.02582003128165,26.381411486958214,279.0627169652012,0.6368,6,59,1,4,5000,100,71.0,16.0,39.0,0.35,0.35,0.3,0.1,14.8515,0.1342,10.4385,241.6133,5.4714,-2.6125
162,32,271,49,241,83,150.25511870305778,24.186773244895647,137.95077910900636,68.6804193347711,0.5786,6,59,1,4,5000,100,71.0,16.0,39.0,0.35,0.35,0.3,0.1,53.0227,0.4791,37.1464,35.7749,-0.6991,-0.5632
162,40,284,59,281,66,109.98310652189998,23.40939982143925,110.77225468204583,31.016124838541646,0.749,6,59,1,4,5000,100,71.0,16.0,39.0,0.35,0.35,0.3,0.1,15.4676,0.1398,10.8696,26.6812,-0.2337,-0.6274
163,1,226,416,222,443,99.87856627468797,384.7037821493311,99.7824070318073,411.9902911477405,0.7851,5,59,1,4,5000,100,71.0,16.0,39.0,0.35,0.35,0.3,0.1,3.7904,0.0342,2.6992,397.8798,-1.7044,-9.8379
163,2,177,373,169,398,108.89412155314021,355.1351855279902,108.81501475415871,381.3790765104976,0.8811,5,59,1,4,5000,100,71.0,16.0,39.0,0.35,0.35,0.3,0.1,3.9434,0.0356,2.8063,367.7896,-2.9824,-8.7342
163,39,414,369,422,394,69.82314037288866,353.7060926814804,69.9911251958198,379.93288881064245,0.8809,5,59,1,4,5000,100,71.0,16.0,39.0,0.35,0.35,0.3,0.1,3.9563,0.0357,2.8153,366.3507,3.1578,-8.6339
163,41,484,125,540,162,24.623564786163612,211.20606051910536,26.749578009339476,277.72108310317384,0.6217,5,59,1,4,5000,100,71.0,16.0,39.0,0.35,0.35,0.3,0.1,15.0557,0.136,10.5814,239.9391,5.4194,-2.6235
163,32,274,52,241,84,140.19442890773482,23.430749027719962,137.33730585912383,69.35416353759881,0.8733,5,59,1,4,5000,100,71.0,16.0,39.0,0.35,0.35,0.3,0.1,54.7751,0.4949,38.3725,35.0277,-0.6538,-0.5875
164,1,224,416,219,444,100.17175546653202,385.0519445477454,100.16851672936785,413.4948609112331,0.805,5,59,1,4,5000,100,71.0,16.0,39.0,0.35,0.35,0.3,0.1,3.9419,0.0356,2.8052,398.7669,-1.7669,-9.8495
164,2,180,375,172,400,108.33318022743467,356.07302621793747,108.29277596456505,382.32054613896963,0.9098,5,59,1,4,5000,100,71.0,16.0,39.0,0.35,0.35,0.3,0.1,3.9339,0.0355,2.7997,368.7303,-2.9072,-8.7844
164,39,413,373,420,399,70.1950855192973,357.1232280320058,70.52685579699835,383.96353993576,0.7659,5,59,1,4,5000,100,71.0,16.0,39.0,0.35,0.35,0.3,0.1,4.0082,0.0362,2.8516,370.0573,3.1201,-8.7464
164,41,482,126,538,163,25.099380866421395,209.8118204487059,27.121303404158663,276.39102735074454,0.6369,5,59,1,4,5000,100,71.0,16.0,39.0,0.35,0.35,0.3,0.1,15.1547,0.1369,10.6507,238.5428,5.3688,-2.6474
164,32,275,52,242,84,138.57633437499737,22.67156809750927,136.7714697400341,68.62215385719105,0.9114,5,59,1,4,5000,100,71.0,16.0,39.0,0.35,0.35,0.3,0.1,55.7027,0.5033,39.0215,34.0828,-0.6277,-0.5809
165,1,221,415,217,444,100.63795771268741,384.61019227264376,100.4410583527715,413.8526307757388,0.6471,5,59,1,4,5000,100,71.0,16.0,39.0,0.35,0.35,0.3,0.1,4.0531,0.0366,2.8831,398.6959,-1.8294,-9.8362
165,2,182,377,175,402,107.92791976200724,357.35136770411276,107.77314581986667,383.29362113137233,0.8364,5,59,1,4,5000,100,71.0,16.0,39.0,0.35,0.35,0.3,0.1,3.8764,0.035,2.7594,369.8682,-2.8447,-8.8348
165,39,413,373,420,399,70.1950855192973,357.1232280320058,70.52685579699835,383.96353993576,0.7535,5,59,1,4,5000,100,71.0,16.0,39.0,0.35,0.35,0.3,0.1,4.0082,0.0362,2.8516,370.0573,3.1201,-8.7464
165,41,480,126,537,165,25.33307377443826,208.00240383226344,27.58477128865236,276.4217791708895,0.6116,5,59,1,4,5000,100,71.0,16.0,39.0,0.35,0.35,0.3,0.1,15.6307,0.1412,10.9838,237.3804,5.3255,-2.6689
165,32,275,53,242,84,136.7357045889284,23.345235059857504,136.7714697400341,68.62215385719105,0.9804,5,59,1,4,5000,100,71.0,16.0,39.0,0.35,0.35,0.3,0.1,54.4841,0.4923,38.1688,34.8384,-0.6369,-0.5989
166,1,219,415,215,443,100.93049577260123,384.98441526898205,100.73889710090545,413.23722000807237,0.6447,5,59,1,4,5000,100,71.0,16.0,39.0,0.35,0.35,0.3,0.1,3.9171,0.0354,2.7879,398.6108,-1.8797,-9.8246
166,2,185,380,178,405,107.32548614641831,359.30210130195456,107.21207192698475,385.25316351718647,0.8384,5,59,1,4,5000,100,71.0,16.0,39.0,0.35,0.35,0.3,0.1,3.8573,0.0349,2.7461,371.8254,-2.7695,-8.9101
166,39,414,373,421,399,70.04428151593423,357.4632848279666,70.38629200716676,384.2980614054669,0.756,5,59,1,4,5000,100,71.0,16.0,39.0,0.35,0.35,0.3,0.1,4.0037,0.0362,2.8485,370.3953,3.1452,-8.7464
166,41,479,127,535,166,25.700740759582892,207.53072061745462,27.96223220437437,275.118156434649,0.6153,5,59,1,4,5000,100,71.0,16.0,39.0,0.35,0.35,0.3,0.1,15.4975,0.14,10.8905,236.5922,5.2904,-2.6944
166,32,275,53,243,84,136.7357045889284,23.345235059857504,136.19348942398204,67.89698078707183,0.9609,5,59,1,4,5000,100,71.0,16.0,39.0,0.35,0.35,0.3,0.1,54.0375,0.4883,37.8564,34.7442,-0.6307,-0.602
167,1,217,408,213,442,101.42868003355777,378.50495373244456,101.03761618081982,412.6330088589617,0.4454,6,59,1,4,5000,100,71.0,16.0,39.0,0.35,0.35,0.3,0.1,4.774,0.0431,3.3875,394.8329,-1.9287,-9.7185
167,2,188,382,182,408,106.77539487962936,360.3345667570626,106.51487726298284,386.9638225984439,0.7516,6,59,1,4,5000,100,71.0,16.0,39.0,0.35,0.35,0.3,0.1,3.9436,0.0356,2.8064,373.1747,-2.6817,-8.9723
167,39,414,375,421,401,70.15311713847439,359.3438464757676,70.48589712695632,386.18259929727543,0.758,6,59,1,4,5000,100,71.0,16.0,39.0,0.35,0.35,0.3,0.1,3.9841,0.036,2.8348,372.2801,3.1452,-8.7967
167,41,477,127,534,166,25.942295489871672,205.73040611440985,28.060196979045934,274.23530042647684,0.6628,6,59,1,4,5000,100,71.0,16.0,39.0,0.35,0.35,0.3,0.1,15.7957,0.1427,11.0992,235.094,5.2493,-2.6923
167,32,274,47,243,84,150.94539590092285,20.591260281974,136.19348942398204,67.89698078707183,0.4168,6,59,1,4,5000,100,71.0,16.0,39.0,0.35,0.35,0.3,0.1,59.1636,0.5346,41.443,31.5993,-0.604,-0.5138
167,40,284,59,275,61,109.98310652189998,23.40939982143925,125.31121343963319,29.410882339705484,0.1782,6,59,1,4,5000,100,71.0,16.0,39.0,0.35,0.35,0.3,0.1,12.5743,0.1136,8.8452,26.0692,-0.3124,-0.5748
168,1,215,406,211,440,101.78688944414064,376.9482723133242,101.36460400276441,411.0596063833079,0.4202,6,59,1,4,5000,100,71.0,16.0,39.0,0.35,0.35,0.3,0.1,4.7907,0.0433,3.3991,393.2656,-1.9787,-9.6682
168,2,191,385,184,411,106.18430792588447,362.36031791574527,106.10713373388086,389.2813892289227,0.8766,6,59,1,4,5000,100,71.0,16.0,39.0,0.35,0.35,0.3,0.1,3.9638,0.0358,2.8206,375.3387,-2.619,-9.0474
168,39,414,379,421,405,70.3674044624696,363.1087991222466,70.68221771640971,389.95512562344913,0.7459,6,59,1,4,5000,100,71.0,16.0,39.0,0.35,0.35,0.3,0.1,3.9453,0.0356,2.8076,376.0534,3.1453,-8.8971
168,41,475,127,534,167,26.188110697480855,203.93381279228808,28.24425107080102,274.70711676256224,0.7129,6,59,1,4,5000,100,71.0,16.0,39.0,0.35,0.35,0.3,0.1,16.3639,0.1479,11.4967,234.0881,5.2167,-2.7004
168,32,275,48,244,84,147.0947570770121,20.248456731316587,135.60309119438054,67.17886572427373,0.4996,6,59,1,4,5000,100,71.0,16.0,39.0,0.35,0.35,0.3,0.1,59.4065,0.5368,41.6129,31.1177,-0.5826,-0.5199
168,40,284,59,275,62,109.98310652189998,23.40939982143925,124.21570213243739,30.23243291566195,0.2131,6,59,1,4,5000,100,71.0,16.0,39.0,0.35,0.35,0.3,0.1,14.0767,0.1272,9.8964,26.387,-0.311,-0.5846
169,1,213,404,209,439,102.14805546118556,375.40644640176333,101.66580230464209,410.47898850002053,0.3943,5,59,1,4,5000,100,71.0,16.0,39.0,0.35,0.35,0.3,0.1,4.9389,0.0446,3.5029,392.1601,-2.0286,-9.6296
169,2,194,388,188,413,105.59985449194008,364.42420336744925,105.46121774044191,390.1179308875715,0.8248,5,59,1,4,5000,100,71.0,16.0,39.0,0.35,0.35,0.3,0.1,3.7685,0.0341,2.6839,376.8336,-2.5316,-9.1111
169,39,413,383,420,409,70.72470742526774,366.5474048469038,71.01237591212984,393.40564307086396,0.7847,5,59,1,4,5000,100,71.0,16.0,39.0,0.35,0.35,0.3,0.1,3.9113,0.0353,2.7838,379.5019,3.1203,-8.9976
169,32,275,48,244,84,147.0947570770121,20.248456731316587,135.60309119438054,67.17886572427373,0.491,5,59,1,4,5000,100,71.0,16.0,39.0,0.35,0.35,0.3,0.1,59.4065,0.5368,41.6129,31.1177,-0.5826,-0.5199
169,40,284,59,275,62,109.98310652189998,23.40939982143925,124.21570213243739,30.23243291566195,0.2139,5,59,1,4,5000,100,71.0,16.0,39.0,0.35,0.35,0.3,0.1,14.0767,0.1272,9.8964,26.387,-0.311,-0.5846
170,1,212,402,207,437,102.36249241571431,373.6642878306676,101.99689930792357,408.93153461184676,0.4653,6,59,1,4,5000,100,71.0,16.0,39.0,0.35,0.35,0.3,0.1,4.9872,0.0451,3.5367,390.5033,-2.0661,-9.5791
170,2,197,390,191,416,105.0626671923769,365.55984462191685,104.92200745913641,392.2269751049767,0.8425,6,59,1,4,5000,100,71.0,16.0,39.0,0.35,0.35,0.3,0.1,3.8945,0.0352,2.7721,378.4242,-2.4562,-9.1731
170,39,413,386,420,412,70.87831958325425,369.3805625638685,71.15351634238509,396.24361193588976,0.7909,6,59,1,4,5000,100,71.0,16.0,39.0,0.35,0.35,0.3,0.1,3.883,0.0351,2.764,382.3408,3.1204,-9.0729
170,42,524,321,552,350,50.75456533110219,366.7151483099655,50.284573231583025,406.90170803278767,0.5334,6,59,1,4,5000,100,71.0,16.0,39.0,0.35,0.35,0.3,0.1,5.7489,0.0519,4.0696,385.7647,6.1565,-7.4704
170,32,283,45,245,84,138.3664606634298,12.041594578792296,135.0,66.46803743153546,0.5745,6,59,1,4,5000,100,71.0,16.0,39.0,0.35,0.35,0.3,0.1,76.7209,0.6932,53.7276,20.3894,-0.365,-0.3585
170,40,284,59,275,63,109.98310652189998,23.40939982143925,123.17851165939277,31.064449134018133,0.2482,6,59,1,4,5000,100,71.0,16.0,39.0,0.35,0.35,0.3,0.1,15.552,0.1405,10.9287,26.6991,-0.3095,-0.5942
171,1,211,401,206,434,102.54547314774875,372.90347276473574,102.22282514668441,406.20807475972214,0.4766,5,59,1,4,5000,100,71.0,16.0,39.0,0.35,0.35,0.3,0.1,4.7308,0.0427,3.3572,388.8439,-2.0915,-9.5309
171,2,200,393,193,419,104.48976259388445,367.6955262170047,104.52924968584988,394.62007044751283,0.8938,5,59,1,4,5000,100,71.0,16.0,39.0,0.35,0.35,0.3,0.1,3.9088,0.0353,2.7821,380.6823,-2.3935,-9.2482
171,39,413,389,420,415,71.02959219151346,372.21633494514987,71.2926485725653,399.0839510679426,0.7926,5,59,1,4,5000,100,71.0,16.0,39.0,0.35,0.35,0.3,0.1,3.8551,0.0348,2.7445,385.1822,3.1204,-9.1483
171,32,283,45,245,85,138.3664606634298,12.041594578792296,134.39690880561946,67.17886572427373,0.5601,5,59,1,4,5000,100,71.0,16.0,39.0,0.35,0.35,0.3,0.1,77.0255,0.696,53.9407,20.4225,-0.3624,-0.3624
171,40,284,59,276,64,109.98310652189998,23.40939982143925,120.65066795705286,31.38470965295043,0.3222,5,59,1,4,5000,100,71.0,16.0,39.0,0.35,0.35,0.3,0.1,16.1079,0.1456,11.3177,26.8166,-0.296,-0.6043
172,1,211,403,204,432,102.47907180192763,374.85597234137805,102.55952106965815,404.6838272034107,0.6933,7,59,1,4,5000,100,71.0,16.0,39.0,0.35,0.35,0.3,0.1,4.2346,0.0383,3.01,389.1992,-2.1173,-9.5343
172,2,201,395,194,421,104.26196434684252,369.3846233940985,104.31675911893323,396.30796106058733,0.8607,7,59,1,4,5000,100,71.0,16.0,39.0,0.35,0.35,0.3,0.1,3.8914,0.0352,2.7699,382.373,-2.3685,-9.2984
172,39,413,392,420,418,71.17857623237366,375.05466268265485,71.4298135536853,401.92661021634285,0.7989,7,59,1,4,5000,100,71.0,16.0,39.0,0.35,0.35,0.3,0.1,3.8275,0.0346,2.7252,388.026,3.1205,-9.2236
172,42,522,320,549,348,50.898519967298675,364.67656903069604,50.43081129671077,403.44764220404113,0.6429,7,59,1,4,5000,100,71.0,16.0,39.0,0.35,0.35,0.3,0.1,5.586,0.0505,3.9556,383.0836,6.0949,-7.434
172,43,196,212,189,231,118.7479142911396,199.60210419732553,117.96507665552197,219.64744478368056,0.6919,7,59,1,4,5000,100,71.0,16.0,39.0,0.35,0.35,0.3,0.1,5.2914,0.0478,3.7495,209.1456,-2.4912,-4.6194
172,32,275,51,246,85,140.52754015165618,22.02271554554524,133.7811247648687,66.48308055437865,0.6015,7,59,1,4,5000,100,71.0,16.0,39.0,0.35,0.35,0.3,0.1,55.594,0.5023,38.9454,33.0857,-0.5918,-0.5824
172,40,284,59,276,65,109.98310652189998,23.40939982143925,119.74488129694222,32.2490309931942,0.3541,7,59,1,4,5000,100,71.0,16.0,39.0,0.35,0.35,0.3,0.1,17.5764,0.1588,12.3451,27.1273,-0.2946,-0.6137
173,1,212,394,204,430,102.63072716200762,365.85379593493354,102.62139439858025,402.7319207611932,0.834,6,59,1,4,5000,100,71.0,16.0,39.0,0.35,0.35,0.3,0.1,5.3101,0.048,3.7626,383.4081,-2.1031,-9.3886
173,2,202,396,195,422,104.07378984493278,370.10944327320266,104.14124477892945,397.0314848976086,0.8253,6,59,1,4,5000,100,71.0,16.0,39.0,0.35,0.35,0.3,0.1,3.8838,0.0351,2.7646,383.0981,-2.3434,-9.3235
173,42,522,320,549,347,50.898519967298675,364.67656903069604,50.340173024582825,402.67729014683704,0.5426,6,59,1,4,5000,100,71.0,16.0,39.0,0.35,0.35,0.3,0.1,5.4805,0.0495,3.8818,382.736,6.0955,-7.4222
173,43,197,213,190,233,118.35896344613003,200.0024999843752,117.49283695153966,220.95248357961492,0.6882,6,59,1,4,5000,100,71.0,16.0,39.0,0.35,0.35,0.3,0.1,5.5078,0.0498,3.9009,209.9562,-2.4657,-4.6561
173,32,283,45,247,85,138.3664606634298,12.041594578792296,133.1523897340054,65.79513659838392,0.5303,6,59,1,4,5000,100,71.0,16.0,39.0,0.35,0.35,0.3,0.1,76.4274,0.6906,53.5222,20.3574,-0.3546,-0.3677
173,40,284,59,276,66,109.98310652189998,23.40939982143925,118.88658176691071,33.12099032335839,0.3844,6,59,1,4,5000,100,71.0,16.0,39.0,0.35,0.35,0.3,0.1,19.0123,0.1718,13.3498,27.431,-0.2931,-0.6228
174,1,212,393,204,429,102.66506376504236,364.87806182339875,102.65255650055798,401.756144943671,0.7451,7,59,1,4,5000,100,71.0,16.0,39.0,0.35,0.35,0.3,0.1,5.3236,0.0481,3.772,382.4301,-2.103,-9.3635
174,39,412,397,419,424,71.56505117707799,379.4733192202055,71.83195505162055,407.3057819378458,0.7585,7,59,1,4,5000,100,71.0,16.0,39.0,0.35,0.35,0.3,0.1,3.9149,0.0354,2.7864,392.8973,3.0953,-9.3609
174,42,521,320,536,342,51.020656176836425,364.04670030093666,51.34019174590991,390.59057848340376,0.7087,7,59,1,4,5000,100,71.0,16.0,39.0,0.35,0.35,0.3,0.1,3.8927,0.0352,2.7708,376.8518,5.9274,-7.3686
174,43,198,215,192,235,117.83808119713471,201.2958022413781,116.79608129397346,221.81974664127628,0.6467,7,59,1,4,5000,100,71.0,16.0,39.0,0.35,0.35,0.3,0.1,5.3682,0.0485,3.8032,211.06,-2.4285,-4.7068
174,44,389,157,396,171,51.050235822898784,154.30165261590687,52.18426739242686,169.62311163281967,0.6801,7,59,1,4,5000,100,71.0,16.0,39.0,0.35,0.35,0.3,0.1,5.2346,0.0473,3.7097,161.6,2.5164,-3.18
174,32,276,53,247,85,135.0,22.627416997969522,133.1523897340054,65.79513659838392,0.7256,7,59,1,4,5000,100,71.0,16.0,39.0,0.35,0.35,0.3,0.1,54.0285,0.4882,37.85,33.6741,-0.583,-0.6117
174,40,284,59,276,67,109.98310652189998,23.40939982143925,118.07248693585296,34.0,0.4101,7,59,1,4,5000,100,71.0,16.0,39.0,0.35,0.35,0.3,0.1,20.4157,0.1845,14.3317,27.7278,-0.2916,-0.6318
175,39,412,400,418,427,71.70722403543496,382.32054613896963,72.0955524937518,409.8487525905136,0.6412,2,59,1,4,5000,100,71.0,16.0,39.0,0.35,0.35,0.3,0.1,3.8458,0.0348,2.738,395.6063,3.0829,-9.4366
175,32,277,61,247,86,122.0053832080835,28.30194339616981,132.56335175318986,66.52818951391959,0.6361,2,59,1,4,5000,100,71.0,16.0,39.0,0.35,0.35,0.3,0.1,44.611,0.4031,31.2608,39.7105,-0.6327,-0.7698
176,39,412,403,418,430,71.84729411334885,385.1700922968968,72.22359435464159,412.70449476592813,0.6676,2,59,1,4,5000,100,71.0,16.0,39.0,0.35,0.35,0.3,0.1,3.8192,0.0345,2.7194,398.4622,3.0829,-9.5119
176,32,277,61,239,96,122.0053832080835,28.30194339616981,131.9335144988741,79.30952023559341,0.3812,2,59,1,4,5000,100,71.0,16.0,39.0,0.35,0.35,0.3,0.1,52.4569,0.474,36.7505,41.717,-0.6634,-0.8098
177,39,412,407,418,433,72.03086025984298,388.9730067755345,72.34987578006988,415.56226970214703,0.6744,5,59,1,4,5000,100,71.0,16.0,39.0,0.35,0.35,0.3,0.1,3.6575,0.033,2.6063,401.8283,3.0832,-9.6006
177,1,206,416,205,423,102.78466212689354,388.6347900021304,102.70157406455014,395.6829538911172,0.5478,5,59,1,4,5000,100,71.0,16.0,39.0,0.35,0.35,0.3,0.1,0.9945,0.009,0.743,392.1272,-2.1705,-9.5977
177,42,522,320,548,346,50.898519967298675,364.67656903069604,50.35896643105935,401.26923629902154,0.4935,5,59,1,4,5000,100,71.0,16.0,39.0,0.35,0.35,0.3,0.1,5.2872,0.0478,3.7465,382.0988,6.084,-7.411
177,43,197,211,190,231,118.63352559850057,198.2447981663075,117.7341905049854,219.18029108475972,0.6737,5,59,1,4,5000,100,71.0,16.0,39.0,0.35,0.35,0.3,0.1,5.5505,0.0502,3.9308,208.1875,-2.4656,-4.6058
177,32,278,62,240,96,119.24882633654698,28.653097563788805,131.39153114743365,78.64477096412705,0.3204,5,59,1,4,5000,100,71.0,16.0,39.0,0.35,0.35,0.3,0.1,51.5624,0.4659,36.1246,42.003,-0.6512,-0.8288
178,39,411,409,417,436,72.2609171165868,390.5700961415249,72.60510236488442,418.1219917679528,0.6815,5,59,1,4,5000,100,71.0,16.0,39.0,0.35,0.35,0.3,0.1,3.7705,0.0341,2.6853,403.8767,3.0579,-9.6626
178,2,208,394,198,428,103.2405199151872,366.7492331280326,103.51790013509677,402.1405227031964,0.5927,5,59,1,4,5000,100,71.0,16.0,39.0,0.35,0.35,0.3,0.1,5.094,0.046,3.6114,383.6304,-2.2287,-9.3653
178,42,522,320,547,348,50.898519967298675,364.67656903069604,50.65045063385773,402.17657813453036,0.6158,5,59,1,4,5000,100,71.0,16.0,39.0,0.35,0.35,0.3,0.1,5.4118,0.0489,3.8338,382.5097,6.0708,-7.4351
178,44,383,161,389,176,53.726135776298726,153.8083222715858,55.09105723888892,169.49926253526885,0.6345,5,59,1,4,5000,100,71.0,16.0,39.0,0.35,0.35,0.3,0.1,5.3711,0.0485,3.8052,161.273,2.3535,-3.2923
178,32,278,62,248,86,119.24882633654698,28.653097563788805,131.92254460057563,65.85590330410783,0.5742,5,59,1,4,5000,100,71.0,16.0,39.0,0.35,0.35,0.3,0.1,43.5641,0.3936,30.5283,39.9322,-0.6182,-0.7887
179,39,411,412,417,439,72.39403193741752,393.4285195559671,72.72716530445499,420.98574797729196,0.6593,5,59,1,4,5000,100,71.0,16.0,39.0,0.35,0.35,0.3,0.1,3.7447,0.0338,2.6673,406.7409,3.058,-9.7379
179,2,210,401,201,429,102.69536473857295,373.121963974248,103.06931789628217,402.42390585053465,0.4655,5,59,1,4,5000,100,71.0,16.0,39.0,0.35,0.35,0.3,0.1,4.1813,0.0378,2.9728,387.2194,-2.1676,-9.4721
179,42,524,320,546,349,50.65551165137951,365.9412521156914,50.85087633272928,402.318281960937,0.7412,5,59,1,4,5000,100,71.0,16.0,39.0,0.35,0.35,0.3,0.1,5.2402,0.0473,3.7136,383.2685,6.0842,-7.4488
179,44,381,163,387,178,54.764557879888415,154.26276284314372,56.02953122398048,170.01764614298128,0.6587,5,59,1,4,5000,100,71.0,16.0,39.0,0.35,0.35,0.3,0.1,5.3768,0.0486,3.8092,161.7575,2.3033,-3.3424
179,32,278,63,248,86,118.30075576600638,29.5296461204668,131.92254460057563,65.85590330410783,0.5268,5,59,1,4,5000,100,71.0,16.0,39.0,0.35,0.35,0.3,0.1,42.1468,0.3808,29.5366,40.7756,-0.626,-0.8094
180,39,411,414,417,441,72.48170543346328,395.3353007258522,72.80762193588444,422.89596829480416,0.6466,3,59,1,4,5000,100,71.0,16.0,39.0,0.35,0.35,0.3,0.1,3.7277,0.0337,2.6554,408.6515,3.058,-9.7882
180,2,209,407,204,428,102.64353022648785,379.1952003915661,102.68387033331462,400.7804885470349,0.7593,3,59,1,4,5000,100,71.0,16.0,39.0,0.35,0.35,0.3,0.1,3.0627,0.0277,2.1901,389.6892,-2.1439,-9.541
180,42,538,342,545,351,51.11183193671574,391.84308083721476,51.140478373632696,403.24310285484114,0.854,3,59,1,4,5000,100,71.0,16.0,39.0,0.35,0.35,0.3,0.1,1.5868,0.0143,1.1574,397.4614,6.2597,-7.765
181,39,411,417,417,444,72.6116408183276,398.19718733311015,72.92695283429123,425.76284478568584,0.6178,6,59,1,4,5000,100,71.0,16.0,39.0,0.35,0.35,0.3,0.1,3.7024,0.0335,2.6377,411.5189,3.0581,-9.8635
181,2,213,404,209,429,102.14805546118556,375.40644640176333,101.95493847479453,400.6906537467526,0.7124,6,59,1,4,5000,100,71.0,16.0,39.0,0.35,0.35,0.3,0.1,3.6055,0.0326,2.5699,387.6367,-2.0305,-9.5131
181,1,212,386,204,415,102.91065820503692,358.05167224857365,103.10526899021873,388.10823232701466,0.5925,6,59,1,4,5000,100,71.0,16.0,39.0,0.35,0.35,0.3,0.1,4.4579,0.0403,3.1663,372.4746,-2.1045,-9.1069
181,42,537,342,545,352,51.22582906442577,391.21605284037105,51.229454003021026,404.02227661355505,0.9091,6,59,1,4,5000,100,71.0,16.0,39.0,0.35,0.35,0.3,0.1,1.7822,0.0161,1.2941,397.5161,6.2468,-7.7772
181,43,199,205,192,225,118.96766064606402,192.02343606966312,118.00917670801385,212.94130646729863,0.6659,6,59,1,4,5000,100,71.0,16.0,39.0,0.35,0.35,0.3,0.1,5.7165,0.0517,4.0469,201.9421,-2.4152,-4.455
181,32,249,87,240,96,130.69553103949204,65.94694837519019,131.39153114743365,78.64477096412705,0.6054,6,59,1,4,5000,100,71.0,16.0,39.0,0.35,0.35,0.3,0.1,9.7188,0.0878,6.8473,71.7383,-1.1828,-1.3571
182,39,411,420,417,447,72.73972116356533,401.06109260310956,73.0446869479748,428.6315434029558,0.642,3,59,1,4,5000,100,71.0,16.0,39.0,0.35,0.35,0.3,0.1,3.6775,0.0332,2.6203,414.3882,3.0581,-9.9389
182,1,211,386,202,414,103.06653614265456,358.2764295903374,103.4267368912513,387.5938596004844,0.4729,3,59,1,4,5000,100,71.0,16.0,39.0,0.35,0.35,0.3,0.1,4.35,0.0393,3.0908,372.359,-2.1422,-9.0951
182,32,250,87,240,96,130.0302592718897,65.29931086925804,131.39153114743365,78.64477096412705,0.5597,3,59,1,4,5000,100,71.0,16.0,39.0,0.35,0.35,0.3,0.1,10.2604,0.0927,7.2262,71.3534,-1.1694,-1.356
183,2,222,402,217,429,100.85641334806225,371.6517186829626,100.83130564611415,399.1102604544263,0.9432,5,59,1,4,5000,100,71.0,16.0,39.0,0.35,0.35,0.3,0.1,3.9426,0.0356,2.8058,384.8919,-1.817,-9.4861
183,1,210,386,202,414,103.22221747865495,358.50383540486706,103.4267368912513,387.5938596004844,0.5945,5,59,1,4,5000,100,71.0,16.0,39.0,0.35,0.35,0.3,0.1,4.3149,0.039,3.0663,372.4817,-2.1548,-9.0953
183,42,523,320,537,341,50.77680548804768,365.3080891521566,51.13392783071985,390.43693472826055,0.6564,5,59,1,4,5000,100,71.0,16.0,39.0,0.35,0.35,0.3,0.1,3.6798,0.0333,2.6219,377.4547,5.9658,-7.357
183,43,203,202,197,221,118.34215444342134,187.47266467407988,117.30750352073856,207.07728026029315,0.6542,5,59,1,4,5000,100,71.0,16.0,39.0,0.35,0.35,0.3,0.1,5.499,0.0497,3.8947,196.7879,-2.3031,-4.3683
183,32,250,88,240,95,129.47245984834385,66.06814663663572,131.8778695378843,77.89736837660179,0.4717,5,59,1,4,5000,100,71.0,16.0,39.0,0.35,0.35,0.3,0.1,9.0934,0.0822,6.4097,71.4968,-1.1717,-1.3587
184,2,225,402,222,428,100.4015131537612,371.098369708087,100.15002825646549,397.2165656162895,0.8023,4,59,1,4,5000,100,71.0,16.0,39.0,0.35,0.35,0.3,0.1,3.7621,0.034,2.6795,383.7135,-1.717,-9.4746
184,1,210,385,201,414,103.25887218218068,357.5304182863327,103.57043438516149,387.82728114458376,0.5275,4,59,1,4,5000,100,71.0,16.0,39.0,0.35,0.35,0.3,0.1,4.4984,0.0406,3.1946,372.0631,-2.1671,-9.0816
184,32,250,88,240,95,129.47245984834385,66.06814663663572,131.8778695378843,77.89736837660179,0.472,4,59,1,4,5000,100,71.0,16.0,39.0,0.35,0.35,0.3,0.1,9.0934,0.0822,6.4097,71.4968,-1.1717,-1.3587
184,40,283,45,242,84,138.3664606634298,12.041594578792296,136.7714697400341,68.62215385719105,0.7489,4,59,1,4,5000,100,71.0,16.0,39.0,0.35,0.35,0.3,0.1,77.6274,0.7014,54.3619,20.488,-0.3761,-0.3506
185,39,410,427,416,455,73.16606917932084,407.4604275264041,73.47697245845153,436.0045871318328,0.5821,5,59,1,4,5000,100,71.0,16.0,39.0,0.35,0.35,0.3,0.1,3.7452,0.0338,2.6676,421.2495,3.0329,-10.1264
185,2,230,401,226,428,99.66640248303976,369.2424677633926,99.58109438348758,396.531209364408,0.9113,5,59,1,4,5000,100,71.0,16.0,39.0,0.35,0.35,0.3,0.1,3.9438,0.0356,2.8066,382.4006,-1.604,-9.461
185,1,209,385,200,413,103.41475430300575,357.76109346881196,103.74904898341931,387.09172039711723,0.5004,5,59,1,4,5000,100,71.0,16.0,39.0,0.35,0.35,0.3,0.1,4.3579,0.0394,3.0963,371.8489,-2.1923,-9.07
185,32,250,88,240,95,129.47245984834385,66.06814663663572,131.8778695378843,77.89736837660179,0.4719,5,59,1,4,5000,100,71.0,16.0,39.0,0.35,0.35,0.3,0.1,9.0934,0.0822,6.4097,71.4968,-1.1717,-1.3587
185,40,283,45,242,84,138.3664606634298,12.041594578792296,136.7714697400341,68.62215385719105,0.7286,5,59,1,4,5000,100,71.0,16.0,39.0,0.35,0.35,0.3,0.1,77.6274,0.7014,54.3619,20.488,-0.3761,-0.3506
186,39,410,430,416,457,73.2873814012836,410.33279176785277,73.55139187296018,437.92236754931804,0.6214,5,59,1,4,5000,100,71.0,16.0,39.0,0.35,0.35,0.3,0.1,3.5995,0.0325,2.5657,423.6789,3.0332,-10.19
186,2,234,401,230,428,99.05343866217378,368.59191526673504,99.01024695060175,395.8850843363513,0.9292,5,59,1,4,5000,100,71.0,16.0,39.0,0.35,0.35,0.3,0.1,3.9511,0.0357,2.8117,381.7513,-1.5037,-9.461
186,43,206,199,200,219,117.96223220437436,183.412104289766,116.81634684428693,203.93136100168604,0.6425,5,59,1,4,5000,100,71.0,16.0,39.0,0.35,0.35,0.3,0.1,5.8626,0.053,4.1492,193.1282,-2.2272,-4.3043
186,32,251,89,240,96,128.2544203525172,66.21933252457322,131.39153114743365,78.64477096412705,0.4238,5,59,1,4,5000,100,71.0,16.0,39.0,0.35,0.35,0.3,0.1,9.4924,0.0858,6.6889,71.8992,-1.1587,-1.383
186,40,286,56,287,70,107.52556837372288,19.924858845171276,98.61564818416412,33.37663853655727,0.6769,5,59,1,4,5000,100,71.0,16.0,39.0,0.35,0.35,0.3,0.1,27.9297,0.2524,19.5892,24.9533,-0.1296,-0.6126
187,2,238,401,234,428,98.43837797782393,367.98369529097346,98.43759016873376,395.27838291512984,0.9552,4,59,1,4,5000,100,71.0,16.0,39.0,0.35,0.35,0.3,0.1,3.9576,0.0358,2.8162,381.143,-1.4035,-9.4609
187,43,204,200,198,220,118.36360303094335,185.23768515072737,117.1878068642843,205.73040611440985,0.643,4,59,1,4,5000,100,71.0,16.0,39.0,0.35,0.35,0.3,0.1,5.8008,0.0524,4.1059,194.947,-2.2774,-4.3296
187,32,251,89,240,95,128.2544203525172,66.21933252457322,131.8778695378843,77.89736837660179,0.3815,4,59,1,4,5000,100,71.0,16.0,39.0,0.35,0.35,0.3,0.1,8.9677,0.081,6.3217,71.5852,-1.1598,-1.3718
187,40,287,55,289,69,105.52411099675426,18.681541692269406,95.35582504285519,32.14031735997639,0.6806,4,59,1,4,5000,100,71.0,16.0,39.0,0.35,0.35,0.3,0.1,29.3077,0.2648,20.5533,23.6288,-0.0937,-0.5855
188,2,242,400,239,426,97.84263076653511,366.427346141087,97.75859314022621,392.5939378034256,0.8861,5,59,1,4,5000,100,71.0,16.0,39.0,0.35,0.35,0.3,0.1,3.8152,0.0345,2.7166,379.0596,-1.2908,-9.4242
188,43,202,202,196,221,118.61045966596521,187.94946129212502,117.5528115767178,207.53794833716555,0.6501,5,59,1,4,5000,100,71.0,16.0,39.0,0.35,0.35,0.3,0.1,5.4814,0.0495,3.8825,197.2586,-2.3281,-4.3684
188,32,251,89,240,95,128.2544203525172,66.21933252457322,131.8778695378843,77.89736837660179,0.3816,5,59,1,4,5000,100,71.0,16.0,39.0,0.35,0.35,0.3,0.1,8.9677,0.081,6.3217,71.5852,-1.1598,-1.3718
188,45,283,45,242,84,138.3664606634298,12.041594578792296,136.7714697400341,68.62215385719105,0.7453,5,59,1,4,5000,100,71.0,16.0,39.0,0.35,0.35,0.3,0.1,77.6274,0.7014,54.3619,20.488,-0.3761,-0.3506
188,40,288,54,290,67,103.2405199151872,17.46424919657298,93.81407483429037,30.066592756745816,0.7094,5,59,1,4,5000,100,71.0,16.0,39.0,0.35,0.35,0.3,0.1,29.3428,0.2651,20.5779,22.0947,-0.0702,-0.55
189,2,245,399,243,425,97.39757321691896,365.03835414925925,97.19770362930176,391.0818328687744,0.7804,4,59,1,4,5000,100,71.0,16.0,39.0,0.35,0.35,0.3,0.1,3.8118,0.0344,2.7143,377.6116,-1.2031,-9.3991
189,43,201,203,194,223,118.73123473900813,189.30662957223657,117.78392641220928,210.23796041628637,0.6677,4,59,1,4,5000,100,71.0,16.0,39.0,0.35,0.35,0.3,0.1,5.7977,0.0524,4.1038,199.224,-2.365,-4.4046
189,32,251,89,241,95,128.2544203525172,66.21933252457322,131.32550047917036,77.23341245859851,0.4134,4,59,1,4,5000,100,71.0,16.0,39.0,0.35,0.35,0.3,0.1,8.497,0.0768,5.9924,71.3036,-1.1479,-1.3725
189,40,289,52,290,65,101.30993247402021,15.297058540778355,94.08561677997488,28.071337695236398,0.7685,4,59,1,4,5000,100,71.0,16.0,39.0,0.35,0.35,0.3,0.1,32.5979,0.2946,22.8554,19.8028,-0.0574,-0.4936
190,2,249,398,246,425,96.79270064450658,363.5519220138989,96.76123851003723,390.7172890978847,0.9183,4,59,1,4,5000,100,71.0,16.0,39.0,0.35,0.35,0.3,0.1,3.9858,0.036,2.836,376.6454,-1.1152,-9.3856
190,43,199,205,193,224,118.96766064606402,192.02343606966312,117.89727103094764,211.5892246783848,0.6378,4,59,1,4,5000,100,71.0,16.0,39.0,0.35,0.35,0.3,0.1,5.3649,0.0485,3.8009,201.3321,-2.4035,-4.4439
190,32,250,89,240,95,128.92754359279232,66.84309986827361,131.8778695378843,77.89736837660179,0.4195,4,59,1,4,5000,100,71.0,16.0,39.0,0.35,0.35,0.3,0.1,8.4521,0.0764,5.961,71.9481,-1.1729,-1.3726
190,40,290,56,284,59,96.00900595749452,19.1049731745428,109.98310652189998,23.40939982143925,0.2264,4,59,1,4,5000,100,71.0,16.0,39.0,0.35,0.35,0.3,0.1,11.2048,0.1012,7.887,21.0393,-0.1251,-0.5129
191,2,253,397,251,424,96.18293016594826,362.10633797270106,96.0475370744251,389.16577444580093,0.8382,3,59,1,4,5000,100,71.0,16.0,39.0,0.35,0.35,0.3,0.1,3.9861,0.036,2.8362,375.1487,-1.0025,-9.3605
191,32,250,90,241,95,128.39516450324604,67.62396025078685,131.32550047917036,77.23341245859851,0.3988,3,59,1,4,5000,100,71.0,16.0,39.0,0.35,0.35,0.3,0.1,7.3415,0.0663,5.1839,72.11,-1.1621,-1.387
191,40,290,55,284,59,96.3401917459099,18.110770276274835,109.98310652189998,23.40939982143925,0.2501,3,59,1,4,5000,100,71.0,16.0,39.0,0.35,0.35,0.3,0.1,14.1231,0.1276,9.9289,20.422,-0.1243,-0.4972
192,2,258,396,255,422,95.41020410975806,360.60643366418185,95.48948883431298,386.7738357231523,0.885,4,59,1,4,5000,100,71.0,16.0,39.0,0.35,0.35,0.3,0.1,3.8748,0.035,2.7583,373.232,-0.8897,-9.3236
192,1,205,384,195,411,104.07508805825506,357.7401291440478,104.53977156744266,386.3741709793759,0.4098,4,59,1,4,5000,100,71.0,16.0,39.0,0.35,0.35,0.3,0.1,4.2586,0.0385,3.0269,371.5062,-2.3053,-9.0331
192,43,197,206,190,226,119.34165470098029,193.87109119205988,118.35496178532405,214.76731594914529,0.6577,4,59,1,4,5000,100,71.0,16.0,39.0,0.35,0.35,0.3,0.1,5.6592,0.0511,4.0068,203.7849,-2.4654,-4.4803
192,32,251,90,241,95,127.72499504211075,67.00746227100382,131.32550047917036,77.23341245859851,0.3601,4,59,1,4,5000,100,71.0,16.0,39.0,0.35,0.35,0.3,0.1,7.8459,0.0709,5.5368,71.758,-1.1491,-1.3864
193,2,262,395,260,422,94.79013072236323,359.25478424093393,94.75132531526819,386.3275812053807,0.9116,3,59,1,4,5000,100,71.0,16.0,39.0,0.35,0.35,0.3,0.1,4.0185,0.0363,2.8589,372.2997,-0.7769,-9.3102
193,43,197,207,190,227,119.19748604606448,194.74342094150447,118.22877618136957,215.64786110694445,0.6613,3,59,1,4,5000,100,71.0,16.0,39.0,0.35,0.35,0.3,0.1,5.6372,0.0509,3.9915,204.6632,-2.4654,-4.5054
193,32,251,90,241,95,127.72499504211075,67.00746227100382,131.32550047917036,77.23341245859851,0.3641,3,59,1,4,5000,100,71.0,16.0,39.0,0.35,0.35,0.3,0.1,7.8459,0.0709,5.5368,71.758,-1.1491,-1.3864
194,2,265,394,264,421,94.32506043473846,358.0195525386847,94.17043652484212,385.01948002666046,0.8394,3,59,1,4,5000,100,71.0,16.0,39.0,0.35,0.35,0.3,0.1,4.0214,0.0363,2.8609,371.029,-0.6892,-9.2851
194,46,367,182,373,198,62.65012421993013,163.24827717314508,63.29277596456504,180.22763384120648,0.7857,3,59,1,4,5000,100,71.0,16.0,39.0,0.35,0.35,0.3,0.1,5.4708,0.0494,3.875,171.3183,1.9526,-3.8301
194,32,251,90,241,95,127.72499504211075,67.00746227100382,131.32550047917036,77.23341245859851,0.3649,3,59,1,4,5000,100,71.0,16.0,39.0,0.35,0.35,0.3,0.1,7.8459,0.0709,5.5368,71.758,-1.1491,-1.3864
195,2,269,393,267,420,93.69655615242831,356.74220383913087,93.73463532954264,383.8150596315887,0.9288,3,59,1,4,5000,100,71.0,16.0,39.0,0.35,0.35,0.3,0.1,4.0458,0.0366,2.8779,369.7838,-0.6015,-9.2599
195,46,366,182,371,197,62.96274155151661,162.7912774076056,63.72214330742918,178.44046626256053,0.7375,3,59,1,4,5000,100,71.0,16.0,39.0,0.35,0.35,0.3,0.1,5.0754,0.0459,3.5983,170.257,1.9157,-3.8189
195,32,251,90,241,95,127.72499504211075,67.00746227100382,131.32550047917036,77.23341245859851,0.367,3,59,1,4,5000,100,71.0,16.0,39.0,0.35,0.35,0.3,0.1,7.8459,0.0709,5.5368,71.758,-1.1491,-1.3864
196,2,271,393,270,419,93.37589517339116,356.61884414595926,93.29611597254633,382.632983418837,0.8972,4,59,1,4,5000,100,71.0,16.0,39.0,0.35,0.35,0.3,0.1,3.8944,0.0352,2.772,369.1682,-0.5389,-9.2483
196,43,193,210,186,230,119.78053516882619,199.32385707686876,118.77659411740092,220.19309707617992,0.6323,4,59,1,4,5000,100,71.0,16.0,39.0,0.35,0.35,0.3,0.1,5.5053,0.0497,3.8992,209.2394,-2.5659,-4.581
196,46,367,180,372,195,62.32408953997098,161.47445618425226,63.14557865948141,177.09884245810304,0.7406,4,59,1,4,5000,100,71.0,16.0,39.0,0.35,0.35,0.3,0.1,5.1071,0.0461,3.6206,168.9261,1.9407,-3.7687
196,32,251,90,241,95,127.72499504211075,67.00746227100382,131.32550047917036,77.23341245859851,0.3675,4,59,1,4,5000,100,71.0,16.0,39.0,0.35,0.35,0.3,0.1,7.8459,0.0709,5.5368,71.758,-1.1491,-1.3864
197,2,271,394,269,420,93.3664606634298,357.6171136844544,93.43661156748,383.6899790195204,0.9131,4,59,1,4,5000,100,71.0,16.0,39.0,0.35,0.35,0.3,0.1,3.8924,0.0352,2.7706,370.195,-0.5514,-9.2733
197,43,191,211,184,231,120.13344104581552,201.1889659002203,119.10473162741869,222.03603311174518,0.6061,4,59,1,4,5000,100,71.0,16.0,39.0,0.35,0.35,0.3,0.1,5.4513,0.0493,3.8614,211.0991,-2.6161,-4.6063
197,46,367,178,373,194,61.99082329198616,159.70597985047397,62.70972452386276,176.6635219845908,0.7771,4,59,1,4,5000,100,71.0,16.0,39.0,0.35,0.35,0.3,0.1,5.5792,0.0504,3.9509,167.7573,1.9524,-3.7296
197,32,251,90,241,95,127.72499504211075,67.00746227100382,131.32550047917036,77.23341245859851,0.3674,4,59,1,4,5000,100,71.0,16.0,39.0,0.35,0.35,0.3,0.1,7.8459,0.0709,5.5368,71.758,-1.1491,-1.3864
198,2,271,395,270,421,93.35707867898556,358.6153928653928,93.27898625885443,384.6296920415791,0.8945,3,59,1,4,5000,100,71.0,16.0,39.0,0.35,0.35,0.3,0.1,3.8735,0.035,2.7574,371.1673,-0.5389,-9.2985
198,46,368,177,373,192,61.50436138175502,159.29846201391902,62.409302746956854,174.88853593074649,0.7274,3,59,1,4,5000,100,71.0,16.0,39.0,0.35,0.35,0.3,0.1,5.1628,0.0467,3.6595,166.7299,1.9657,-3.6934
198,45,287,48,251,90,114.44395478041653,12.083045973594572,127.72499504211075,67.00746227100382,0.5632,3,59,1,4,5000,100,71.0,16.0,39.0,0.35,0.35,0.3,0.1,76.8542,0.6945,53.8209,20.4741,-0.2999,-0.4172
199,2,272,395,271,422,93.19755777385085,358.55822400274127,93.1221304621157,385.5723019097715,0.8825,3,59,1,4,5000,100,71.0,16.0,39.0,0.35,0.35,0.3,0.1,4.0176,0.0363,2.8582,371.5749,-0.5138,-9.3102
199,46,368,175,374,190,61.15733986458794,157.54364474646383,61.811018925426225,173.5885940953495,0.7878,3,59,1,4,5000,100,71.0,16.0,39.0,0.35,0.35,0.3,0.1,5.3625,0.0485,3.7992,165.1774,1.9778,-3.6427
199,45,286,47,242,95,120.96375653207352,11.661903789690601,130.76360520094119,76.57675887630658,0.4467,3,59,1,4,5000,100,71.0,16.0,39.0,0.35,0.35,0.3,0.1,81.4164,0.7357,57.0129,20.2413,-0.3229,-0.3921
200,2,275,397,274,423,92.70362558681147,360.40116536992497,92.66988976200763,386.4194612076364,0.9294,4,59,1,4,5000,100,71.0,16.0,39.0,0.35,0.35,0.3,0.1,3.8556,0.0348,2.7449,372.9571,-0.4386,-9.3487
200,43,185,214,177,235,121.15379158817346,206.82843131445927,120.14836603200096,228.97379762758882,0.622,4,59,1,4,5000,100,71.0,16.0,39.0,0.35,0.35,0.3,0.1,5.6237,0.0508,3.982,217.3385,-2.7784,-4.6932
200,46,369,174,374,189,60.66210634532605,157.15597347857954,61.65430637692334,172.70784579746226,0.7093,4,59,1,4,5000,100,71.0,16.0,39.0,0.35,0.35,0.3,0.1,5.2176,0.0471,3.6979,164.5653,1.9906,-3.6182
200,32,251,91,242,95,127.20792192178156,67.80117993073571,130.76360520094119,76.57675887630658,0.341,4,59,1,4,5000,100,71.0,16.0,39.0,0.35,0.35,0.3,0.1,6.7267,0.0608,4.7537,71.9223,-1.1381,-1.4008
201,2,278,398,278,425,92.22088404822361,361.27136615015587,92.06647698564423,388.25249516261965,0.8531,4,59,1,4,5000,100,71.0,16.0,39.0,0.35,0.35,0.3,0.1,3.9838,0.036,2.8346,374.2763,-0.3509,-9.3856
201,43,183,216,175,236,121.3388462930945,209.57576195734086,120.45296073791107,230.8462691922917,0.6364,4,59,1,4,5000,100,71.0,16.0,39.0,0.35,0.35,0.3,0.1,5.3448,0.0483,3.7869,219.6974,-2.8291,-4.7319
201,46,369,173,374,188,60.48248171404833,156.28499608087785,61.495988478188565,171.82840277439584,0.7002,4,59,1,4,5000,100,71.0,16.0,39.0,0.35,0.35,0.3,0.1,5.2426,0.0474,3.7154,163.6885,1.9906,-3.5931
201,32,251,91,242,95,127.20792192178156,67.80117993073571,130.76360520094119,76.57675887630658,0.341,4,59,1,4,5000,100,71.0,16.0,39.0,0.35,0.35,0.3,0.1,6.7267,0.0608,4.7537,71.9223,-1.1381,-1.4008
202,2,282,401,281,428,91.57366405410257,364.1373367288776,91.61147667252456,391.15470085376705,0.9452,5,59,1,4,5000,100,71.0,16.0,39.0,0.35,0.35,0.3,0.1,3.9587,0.0358,2.817,377.1628,-0.2632,-9.4609
202,43,181,218,173,238,121.5191101850672,212.3252222417299,120.62722131553815,233.58510226467783,0.6298,5,59,1,4,5000,100,71.0,16.0,39.0,0.35,0.35,0.3,0.1,5.2764,0.0477,3.739,222.4484,-2.8793,-4.7822
202,46,369,172,375,187,60.300845572449994,155.4155719353759,61.04278240121176,171.4322023425004,0.7893,5,59,1,4,5000,100,71.0,16.0,39.0,0.35,0.35,0.3,0.1,5.4232,0.049,3.8417,163.0315,2.0027,-3.5674
202,32,252,91,242,95,126.52885536698517,67.20119046564577,130.76360520094119,76.57675887630658,0.307,5,59,1,4,5000,100,71.0,16.0,39.0,0.35,0.35,0.3,0.1,7.2166,0.0652,5.0965,71.5833,-1.1252,-1.4002
202,45,283,46,242,83,135.0,12.727922061357855,137.38594403038883,67.94115100585212,0.6078,5,59,1,4,5000,100,71.0,16.0,39.0,0.35,0.35,0.3,0.1,75.7465,0.6844,53.0458,21.4394,-0.3935,-0.3669
203,2,284,403,284,430,91.25216737520385,366.0874212534487,91.16616524124967,393.0814165029937,0.8932,4,59,1,4,5000,100,71.0,16.0,39.0,0.35,0.35,0.3,0.1,3.9351,0.0356,2.8005,379.1045,-0.2005,-9.5112
203,47,537,342,555,368,51.22582906442577,391.21605284037105,51.53068310743027,422.7647099747092,0.5654,4,59,1,4,5000,100,71.0,16.0,39.0,0.35,0.35,0.3,0.1,4.2894,0.0388,3.0484,406.379,6.3643,-7.968
203,46,370,170,375,186,59.60981942972714,154.18495387034366,60.880138777075274,170.55790805471318,0.6634,4,59,1,4,5000,100,71.0,16.0,39.0,0.35,0.35,0.3,0.1,5.5797,0.0504,3.9512,161.9587,2.0151,-3.5295
203,45,282,45,252,92,141.34019174590992,12.806248474865697,126.02737338510362,68.00735254367721,0.5054,4,59,1,4,5000,100,71.0,16.0,39.0,0.35,0.35,0.3,0.1,75.5944,0.6831,52.9394,21.5538,-0.3362,-0.4237
204,2,287,405,286,432,90.77842736685267,368.03396582380816,90.87024871080878,395.0455669919611,0.8943,4,59,1,4,5000,100,71.0,16.0,39.0,0.35,0.35,0.3,0.1,3.9175,0.0354,2.7882,381.0617,-0.1378,-9.5614
204,46,370,170,375,185,59.60981942972714,154.18495387034366,60.715820451456885,169.6850022836432,0.6852,4,59,1,4,5000,100,71.0,16.0,39.0,0.35,0.35,0.3,0.1,5.2965,0.0479,3.7531,161.5641,2.0155,-3.5178
204,48,100,109,58,117,159.44395478041653,205.05608988762074,161.12545024179667,247.2973918180295,0.5955,4,59,1,4,5000,100,71.0,16.0,39.0,0.35,0.35,0.3,0.1,10.3344,0.0934,7.278,224.2045,-5.299,-1.8907
204,45,281,45,242,83,143.9726266148964,13.601470508735444,137.38594403038883,67.94115100585212,0.5079,4,59,1,4,5000,100,71.0,16.0,39.0,0.35,0.35,0.3,0.1,73.7495,0.6664,51.6485,22.6654,-0.4259,-0.377
205,2,289,408,289,435,90.4632980923418,371.01212918178294,90.43186955600605,398.0113063720678,0.9407,5,59,1,4,5000,100,71.0,16.0,39.0,0.35,0.35,0.3,0.1,3.8854,0.0351,2.7657,384.0378,-0.0752,-9.6368
205,47,537,342,558,367,51.22582906442577,391.21605284037105,51.12908076496802,423.8584669438609,0.7569,5,59,1,4,5000,100,71.0,16.0,39.0,0.35,0.35,0.3,0.1,4.4321,0.04,3.1483,406.8836,6.4013,-7.9546
205,46,370,169,376,184,59.42077312751099,153.32318807016765,60.25511870305778,169.30741271426953,0.7668,5,59,1,4,5000,100,71.0,16.0,39.0,0.35,0.35,0.3,0.1,5.4829,0.0495,3.8835,160.9193,2.0277,-3.4921
205,48,100,109,58,119,159.44395478041653,205.05608988762074,160.68814343564736,247.95160818191923,0.683,5,59,1,4,5000,100,71.0,16.0,39.0,0.35,0.35,0.3,0.1,10.4793,0.0947,7.3794,224.473,-5.2974,-1.915
205,45,280,45,243,83,146.30993247402023,14.422205101855956,136.80873932249207,67.20863039818622,0.4361,5,59,1,4,5000,100,71.0,16.0,39.0,0.35,0.35,0.3,0.1,71.564,0.6466,50.1194,23.7483,-0.4462,-0.395
206,2,291,411,290,437,90.15319690634816,374.0013368960063,90.28647651027708,400.0049999687504,0.8713,5,59,1,4,5000,100,71.0,16.0,39.0,0.35,0.35,0.3,0.1,3.7181,0.0336,2.6486,386.5664,-0.0376,-9.7005
206,47,524,320,559,366,50.65551165137951,365.9412521156914,50.93893777848451,423.70980635335786,0.7495,5,59,1,4,5000,100,71.0,16.0,39.0,0.35,0.35,0.3,0.1,8.0962,0.0732,5.712,392.7124,6.2275,-7.6377
206,46,370,168,376,183,59.22959182121342,152.46311029229332,60.08635400846512,168.43990026119107,0.7551,5,59,1,4,5000,100,71.0,16.0,39.0,0.35,0.35,0.3,0.1,5.5099,0.0498,3.9024,160.0538,2.0276,-3.467
206,48,100,109,58,121,159.44395478041653,205.05608988762074,160.25316339457387,248.62019226120793,0.7627,5,59,1,4,5000,100,71.0,16.0,39.0,0.35,0.35,0.3,0.1,10.627,0.096,7.4827,224.7465,-5.2959,-1.9393
206,45,279,45,243,83,148.39249775375112,15.264337522473747,136.80873932249207,67.20863039818622,0.3833,5,59,1,4,5000,100,71.0,16.0,39.0,0.35,0.35,0.3,0.1,69.7032,0.6298,48.8174,24.8783,-0.4708,-0.41
207,2,291,412,290,440,90.15278838320384,375.00133333096295,90.28434396594245,403.00496274859944,0.8577,5,59,1,4,5000,100,71.0,16.0,39.0,0.35,0.35,0.3,0.1,3.9834,0.036,2.8343,388.4992,-0.0376,-9.749
207,47,524,320,560,364,50.65551165137951,365.9412521156914,50.662918178030615,422.79191099168395,0.9096,5,59,1,4,5000,100,71.0,16.0,39.0,0.35,0.35,0.3,0.1,7.9769,0.0721,5.6285,392.3177,6.2409,-7.6139
207,43,173,228,164,249,121.92441890091011,225.0377746068424,121.12247019679201,247.6449070746257,0.6602,5,59,1,4,5000,100,71.0,16.0,39.0,0.35,0.35,0.3,0.1,5.293,0.0478,3.7506,235.8007,-3.0921,-5.045
207,46,370,166,376,181,58.840695491655616,150.74813431681335,59.743562836470744,166.70932787339765,0.7518,5,59,1,4,5000,100,71.0,16.0,39.0,0.35,0.35,0.3,0.1,5.5642,0.0503,3.9404,158.3275,2.0275,-3.4168
207,48,100,110,59,122,159.18277924689008,205.4093474017188,159.95768325510636,248.02016047087784,0.7726,5,59,1,4,5000,100,71.0,16.0,39.0,0.35,0.35,0.3,0.1,10.4001,0.094,7.3239,224.7126,-5.2855,-1.965
208,2,289,413,289,440,90.45713747666936,376.0119678946403,90.42651157211428,403.0111660984097,0.9351,4,59,1,4,5000,100,71.0,16.0,39.0,0.35,0.35,0.3,0.1,3.8355,0.0347,2.7308,389.0437,-0.0752,-9.7624
208,47,524,320,561,363,50.65551165137951,365.9412521156914,50.47214029616437,422.654705403832,0.9176,4,59,1,4,5000,100,71.0,16.0,39.0,0.35,0.35,0.3,0.1,7.959,0.0719,5.616,392.2586,6.2536,-7.6016
208,46,370,164,375,179,58.44286765683037,149.04026301640775,59.693413370491236,164.47796204963143,0.6717,4,59,1,4,5000,100,71.0,16.0,39.0,0.35,0.35,0.3,0.1,5.4494,0.0492,3.86,156.379,2.0153,-3.3672
208,48,100,110,59,124,159.18277924689008,205.4093474017188,159.52484288599032,248.71268564349506,0.8399,4,59,1,4,5000,100,71.0,16.0,39.0,0.35,0.35,0.3,0.1,10.553,0.0954,7.4309,224.9964,-5.284,-1.9893
209,2,288,412,288,439,90.61113180443652,375.02133272655306,90.57008844499889,402.01990000496244,0.9402,5,59,1,4,5000,100,71.0,16.0,39.0,0.35,0.35,0.3,0.1,3.8452,0.0347,2.7376,388.0516,-0.1003,-9.7373
209,47,523,320,562,361,50.77680548804768,365.3080891521566,50.19442890773481,421.75348249895933,0.7549,5,59,1,4,5000,100,71.0,16.0,39.0,0.35,0.35,0.3,0.1,7.9368,0.0717,5.6004,391.5067,6.2538,-7.577
209,43,170,232,161,253,122.03178679124352,230.0195643852931,121.23603585145271,252.62026838715852,0.6459,5,59,1,4,5000,100,71.0,16.0,39.0,0.35,0.35,0.3,0.1,5.1823,0.0468,3.6732,240.7908,-3.1675,-5.1457
209,46,370,162,376,177,58.03583677006628,147.33974345029924,59.03624346792648,163.2666530556684,0.7321,5,59,1,4,5000,100,71.0,16.0,39.0,0.35,0.35,0.3,0.1,5.6748,0.0513,4.0177,154.8949,2.0274,-3.3164
209,48,101,110,60,125,159.08319619665727,204.47493733951845,159.22774531795417,248.12899870833317,0.8782,5,59,1,4,5000,100,71.0,16.0,39.0,0.35,0.35,0.3,0.1,10.6741,0.0965,7.5157,224.1967,-5.258,-2.0013
210,2,287,411,287,439,90.76594072717447,374.03342096662965,90.71259732899665,402.031093324882,0.9336,4,59,1,4,5000,100,71.0,16.0,39.0,0.35,0.35,0.3,0.1,3.9926,0.0361,2.8407,387.5272,-0.1253,-9.7238
210,43,168,234,159,255,122.18801940944505,232.7767170487633,121.38702188438883,255.36836139193124,0.6335,4,59,1,4,5000,100,71.0,16.0,39.0,0.35,0.35,0.3,0.1,5.1218,0.0463,3.6308,243.5498,-3.2178,-5.196
210,46,372,160,377,175,56.95976222193078,146.72763884149435,58.36933858786883,162.077142126828,0.647,4,59,1,4,5000,100,71.0,16.0,39.0,0.35,0.35,0.3,0.1,5.5009,0.0497,3.8961,154.0209,2.0653,-3.2669
210,48,101,111,60,127,158.82191075803874,204.83407919582132,158.79718135619035,248.8453334905037,0.8935,4,59,1,4,5000,100,71.0,16.0,39.0,0.35,0.35,0.3,0.1,10.736,0.097,7.559,224.7049,-5.2575,-2.0384
211,2,285,410,285,438,91.07512971059701,373.06567786383135,91.00007412812272,401.06109260310956,0.9054,2,59,1,4,5000,100,71.0,16.0,39.0,0.35,0.35,0.3,0.1,4.0022,0.0362,2.8475,386.5572,-0.1754,-9.6987
211,48,101,111,60,129,158.82191075803874,204.83407919582132,158.3691131634821,249.57563983690395,0.8112,2,59,1,4,5000,100,71.0,16.0,39.0,0.35,0.35,0.3,0.1,10.8966,0.0985,7.6713,225.0022,-5.256,-2.0626
212,2,284,410,284,437,91.22867552801361,373.08578102093355,91.1457628381751,400.0799920015996,0.8817,2,59,1,4,5000,100,71.0,16.0,39.0,0.35,0.35,0.3,0.1,3.8639,0.0349,2.7507,386.1117,-0.2005,-9.6871
212,48,101,111,60,130,158.82191075803874,204.83407919582132,158.15602307756248,249.94599416673995,0.7796,2,59,1,4,5000,100,71.0,16.0,39.0,0.35,0.35,0.3,0.1,10.9778,0.0992,7.7282,225.1526,-5.2553,-2.0748
213,2,283,409,282,436,91.38591785081219,372.1088550411022,91.43568389734173,399.1252936109161,0.8875,3,59,1,4,5000,100,71.0,16.0,39.0,0.35,0.35,0.3,0.1,3.8768,0.035,2.7597,385.1439,-0.2381,-9.6619
213,46,378,155,384,170,53.91492695714787,146.01369798755184,55.327253890194285,161.7188919081503,0.6564,3,59,1,4,5000,100,71.0,16.0,39.0,0.35,0.35,0.3,0.1,5.648,0.051,3.999,153.4655,2.2277,-3.1413
213,48,101,111,61,132,158.82191075803874,204.83407919582132,157.6448195542644,249.77189593707294,0.7008,3,59,1,4,5000,100,71.0,16.0,39.0,0.35,0.35,0.3,0.1,10.9396,0.0989,7.7015,225.0819,-5.2434,-2.0998
214,2,282,406,281,434,91.55235119816635,369.1354764852601,91.58713441372275,397.1523637094459,0.9179,3,59,1,4,5000,100,71.0,16.0,39.0,0.35,0.35,0.3,0.1,4.0463,0.0366,2.8783,382.6317,-0.2631,-9.5982
214,46,380,154,386,168,53.05182948001702,146.40013661195812,54.33839497623599,161.23585209251695,0.6796,3,59,1,4,5000,100,71.0,16.0,39.0,0.35,0.35,0.3,0.1,5.337,0.0482,3.7814,153.4603,2.2784,-3.1046
214,48,101,112,61,133,158.56154534777102,205.19746587129188,157.43299092212538,250.15395259719563,0.6956,3,59,1,4,5000,100,71.0,16.0,39.0,0.35,0.35,0.3,0.1,10.9263,0.0987,7.6921,225.4564,-5.2435,-2.1247
215,2,282,404,280,430,91.56080670447851,367.1362145035545,91.74894604455424,393.1831634238679,0.8136,4,59,1,4,5000,100,71.0,16.0,39.0,0.35,0.35,0.3,0.1,3.7913,0.0343,2.6999,379.7135,-0.2757,-9.5246
215,46,383,153,389,167,51.88642733143199,147.4347313220328,53.27139868797444,162.2004932174992,0.6301,4,59,1,4,5000,100,71.0,16.0,39.0,0.35,0.35,0.3,0.1,5.2775,0.0477,3.7398,154.4655,2.3537,-3.0798
215,48,101,112,62,135,158.56154534777102,205.19746587129188,156.92177859395915,250.0079998720041,0.6074,4,59,1,4,5000,100,71.0,16.0,39.0,0.35,0.35,0.3,0.1,10.8943,0.0984,7.6697,225.3972,-5.2317,-2.1498
215,45,282,59,251,93,114.44395478041653,24.166091947189145,126.20945681718607,69.40461079784254,0.3505,4,59,1,4,5000,100,71.0,16.0,39.0,0.35,0.35,0.3,0.1,53.5051,0.4835,37.4838,35.8496,-0.4923,-0.7529
216,2,281,402,280,429,91.72619964881765,365.1657158058516,91.75340486007154,392.1836304589981,0.9439,1,59,1,4,5000,100,71.0,16.0,39.0,0.35,0.35,0.3,0.1,3.948,0.0357,2.8096,378.1928,-0.2882,-9.486
217,2,281,400,280,427,91.73570458892839,363.16662842282193,91.76239102366053,390.1845717093386,0.9297,3,59,1,4,5000,100,71.0,16.0,39.0,0.35,0.35,0.3,0.1,3.969,0.0359,2.8242,376.1911,-0.2882,-9.4358
217,46,388,152,395,166,50.14545816793882,149.80320423809366,51.394397765227595,165.07574019219177,0.6646,3,59,1,4,5000,100,71.0,16.0,39.0,0.35,0.35,0.3,0.1,5.3678,0.0485,3.8029,157.0691,2.4911,-3.0545
217,48,101,112,72,118,158.56154534777102,205.19746587129188,159.7872104611145,234.43762496664223,0.5659,3,59,1,4,5000,100,71.0,16.0,39.0,0.35,0.35,0.3,0.1,7.3606,0.0665,5.1973,218.8452,-5.1343,-1.9488
218,2,282,397,281,424,91.59114027119459,360.1388621073821,91.62812384316624,387.15629918677547,0.9196,3,59,1,4,5000,100,71.0,16.0,39.0,0.35,0.35,0.3,0.1,4.0011,0.0362,2.8467,373.1592,-0.2631,-9.3604
218,49,92,131,63,140,154.82647547546983,220.9886874932742,155.78265885471396,251.09759058979438,0.6265,3,59,1,4,5000,100,71.0,16.0,39.0,0.35,0.35,0.3,0.1,7.0583,0.0638,4.9858,235.083,-5.361,-2.4618
218,48,101,112,73,120,158.56154534777102,205.19746587129188,159.24352058724526,234.2007685726074,0.6909,3,59,1,4,5000,100,71.0,16.0,39.0,0.35,0.35,0.3,0.1,7.3049,0.066,5.1583,218.7419,-5.122,-1.9738
219,2,284,395,284,422,91.28013955960492,358.0893743187586,91.19039034460853,385.0831079130841,0.9012,4,59,1,4,5000,100,71.0,16.0,39.0,0.35,0.35,0.3,0.1,4.0198,0.0363,2.8597,371.096,-0.2005,-9.3102
219,43,151,253,141,275,123.13560954871888,257.9476691113917,122.3932388974334,281.8598942737331,0.6119,4,59,1,4,5000,100,71.0,16.0,39.0,0.35,0.35,0.3,0.1,4.9024,0.0443,3.4773,269.3742,-3.6566,-5.6853
219,49,92,132,64,142,154.59228189105156,221.41589825484527,155.27268561330987,251.01593574910737,0.6956,4,59,1,4,5000,100,71.0,16.0,39.0,0.35,0.35,0.3,0.1,6.9339,0.0627,4.8987,235.2886,-5.3492,-2.4996
219,48,101,113,74,121,158.30210581116094,205.56507485465522,158.92727338004946,233.62362894193728,0.6821,4,59,1,4,5000,100,71.0,16.0,39.0,0.35,0.35,0.3,0.1,7.0703,0.0639,4.9942,218.6981,-5.1109,-1.9994
220,2,287,394,286,420,90.80240943463896,357.03501228871096,90.89751059655912,383.0469945058961,0.9033,3,59,1,4,5000,100,71.0,16.0,39.0,0.35,0.35,0.3,0.1,3.8897,0.0351,2.7688,369.5839,-0.1378,-9.2734
220,49,92,132,64,143,154.59228189105156,221.41589825484527,155.06570489742344,251.4358765172544,0.7474,3,59,1,4,5000,100,71.0,16.0,39.0,0.35,0.35,0.3,0.1,7.0261,0.0635,4.9632,235.4729,-5.3485,-2.5118
220,48,100,113,74,123,158.40468955103233,206.49455198624491,158.4709931181609,234.35016535091245,0.8325,3,59,1,4,5000,100,71.0,16.0,39.0,0.35,0.35,0.3,0.1,6.9928,0.0632,4.94,219.5423,-5.1238,-2.0245
221,2,290,393,289,420,90.32188301539873,356.0056179332006,90.44878282852889,383.01174916704576,0.8656,4,59,1,4,5000,100,71.0,16.0,39.0,0.35,0.35,0.3,0.1,4.0442,0.0365,2.8768,369.0152,-0.0627,-9.2599
221,49,92,132,65,145,154.59228189105156,221.41589825484527,154.55625328848876,251.38217916153087,0.8817,4,59,1,4,5000,100,71.0,16.0,39.0,0.35,0.35,0.3,0.1,7.0143,0.0634,4.955,235.4494,-5.3361,-2.5368
221,48,100,113,74,125,158.40468955103233,206.49455198624491,158.01756179688138,235.0914715594762,0.7669,4,59,1,4,5000,100,71.0,16.0,39.0,0.35,0.35,0.3,0.1,7.1669,0.0648,5.0617,219.867,-5.1227,-2.0491
221,45,276,46,243,83,150.64224645720873,18.35755975068582,136.80873932249207,67.20863039818622,0.3158,4,59,1,4,5000,100,71.0,16.0,39.0,0.35,0.35,0.3,0.1,63.1827,0.5709,44.2551,28.8382,-0.5524,-0.4674
222,2,292,394,292,420,90.0,357.0,90.0,383.0,0.958,4,59,1,4,5000,100,71.0,16.0,39.0,0.35,0.35,0.3,0.1,3.8884,0.0351,2.7678,369.5432,0.0,-9.2734
222,49,92,132,66,147,154.59228189105156,221.41589825484527,154.04662429763582,251.3483638299641,0.7322,4,59,1,4,5000,100,71.0,16.0,39.0,0.35,0.35,0.3,0.1,7.0069,0.0633,4.9498,235.4346,-5.3237,-2.5619
222,48,100,113,75,126,158.40468955103233,206.49455198624491,157.69959000722625,234.54210709380095,0.6678,4,59,1,4,5000,100,71.0,16.0,39.0,0.35,0.35,0.3,0.1,7.038,0.0636,4.9715,219.6265,-5.1111,-2.0619
222,45,276,46,243,83,150.64224645720873,18.35755975068582,136.80873932249207,67.20863039818622,0.3145,4,59,1,4,5000,100,71.0,16.0,39.0,0.35,0.35,0.3,0.1,63.1827,0.5709,44.2551,28.8382,-0.5524,-0.4674
223,2,295,396,295,423,89.52121632970473,359.01253460011674,89.55470497991486,386.0116578550446,0.9466,5,59,1,4,5000,100,71.0,16.0,39.0,0.35,0.35,0.3,0.1,4.0106,0.0362,2.8533,372.0229,0.0752,-9.3353
223,50,524,321,538,342,50.75456533110219,366.7151483099655,51.11183193671574,391.84308083721476,0.7191,5,59,1,4,5000,100,71.0,16.0,39.0,0.35,0.35,0.3,0.1,3.666,0.0331,2.6122,378.8629,5.9909,-7.3821
223,49,91,132,66,148,154.70285766141274,222.31958978011812,153.84201678371176,251.7876089087785,0.6881,5,59,1,4,5000,100,71.0,16.0,39.0,0.35,0.35,0.3,0.1,6.8786,0.0622,4.86,236.1378,-5.337,-2.5748
223,48,100,113,76,128,158.40468955103233,206.49455198624491,157.15448825198828,234.38643305447522,0.5837,5,59,1,4,5000,100,71.0,16.0,39.0,0.35,0.35,0.3,0.1,7.0014,0.0633,4.9459,219.5582,-5.099,-2.0871
223,45,276,54,243,83,133.26429541107163,23.345235059857504,136.80873932249207,67.20863039818622,0.5795,5,59,1,4,5000,100,71.0,16.0,39.0,0.35,0.35,0.3,0.1,53.607,0.4844,37.5552,34.6534,-0.6244,-0.6052
224,2,298,399,298,426,89.05043314356419,362.04972034238614,89.11633054220702,389.0462697417879,0.9095,5,59,1,4,5000,100,71.0,16.0,39.0,0.35,0.35,0.3,0.1,3.9778,0.0359,2.8304,375.0628,0.1504,-9.4107
224,50,524,321,538,342,50.75456533110219,366.7151483099655,51.11183193671574,391.84308083721476,0.6882,5,59,1,4,5000,100,71.0,16.0,39.0,0.35,0.35,0.3,0.1,3.666,0.0331,2.6122,378.8629,5.9909,-7.3821
224,51,555,312,570,331,46.27776090762858,380.5180679021694,46.60226134627097,404.623281584241,0.4185,5,59,1,4,5000,100,71.0,16.0,39.0,0.35,0.35,0.3,0.1,3.3977,0.0307,2.4245,392.2006,6.7816,-7.1326
224,49,91,133,66,150,154.47030200946696,222.74873737015884,153.434948822922,252.67568145747623,0.6075,5,59,1,4,5000,100,71.0,16.0,39.0,0.35,0.35,0.3,0.1,6.9664,0.0629,4.9214,236.7703,-5.3366,-2.612
224,45,276,55,248,99,131.63353933657018,24.08318915758459,125.36246188706906,76.02631123499285,0.6112,5,59,1,4,5000,100,71.0,16.0,39.0,0.35,0.35,0.3,0.1,57.4221,0.5189,40.2245,36.5791,-0.5508,-0.7343
225,2,299,402,298,429,88.90131151682924,365.0671171168392,89.12309225856936,392.04591567825315,0.7567,3,59,1,4,5000,100,71.0,16.0,39.0,0.35,0.35,0.3,0.1,3.9436,0.0356,2.8064,378.0758,0.1629,-9.4861
225,50,524,321,538,342,50.75456533110219,366.7151483099655,51.11183193671574,391.84308083721476,0.6882,3,59,1,4,5000,100,71.0,16.0,39.0,0.35,0.35,0.3,0.1,3.666,0.0331,2.6122,378.8629,5.9909,-7.3821
225,45,276,55,248,97,131.63353933657018,24.08318915758459,126.2538377374448,74.4043009509531,0.6217,3,59,1,4,5000,100,71.0,16.0,39.0,0.35,0.35,0.3,0.1,56.5452,0.5109,39.611,36.3882,-0.5567,-0.7238
226,2,300,405,298,432,88.75463573323165,368.0869462504749,89.12975128919122,395.0455669919611,0.627,3,59,1,4,5000,100,71.0,16.0,39.0,0.35,0.35,0.3,0.1,3.9095,0.0353,2.7826,381.0901,0.1754,-9.5615
226,51,555,307,570,325,45.7524341462387,376.9204160031664,46.012187613982455,400.2848985410267,0.4798,3,59,1,4,5000,100,71.0,16.0,39.0,0.35,0.35,0.3,0.1,3.327,0.0301,2.375,388.2515,6.7818,-6.9949
226,45,276,55,247,99,131.63353933657018,24.08318915758459,125.9723870492849,76.60939890117922,0.6225,3,59,1,4,5000,100,71.0,16.0,39.0,0.35,0.35,0.3,0.1,57.7305,0.5216,40.4403,36.6462,-0.5576,-0.7313
227,2,299,408,299,436,88.91907581333932,371.06603185956,88.99491399474583,399.06139878469827,0.8945,3,59,1,4,5000,100,71.0,16.0,39.0,0.35,0.35,0.3,0.1,4.023,0.0364,2.862,384.5549,0.1754,-9.6485
227,45,276,56,247,99,130.10090754621226,24.839484696748443,125.9723870492849,76.60939890117922,0.6652,3,59,1,4,5000,100,71.0,16.0,39.0,0.35,0.35,0.3,0.1,56.4751,0.5103,39.5619,37.5152,-0.5663,-0.752
227,52,437,30,443,30,357.23614262908745,145.16886718577092,357.34580448659335,151.16216457830973,0.7742,3,59,1,4,5000,100,71.0,16.0,39.0,0.35,0.35,0.3,0.1,2.2383,0.0202,1.6133,148.1049,3.7124,0.1756
228,2,297,412,298,442,89.23610153907,375.0333318519835,89.15123572844642,405.0444420060594,0.8892,3,59,1,4,5000,100,71.0,16.0,39.0,0.35,0.35,0.3,0.1,4.2577,0.0385,3.0262,389.4616,0.1378,-9.7722
228,45,277,57,246,99,126.86989764584402,25.0,126.57303097851934,77.20103626247513,0.7584,3,59,1,4,5000,100,71.0,16.0,39.0,0.35,0.35,0.3,0.1,56.5263,0.5108,39.5977,37.7692,-0.5657,-0.7604
228,52,437,29,443,30,356.84205520356073,145.2205219657332,357.34580448659335,151.16216457830973,0.6021,3,59,1,4,5000,100,71.0,16.0,39.0,0.35,0.35,0.3,0.1,2.2186,0.02,1.5995,148.1318,3.7125,0.1881
229,2,295,415,295,442,89.54528113830686,378.0119045744459,89.57559458063852,405.0111109586995,0.9195,2,59,1,4,5000,100,71.0,16.0,39.0,0.35,0.35,0.3,0.1,3.816,0.0345,2.7171,391.046,0.0752,-9.8127
229,45,277,57,246,99,126.86989764584402,25.0,126.57303097851934,77.20103626247513,0.7559,2,59,1,4,5000,100,71.0,16.0,39.0,0.35,0.35,0.3,0.1,56.5263,0.5108,39.5977,37.7692,-0.5657,-0.7604
230,2,293,416,293,443,89.8488241515751,379.00131925891765,89.85887767574066,406.0012315252258,0.8909,5,59,1,4,5000,100,71.0,16.0,39.0,0.35,0.35,0.3,0.1,3.8064,0.0344,2.7105,392.0369,0.0251,-9.8378
230,53,178,373,166,399,108.74134044519272,354.81262660734046,109.19128481574778,383.30144794926093,0.4505,5,59,1,4,5000,100,71.0,16.0,39.0,0.35,0.35,0.3,0.1,4.2715,0.0386,3.0359,368.5072,-3.0068,-8.7449
230,45,277,57,246,100,126.86989764584402,25.0,126.13537661158922,78.00640999302557,0.7462,5,59,1,4,5000,100,71.0,16.0,39.0,0.35,0.35,0.3,0.1,56.9496,0.5146,39.8939,37.8648,-0.5627,-0.7656
230,54,437,46,447,44,3.551733354820403,145.27904184706065,2.5857943424244905,155.15798400340216,0.369,5,59,1,4,5000,100,71.0,16.0,39.0,0.35,0.35,0.3,0.1,3.639,0.0329,2.5933,150.0561,3.7602,-0.2005
230,52,438,30,444,30,357.25504410616185,146.16771189288008,357.36324157385957,152.16109883935513,0.9266,5,59,1,4,5000,100,71.0,16.0,39.0,0.35,0.35,0.3,0.1,2.2233,0.0201,1.6028,149.1042,3.7375,0.1756
231,2,290,417,291,444,90.30155394986828,380.0052631214468,90.1407755877591,407.0012284993744,0.7563,4,59,1,4,5000,100,71.0,16.0,39.0,0.35,0.35,0.3,0.1,3.7962,0.0343,2.7033,393.0402,-0.0376,-9.8629
231,53,177,373,166,399,108.89412155314021,355.1351855279902,109.19128481574778,383.30144794926093,0.5474,4,59,1,4,5000,100,71.0,16.0,39.0,0.35,0.35,0.3,0.1,4.2213,0.0381,3.0007,368.6811,-3.0194,-8.7451
231,45,275,58,245,99,128.99099404250546,27.018512172212592,127.16447489351145,77.80102827083971,0.7106,4,59,1,4,5000,100,71.0,16.0,39.0,0.35,0.35,0.3,0.1,53.6165,0.4845,37.5618,40.1083,-0.6146,-0.797
231,52,438,30,444,30,357.25504410616185,146.16771189288008,357.36324157385957,152.16109883935513,0.9301,4,59,1,4,5000,100,71.0,16.0,39.0,0.35,0.35,0.3,0.1,2.2233,0.0201,1.6028,149.1042,3.7375,0.1756
232,2,286,418,285,445,90.90222116153015,381.0472411657116,90.98291938917328,408.0600446012817,0.8618,4,59,1,4,5000,100,71.0,16.0,39.0,0.35,0.35,0.3,0.1,3.7884,0.0342,2.6979,394.0913,-0.1629,-9.888
232,45,275,58,245,100,128.99099404250546,27.018512172212592,126.7241071729248,78.60025445251433,0.699,4,59,1,4,5000,100,71.0,16.0,39.0,0.35,0.35,0.3,0.1,54.0482,0.4884,37.8639,40.2137,-0.6116,-0.8027
232,54,437,46,448,44,3.551733354820403,145.27904184706065,2.5692410201481857,156.1569723067145,0.377,4,59,1,4,5000,100,71.0,16.0,39.0,0.35,0.35,0.3,0.1,3.9937,0.0361,2.8415,150.5217,3.7719,-0.2005
232,52,438,30,444,31,357.25504410616185,146.16771189288008,357.73949808885874,152.11837495845134,0.6605,4,59,1,4,5000,100,71.0,16.0,39.0,0.35,0.35,0.3,0.1,2.2078,0.0199,1.5919,149.0837,3.7376,0.163
233,2,283,418,281,445,91.35319195377969,381.1062843879644,91.54436503468794,408.1482573771448,0.7936,3,59,1,4,5000,100,71.0,16.0,39.0,0.35,0.35,0.3,0.1,3.7918,0.0343,2.7003,394.164,-0.2506,-9.888
233,45,277,53,244,100,133.1523897340054,21.93171219946131,127.30394827798344,79.20227269466452,0.7202,3,59,1,4,5000,100,71.0,16.0,39.0,0.35,0.35,0.3,0.1,62.6702,0.5663,43.8965,34.3513,-0.5375,-0.674
233,52,438,30,444,30,357.25504410616185,146.16771189288008,357.36324157385957,152.16109883935513,0.835,3,59,1,4,5000,100,71.0,16.0,39.0,0.35,0.35,0.3,0.1,2.2233,0.0201,1.6028,149.1042,3.7375,0.1756
234,2,279,418,278,445,91.9542159573597,381.22172026263144,91.96526057192052,408.24012541640246,0.9307,5,59,1,4,5000,100,71.0,16.0,39.0,0.35,0.35,0.3,0.1,3.7875,0.0342,2.6972,394.2686,-0.3384,-9.888
234,53,175,372,164,397,109.25194556014654,354.8436275319031,109.5731258304102,382.0785259603057,0.5399,5,59,1,4,5000,100,71.0,16.0,39.0,0.35,0.35,0.3,0.1,4.0901,0.037,2.9089,367.9578,-3.0698,-8.7083
234,45,277,60,244,100,123.11134196037203,27.459060435491963,127.30394827798344,79.20227269466452,0.6446,5,59,1,4,5000,100,71.0,16.0,39.0,0.35,0.35,0.3,0.1,53.6875,0.4851,37.6115,40.7799,-0.6047,-0.8255
234,55,275,47,244,83,149.53445508054014,19.72308292331602,136.21887523513132,66.48308055437865,0.3235,5,59,1,4,5000,100,71.0,16.0,39.0,0.35,0.35,0.3,0.1,60.0292,0.5424,42.0487,30.4213,-0.5784,-0.4983
234,52,439,30,444,30,357.2736890060937,147.16657229140046,357.36324157385957,152.16109883935513,0.75,5,59,1,4,5000,100,71.0,16.0,39.0,0.35,0.35,0.3,0.1,1.8466,0.0167,1.3392,149.6222,3.7505,0.1756
235,2,276,417,274,444,92.41102974661123,380.33669294455404,92.53231551738475,407.3978399550003,0.8331,3,59,1,4,5000,100,71.0,16.0,39.0,0.35,0.35,0.3,0.1,3.8018,0.0344,2.7073,393.4024,-0.4261,-9.8629
235,45,277,54,243,99,131.42366562500266,22.67156809750927,128.32011393677743,79.02531240052139,0.7836,3,59,1,4,5000,100,71.0,16.0,39.0,0.35,0.35,0.3,0.1,61.3256,0.5541,42.9557,35.2347,-0.5566,-0.687
235,52,438,30,444,31,357.25504410616185,146.16771189288008,357.73949808885874,152.11837495845134,0.5451,3,59,1,4,5000,100,71.0,16.0,39.0,0.35,0.35,0.3,0.1,2.2078,0.0199,1.5919,149.0837,3.7376,0.163
236,2,273,415,271,443,92.8775248403572,378.4772119956497,92.96093613416376,406.5427406804849,0.8802,5,59,1,4,5000,100,71.0,16.0,39.0,0.35,0.35,0.3,0.1,3.9566,0.0358,2.8155,392.0083,-0.5012,-9.8243
236,53,176,371,165,397,109.15238977940375,353.57036074874827,109.43170937349589,381.74467907228257,0.5675,5,59,1,4,5000,100,71.0,16.0,39.0,0.35,0.35,0.3,0.1,4.2404,0.0383,3.0141,367.1178,-3.0445,-8.6949
236,45,277,54,243,99,131.42366562500266,22.67156809750927,128.32011393677743,79.02531240052139,0.7889,5,59,1,4,5000,100,71.0,16.0,39.0,0.35,0.35,0.3,0.1,61.3256,0.5541,42.9557,35.2347,-0.5566,-0.687
236,54,395,55,449,45,9.912751446723837,104.5609869884557,2.917007286627713,157.20368952413298,0.4461,5,59,1,4,5000,100,71.0,16.0,39.0,0.35,0.35,0.3,0.1,22.2563,0.2011,15.6196,125.5889,3.1359,-0.3136
236,52,438,30,444,31,357.25504410616185,146.16771189288008,357.73949808885874,152.11837495845134,0.5421,5,59,1,4,5000,100,71.0,16.0,39.0,0.35,0.35,0.3,0.1,2.2078,0.0199,1.5919,149.0837,3.7376,0.163
237,2,270,413,268,440,93.3485948144569,376.64306710730784,93.40813031391079,403.71400768365714,0.9018,5,59,1,4,5000,100,71.0,16.0,39.0,0.35,0.35,0.3,0.1,3.8392,0.0347,2.7334,389.709,-0.5765,-9.7624
237,53,177,370,166,396,109.05211467799845,352.2981691692422,109.33979446476097,380.46944686794495,0.5358,5,59,1,4,5000,100,71.0,16.0,39.0,0.35,0.35,0.3,0.1,4.2547,0.0384,3.0241,365.8423,-3.0194,-8.6698
237,45,277,54,243,99,131.42366562500266,22.67156809750927,128.32011393677743,79.02531240052139,0.7885,5,59,1,4,5000,100,71.0,16.0,39.0,0.35,0.35,0.3,0.1,61.3256,0.5541,42.9557,35.2347,-0.5566,-0.687
237,54,394,53,450,46,8.914926957147866,103.24727599312246,3.2601606378748773,158.25612152457168,0.5455,5,59,1,4,5000,100,71.0,16.0,39.0,0.35,0.35,0.3,0.1,23.2799,0.2104,16.3358,124.966,3.1215,-0.3001
237,52,438,30,445,31,357.25504410616185,146.16771189288008,357.75425743410494,153.11760186209813,0.5585,5,59,1,4,5000,100,71.0,16.0,39.0,0.35,0.35,0.3,0.1,2.5699,0.0232,1.8453,149.562,3.7496,0.163
238,2,267,411,264,438,93.82424267438115,374.834630203774,93.99421983239696,401.9763674645563,0.807,4,59,1,4,5000,100,71.0,16.0,39.0,0.35,0.35,0.3,0.1,3.8668,0.0349,2.7527,387.9313,-0.6642,-9.7121
238,53,178,369,167,395,108.95111305268685,351.0270644836378,109.24726157535785,379.1952003915661,0.5343,4,59,1,4,5000,100,71.0,16.0,39.0,0.35,0.35,0.3,0.1,4.269,0.0386,3.0341,364.5678,-2.9943,-8.6446
238,45,277,54,242,99,131.42366562500266,22.67156809750927,128.8844964337146,79.64923100695951,0.81,4,59,1,4,5000,100,71.0,16.0,39.0,0.35,0.35,0.3,0.1,61.6265,0.5569,43.1662,35.2963,-0.5628,-0.684
238,52,438,30,445,31,357.25504410616185,146.16771189288008,357.75425743410494,153.11760186209813,0.5367,4,59,1,4,5000,100,71.0,16.0,39.0,0.35,0.35,0.3,0.1,2.5699,0.0232,1.8453,149.562,3.7496,0.163
239,2,263,409,261,435,94.45759102749281,373.1286641361127,94.45374451146938,399.2054608844924,0.9216,4,59,1,4,5000,100,71.0,16.0,39.0,0.35,0.35,0.3,0.1,3.7366,0.0338,2.6616,385.7268,-0.752,-9.6502
239,53,179,368,168,393,108.84937761352953,349.7570585420686,109.20397350550006,376.9774529066692,0.5075,4,59,1,4,5000,100,71.0,16.0,39.0,0.35,0.35,0.3,0.1,4.1452,0.0375,2.9475,362.8575,-2.9695,-8.6078
239,45,277,54,242,99,131.42366562500266,22.67156809750927,128.8844964337146,79.64923100695951,0.8042,4,59,1,4,5000,100,71.0,16.0,39.0,0.35,0.35,0.3,0.1,61.6265,0.5569,43.1662,35.2963,-0.5628,-0.684
239,54,394,50,449,47,7.263244740584562,102.82509421342633,3.644489512771559,157.31814898478814,0.6897,4,59,1,4,5000,100,71.0,16.0,39.0,0.35,0.35,0.3,0.1,23.1822,0.2095,16.2674,124.3642,3.1086,-0.2761
240,2,261,406,258,432,94.8021900900543,370.2998784768907,94.91966248934871,396.4605907275022,0.852,4,59,1,4,5000,100,71.0,16.0,39.0,0.35,0.35,0.3,0.1,3.7759,0.0341,2.6891,382.934,-0.8146,-9.5748
240,53,180,367,169,392,108.74690098278329,348.4881633570931,109.11012035820191,375.7046712512369,0.4744,4,59,1,4,5000,100,71.0,16.0,39.0,0.35,0.35,0.3,0.1,4.1592,0.0376,2.9573,361.585,-2.9444,-8.5826
240,45,277,54,241,99,131.42366562500266,22.67156809750927,129.44005273669046,80.2807573457052,0.821,4,59,1,4,5000,100,71.0,16.0,39.0,0.35,0.35,0.3,0.1,61.9273,0.5596,43.3767,35.3579,-0.5689,-0.6809
240,54,394,49,438,48,6.7098368077569335,102.70345661174214,4.308664916524875,146.4137971640651,0.5136,4,59,1,4,5000,100,71.0,16.0,39.0,0.35,0.35,0.3,0.1,19.4181,0.1755,13.6337,120.7239,3.0165,-0.2798
241,2,258,403,256,429,95.30732684933119,367.5758425141674,95.24713890161644,393.6495903719449,0.8871,4,59,1,4,5000,100,71.0,16.0,39.0,0.35,0.35,0.3,0.1,3.7907,0.0343,2.6995,380.1662,-0.8773,-9.4995
241,53,182,365,172,391,108.53969418980124,345.95375413485544,108.72578784527258,373.7860350521405,0.635,4,59,1,4,5000,100,71.0,16.0,39.0,0.35,0.35,0.3,0.1,4.2796,0.0387,3.0415,359.3318,-2.8815,-8.5443
241,45,278,54,241,99,129.47245984834385,22.02271554554524,129.44005273669046,80.2807573457052,0.8729,4,59,1,4,5000,100,71.0,16.0,39.0,0.35,0.35,0.3,0.1,63.022,0.5695,44.1427,34.5638,-0.5511,-0.6698
241,54,394,46,447,47,5.042451069170913,102.39628899525607,3.6913859864512757,155.32224567009067,0.8151,4,59,1,4,5000,100,71.0,16.0,39.0,0.35,0.35,0.3,0.1,22.7274,0.2054,15.9492,123.4247,3.0888,-0.2284
242,2,256,400,253,426,95.66370625802057,364.7807560713695,95.7251759265747,390.9501246962328,0.8954,5,59,1,4,5000,100,71.0,16.0,39.0,0.35,0.35,0.3,0.1,3.8322,0.0346,2.7285,377.4123,-0.9399,-9.4241
242,53,183,365,173,390,108.3825281792566,345.6370929168338,108.62950080698917,372.5184559186296,0.5888,5,59,1,4,5000,100,71.0,16.0,39.0,0.35,0.35,0.3,0.1,4.1425,0.0374,2.9456,358.5747,-2.8567,-8.5326
242,56,525,321,539,342,50.633774478952844,367.3486082728503,50.99819951109059,392.4716550274682,0.6587,5,59,1,4,5000,100,71.0,16.0,39.0,0.35,0.35,0.3,0.1,3.6592,0.0331,2.6075,379.4948,6.016,-7.3822
242,45,278,55,240,99,127.87498365109822,22.80350850198276,129.98688624496418,80.91971329657564,0.8218,5,59,1,4,5000,100,71.0,16.0,39.0,0.35,0.35,0.3,0.1,62.008,0.5603,43.4332,35.5803,-0.5682,-0.6887
242,54,396,51,445,47,7.666804261814177,104.93807697875924,3.739503362931072,153.32644912082193,0.6451,5,59,1,4,5000,100,71.0,16.0,39.0,0.35,0.35,0.3,0.1,20.7349,0.1874,14.5551,124.5992,3.1132,-0.2907
243,2,254,397,251,423,96.02557500836669,362.0,96.06308771821182,388.171353914737,0.9067,6,59,1,4,5000,100,71.0,16.0,39.0,0.35,0.35,0.3,0.1,3.8609,0.0349,2.7486,374.6292,-0.99,-9.3487
243,53,185,364,175,389,108.11898265363362,344.06104109590785,108.38610332792408,370.9353043321706,0.5775,6,59,1,4,5000,100,71.0,16.0,39.0,0.35,0.35,0.3,0.1,4.1597,0.0376,2.9576,356.9931,-2.8066,-8.5074
243,56,525,321,539,342,50.633774478952844,367.3486082728503,50.99819951109059,392.4716550274682,0.6665,6,59,1,4,5000,100,71.0,16.0,39.0,0.35,0.35,0.3,0.1,3.6592,0.0331,2.6075,379.4948,6.016,-7.3822
243,45,278,55,239,99,127.87498365109822,22.80350850198276,130.5251034937539,81.5659242576212,0.822,6,59,1,4,5000,100,71.0,16.0,39.0,0.35,0.35,0.3,0.1,62.3093,0.563,43.644,35.6424,-0.5743,-0.6857
243,54,398,55,445,47,9.637538112930946,107.5174404457249,3.739503362931072,153.32644912082193,0.4397,6,59,1,4,5000,100,71.0,16.0,39.0,0.35,0.35,0.3,0.1,19.4355,0.1756,13.6459,126.3995,3.1535,-0.3409
243,57,393,43,441,33,3.399714159123259,101.17806086301516,358.46222761530254,149.05368160498418,0.5723,6,59,1,4,5000,100,71.0,16.0,39.0,0.35,0.35,0.3,0.1,21.1738,0.1913,14.8621,120.536,3.0246,-0.0242
244,2,252,394,249,420,96.39303136773874,359.2339070856202,96.40586023235673,385.40627913929995,0.9371,5,59,1,4,5000,100,71.0,16.0,39.0,0.35,0.35,0.3,0.1,3.8898,0.0351,2.7688,371.8601,-1.0401,-9.2733
244,53,186,364,178,387,107.96056958398533,343.7513636336589,108.04116959683519,368.09781308777156,0.723,5,59,1,4,5000,100,71.0,16.0,39.0,0.35,0.35,0.3,0.1,3.7851,0.0342,2.6955,355.5082,-2.7571,-8.4844
244,45,245,85,238,99,134.39690880561946,67.17886572427373,131.05481377096245,82.21921916437786,0.4228,5,59,1,4,5000,100,71.0,16.0,39.0,0.35,0.35,0.3,0.1,11.1414,0.1007,7.8426,73.942,-1.2549,-1.3668
244,54,398,54,445,47,9.111357044783997,107.35455276791944,3.739503362931072,153.32644912082193,0.4886,5,59,1,4,5000,100,71.0,16.0,39.0,0.35,0.35,0.3,0.1,19.5168,0.1764,13.7028,126.2869,3.152,-0.3286
244,57,393,42,441,33,2.8341110163065135,101.1236866416568,358.46222761530254,149.05368160498418,0.6104,5,59,1,4,5000,100,71.0,16.0,39.0,0.35,0.35,0.3,0.1,21.2024,0.1916,14.8822,120.4974,3.0237,-0.0121
245,2,250,391,247,417,96.76617482255307,356.4828186603107,96.75357403553099,382.65519727294964,0.9191,5,59,1,4,5000,100,71.0,16.0,39.0,0.35,0.35,0.3,0.1,3.9187,0.0354,2.789,369.1056,-1.0902,-9.198
245,53,188,363,181,389,107.69363999347172,342.18708333307967,107.50219506273507,369.08671067921154,0.7092,5,59,1,4,5000,100,71.0,16.0,39.0,0.35,0.35,0.3,0.1,4.1854,0.0378,2.9756,355.1282,-2.6938,-8.4947
245,45,245,84,237,99,135.0,66.46803743153546,131.57612875506933,82.87943049997388,0.4315,5,59,1,4,5000,100,71.0,16.0,39.0,0.35,0.35,0.3,0.1,12.1611,0.1099,8.5561,73.772,-1.2649,-1.3517
245,54,398,52,445,47,8.054414446381752,107.05606008068857,3.739503362931072,153.32644912082193,0.5799,5,59,1,4,5000,100,71.0,16.0,39.0,0.35,0.35,0.3,0.1,19.6661,0.1777,13.8072,126.0801,3.1492,-0.304
245,57,393,40,440,34,1.701354605326124,101.04454463255303,358.838758091686,148.03040228277433,0.7147,5,59,1,4,5000,100,71.0,16.0,39.0,0.35,0.35,0.3,0.1,20.8768,0.1886,14.6543,120.1057,3.0139,-0.0
246,2,249,387,246,414,97.00409683898596,352.63153574233826,96.95660990518772,379.7959978725421,0.8903,5,59,1,4,5000,100,71.0,16.0,39.0,0.35,0.35,0.3,0.1,4.1045,0.0371,2.919,365.71,-1.1152,-9.1092
246,53,190,364,184,389,107.32408953997097,342.53904886888444,107.05696557661706,368.19560019098543,0.6529,5,59,1,4,5000,100,71.0,16.0,39.0,0.35,0.35,0.3,0.1,3.995,0.0361,2.8424,354.9042,-2.6315,-8.5084
246,45,245,84,237,99,135.0,66.46803743153546,131.57612875506933,82.87943049997388,0.4313,5,59,1,4,5000,100,71.0,16.0,39.0,0.35,0.35,0.3,0.1,12.1611,0.1099,8.5561,73.772,-1.2649,-1.3517
246,54,398,50,445,48,6.991925346667795,106.7941945987702,4.112228844718457,153.39491516996253,0.6821,5,59,1,4,5000,100,71.0,16.0,39.0,0.35,0.35,0.3,0.1,19.8212,0.1791,13.9158,125.9214,3.1464,-0.2916
246,57,393,39,441,34,1.1344216309770068,101.01980003939822,358.84654954889464,149.03019828209315,0.7873,5,59,1,4,5000,100,71.0,16.0,39.0,0.35,0.35,0.3,0.1,21.2488,0.192,14.9146,120.4159,3.0217,0.0121
247,2,248,384,246,410,97.2266045039955,349.7785013404912,97.03046894377499,375.8257574994029,0.7997,5,59,1,4,5000,100,71.0,16.0,39.0,0.35,0.35,0.3,0.1,3.9727,0.0359,2.8268,362.3346,-1.1278,-9.0222
247,53,192,364,185,389,107.00417687615544,341.9488265808204,106.90807978749945,367.90351996141595,0.7779,5,59,1,4,5000,100,71.0,16.0,39.0,0.35,0.35,0.3,0.1,4.0465,0.0366,2.8784,354.4517,-2.5938,-8.5081
247,45,281,59,236,99,116.56505117707799,24.596747752497688,132.08916217383225,83.54639429682169,0.4844,5,59,1,4,5000,100,71.0,16.0,39.0,0.35,0.35,0.3,0.1,60.3266,0.5451,42.2567,38.0046,-0.5947,-0.7456
247,54,398,49,445,49,6.458816378718656,106.6770828247567,4.484606009544626,153.46986674914396,0.7604,5,59,1,4,5000,100,71.0,16.0,39.0,0.35,0.35,0.3,0.1,19.9061,0.1799,13.9752,125.8652,3.145,-0.2914
247,57,393,37,440,34,0.0,101.0,358.838758091686,148.03040228277433,0.8825,5,59,1,4,5000,100,71.0,16.0,39.0,0.35,0.35,0.3,0.1,20.9003,0.1889,14.6708,120.0743,3.0129,0.0363
248,58,356,399,359,425,79.9739629096787,367.6139279189514,80.20275846964276,393.7423015120423,0.5388,6,59,1,4,5000,100,71.0,16.0,39.0,0.35,0.35,0.3,0.1,3.798,0.0343,2.7046,380.2298,1.6417,-9.3992
248,2,247,380,245,405,97.47425126790803,345.9393010341554,97.27826447429905,370.98921817217274,0.7823,6,59,1,4,5000,100,71.0,16.0,39.0,0.35,0.35,0.3,0.1,3.8668,0.0349,2.7527,358.0266,-1.1529,-8.9101
248,53,193,365,187,390,106.79535112654675,342.6149442158062,106.5651321211537,368.28521555989727,0.7074,6,59,1,4,5000,100,71.0,16.0,39.0,0.35,0.35,0.3,0.1,3.9962,0.0361,2.8433,354.9866,-2.5563,-8.5334
248,45,245,86,236,99,133.80651057601796,67.89698078707183,132.08916217383225,83.54639429682169,0.5358,6,59,1,4,5000,100,71.0,16.0,39.0,0.35,0.35,0.3,0.1,11.436,0.1033,8.0488,74.9131,-1.2787,-1.378
248,54,398,47,445,49,5.389311759973409,106.47065323364932,4.484606009544626,153.46986674914396,0.8387,6,59,1,4,5000,100,71.0,16.0,39.0,0.35,0.35,0.3,0.1,20.0098,0.1808,14.0477,125.7214,3.1435,-0.267
248,57,393,35,440,34,358.865578369023,101.01980003939822,358.838758091686,148.03040228277433,0.9956,6,59,1,4,5000,100,71.0,16.0,39.0,0.35,0.35,0.3,0.1,20.8899,0.1888,14.6635,120.0883,3.0129,0.0605
249,2,247,376,244,401,97.56142842766695,341.97368319799114,97.51214410305275,367.1511950137164,0.8997,5,59,1,4,5000,100,71.0,16.0,39.0,0.35,0.35,0.3,0.1,3.9293,0.0355,2.7965,354.1155,-1.1654,-8.8095
249,53,195,367,189,391,106.38013987808746,343.96075357517174,106.22290682087366,368.6800781165155,0.7418,5,59,1,4,5000,100,71.0,16.0,39.0,0.35,0.35,0.3,0.1,3.8388,0.0347,2.7331,355.8917,-2.5064,-8.5719
249,45,245,85,236,99,134.39690880561946,67.17886572427373,132.08916217383225,83.54639429682169,0.4995,5,59,1,4,5000,100,71.0,16.0,39.0,0.35,0.35,0.3,0.1,12.0178,0.1086,8.4558,74.4739,-1.2774,-1.3642
249,54,398,46,444,49,4.85309638699237,106.38138934982942,4.513988458001263,152.47294842036735,0.9377,5,59,1,4,5000,100,71.0,16.0,39.0,0.35,0.35,0.3,0.1,19.7057,0.1781,13.835,125.3236,3.1345,-0.2551
249,57,393,34,437,31,358.2986453946739,101.04454463255303,357.6304919357447,145.1240848377691,0.7552,5,59,1,4,5000,100,71.0,16.0,39.0,0.35,0.35,0.3,0.1,19.8167,0.1791,13.9126,119.1378,2.9877,0.1093
250,58,363,404,366,432,79.05079169697073,373.80476187443094,79.3891028680006,401.8718701277809,0.489,6,59,1,4,5000,100,71.0,16.0,39.0,0.35,0.35,0.3,0.1,4.0045,0.0362,2.849,387.3305,1.8169,-9.5484
250,2,247,372,244,397,97.65065095535941,338.0088756231114,97.59464336859145,363.18590281011734,0.9002,6,59,1,4,5000,100,71.0,16.0,39.0,0.35,0.35,0.3,0.1,3.9737,0.0359,2.8275,350.1454,-1.1654,-8.709
250,53,197,368,191,392,106.01395882732632,344.363180377926,105.88142594665503,369.088065371938,0.7613,6,59,1,4,5000,100,71.0,16.0,39.0,0.35,0.35,0.3,0.1,3.8353,0.0347,2.7307,356.2972,-2.4563,-8.5969
250,45,245,85,235,98,134.39690880561946,67.17886572427373,133.05851360908562,83.48652585896721,0.5647,6,59,1,4,5000,100,71.0,16.0,39.0,0.35,0.35,0.3,0.1,11.9786,0.1082,8.4284,74.4501,-1.2897,-1.3517
250,54,398,45,443,47,4.316027519865624,106.30145812734649,3.7888898778846496,151.33076356114773,0.9433,6,59,1,4,5000,100,71.0,16.0,39.0,0.35,0.35,0.3,0.1,19.3429,0.1748,13.5811,124.881,3.1261,-0.2189
250,57,393,32,435,32,357.1658889836935,101.1236866416568,357.9974668681731,143.0873858870865,0.6717,6,59,1,4,5000,100,71.0,16.0,39.0,0.35,0.35,0.3,0.1,19.0167,0.1718,13.3529,118.5001,2.9712,0.1218
251,58,365,407,368,435,78.83904217599743,377.13260267444394,79.18924368152982,405.1913128387626,0.4664,6,59,1,4,5000,100,71.0,16.0,39.0,0.35,0.35,0.3,0.1,3.9692,0.0359,2.8244,390.6588,1.8671,-9.6238
251,53,198,369,193,393,105.80854318463128,345.05072090925995,105.5407112511103,369.50913385192524,0.6511,6,59,1,4,5000,100,71.0,16.0,39.0,0.35,0.35,0.3,0.1,3.7881,0.0342,2.6976,356.8613,-2.4188,-8.6223
251,2,247,369,244,393,97.71895354328993,335.035818980598,97.6789638073687,359.2213802100315,0.8853,6,59,1,4,5000,100,71.0,16.0,39.0,0.35,0.35,0.3,0.1,3.8553,0.0348,2.7447,346.7073,-1.1655,-8.6219
251,45,245,85,235,98,134.39690880561946,67.17886572427373,133.05851360908562,83.48652585896721,0.5646,6,59,1,4,5000,100,71.0,16.0,39.0,0.35,0.35,0.3,0.1,11.9786,0.1082,8.4284,74.4501,-1.2897,-1.3517
251,54,398,42,443,46,2.7006293373952883,106.1178590059185,3.4109449553557223,151.2679741386127,0.8947,6,59,1,4,5000,100,71.0,16.0,39.0,0.35,0.35,0.3,0.1,19.4134,0.1754,13.6304,124.7328,3.1254,-0.1703
251,57,393,30,434,32,356.0353452771439,101.24228365658294,357.9833761253769,142.08800090085018,0.569,6,59,1,4,5000,100,71.0,16.0,39.0,0.35,0.35,0.3,0.1,18.5771,0.1679,13.0452,118.2369,2.9634,0.1463
252,58,368,411,371,438,78.5134110060776,381.6438129984554,78.85502612829409,408.7077195258245,0.4625,7,59,1,4,5000,100,71.0,16.0,39.0,0.35,0.35,0.3,0.1,3.7896,0.0342,2.6987,394.7124,1.9425,-9.7126
252,53,199,370,194,395,105.60394714505675,345.74267888127434,105.30927348798319,371.1711195661645,0.6463,7,59,1,4,5000,100,71.0,16.0,39.0,0.35,0.35,0.3,0.1,3.9254,0.0355,2.7937,358.0059,-2.3935,-8.6591
252,2,247,366,244,390,97.78847909709798,332.06324698767855,97.74343563532828,356.24850876880873,0.8884,7,59,1,4,5000,100,71.0,16.0,39.0,0.35,0.35,0.3,0.1,3.8886,0.0351,2.768,343.731,-1.1654,-8.5465
252,45,244,85,235,98,135.0,67.88225099390856,133.05851360908562,83.48652585896721,0.5194,7,59,1,4,5000,100,71.0,16.0,39.0,0.35,0.35,0.3,0.1,11.4086,0.1031,8.0296,74.8801,-1.3036,-1.3533
252,59,287,51,289,64,109.6538240580533,14.866068747318506,96.3401917459099,27.16615541441225,0.6194,7,59,1,4,5000,100,71.0,16.0,39.0,0.35,0.35,0.3,0.1,32.3856,0.2926,22.7069,19.2164,-0.0923,-0.4733
252,54,397,41,443,50,2.181641403551466,105.07616285342742,4.920616036363993,151.5585695366646,0.724,7,59,1,4,5000,100,71.0,16.0,39.0,0.35,0.35,0.3,0.1,20.0447,0.1811,14.0721,124.1079,3.1075,-0.2064
252,57,393,29,434,33,355.47117576306744,101.31633629380802,358.38646106711883,142.0563268566381,0.4776,7,59,1,4,5000,100,71.0,16.0,39.0,0.35,0.35,0.3,0.1,18.5257,0.1674,13.0093,118.2764,2.9644,0.1464
253,58,370,415,374,442,78.340707346477,385.96372886580934,78.55410247623377,413.2178602141974,0.5916,6,59,1,4,5000,100,71.0,16.0,39.0,0.35,0.35,0.3,0.1,3.7741,0.0341,2.6879,399.1261,2.0052,-9.8129
253,53,200,372,195,397,105.35637344657309,347.4032239343786,105.07990279815245,372.83910739084223,0.6691,6,59,1,4,5000,100,71.0,16.0,39.0,0.35,0.35,0.3,0.1,3.9084,0.0353,2.7818,359.672,-2.3684,-8.7093
253,2,248,363,245,387,97.68672168146834,328.95592409926286,97.64825093108598,353.1416146533852,0.8862,6,59,1,4,5000,100,71.0,16.0,39.0,0.35,0.35,0.3,0.1,3.9241,0.0355,2.7928,340.62,-1.1403,-8.4711
253,45,244,85,234,98,135.0,67.88225099390856,133.55587446906418,84.17244204607586,0.557,6,59,1,4,5000,100,71.0,16.0,39.0,0.35,0.35,0.3,0.1,11.8564,0.1071,8.3429,75.1547,-1.3148,-1.352
253,59,289,49,290,63,104.03624346792648,12.36931687685298,94.39870535499554,26.076809620810597,0.7183,6,59,1,4,5000,100,71.0,16.0,39.0,0.35,0.35,0.3,0.1,39.4577,0.3565,27.6551,16.7794,-0.0549,-0.4175
253,54,397,40,443,51,1.6365770416167182,105.04284840006957,5.297048104596793,151.64761785138597,0.6501,6,59,1,4,5000,100,71.0,16.0,39.0,0.35,0.35,0.3,0.1,20.0931,0.1816,14.106,124.1144,3.1077,-0.2064
254,58,371,419,375,446,78.31559063925697,390.0833244321013,78.52851970356603,417.3367944478416,0.5339,6,59,1,4,5000,100,71.0,16.0,39.0,0.35,0.35,0.3,0.1,3.7355,0.0338,2.6608,403.2501,2.0303,-9.9134
254,53,201,372,196,398,105.1972149536823,347.1397413146469,104.89189603971631,373.54651651434256,0.6657,6,59,1,4,5000,100,71.0,16.0,39.0,0.35,0.35,0.3,0.1,4.055,0.0366,2.8844,359.8593,-2.3432,-8.7211
254,2,248,359,245,383,97.78104622298352,324.99230760127233,97.73560544861785,349.17760523836574,0.8937,6,59,1,4,5000,100,71.0,16.0,39.0,0.35,0.35,0.3,0.1,3.9702,0.0359,2.825,336.6511,-1.1403,-8.3706
254,45,244,86,234,98,134.40934278535332,68.59300255857006,133.55587446906418,84.17244204607586,0.5951,6,59,1,4,5000,100,71.0,16.0,39.0,0.35,0.35,0.3,0.1,11.2863,0.102,7.9441,75.5883,-1.3162,-1.3659
254,59,290,47,291,60,101.30993247402021,10.198039027185569,92.48955292199916,23.021728866442675,0.7666,6,59,1,4,5000,100,71.0,16.0,39.0,0.35,0.35,0.3,0.1,42.7211,0.386,29.9385,14.1347,-0.0321,-0.3532
254,54,398,38,443,51,0.5405101871306666,106.00471687618433,5.297048104596793,151.64761785138597,0.5658,6,59,1,4,5000,100,71.0,16.0,39.0,0.35,0.35,0.3,0.1,19.6049,0.1771,13.7644,124.7834,3.126,-0.1825
255,53,202,374,197,398,104.95257905326507,348.81083698761427,104.74356283647074,373.2907713833815,0.7029,4,59,1,4,5000,100,71.0,16.0,39.0,0.35,0.35,0.3,0.1,3.7518,0.0339,2.6722,360.6359,-2.3185,-8.7478
255,2,248,355,245,380,97.87769967186682,321.02959365142647,97.80243398475342,346.2051414985052,0.8812,4,59,1,4,5000,100,71.0,16.0,39.0,0.35,0.35,0.3,0.1,4.1757,0.0377,2.9688,333.1424,-1.1402,-8.2818
255,45,244,85,234,98,135.0,67.88225099390856,133.55587446906418,84.17244204607586,0.5588,4,59,1,4,5000,100,71.0,16.0,39.0,0.35,0.35,0.3,0.1,11.8564,0.1071,8.3429,75.1547,-1.3148,-1.352
255,59,290,45,291,58,104.03624346792648,8.246211251235321,92.72631099390628,21.02379604162864,0.7075,4,59,1,4,5000,100,71.0,16.0,39.0,0.35,0.35,0.3,0.1,48.3117,0.4365,33.8501,11.846,-0.0306,-0.2957
256,53,202,376,197,402,104.86828135849821,350.7434960195271,104.58891873287463,377.1604433129222,0.6113,4,59,1,4,5000,100,71.0,16.0,39.0,0.35,0.35,0.3,0.1,4.0164,0.0363,2.8574,363.4726,-2.3182,-8.8215
256,2,249,352,246,376,97.77328271755125,317.9213739275798,97.72745158238135,342.1067084989711,0.8906,4,59,1,4,5000,100,71.0,16.0,39.0,0.35,0.35,0.3,0.1,4.0552,0.0366,2.8846,329.5709,-1.1152,-8.1948
256,45,244,86,234,98,134.40934278535332,68.59300255857006,133.55587446906418,84.17244204607586,0.5969,4,59,1,4,5000,100,71.0,16.0,39.0,0.35,0.35,0.3,0.1,11.2863,0.102,7.9441,75.5883,-1.3162,-1.3659
256,54,397,36,443,53,359.45434240658426,105.00476179678711,6.048506661000621,151.8453160291749,0.4463,4,59,1,4,5000,100,71.0,16.0,39.0,0.35,0.35,0.3,0.1,20.1822,0.1824,14.1684,124.154,3.1102,-0.1822
257,53,202,377,197,404,104.82647997035568,351.7101079013795,104.51278086953953,379.09629383574827,0.5858,4,59,1,4,5000,100,71.0,16.0,39.0,0.35,0.35,0.3,0.1,4.1472,0.0375,2.9489,364.8901,-2.318,-8.8583
257,2,249,349,246,372,97.84709900921375,314.9492022533158,97.81858508347338,338.14346067904376,0.8963,4,59,1,4,5000,100,71.0,16.0,39.0,0.35,0.35,0.3,0.1,3.9304,0.0355,2.7972,326.1345,-1.1153,-8.1077
257,54,436,53,442,54,6.34019174590991,144.88616221019868,6.465932098939534,150.9602596712128,0.6358,4,59,1,4,5000,100,71.0,16.0,39.0,0.35,0.35,0.3,0.1,2.2722,0.0205,1.637,147.8609,3.6873,-0.4139
257,57,397,34,432,40,358.3634229583833,105.04284840006957,1.2275788321345442,140.03213916812098,0.4865,4,59,1,4,5000,100,71.0,16.0,39.0,0.35,0.35,0.3,0.1,15.8002,0.1428,11.1023,120.0398,3.0123,-0.0
258,2,249,348,247,372,97.8720150028198,313.9585959963511,97.65065095535941,338.0088756231114,0.7848,4,59,1,4,5000,100,71.0,16.0,39.0,0.35,0.35,0.3,0.1,4.0824,0.0369,2.9036,325.5401,-1.1026,-8.0944
258,45,244,86,236,98,134.40934278535332,68.59300255857006,132.5529513576764,82.80700453464067,0.5188,4,59,1,4,5000,100,71.0,16.0,39.0,0.35,0.35,0.3,0.1,10.39,0.0939,7.3169,75.0328,-1.2936,-1.3682
258,54,436,55,441,56,7.125016348901798,145.12063946937388,7.266954405811692,150.20652449211386,0.6861,4,59,1,4,5000,100,71.0,16.0,39.0,0.35,0.35,0.3,0.1,1.9059,0.0172,1.3807,147.6198,3.6752,-0.4641
258,57,397,32,431,42,357.2736890060937,105.11898020814318,2.060111023723124,139.0898989862312,0.4059,4,59,1,4,5000,100,71.0,16.0,39.0,0.35,0.35,0.3,0.1,15.3947,0.1391,10.8186,119.7417,3.0048,-0.0
259,53,201,381,197,407,104.81732363331606,355.8328259168904,104.40002130679105,382.00130889828114,0.4649,4,59,1,4,5000,100,71.0,16.0,39.0,0.35,0.35,0.3,0.1,3.9251,0.0355,2.7935,368.453,-2.3308,-8.9474
259,2,250,349,247,373,97.66680426181418,314.81423093627774,97.62814966858072,339.0,0.8966,4,59,1,4,5000,100,71.0,16.0,39.0,0.35,0.35,0.3,0.1,4.0939,0.037,2.9116,326.4598,-1.0901,-8.1194
259,45,244,86,234,98,134.40934278535332,68.59300255857006,133.55587446906418,84.17244204607586,0.5981,4,59,1,4,5000,100,71.0,16.0,39.0,0.35,0.35,0.3,0.1,11.2863,0.102,7.9441,75.5883,-1.3162,-1.3659
259,54,435,56,441,58,7.5683970215894325,144.25671561490648,8.022403647327497,150.4725888658795,0.5346,4,59,1,4,5000,100,71.0,16.0,39.0,0.35,0.35,0.3,0.1,2.334,0.0211,1.6803,147.2991,3.6621,-0.5017
260,2,252,349,249,373,97.30575953331083,314.5536520214,97.29285410980813,338.74031351464504,0.9265,3,59,1,4,5000,100,71.0,16.0,39.0,0.35,0.35,0.3,0.1,4.0973,0.037,2.914,326.1993,-1.04,-8.1193
260,45,244,86,233,98,134.40934278535332,68.59300255857006,134.0451587461278,84.86459803710851,0.6337,3,59,1,4,5000,100,71.0,16.0,39.0,0.35,0.35,0.3,0.1,11.7346,0.106,8.2577,75.8661,-1.3274,-1.3647
260,54,434,58,440,59,8.412345290426837,143.54441821262157,8.455027677177453,149.6262009141447,0.7298,3,59,1,4,5000,100,71.0,16.0,39.0,0.35,0.35,0.3,0.1,2.2958,0.0207,1.6535,146.5222,3.6371,-0.5393
261,2,253,349,250,373,97.1250163489018,314.42805218364344,97.1250163489018,338.61482542853906,0.9359,3,59,1,4,5000,100,71.0,16.0,39.0,0.35,0.35,0.3,0.1,4.0989,0.037,2.9151,326.0735,-1.0149,-8.1193
261,45,244,85,233,98,135.0,67.88225099390856,134.0451587461278,84.86459803710851,0.5961,3,59,1,4,5000,100,71.0,16.0,39.0,0.35,0.35,0.3,0.1,12.3042,0.1112,8.6562,75.4294,-1.326,-1.3508
261,54,434,59,439,59,8.806792694435307,143.69411957348845,8.511705138424686,148.6371420607918,0.5597,3,59,1,4,5000,100,71.0,16.0,39.0,0.35,0.35,0.3,0.1,1.8713,0.0169,1.3565,146.1238,3.6251,-0.5519
262,2,254,348,252,373,96.96623985249198,313.31294259892934,96.7889745744388,338.3725757209056,0.8347,2,59,1,4,5000,100,71.0,16.0,39.0,0.35,0.35,0.3,0.1,4.2556,0.0385,3.0248,325.3609,-0.9772,-8.1059
262,45,244,86,233,97,134.40934278535332,68.59300255857006,134.51853419416165,84.1486779456457,0.6525,2,59,1,4,5000,100,71.0,16.0,39.0,0.35,0.35,0.3,0.1,11.2709,0.1018,7.9332,75.5787,-1.3286,-1.3534
263,2,256,348,254,372,96.60292187397947,313.07666792656397,96.4715608103637,337.1483353065828,0.8589,2,59,1,4,5000,100,71.0,16.0,39.0,0.35,0.35,0.3,0.1,4.097,0.037,2.9138,324.6669,-0.9272,-8.0943
263,45,244,86,233,97,134.40934278535332,68.59300255857006,134.51853419416165,84.1486779456457,0.6525,2,59,1,4,5000,100,71.0,16.0,39.0,0.35,0.35,0.3,0.1,11.2709,0.1018,7.9332,75.5787,-1.3286,-1.3534
264,2,255,349,253,373,96.7631054606064,314.1862504948299,96.62077608231498,338.25582034903704,0.8666,2,59,1,4,5000,100,71.0,16.0,39.0,0.35,0.35,0.3,0.1,4.0828,0.0369,2.9038,325.7771,-0.9523,-8.1194
264,45,244,86,233,97,134.40934278535332,68.59300255857006,134.51853419416165,84.1486779456457,0.653,2,59,1,4,5000,100,71.0,16.0,39.0,0.35,0.35,0.3,0.1,11.2709,0.1018,7.9332,75.5787,-1.3286,-1.3534
265,53,196,391,191,421,105.17291534552527,366.7860411738702,104.73621816537738,397.0604487984166,0.405,3,59,1,4,5000,100,71.0,16.0,39.0,0.35,0.35,0.3,0.1,4.3863,0.0396,3.1162,381.3233,-2.4679,-9.2452
265,2,254,350,252,374,96.9221603847088,315.29827148273426,96.76901645224439,339.365584583941,0.8578,3,59,1,4,5000,100,71.0,16.0,39.0,0.35,0.35,0.3,0.1,4.0685,0.0368,2.8938,326.8895,-0.9773,-8.1446
265,45,244,86,233,97,134.40934278535332,68.59300255857006,134.51853419416165,84.1486779456457,0.6538,3,59,1,4,5000,100,71.0,16.0,39.0,0.35,0.35,0.3,0.1,11.2709,0.1018,7.9332,75.5787,-1.3286,-1.3534
266,2,253,351,251,376,97.08009610760519,316.4127051810657,96.89608419465353,341.4703501037828,0.8137,2,59,1,4,5000,100,71.0,16.0,39.0,0.35,0.35,0.3,0.1,4.2152,0.0381,2.9965,328.4643,-1.0023,-8.1813
266,45,244,85,233,97,135.0,67.88225099390856,134.51853419416165,84.1486779456457,0.6298,2,59,1,4,5000,100,71.0,16.0,39.0,0.35,0.35,0.3,0.1,11.841,0.107,8.3321,75.1453,-1.3272,-1.3396
267,53,194,391,188,423,105.47401268875826,367.3145790735783,105.07913397496114,399.76493092816435,0.4471,3,59,1,4,5000,100,71.0,16.0,39.0,0.35,0.35,0.3,0.1,4.6817,0.0423,3.3229,382.8534,-2.53,-9.2683
267,2,251,353,249,377,97.39264747139399,318.64870939641355,97.20796349256524,342.70833080040524,0.8112,3,59,1,4,5000,100,71.0,16.0,39.0,0.35,0.35,0.3,0.1,4.0261,0.0364,2.8641,330.2409,-1.0526,-8.22
267,45,244,86,233,97,134.40934278535332,68.59300255857006,134.51853419416165,84.1486779456457,0.6536,3,59,1,4,5000,100,71.0,16.0,39.0,0.35,0.35,0.3,0.1,11.2709,0.1018,7.9332,75.5787,-1.3286,-1.3534
268,53,193,391,186,423,105.62423458118684,367.5826437687177,105.35554941442184,400.2898949511466,0.5327,3,59,1,4,5000,100,71.0,16.0,39.0,0.35,0.35,0.3,0.1,4.7139,0.0426,3.3454,383.2397,-2.5675,-9.268
268,2,250,354,248,378,97.5472817100148,319.7702300089863,97.35237935989237,343.8269913779312,0.8022,3,59,1,4,5000,100,71.0,16.0,39.0,0.35,0.35,0.3,0.1,4.012,0.0363,2.8543,331.3626,-1.0776,-8.2451
268,45,244,86,233,97,134.40934278535332,68.59300255857006,134.51853419416165,84.1486779456457,0.6557,3,59,1,4,5000,100,71.0,16.0,39.0,0.35,0.35,0.3,0.1,11.2709,0.1018,7.9332,75.5787,-1.3286,-1.3534
269,53,192,392,185,423,105.7320047851073,368.81567211820055,105.4934838290109,400.5558637693374,0.5473,2,59,1,4,5000,100,71.0,16.0,39.0,0.35,0.35,0.3,0.1,4.5656,0.0413,3.2417,384.0311,-2.5928,-9.2816
269,2,249,354,246,379,97.72483392631675,319.9031103318628,97.66047533446633,345.0797009387831,0.8921,2,59,1,4,5000,100,71.0,16.0,39.0,0.35,0.35,0.3,0.1,4.19,0.0379,2.9788,332.0148,-1.1151,-8.2567
270,53,191,393,184,424,105.8390564173941,370.0499966220781,105.59281093926634,401.78725713989485,0.5318,2,59,1,4,5000,100,71.0,16.0,39.0,0.35,0.35,0.3,0.1,4.5506,0.0411,3.2312,385.2661,-2.6179,-9.3067
270,2,247,354,244,379,98.07948772110925,320.17807545177106,97.9893267663969,345.3519943477958,0.8688,2,59,1,4,5000,100,71.0,16.0,39.0,0.35,0.35,0.3,0.1,4.1861,0.0378,2.9761,332.2889,-1.1652,-8.2567
271,53,190,395,182,424,105.90311120047198,372.24722967404335,105.86714975016281,402.3294669794893,0.6815,3,59,1,4,5000,100,71.0,16.0,39.0,0.35,0.35,0.3,0.1,4.2981,0.0388,3.0545,386.7042,-2.656,-9.3335
271,2,245,355,242,380,98.40737848901648,321.45450689016633,98.29373734646079,346.62515777133086,0.846,3,59,1,4,5000,100,71.0,16.0,39.0,0.35,0.35,0.3,0.1,4.1696,0.0377,2.9646,333.5657,-1.2153,-8.2818
271,45,243,86,232,97,135.0,69.29646455628166,135.0,84.8528137423857,0.664,3,59,1,4,5000,100,71.0,16.0,39.0,0.35,0.35,0.3,0.1,11.1684,0.1009,7.8616,76.2897,-1.3537,-1.3537
272,53,189,394,181,425,106.09366560935572,371.56156959513453,105.96489752696115,403.5653602577902,0.6059,2,59,1,4,5000,100,71.0,16.0,39.0,0.35,0.35,0.3,0.1,4.5694,0.0413,3.2443,386.9028,-2.6805,-9.3316
272,2,244,356,241,380,98.55711253306644,322.59107241211746,98.45723620277144,346.77081768799405,0.8528,2,59,1,4,5000,100,71.0,16.0,39.0,0.35,0.35,0.3,0.1,3.9978,0.0361,2.8443,334.2442,-1.2405,-8.2953
273,53,188,394,180,425,106.24171424654647,371.84001936316645,106.10130239915843,403.84155308734637,0.6008,2,59,1,4,5000,100,71.0,16.0,39.0,0.35,0.35,0.3,0.1,4.5658,0.0413,3.2418,387.1807,-2.7056,-9.3317
273,2,242,356,239,381,98.90805242607364,322.89471968429586,98.75867772314976,348.05890306096177,0.819,2,59,1,4,5000,100,71.0,16.0,39.0,0.35,0.35,0.3,0.1,4.1507,0.0375,2.9513,335.0049,-1.2905,-8.307
274,53,187,395,178,425,106.34620667151138,373.0804202849568,106.3735493270503,404.40079129497263,0.6831,2,59,1,4,5000,100,71.0,16.0,39.0,0.35,0.35,0.3,0.1,4.4582,0.0403,3.1665,388.1097,-2.7433,-9.3449
274,2,241,357,238,382,99.05535750808518,324.0385779502188,98.89585696966331,349.2005154635371,0.8012,2,59,1,4,5000,100,71.0,16.0,39.0,0.35,0.35,0.3,0.1,4.1362,0.0374,2.9412,336.1493,-1.3156,-8.3321
275,53,186,395,178,425,106.49346243200763,373.3630940518894,106.3735493270503,404.40079129497263,0.6206,4,59,1,4,5000,100,71.0,16.0,39.0,0.35,0.35,0.3,0.1,4.4164,0.0399,3.1373,388.2626,-2.756,-9.3452
275,2,240,357,236,382,99.22988624372772,324.1974706872341,99.21977332030953,349.51537877466853,0.8847,4,59,1,4,5000,100,71.0,16.0,39.0,0.35,0.35,0.3,0.1,4.1589,0.0376,2.9571,336.3807,-1.3532,-8.332
275,60,289,43,244,97,116.56505117707799,6.708203932499369,128.6598082540901,76.83749084919418,0.3921,4,59,1,4,5000,100,71.0,16.0,39.0,0.35,0.35,0.3,0.1,92.897,0.8394,65.0458,12.3392,-0.1893,-0.245
275,45,244,86,232,97,134.40934278535332,68.59300255857006,135.0,84.8528137423857,0.6241,4,59,1,4,5000,100,71.0,16.0,39.0,0.35,0.35,0.3,0.1,11.727,0.106,8.2524,75.8614,-1.3399,-1.3523
276,53,185,396,176,425,106.59669500660415,374.60646016853474,106.64503821467595,404.96913462633177,0.673,4,59,1,4,5000,100,71.0,16.0,39.0,0.35,0.35,0.3,0.1,4.3103,0.0389,3.063,389.1965,-2.7937,-9.3584
276,2,238,358,235,383,99.54913392873593,325.5103684984551,99.35487595889529,350.66365651433,0.7861,4,59,1,4,5000,100,71.0,16.0,39.0,0.35,0.35,0.3,0.1,4.1168,0.0372,2.9277,337.6192,-1.3908,-8.3573
276,60,289,43,244,97,116.56505117707799,6.708203932499369,128.6598082540901,76.83749084919418,0.3938,4,59,1,4,5000,100,71.0,16.0,39.0,0.35,0.35,0.3,0.1,92.897,0.8394,65.0458,12.3392,-0.1893,-0.245
276,45,243,86,233,97,135.0,69.29646455628166,134.51853419416165,84.1486779456457,0.6284,4,59,1,4,5000,100,71.0,16.0,39.0,0.35,0.35,0.3,0.1,10.7119,0.0968,7.5421,76.0038,-1.3424,-1.3548
277,53,184,396,175,425,106.74316025465754,374.8933181586463,106.78049558039703,405.2567087661844,0.6909,5,59,1,4,5000,100,71.0,16.0,39.0,0.35,0.35,0.3,0.1,4.3072,0.0389,3.0609,389.4841,-2.8188,-9.3584
277,2,236,358,232,383,99.89593486433182,325.84812413147324,99.83785096603324,351.1637794534055,0.8671,5,59,1,4,5000,100,71.0,16.0,39.0,0.35,0.35,0.3,0.1,4.1383,0.0374,2.9427,338.0326,-1.4534,-8.3572
277,61,525,321,539,342,50.633774478952844,367.3486082728503,50.99819951109059,392.4716550274682,0.6075,5,59,1,4,5000,100,71.0,16.0,39.0,0.35,0.35,0.3,0.1,3.6592,0.0331,2.6075,379.4948,6.016,-7.3822
277,60,288,44,244,97,119.74488129694222,8.06225774829855,128.6598082540901,76.83749084919418,0.4641,5,59,1,4,5000,100,71.0,16.0,39.0,0.35,0.35,0.3,0.1,89.6504,0.8101,62.7742,14.5933,-0.2245,-0.2893
277,45,243,86,232,97,135.0,69.29646455628166,135.0,84.8528137423857,0.6666,5,59,1,4,5000,100,71.0,16.0,39.0,0.35,0.35,0.3,0.1,11.1684,0.1009,7.8616,76.2897,-1.3537,-1.3537
278,53,184,396,174,425,106.74316025465754,374.8933181586463,106.91576008389896,405.5465448009636,0.5958,4,59,1,4,5000,100,71.0,16.0,39.0,0.35,0.35,0.3,0.1,4.3467,0.0393,3.0885,389.618,-2.8313,-9.3582
278,2,235,358,230,383,100.06906269888943,326.02147168553176,100.15905599584681,351.51102400920513,0.8474,4,59,1,4,5000,100,71.0,16.0,39.0,0.35,0.35,0.3,0.1,4.1635,0.0376,2.9603,338.2868,-1.491,-8.357
278,60,288,44,244,97,119.74488129694222,8.06225774829855,128.6598082540901,76.83749084919418,0.4693,4,59,1,4,5000,100,71.0,16.0,39.0,0.35,0.35,0.3,0.1,89.6504,0.8101,62.7742,14.5933,-0.2245,-0.2893
278,45,243,86,233,96,135.0,69.29646455628166,135.0,83.43860018001261,0.6644,4,59,1,4,5000,100,71.0,16.0,39.0,0.35,0.35,0.3,0.1,10.2471,0.0926,7.2169,75.7128,-1.3435,-1.3435
279,53,182,396,172,426,107.03541459291984,375.47436663506073,107.14412016973571,407.0884424790269,0.638,3,59,1,4,5000,100,71.0,16.0,39.0,0.35,0.35,0.3,0.1,4.4708,0.0404,3.1753,390.6428,-2.8811,-9.3699
279,2,232,357,228,382,100.61965527615514,325.5764119219941,100.50931690158792,350.88602138016273,0.8551,3,59,1,4,5000,100,71.0,16.0,39.0,0.35,0.35,0.3,0.1,4.1406,0.0374,2.9443,337.7577,-1.5537,-8.3321
279,60,287,44,244,97,125.53767779197437,8.602325267042627,128.6598082540901,76.83749084919418,0.6027,3,59,1,4,5000,100,71.0,16.0,39.0,0.35,0.35,0.3,0.1,88.3842,0.7986,61.8882,15.4724,-0.2409,-0.3045
280,53,181,397,172,426,107.13627450357599,376.7240369288904,107.14412016973571,407.0884424790269,0.7154,2,59,1,4,5000,100,71.0,16.0,39.0,0.35,0.35,0.3,0.1,4.2873,0.0387,3.0469,391.3181,-2.894,-9.3836
280,2,229,357,225,382,101.13766666864477,326.1426068455331,100.9902048803448,351.44558611540424,0.8019,2,59,1,4,5000,100,71.0,16.0,39.0,0.35,0.35,0.3,0.1,4.1327,0.0373,2.9387,338.3217,-1.6288,-8.3322
281,53,181,397,170,425,107.13627450357599,376.7240369288904,107.45486779322859,406.728410613274,0.5082,4,59,1,4,5000,100,71.0,16.0,39.0,0.35,0.35,0.3,0.1,4.2384,0.0383,3.0127,391.1517,-2.9192,-9.3715
281,2,226,355,223,380,101.72511201516508,324.7768464653846,101.37416538378451,349.87140494758927,0.6999,4,59,1,4,5000,100,71.0,16.0,39.0,0.35,0.35,0.3,0.1,4.1165,0.0372,2.9274,336.8574,-1.6915,-8.2822
281,61,525,320,539,341,50.534637362014166,366.5760494085777,50.906141113770495,391.69503443367773,0.5537,4,59,1,4,5000,100,71.0,16.0,39.0,0.35,0.35,0.3,0.1,3.6661,0.0331,2.6123,378.7195,6.016,-7.3571
281,62,396,173,404,189,52.59464336859145,171.20747647226156,53.615648184164115,188.80677953929515,0.6837,4,59,1,4,5000,100,71.0,16.0,39.0,0.35,0.35,0.3,0.1,5.4101,0.0489,3.8325,179.577,2.7038,-3.6051
282,53,180,398,170,425,107.23646717280353,377.9748668893211,107.45486779322859,406.728410613274,0.589,5,59,1,4,5000,100,71.0,16.0,39.0,0.35,0.35,0.3,0.1,4.0552,0.0366,2.8845,391.8248,-2.9321,-9.3851
282,2,224,353,220,378,102.144278049567,323.2336616133908,101.92252579363416,348.5182922028627,0.7888,5,59,1,4,5000,100,71.0,16.0,39.0,0.35,0.35,0.3,0.1,4.1656,0.0376,2.9618,335.4001,-1.7541,-8.2317
282,61,525,320,539,341,50.534637362014166,366.5760494085777,50.906141113770495,391.69503443367773,0.5659,5,59,1,4,5000,100,71.0,16.0,39.0,0.35,0.35,0.3,0.1,3.6661,0.0331,2.6123,378.7195,6.016,-7.3571
282,62,395,175,402,190,53.26319335638998,172.20046457544765,54.28559303527555,188.43831882077487,0.665,5,59,1,4,5000,100,71.0,16.0,39.0,0.35,0.35,0.3,0.1,4.9829,0.045,3.5336,179.9538,2.6672,-3.6439
282,60,285,45,244,97,131.18592516570965,10.63014581273465,128.6598082540901,76.83749084919418,0.6185,5,59,1,4,5000,100,71.0,16.0,39.0,0.35,0.35,0.3,0.1,83.7694,0.7569,58.6593,18.6765,-0.2947,-0.3644
283,53,178,398,169,425,107.52556837372288,378.5723180582542,107.58915182673574,407.02948296161543,0.6994,4,59,1,4,5000,100,71.0,16.0,39.0,0.35,0.35,0.3,0.1,4.0088,0.0362,2.8521,392.2855,-2.9697,-9.3854
283,2,221,351,217,376,102.74115632403178,321.92701036104444,102.47510971220896,347.1973502203034,0.7713,4,59,1,4,5000,100,71.0,16.0,39.0,0.35,0.35,0.3,0.1,4.1796,0.0378,2.9715,334.085,-1.8293,-8.1816
283,60,284,45,243,97,135.0,11.313708498984761,129.23736711340155,77.46612162745726,0.5408,4,59,1,4,5000,100,71.0,16.0,39.0,0.35,0.35,0.3,0.1,82.4628,0.7451,57.7451,19.7439,-0.3183,-0.3797
283,45,243,86,232,95,135.0,69.29646455628166,135.97102193107918,83.45058418010026,0.5915,4,59,1,4,5000,100,71.0,16.0,39.0,0.35,0.35,0.3,0.1,10.255,0.0927,7.2225,75.7177,-1.3559,-1.3311
284,53,177,398,168,426,107.66977522390856,378.87464945546304,107.68051663141921,408.285439368097,0.7749,3,59,1,4,5000,100,71.0,16.0,39.0,0.35,0.35,0.3,0.1,4.1349,0.0374,2.9403,393.0306,-2.9946,-9.3972
284,2,219,349,215,373,103.16884903466502,320.42627857277876,102.90740867126584,344.7100230628637,0.7702,3,59,1,4,5000,100,71.0,16.0,39.0,0.35,0.35,0.3,0.1,4.0405,0.0365,2.8742,332.1249,-1.8796,-8.1197
284,60,283,45,233,95,138.3664606634298,12.041594578792296,135.48969559312923,82.73451516749222,0.7876,3,59,1,4,5000,100,71.0,16.0,39.0,0.35,0.35,0.3,0.1,82.5474,0.7459,57.8043,21.0233,-0.3786,-0.3674
285,53,177,398,167,426,107.66977522390856,378.87464945546304,107.81412102075721,408.5902593063129,0.6909,5,59,1,4,5000,100,71.0,16.0,39.0,0.35,0.35,0.3,0.1,4.1762,0.0377,2.9692,393.1718,-3.007,-9.3969
285,2,217,346,213,371,103.64291477599008,317.9716968536665,103.30743187285489,343.21567563268434,0.7338,5,59,1,4,5000,100,71.0,16.0,39.0,0.35,0.35,0.3,0.1,4.2253,0.0382,3.0036,330.1118,-1.9294,-8.056
285,61,525,320,539,341,50.534637362014166,366.5760494085777,50.906141113770495,391.69503443367773,0.6339,5,59,1,4,5000,100,71.0,16.0,39.0,0.35,0.35,0.3,0.1,3.6661,0.0331,2.6123,378.7195,6.016,-7.3571
285,60,282,46,233,95,138.01278750418336,13.45362404707371,135.48969559312923,82.73451516749222,0.7965,5,59,1,4,5000,100,71.0,16.0,39.0,0.35,0.35,0.3,0.1,79.711,0.7203,55.8197,23.1438,-0.4167,-0.4046
285,63,435,53,442,52,6.384163939512459,143.8923208513922,5.710593137499642,150.74813431681335,0.5266,5,59,1,4,5000,100,71.0,16.0,39.0,0.35,0.35,0.3,0.1,2.5751,0.0233,1.8489,147.2405,3.6744,-0.3888
286,53,176,399,167,426,107.76764046708693,380.13155617496426,107.81412102075721,408.5902593063129,0.7835,4,59,1,4,5000,100,71.0,16.0,39.0,0.35,0.35,0.3,0.1,3.9932,0.0361,2.8411,393.8475,-3.0199,-9.4106
286,2,215,343,211,368,104.12432299810148,315.53922101697594,103.7507864301093,340.76678241870934,0.725,4,59,1,4,5000,100,71.0,16.0,39.0,0.35,0.35,0.3,0.1,4.254,0.0384,3.0236,327.6681,-1.9795,-7.9807
286,60,282,47,243,98,135.0,14.142135623730951,128.77417093557423,78.24321056807422,0.5273,4,59,1,4,5000,100,71.0,16.0,39.0,0.35,0.35,0.3,0.1,76.7872,0.6938,53.774,23.9546,-0.3842,-0.4623
286,45,243,86,232,94,135.0,69.29646455628166,136.46880071438582,82.75868534480233,0.552,4,59,1,4,5000,100,71.0,16.0,39.0,0.35,0.35,0.3,0.1,9.7981,0.0885,6.9028,75.4316,-1.357,-1.3197
287,53,174,399,166,426,108.05425157149524,380.74663491618674,107.94752548924404,408.89729761885195,0.7411,4,59,1,4,5000,100,71.0,16.0,39.0,0.35,0.35,0.3,0.1,3.9453,0.0356,2.8077,394.3202,-3.0576,-9.4109
287,2,213,340,209,364,104.61317604705323,313.12936623702353,104.24219434049287,337.36923392627256,0.722,4,59,1,4,5000,100,71.0,16.0,39.0,0.35,0.35,0.3,0.1,4.1239,0.0373,2.9326,324.7977,-2.0298,-7.8937
287,60,281,47,243,98,137.72631099390625,14.866068747318506,128.77417093557423,78.24321056807422,0.4575,4,59,1,4,5000,100,71.0,16.0,39.0,0.35,0.35,0.3,0.1,75.3297,0.6807,52.7542,24.985,-0.4047,-0.4789
287,45,243,86,232,94,135.0,69.29646455628166,136.46880071438582,82.75868534480233,0.551,4,59,1,4,5000,100,71.0,16.0,39.0,0.35,0.35,0.3,0.1,9.7981,0.0885,6.9028,75.4316,-1.357,-1.3197
288,53,173,399,165,426,108.19720836362902,381.0577384071868,108.08072904210758,409.20654931220247,0.7167,3,59,1,4,5000,100,71.0,16.0,39.0,0.35,0.35,0.3,0.1,3.942,0.0356,2.8053,394.6308,-3.0827,-9.4109
288,2,212,337,207,362,104.93141717813755,310.4834939252005,104.65675111576043,335.9315406448165,0.7893,3,59,1,4,5000,100,71.0,16.0,39.0,0.35,0.35,0.3,0.1,4.3568,0.0394,3.0956,322.7066,-2.0671,-7.8298
288,60,281,48,233,94,135.0,15.556349186104045,135.98776039963982,82.03657720797473,0.8271,3,59,1,4,5000,100,71.0,16.0,39.0,0.35,0.35,0.3,0.1,75.3877,0.6812,52.7948,26.1533,-0.4707,-0.4573
289,53,172,399,164,426,108.33993103355537,381.3712102401019,108.21373069625714,409.5180093719933,0.7391,5,59,1,4,5000,100,71.0,16.0,39.0,0.35,0.35,0.3,0.1,3.9386,0.0356,2.8029,394.9438,-3.1077,-9.4109
289,2,211,335,206,359,105.2063009532864,308.8122406900348,104.9535647531895,333.2866633995426,0.8037,5,59,1,4,5000,100,71.0,16.0,39.0,0.35,0.35,0.3,0.1,4.2183,0.0381,2.9986,320.583,-2.0923,-7.7679
289,60,281,48,243,98,135.0,15.556349186104045,128.77417093557423,78.24321056807422,0.5214,5,59,1,4,5000,100,71.0,16.0,39.0,0.35,0.35,0.3,0.1,73.9609,0.6683,51.7965,25.9528,-0.4169,-0.5003
289,45,243,86,232,94,135.0,69.29646455628166,136.46880071438582,82.75868534480233,0.553,5,59,1,4,5000,100,71.0,16.0,39.0,0.35,0.35,0.3,0.1,9.7981,0.0885,6.9028,75.4316,-1.357,-1.3197
289,63,436,60,449,61,9.074758021008684,145.82523787054146,8.69130753588485,158.8238017426859,0.582,5,59,1,4,5000,100,71.0,16.0,39.0,0.35,0.35,0.3,0.1,4.722,0.0427,3.3511,152.0472,3.7698,-0.5886
290,53,171,399,163,426,108.48241838912216,381.6870445797185,108.34652948028327,409.8316727633432,0.7922,3,59,1,4,5000,100,71.0,16.0,39.0,0.35,0.35,0.3,0.1,3.9351,0.0356,2.8005,395.259,-3.1328,-9.4109
290,2,210,333,205,356,105.48416971391566,307.14817271147814,105.25511870305779,330.65087327875,0.8199,3,59,1,4,5000,100,71.0,16.0,39.0,0.35,0.35,0.3,0.1,4.0781,0.0368,2.9006,318.4665,-2.1176,-7.706
290,60,281,48,233,93,135.0,15.556349186104045,136.49433359126652,81.34494452638098,0.8179,3,59,1,4,5000,100,71.0,16.0,39.0,0.35,0.35,0.3,0.1,75.1359,0.6789,52.6186,26.1179,-0.4735,-0.4532
291,53,170,399,162,426,108.62466925374733,382.0052355662158,108.47912443445618,410.1475344312093,0.8166,4,59,1,4,5000,100,71.0,16.0,39.0,0.35,0.35,0.3,0.1,3.9317,0.0355,2.7981,395.5765,-3.1579,-9.411
291,2,209,330,204,353,105.81617695105656,304.52914474644297,105.5615103253285,328.0243893371345,0.8133,4,59,1,4,5000,100,71.0,16.0,39.0,0.35,0.35,0.3,0.1,4.1106,0.0371,2.9233,315.8404,-2.1426,-7.6306
291,60,281,49,243,98,132.51044707800085,16.278820596099706,128.77417093557423,78.24321056807422,0.582,4,59,1,4,5000,100,71.0,16.0,39.0,0.35,0.35,0.3,0.1,72.5497,0.6556,50.8091,26.9505,-0.4294,-0.5225
291,45,243,86,232,93,135.0,69.29646455628166,136.97493401088198,82.07313811473277,0.5094,4,59,1,4,5000,100,71.0,16.0,39.0,0.35,0.35,0.3,0.1,9.3413,0.0844,6.5831,75.1456,-1.3581,-1.3082
292,53,169,399,161,426,108.76668246641295,382.32577731562907,108.61151461072292,410.4655893007354,0.8262,4,59,1,4,5000,100,71.0,16.0,39.0,0.35,0.35,0.3,0.1,3.9282,0.0355,2.7956,395.8963,-3.1829,-9.411
292,2,209,328,204,351,105.91938783211766,302.60535355475787,105.65578195884994,326.0981447355995,0.7988,4,59,1,4,5000,100,71.0,16.0,39.0,0.35,0.35,0.3,0.1,4.1354,0.0374,2.9406,313.9128,-2.1426,-7.5804
292,60,281,50,233,92,130.2363583092738,17.029386365926403,137.00955381302114,80.65977932030313,0.6829,4,59,1,4,5000,100,71.0,16.0,39.0,0.35,0.35,0.3,0.1,72.085,0.6514,50.4839,28.1216,-0.5062,-0.4917
292,63,437,58,450,58,8.24071182970788,146.5127980757995,7.570888900834287,159.38946012832844,0.516,4,59,1,4,5000,100,71.0,16.0,39.0,0.35,0.35,0.3,0.1,4.6585,0.0421,3.3067,152.6801,3.7951,-0.5261
293,53,168,399,160,426,108.90845688165695,382.6486639203122,108.74369907270304,410.78583227759935,0.8076,3,59,1,4,5000,100,71.0,16.0,39.0,0.35,0.35,0.3,0.1,3.9246,0.0355,2.7932,396.2183,-3.208,-9.411
293,2,209,328,205,351,105.91938783211766,302.60535355475787,105.48645975885991,325.8297101247828,0.6986,3,59,1,4,5000,100,71.0,16.0,39.0,0.35,0.35,0.3,0.1,4.0899,0.037,2.9088,313.7884,-2.1301,-7.5807
293,60,281,50,233,92,130.2363583092738,17.029386365926403,137.00955381302114,80.65977932030313,0.6763,3,59,1,4,5000,100,71.0,16.0,39.0,0.35,0.35,0.3,0.1,72.085,0.6514,50.4839,28.1216,-0.5062,-0.4917
294,53,167,399,159,426,109.04999136956289,382.97388944939837,108.87567689568303,411.1082582483597,0.8135,5,59,1,4,5000,100,71.0,16.0,39.0,0.35,0.35,0.3,0.1,3.921,0.0354,2.7906,396.5427,-3.2331,-9.411
294,2,210,329,205,352,105.68590592006642,303.29523570277195,105.43964553531926,326.7935127875093,0.8182,5,59,1,4,5000,100,71.0,16.0,39.0,0.35,0.35,0.3,0.1,4.1272,0.0373,2.9349,314.6062,-2.1175,-7.6055
294,64,393,200,400,217,58.216324063790616,191.75505208468434,59.03624346792648,209.91426821443082,0.6883,5,59,1,4,5000,100,71.0,16.0,39.0,0.35,0.35,0.3,0.1,5.0033,0.0452,3.5479,200.4242,2.617,-4.295
294,65,282,58,243,98,115.46334506187162,23.259406699226016,128.77417093557423,78.24321056807422,0.3498,5,59,1,4,5000,100,71.0,16.0,39.0,0.35,0.35,0.3,0.1,59.9493,0.5417,41.9928,35.859,-0.5256,-0.7304
294,60,281,44,233,91,147.52880770915152,13.038404810405298,137.5335588883946,79.98124780221924,0.5023,5,59,1,4,5000,100,71.0,16.0,39.0,0.35,0.35,0.3,0.1,79.6445,0.7197,55.7732,22.4217,-0.4242,-0.3697
295,53,166,399,158,426,109.19128481574778,383.30144794926093,109.00744716660927,411.4328620808017,0.837,5,59,1,4,5000,100,71.0,16.0,39.0,0.35,0.35,0.3,0.1,3.9174,0.0354,2.7881,396.8693,-3.2582,-9.411
295,2,211,330,207,353,105.45348760293983,303.99013141876827,105.0554826485334,327.23233336576016,0.7074,5,59,1,4,5000,100,71.0,16.0,39.0,0.35,0.35,0.3,0.1,4.0749,0.0368,2.8983,315.1833,-2.08,-7.6308
295,64,394,202,401,218,58.27639704231597,193.98195792392653,58.94323092055366,211.28653530218153,0.7036,5,59,1,4,5000,100,71.0,16.0,39.0,0.35,0.35,0.3,0.1,4.7255,0.0427,3.3535,202.2648,2.6426,-4.3334
295,60,282,45,233,90,141.34019174590992,12.806248474865697,138.0664855011259,79.30952023559341,0.6598,5,59,1,4,5000,100,71.0,16.0,39.0,0.35,0.35,0.3,0.1,79.8979,0.722,55.9505,22.0518,-0.4146,-0.3665
295,63,437,56,450,56,7.465190856121426,146.23952953972466,6.857072334099268,159.13830462839547,0.533,5,59,1,4,5000,100,71.0,16.0,39.0,0.35,0.35,0.3,0.1,4.6745,0.0422,3.3179,152.4165,3.795,-0.4759
296,53,165,399,157,426,109.33233612134771,383.631333443972,109.13900898407982,411.75963862428284,0.8152,5,59,1,4,5000,100,71.0,16.0,39.0,0.35,0.35,0.3,0.1,3.9137,0.0354,2.7855,397.1981,-3.2832,-9.4111
296,2,213,331,208,355,105.0405287719284,304.4289736539543,104.79676224505735,328.9072817679779,0.8027,5,59,1,4,5000,100,71.0,16.0,39.0,0.35,0.35,0.3,0.1,4.2773,0.0386,3.04,316.1951,-2.0421,-7.6673
296,64,396,204,403,220,58.08722842383668,196.73586353280888,58.760785111791236,214.03270778084362,0.7283,5,59,1,4,5000,100,71.0,16.0,39.0,0.35,0.35,0.3,0.1,4.6601,0.0421,3.3078,205.0201,2.6929,-4.3838
296,65,283,47,243,98,131.98721249581666,13.45362404707371,128.77417093557423,78.24321056807422,0.6273,5,59,1,4,5000,100,71.0,16.0,39.0,0.35,0.35,0.3,0.1,78.1947,0.7066,54.7588,22.9595,-0.3645,-0.4462
296,63,436,56,450,55,7.516441716269494,145.24806367039804,6.499346279654567,159.02201105507376,0.4479,5,59,1,4,5000,100,71.0,16.0,39.0,0.35,0.35,0.3,0.1,5.0099,0.0453,3.5525,151.8233,3.7816,-0.4633
297,53,164,399,155,426,109.47314420300167,383.96353993576,109.40150371124562,412.4196891517184,0.9239,5,59,1,4,5000,100,71.0,16.0,39.0,0.35,0.35,0.3,0.1,3.9544,0.0357,2.814,397.6832,-3.3207,-9.4108
297,2,215,332,210,355,104.62878012622645,304.8835843399903,104.4593951503185,328.40219244091537,0.8417,5,59,1,4,5000,100,71.0,16.0,39.0,0.35,0.35,0.3,0.1,4.11,0.0371,2.9229,316.2062,-1.9922,-7.6807
297,65,284,48,243,98,126.02737338510362,13.601470508735444,128.77417093557423,78.24321056807422,0.6461,5,59,1,4,5000,100,71.0,16.0,39.0,0.35,0.35,0.3,0.1,77.8907,0.7038,54.5461,23.1744,-0.361,-0.456
297,45,243,86,232,89,135.0,69.29646455628166,139.08561677997488,79.39773296511683,0.3169,5,59,1,4,5000,100,71.0,16.0,39.0,0.35,0.35,0.3,0.1,7.5181,0.0679,5.3075,74.004,-1.3622,-1.2622
297,63,437,56,450,55,7.465190856121426,146.23952953972466,6.499346279654567,159.02201105507376,0.4405,5,59,1,4,5000,100,71.0,16.0,39.0,0.35,0.35,0.3,0.1,4.6341,0.0419,3.2896,152.3631,3.7952,-0.4634
298,53,163,399,154,426,109.61370799283326,384.2980614054669,109.53243487630255,412.7529527453438,0.9167,4,59,1,4,5000,100,71.0,16.0,39.0,0.35,0.35,0.3,0.1,3.9509,0.0357,2.8116,398.0176,-3.3458,-9.4108
298,2,215,333,211,356,104.58146836931994,305.8512710452582,104.24735444886838,329.1230772826482,0.7316,4,59,1,4,5000,100,71.0,16.0,39.0,0.35,0.35,0.3,0.1,4.056,0.0366,2.8851,317.0607,-1.9798,-7.7061
298,64,399,206,406,223,57.66062292025873,200.02499843769527,58.49573328079582,218.15590755237412,0.6637,4,59,1,4,5000,100,71.0,16.0,39.0,0.35,0.35,0.3,0.1,4.7982,0.0434,3.4044,208.6974,2.7678,-4.4459
298,63,437,56,449,55,7.465190856121426,146.23952953972466,6.54038582819662,158.02847844613325,0.4396,4,59,1,4,5000,100,71.0,16.0,39.0,0.35,0.35,0.3,0.1,4.2879,0.0387,3.0474,151.9056,3.7836,-0.4636
299,53,162,399,153,426,109.75402643843057,384.6348918130023,109.66315409860154,413.08836827003495,0.89,3,59,1,4,5000,100,71.0,16.0,39.0,0.35,0.35,0.3,0.1,3.9474,0.0357,2.8091,398.3542,-3.3709,-9.4109
299,2,216,334,211,358,104.35354280060201,306.5697310564107,104.16216805531275,331.0619277416236,0.8232,3,59,1,4,5000,100,71.0,16.0,39.0,0.35,0.35,0.3,0.1,4.2509,0.0384,3.0215,318.3454,-1.967,-7.7426
299,64,401,207,408,224,57.33296266268805,201.94306128213466,58.18780992130557,220.05681084665386,0.6475,3,59,1,4,5000,100,71.0,16.0,39.0,0.35,0.35,0.3,0.1,4.7503,0.0429,3.3709,210.6112,2.818,-4.4712
300,53,162,399,153,426,109.75402643843057,384.6348918130023,109.66315409860154,413.08836827003495,0.9229,3,59,1,4,5000,100,71.0,16.0,39.0,0.35,0.35,0.3,0.1,3.9474,0.0357,2.8091,398.3542,-3.3709,-9.4109
300,2,216,336,211,360,104.26146156705073,308.50769844527383,104.07797381707572,333.0015014981164,0.8167,3,59,1,4,5000,100,71.0,16.0,39.0,0.35,0.35,0.3,0.1,4.2255,0.0382,3.0037,320.287,-1.967,-7.7929
300,64,402,208,410,225,57.24784235146058,203.32486321156102,57.885169399703265,221.96396103872357,0.7284,3,59,1,4,5000,100,71.0,16.0,39.0,0.35,0.35,0.3,0.1,4.8503,0.0438,3.4408,212.236,2.8553,-4.4958
301,53,161,399,152,426,109.89409850282412,384.974025097798,109.79366053482946,413.4259304881589,0.8971,3,59,1,4,5000,100,71.0,16.0,39.0,0.35,0.35,0.3,0.1,3.9438,0.0356,2.8066,398.693,-3.3959,-9.4109
301,2,216,338,212,362,104.17053020527426,310.446452709642,103.82865097228016,334.7013594235912,0.7166,3,59,1,4,5000,100,71.0,16.0,39.0,0.35,0.35,0.3,0.1,4.1607,0.0376,2.9584,322.118,-1.9546,-7.8434
301,64,404,209,411,226,56.92932217723833,205.25106577068,57.804266065286754,223.34278586961344,0.6371,3,59,1,4,5000,100,71.0,16.0,39.0,0.35,0.35,0.3,0.1,4.6715,0.0422,3.3158,213.9151,2.8933,-4.5215
302,53,160,399,151,426,110.0339231644629,385.3154551792596,109.92395335324815,413.76563414570813,0.8873,3,59,1,4,5000,100,71.0,16.0,39.0,0.35,0.35,0.3,0.1,3.9402,0.0356,2.8041,399.0341,-3.421,-9.4109
302,2,217,339,212,363,103.94692821757025,311.1735849971845,103.78785291632678,335.6724594005293,0.8321,3,59,1,4,5000,100,71.0,16.0,39.0,0.35,0.35,0.3,0.1,4.1915,0.0379,2.9799,322.9591,-1.942,-7.8683
302,64,405,210,412,227,56.84826623841443,206.63494380186523,57.724355685422374,224.72205054244233,0.6519,3,59,1,4,5000,100,71.0,16.0,39.0,0.35,0.35,0.3,0.1,4.6404,0.0419,3.294,215.2993,2.9184,-4.5467
303,53,159,399,151,425,110.17349941718847,385.6591759572174,109.9712489518058,412.82562904936026,0.8009,3,59,1,4,5000,100,71.0,16.0,39.0,0.35,0.35,0.3,0.1,3.7652,0.034,2.6817,398.7803,-3.4339,-9.3994
303,2,217,340,213,365,103.90268711422056,312.14419744726956,103.541971506473,337.37960815674677,0.7204,3,59,1,4,5000,100,71.0,16.0,39.0,0.35,0.35,0.3,0.1,4.2997,0.0389,3.0556,324.2717,-1.9293,-7.9053
303,64,405,211,412,228,56.9992869305214,207.4728897952694,57.859993497566904,225.5681715136247,0.6438,3,59,1,4,5000,100,71.0,16.0,39.0,0.35,0.35,0.3,0.1,4.6245,0.0418,3.2828,216.1425,2.9184,-4.5718
304,53,159,398,151,425,110.22485943116808,384.72067789501517,109.9712489518058,412.82562904936026,0.7486,3,59,1,4,5000,100,71.0,16.0,39.0,0.35,0.35,0.3,0.1,3.8999,0.0352,2.7759,398.278,-3.4336,-9.3861
304,2,218,341,213,366,103.68092535931937,312.87697262662203,103.50231975961646,338.35188783277096,0.8208,3,59,1,4,5000,100,71.0,16.0,39.0,0.35,0.35,0.3,0.1,4.3292,0.0391,3.0762,325.1162,-1.9168,-7.9301
304,64,404,211,411,228,57.23150092123018,206.92993983471797,58.07558109908988,225.0377746068424,0.6551,3,59,1,4,5000,100,71.0,16.0,39.0,0.35,0.35,0.3,0.1,4.6392,0.0419,3.2931,215.6043,2.8934,-4.5717
305,53,160,398,151,425,110.0849882184999,384.37611788455325,109.9712489518058,412.82562904936026,0.8544,3,59,1,4,5000,100,71.0,16.0,39.0,0.35,0.35,0.3,0.1,3.9494,0.0357,2.8105,398.0932,-3.421,-9.3858
305,2,218,343,214,367,103.59483633407497,314.8205838251368,103.29857033049429,339.092907622675,0.7404,3,59,1,4,5000,100,71.0,16.0,39.0,0.35,0.35,0.3,0.1,4.1079,0.0371,2.9214,326.5063,-1.9045,-7.969
305,64,403,212,410,229,57.61362745401874,207.23416706711276,58.42580924971468,225.3619311241364,0.667,3,59,1,4,5000,100,71.0,16.0,39.0,0.35,0.35,0.3,0.1,4.6375,0.0419,3.292,215.9182,2.8683,-4.5968
306,53,161,397,152,424,109.99588434941184,383.0939832469312,109.88795065420587,411.54465128342997,0.8665,3,59,1,4,5000,100,71.0,16.0,39.0,0.35,0.35,0.3,0.1,3.9623,0.0358,2.8195,396.81,-3.3959,-9.3606
306,2,218,345,214,369,103.50980395328139,316.76489704511135,103.22128023172195,341.03958714495303,0.7531,3,59,1,4,5000,100,71.0,16.0,39.0,0.35,0.35,0.3,0.1,4.084,0.0369,2.9047,328.4543,-1.9046,-8.0192
306,64,403,213,410,230,57.76111516253001,208.07931180201456,58.558427725757795,226.2144999773445,0.6543,3,59,1,4,5000,100,71.0,16.0,39.0,0.35,0.35,0.3,0.1,4.6213,0.0418,3.2806,216.7683,2.8683,-4.6219
307,53,162,396,153,422,109.90618227250988,381.812781347089,109.85155726972093,409.3238326801898,0.9474,3,59,1,4,5000,100,71.0,16.0,39.0,0.35,0.35,0.3,0.1,3.8484,0.0348,2.7399,395.09,-3.3711,-9.3237
307,2,218,347,214,372,103.42580924971469,318.709899438345,103.10698579485403,343.96075357517174,0.743,3,59,1,4,5000,100,71.0,16.0,39.0,0.35,0.35,0.3,0.1,4.217,0.0381,2.9978,330.8542,-1.9044,-8.0811
307,64,402,214,409,231,58.140333109269044,208.39625716408634,58.90612458598947,226.55021518418383,0.6566,3,59,1,4,5000,100,71.0,16.0,39.0,0.35,0.35,0.3,0.1,4.6191,0.0417,3.2791,217.0944,2.8433,-4.647
308,53,162,394,154,420,110.0088748041802,379.93288881064245,109.81476683563173,407.1031810241723,0.8353,3,59,1,4,5000,100,71.0,16.0,39.0,0.35,0.35,0.3,0.1,3.8206,0.0345,2.7204,393.049,-3.3586,-9.2738
308,2,217,349,213,374,103.51656810879132,320.887830869293,103.19312887594245,346.13581149600805,0.748,3,59,1,4,5000,100,71.0,16.0,39.0,0.35,0.35,0.3,0.1,4.189,0.0379,2.9782,333.034,-1.9295,-8.1314
308,64,400,214,407,232,58.6097318958122,207.3475343475297,59.47029410006589,226.38462845343543,0.6273,3,59,1,4,5000,100,71.0,16.0,39.0,0.35,0.35,0.3,0.1,4.8574,0.0439,3.4458,216.4483,2.7927,-4.6586
309,53,164,392,156,418,109.82744710089179,377.37117006999887,109.64429699137804,404.5454239019396,0.8311,3,59,1,4,5000,100,71.0,16.0,39.0,0.35,0.35,0.3,0.1,3.8461,0.0348,2.7382,390.4861,-3.3084,-9.2235
309,2,216,352,211,376,103.56450743995525,324.0385779502188,103.43818815835066,348.54268031332975,0.8511,3,59,1,4,5000,100,71.0,16.0,39.0,0.35,0.35,0.3,0.1,4.032,0.0364,2.8683,335.8443,-1.9673,-8.1949
309,64,399,215,406,232,58.98893069625842,207.68485741623053,59.688786773318384,225.8782858089728,0.6927,3,59,1,4,5000,100,71.0,16.0,39.0,0.35,0.35,0.3,0.1,4.644,0.042,3.2965,216.3999,2.7681,-4.6719
310,66,426,435,435,461,71.39247404983915,419.9523782525823,71.3625934348598,447.4650824366076,0.6935,3,59,1,4,5000,100,71.0,16.0,39.0,0.35,0.35,0.3,0.1,3.5102,0.0317,2.5032,433.2724,3.472,-10.3033
310,53,166,392,157,417,109.5412789216155,376.6974913640918,109.55825153699745,403.2679010285842,0.9382,3,59,1,4,5000,100,71.0,16.0,39.0,0.35,0.35,0.3,0.1,3.7701,0.0341,2.685,389.5301,-3.271,-9.2114
310,2,214,353,210,378,103.86546668748062,325.48425461149424,103.52115006054728,350.7206865869192,0.7215,3,59,1,4,5000,100,71.0,16.0,39.0,0.35,0.35,0.3,0.1,4.1302,0.0373,2.937,337.6316,-2.0047,-8.232
311,53,166,392,158,418,109.5412789216155,376.6974913640918,109.37708110593333,403.87745666229006,0.8408,2,59,1,4,5000,100,71.0,16.0,39.0,0.35,0.35,0.3,0.1,3.8535,0.0348,2.7434,389.8143,-3.2583,-9.2234
311,2,212,355,207,380,104.1210004763876,327.9085238294363,103.91827016962209,353.3751547576598,0.8202,2,59,1,4,5000,100,71.0,16.0,39.0,0.35,0.35,0.3,0.1,4.1369,0.0374,2.9417,340.1659,-2.0674,-8.282
312,2,210,357,205,381,104.37277868446186,330.3392195910138,104.19289592655976,354.8309456628607,0.8511,2,59,1,4,5000,100,71.0,16.0,39.0,0.35,0.35,0.3,0.1,3.9559,0.0357,2.8151,342.1473,-2.1177,-8.3206
312,64,396,217,402,234,59.981632572390915,207.88458336298052,60.822073277087796,225.63022847127553,0.6517,2,59,1,4,5000,100,71.0,16.0,39.0,0.35,0.35,0.3,0.1,4.5302,0.0409,3.2169,216.3942,2.6806,-4.7224
313,53,169,394,162,419,109.01076641616699,377.59502115361636,108.7941653044725,403.5145598364451,0.7682,3,59,1,4,5000,100,71.0,16.0,39.0,0.35,0.35,0.3,0.1,3.6723,0.0332,2.6166,390.1247,-3.1709,-9.2621
313,2,207,358,202,382,104.83138585094245,332.06324698767855,104.62087398863166,356.5459297201414,0.8535,3,59,1,4,5000,100,71.0,16.0,39.0,0.35,0.35,0.3,0.1,3.9347,0.0356,2.8002,343.8694,-2.193,-8.3458
313,64,395,217,401,234,60.220850896430164,207.38611332488009,61.044266863203624,225.1443981093023,0.6429,3,59,1,4,5000,100,71.0,16.0,39.0,0.35,0.35,0.3,0.1,4.5437,0.0411,3.2263,215.9007,2.6556,-4.7224
314,53,170,395,164,421,108.81819246855676,378.2168690050723,108.43494882292202,404.7715405015526,0.6496,4,59,1,4,5000,100,71.0,16.0,39.0,0.35,0.35,0.3,0.1,3.7533,0.0339,2.6733,391.0439,-3.1332,-9.2993
314,2,204,358,199,382,105.33060716993592,332.84380721293286,105.08635400846512,357.3149870912218,0.8336,4,59,1,4,5000,100,71.0,16.0,39.0,0.35,0.35,0.3,0.1,3.924,0.0355,2.7928,344.6456,-2.2682,-8.3459
314,67,509,295,523,316,49.93330297009073,337.12460604352214,50.37670542805074,362.2181663031273,0.4678,4,59,1,4,5000,100,71.0,16.0,39.0,0.35,0.35,0.3,0.1,3.971,0.0359,2.8256,349.2212,5.6139,-6.7291
314,64,394,218,400,235,60.5971789944163,207.76188293332345,61.38954033403479,225.53935355055003,0.6567,4,59,1,4,5000,100,71.0,16.0,39.0,0.35,0.35,0.3,0.1,4.5405,0.041,3.2241,216.2859,2.6305,-4.7474
315,53,171,396,164,422,108.62625288502147,378.8429753869009,108.39029117061439,405.72034703721727,0.7658,4,59,1,4,5000,100,71.0,16.0,39.0,0.35,0.35,0.3,0.1,3.7913,0.0343,2.6999,391.8213,-3.1206,-9.3241
315,2,201,357,196,382,105.87442676358444,332.6875410952445,105.54980416970159,358.10752575169374,0.7535,4,59,1,4,5000,100,71.0,16.0,39.0,0.35,0.35,0.3,0.1,4.0724,0.0368,2.8966,344.9298,-2.3431,-8.3325
315,67,508,297,539,342,50.28124062844512,338.0177510131679,50.99819951109059,392.4716550274682,0.6946,4,59,1,4,5000,100,71.0,16.0,39.0,0.35,0.35,0.3,0.1,8.2498,0.0745,5.8194,363.2151,5.7771,-7.0498
315,64,393,218,399,235,60.83800000136957,207.27276714513172,61.613033375923145,225.06221362103412,0.6591,4,59,1,4,5000,100,71.0,16.0,39.0,0.35,0.35,0.3,0.1,4.5537,0.0411,3.2334,215.8015,2.6054,-4.7474
316,53,173,397,166,423,108.29159020753886,379.15827829548965,108.07797039218973,406.0443325549564,0.7599,6,59,1,4,5000,100,71.0,16.0,39.0,0.35,0.35,0.3,0.1,3.7894,0.0342,2.6986,392.141,-3.0704,-9.3491
316,2,198,356,193,380,106.41870838489011,332.56127254988667,106.09971274847734,357.0014005574768,0.752,6,59,1,4,5000,100,71.0,16.0,39.0,0.35,0.35,0.3,0.1,3.9224,0.0354,2.7916,344.3482,-2.4185,-8.2957
316,67,507,300,539,342,50.73432792467268,339.69692374232653,50.99819951109059,392.4716550274682,0.7971,6,59,1,4,5000,100,71.0,16.0,39.0,0.35,0.35,0.3,0.1,7.977,0.0721,5.6286,364.1823,5.7666,-7.0897
316,64,392,218,399,236,61.07995596239355,206.7873303662485,61.73359421759589,225.94247055390008,0.7156,6,59,1,4,5000,100,71.0,16.0,39.0,0.35,0.35,0.3,0.1,4.8989,0.0443,3.4748,215.9409,2.5922,-4.7586
316,68,431,60,438,62,9.395466019566891,140.8900280360537,9.716685817785104,148.12494725737457,0.648,6,59,1,4,5000,100,71.0,16.0,39.0,0.35,0.35,0.3,0.1,2.7704,0.025,1.9856,144.4169,3.5737,-0.6019
316,69,428,47,438,49,4.205357001708586,136.36715146984628,4.69868051729944,146.4923206178399,0.5365,6,59,1,4,5000,100,71.0,16.0,39.0,0.35,0.35,0.3,0.1,3.9615,0.0358,2.819,141.2485,3.5338,-0.2757
317,53,174,398,167,424,108.10100551311531,379.7959978725421,107.90032254012768,406.6866115327624,0.7751,6,59,1,4,5000,100,71.0,16.0,39.0,0.35,0.35,0.3,0.1,3.7839,0.0342,2.6947,392.7816,-3.0454,-9.3742
317,2,196,353,191,378,106.89864869403823,330.26050323948823,106.49864038531742,355.64307950528155,0.7105,6,59,1,4,5000,100,71.0,16.0,39.0,0.35,0.35,0.3,0.1,4.0954,0.037,2.9127,342.4821,-2.4684,-8.2322
317,67,506,302,539,342,51.07748941663898,340.618554984898,50.99819951109059,392.4716550274682,0.8766,6,59,1,4,5000,100,71.0,16.0,39.0,0.35,0.35,0.3,0.1,7.8279,0.0707,5.5242,364.7113,5.7553,-7.116
317,64,392,219,398,236,61.213381689985965,207.66318884193223,61.95740911127113,225.47061892849808,0.6627,6,59,1,4,5000,100,71.0,16.0,39.0,0.35,0.35,0.3,0.1,4.5499,0.0411,3.2307,216.2008,2.5804,-4.7724
317,68,431,61,438,62,9.796209917474519,141.05672617780408,9.716685817785104,148.12494725737457,0.6727,6,59,1,4,5000,100,71.0,16.0,39.0,0.35,0.35,0.3,0.1,2.705,0.0244,1.9398,144.5045,3.5738,-0.6144
317,69,427,47,438,48,4.23639479905884,135.36986370680884,4.308664916524875,146.4137971640651,0.6759,6,59,1,4,5000,100,71.0,16.0,39.0,0.35,0.35,0.3,0.1,4.3374,0.0392,3.082,140.6754,3.5203,-0.2631
318,53,175,398,167,426,107.95749504561243,379.4864951483781,107.81412102075721,408.5902593063129,0.7989,6,59,1,4,5000,100,71.0,16.0,39.0,0.35,0.35,0.3,0.1,4.087,0.0369,2.9068,393.501,-3.0322,-9.3975
318,2,193,350,188,376,107.55184682143526,328.28341414089135,107.05521019121586,354.5941341872423,0.6379,6,59,1,4,5000,100,71.0,16.0,39.0,0.35,0.35,0.3,0.1,4.264,0.0385,3.0306,340.9319,-2.5433,-8.1686
318,67,505,304,539,342,51.418786730238786,341.55233859541937,50.99819951109059,392.4716550274682,0.6744,6,59,1,4,5000,100,71.0,16.0,39.0,0.35,0.35,0.3,0.1,7.6771,0.0694,5.4187,365.2459,5.7439,-7.1424
318,64,391,220,397,237,61.58733855692742,208.06249061279644,62.300527191945,225.88713996153035,0.6791,6,59,1,4,5000,100,71.0,16.0,39.0,0.35,0.35,0.3,0.1,4.5458,0.0411,3.2278,216.6087,2.5553,-4.7975
318,68,431,61,438,62,9.796209917474519,141.05672617780408,9.716685817785104,148.12494725737457,0.6795,6,59,1,4,5000,100,71.0,16.0,39.0,0.35,0.35,0.3,0.1,2.705,0.0244,1.9398,144.5045,3.5738,-0.6144
318,69,426,48,438,48,4.692862505589839,134.45073447177595,4.308664916524875,146.4137971640651,0.5926,6,59,1,4,5000,100,71.0,16.0,39.0,0.35,0.35,0.3,0.1,4.7138,0.0426,3.3454,140.1775,3.5068,-0.2755
319,53,186,373,168,428,107.50924479025767,352.32371478513903,107.59567206994399,410.1914187303289,0.8353,4,59,1,4,5000,100,71.0,16.0,39.0,0.35,0.35,0.3,0.1,8.3987,0.0759,5.9236,379.0618,-2.8692,-9.0692
319,2,192,348,175,400,107.82485225541645,326.6818023704412,107.86486037792312,381.3895646186455,0.8942,4,59,1,4,5000,100,71.0,16.0,39.0,0.35,0.35,0.3,0.1,8.5506,0.0773,6.0299,351.9222,-2.7065,-8.4062
319,64,390,220,396,237,61.83009896785003,207.5885353289049,62.52556837372287,225.42404485768594,0.6833,4,59,1,4,5000,100,71.0,16.0,39.0,0.35,0.35,0.3,0.1,4.5584,0.0412,3.2366,216.139,2.5303,-4.7975
319,69,427,48,438,48,4.658254109675612,135.44740676735012,4.308664916524875,146.4137971640651,0.5788,4,59,1,4,5000,100,71.0,16.0,39.0,0.35,0.35,0.3,0.1,4.3058,0.0389,3.0599,140.7173,3.5204,-0.2756
320,53,175,401,168,429,107.81888891452277,382.3414704161713,107.55354482633989,411.1447433690476,0.771,3,59,1,4,5000,100,71.0,16.0,39.0,0.35,0.35,0.3,0.1,4.0173,0.0363,2.858,396.2203,-3.0199,-9.4731
320,2,190,345,184,369,108.32326128502405,324.4503043610839,108.01976928177714,349.12461958446875,0.7533,3,59,1,4,5000,100,71.0,16.0,39.0,0.35,0.35,0.3,0.1,4.054,0.0366,2.8837,336.3355,-2.6314,-8.0194
320,64,389,220,395,237,62.07396602994594,207.1183236703117,62.75153257335525,224.96444163467257,0.7015,3,59,1,4,5000,100,71.0,16.0,39.0,0.35,0.35,0.3,0.1,4.5709,0.0413,3.2454,215.6728,2.5052,-4.7974
321,53,175,403,168,431,107.72762945437776,384.2460149435515,107.469873830377,413.05205483086513,0.7757,4,59,1,4,5000,100,71.0,16.0,39.0,0.35,0.35,0.3,0.1,3.9984,0.0361,2.8448,398.1287,-3.0199,-9.5233
321,2,189,341,183,366,108.71719175919287,320.97507691408066,108.33039459679851,346.5862086119412,0.7173,4,59,1,4,5000,100,71.0,16.0,39.0,0.35,0.35,0.3,0.1,4.2458,0.0384,3.0179,333.2894,-2.6561,-7.9306
321,64,388,220,394,238,62.31893843151474,206.65188119153427,63.09390654406316,225.39964507514205,0.6812,4,59,1,4,5000,100,71.0,16.0,39.0,0.35,0.35,0.3,0.1,4.8022,0.0434,3.4072,215.619,2.4797,-4.8091
321,70,284,45,243,86,135.0,11.313708498984761,135.0,69.29646455628166,0.8734,4,59,1,4,5000,100,71.0,16.0,39.0,0.35,0.35,0.3,0.1,79.6041,0.7193,55.7449,19.4516,-0.3452,-0.3452
322,53,175,404,168,432,107.68233819354744,385.1986500495556,107.42832747870274,414.00603860330347,0.793,4,59,1,4,5000,100,71.0,16.0,39.0,0.35,0.35,0.3,0.1,3.9891,0.036,2.8383,399.0832,-3.0199,-9.5485
322,2,188,338,182,362,109.06079639828641,318.4603586005643,108.69898280418113,343.11076928595526,0.7275,4,59,1,4,5000,100,71.0,16.0,39.0,0.35,0.35,0.3,0.1,4.1236,0.0373,2.9324,330.3263,-2.6814,-7.8436
322,64,387,220,393,238,62.56501468729297,206.1892334725555,63.321040862628905,224.94888308235718,0.6835,4,59,1,4,5000,100,71.0,16.0,39.0,0.35,0.35,0.3,0.1,4.8154,0.0435,3.4165,215.1609,2.4546,-4.809
322,70,284,45,243,86,135.0,11.313708498984761,135.0,69.29646455628166,0.8859,4,59,1,4,5000,100,71.0,16.0,39.0,0.35,0.35,0.3,0.1,79.6041,0.7193,55.7449,19.4516,-0.3452,-0.3452
323,53,174,407,167,434,107.68846624823283,388.36065712170176,107.47720585577521,416.21388732237176,0.8041,4,59,1,4,5000,100,71.0,16.0,39.0,0.35,0.35,0.3,0.1,3.8312,0.0346,2.7278,401.8052,-3.0453,-9.6121
323,2,188,335,182,358,109.23864451690845,315.6263613832026,108.9155172509332,339.32432862970495,0.7453,4,59,1,4,5000,100,71.0,16.0,39.0,0.35,0.35,0.3,0.1,4.0043,0.0362,2.8489,327.0466,-2.6816,-7.7565
323,64,386,221,393,238,62.93889386252676,206.6204249342257,63.321040862628905,224.94888308235718,0.8044,4,59,1,4,5000,100,71.0,16.0,39.0,0.35,0.35,0.3,0.1,4.7,0.0425,3.3357,215.3955,2.4423,-4.8219
323,70,284,45,243,86,135.0,11.313708498984761,135.0,69.29646455628166,0.8357,4,59,1,4,5000,100,71.0,16.0,39.0,0.35,0.35,0.3,0.1,79.6041,0.7193,55.7449,19.4516,-0.3452,-0.3452
324,53,174,409,166,435,107.59925117712763,390.26657556085945,107.56689737317647,417.4685616905781,0.8916,4,59,1,4,5000,100,71.0,16.0,39.0,0.35,0.35,0.3,0.1,3.727,0.0337,2.6549,403.4095,-3.058,-9.6503
324,2,188,331,182,355,109.48080022827936,311.85252925060587,109.08111442895358,336.48774123287166,0.7281,4,59,1,4,5000,100,71.0,16.0,39.0,0.35,0.35,0.3,0.1,4.2051,0.038,2.9894,323.7021,-2.6812,-7.6678
324,64,385,221,392,239,63.18637867086242,206.1674077054858,63.66231183391257,225.39742678211746,0.7865,4,59,1,4,5000,100,71.0,16.0,39.0,0.35,0.35,0.3,0.1,4.9313,0.0446,3.4975,215.354,2.4168,-4.8336
324,70,284,45,243,86,135.0,11.313708498984761,135.0,69.29646455628166,0.8396,4,59,1,4,5000,100,71.0,16.0,39.0,0.35,0.35,0.3,0.1,79.6041,0.7193,55.7449,19.4516,-0.3452,-0.3452
325,53,173,411,165,438,107.65012421993013,392.4754769409167,107.57342308835476,420.63047916193614,0.8184,5,59,1,4,5000,100,71.0,16.0,39.0,0.35,0.35,0.3,0.1,3.8321,0.0346,2.7284,406.0655,-3.0829,-9.7123
325,2,188,328,182,351,109.66629592975731,309.02588888311607,109.30630034060037,332.7100840070827,0.7376,5,59,1,4,5000,100,71.0,16.0,39.0,0.35,0.35,0.3,0.1,4.0844,0.0369,2.905,320.4309,-2.6814,-7.5807
325,67,525,321,539,342,50.633774478952844,367.3486082728503,50.99819951109059,392.4716550274682,0.5445,5,59,1,4,5000,100,71.0,16.0,39.0,0.35,0.35,0.3,0.1,3.6592,0.0331,2.6075,379.4948,6.016,-7.3822
325,64,384,222,390,240,63.55896546801962,206.6131651178114,64.23067237566129,225.41739063346466,0.6939,5,59,1,4,5000,100,71.0,16.0,39.0,0.35,0.35,0.3,0.1,4.8169,0.0435,3.4175,215.606,2.3795,-4.8591
325,70,284,45,243,86,135.0,11.313708498984761,135.0,69.29646455628166,0.8436,5,59,1,4,5000,100,71.0,16.0,39.0,0.35,0.35,0.3,0.1,79.6041,0.7193,55.7449,19.4516,-0.3452,-0.3452
326,53,172,412,164,439,107.74467162505692,393.7321424522006,107.66188926689271,421.8862405909915,0.7779,4,59,1,4,5000,100,71.0,16.0,39.0,0.35,0.35,0.3,0.1,3.8202,0.0345,2.7201,407.3233,-3.108,-9.7374
326,2,188,325,182,348,109.85521436932106,306.2025473440742,109.47857242418955,329.8802813142974,0.7446,4,59,1,4,5000,100,71.0,16.0,39.0,0.35,0.35,0.3,0.1,4.1196,0.0372,2.9296,317.6007,-2.6814,-7.5053
326,64,382,222,389,240,64.05770451012833,205.73040611440985,64.46001243528609,224.98444390668436,0.8062,4,59,1,4,5000,100,71.0,16.0,39.0,0.35,0.35,0.3,0.1,4.9472,0.0447,3.5086,214.9271,2.3416,-4.8586
326,70,284,45,243,86,135.0,11.313708498984761,135.0,69.29646455628166,0.8444,4,59,1,4,5000,100,71.0,16.0,39.0,0.35,0.35,0.3,0.1,79.6041,0.7193,55.7449,19.4516,-0.3452,-0.3452
327,53,170,413,162,440,107.97659236492159,395.2973564293088,107.87869659584133,423.4489343474606,0.8402,5,59,1,4,5000,100,71.0,16.0,39.0,0.35,0.35,0.3,0.1,3.8052,0.0344,2.7096,408.8892,-3.1581,-9.7626
327,2,188,321,182,344,110.11258828907549,302.4433831314549,109.71291621894247,326.11194397016493,0.7344,5,59,1,4,5000,100,71.0,16.0,39.0,0.35,0.35,0.3,0.1,4.1673,0.0377,2.963,313.832,-2.6813,-7.4048
327,64,380,222,386,240,64.56070353252439,204.86336910243372,65.15330682457747,223.70739817896055,0.7411,5,59,1,4,5000,100,71.0,16.0,39.0,0.35,0.35,0.3,0.1,4.8661,0.044,3.4519,213.8711,2.2792,-4.8589
327,70,284,45,243,86,135.0,11.313708498984761,135.0,69.29646455628166,0.8616,5,59,1,4,5000,100,71.0,16.0,39.0,0.35,0.35,0.3,0.1,79.6041,0.7193,55.7449,19.4516,-0.3452,-0.3452
327,69,399,46,432,62,4.807953963030471,107.37783756436893,10.124671655397817,142.21462653327893,0.5736,5,59,1,4,5000,100,71.0,16.0,39.0,0.35,0.35,0.3,0.1,15.4466,0.1396,10.8549,122.3651,3.042,-0.4187
328,53,168,414,160,440,108.20667999276858,396.86899601757756,108.13586842483909,424.0672116540018,0.8828,5,59,1,4,5000,100,71.0,16.0,39.0,0.35,0.35,0.3,0.1,3.6665,0.0331,2.6126,410.0176,-3.2085,-9.776
328,2,188,317,182,340,110.37643521383639,298.69047524151154,109.95273505402476,322.3491895445062,0.7157,5,59,1,4,5000,100,71.0,16.0,39.0,0.35,0.35,0.3,0.1,4.216,0.0381,2.997,310.0692,-2.6812,-7.3044
328,64,378,222,383,239,65.06793882519494,204.01225453388824,65.74867132074623,221.55134844996994,0.7069,5,59,1,4,5000,100,71.0,16.0,39.0,0.35,0.35,0.3,0.1,4.5611,0.0412,3.2385,212.4204,2.2171,-4.8475
328,70,284,45,243,86,135.0,11.313708498984761,135.0,69.29646455628166,0.8616,5,59,1,4,5000,100,71.0,16.0,39.0,0.35,0.35,0.3,0.1,79.6041,0.7193,55.7449,19.4516,-0.3452,-0.3452
328,69,397,48,434,63,5.980599524763449,105.57461816175325,10.375844920051051,144.3606594609487,0.6641,5,59,1,4,5000,100,71.0,16.0,39.0,0.35,0.35,0.3,0.1,17.1741,0.1552,12.0636,121.9581,3.0267,-0.4534
329,53,166,415,158,440,108.43494882292202,398.4469851812158,108.39228629952349,424.69400749245335,0.8837,5,59,1,4,5000,100,71.0,16.0,39.0,0.35,0.35,0.3,0.1,3.5288,0.0319,2.5162,411.152,-3.2589,-9.7893
329,2,189,313,183,336,110.46499121675635,294.5929394944828,110.02925076388014,318.2483307104689,0.7356,5,59,1,4,5000,100,71.0,16.0,39.0,0.35,0.35,0.3,0.1,4.2718,0.0386,3.0361,305.9641,-2.656,-7.2039
329,64,376,222,381,239,65.57938362135302,203.1772625073977,66.22199541850281,220.73740054644117,0.7351,5,59,1,4,5000,100,71.0,16.0,39.0,0.35,0.35,0.3,0.1,4.5843,0.0414,3.2548,211.5936,2.1669,-4.8475
329,70,284,45,243,86,135.0,11.313708498984761,135.0,69.29646455628166,0.8833,5,59,1,4,5000,100,71.0,16.0,39.0,0.35,0.35,0.3,0.1,79.6041,0.7193,55.7449,19.4516,-0.3452,-0.3452
329,69,394,49,435,66,6.7098368077569335,102.70345661174214,11.463953015692551,145.91093173576817,0.636,5,59,1,4,5000,100,71.0,16.0,39.0,0.35,0.35,0.3,0.1,19.2335,0.1738,13.5046,120.5526,2.9837,-0.4993
330,53,165,415,157,440,108.57125890559394,398.7643414348881,108.52021033664327,425.0105881034024,0.8214,5,59,1,4,5000,100,71.0,16.0,39.0,0.35,0.35,0.3,0.1,3.526,0.0319,2.5143,411.4693,-3.284,-9.7893
330,2,189,310,183,332,110.67095838181629,291.78416680827627,110.27884413207082,314.4932431706602,0.7409,5,59,1,4,5000,100,71.0,16.0,39.0,0.35,0.35,0.3,0.1,4.1453,0.0375,2.9476,302.7134,-2.6563,-7.1168
330,64,374,222,380,239,66.09500802520115,202.35859260234045,66.4599607304857,220.33610689126738,0.8443,5,59,1,4,5000,100,71.0,16.0,39.0,0.35,0.35,0.3,0.1,4.7068,0.0425,3.3405,210.9651,2.1292,-4.847
330,70,284,45,243,99,135.0,11.313708498984761,128.32011393677743,79.02531240052139,0.7784,5,59,1,4,5000,100,71.0,16.0,39.0,0.35,0.35,0.3,0.1,82.9496,0.7495,58.0857,19.7936,-0.3136,-0.3852
330,69,391,50,440,73,7.480886179523676,99.84988733093293,13.671307132195833,152.31546211727817,0.4075,5,59,1,4,5000,100,71.0,16.0,39.0,0.35,0.35,0.3,0.1,23.0258,0.2081,16.158,120.6247,2.9691,-0.589
331,53,163,414,155,441,108.88966768461516,398.4595337044905,108.73225561084335,426.5969995206249,0.7821,5,59,1,4,5000,100,71.0,16.0,39.0,0.35,0.35,0.3,0.1,3.7742,0.0341,2.6879,412.0485,-3.3336,-9.7879
331,2,190,306,184,328,110.76583354797958,287.6890682664185,110.36160327538616,310.39490975207696,0.7135,5,59,1,4,5000,100,71.0,16.0,39.0,0.35,0.35,0.3,0.1,4.2015,0.038,2.9869,298.611,-2.6311,-7.0163
331,64,372,221,378,239,66.5014343240479,200.63897926375125,66.93848046770647,219.5449840010015,0.8387,5,59,1,4,5000,100,71.0,16.0,39.0,0.35,0.35,0.3,0.1,4.9795,0.045,3.5313,209.6666,2.0786,-4.8334
331,70,284,45,243,99,135.0,11.313708498984761,128.32011393677743,79.02531240052139,0.8421,5,59,1,4,5000,100,71.0,16.0,39.0,0.35,0.35,0.3,0.1,82.9496,0.7495,58.0857,19.7936,-0.3136,-0.3852
331,69,388,50,441,74,7.711892412658882,96.87620966986684,13.945728883647217,153.52524222420234,0.4197,5,59,1,4,5000,100,71.0,16.0,39.0,0.35,0.35,0.3,0.1,25.037,0.2262,17.5652,118.7928,2.9208,-0.5961
332,53,162,413,154,440,109.07255438785536,397.8391634819277,108.90283268707012,425.9730038394452,0.7791,5,59,1,4,5000,100,71.0,16.0,39.0,0.35,0.35,0.3,0.1,3.7794,0.0342,2.6916,411.4257,-3.3587,-9.7628
332,2,191,302,185,324,110.86344843327721,283.5947813342128,110.44657691657048,306.2972412543084,0.7006,5,59,1,4,5000,100,71.0,16.0,39.0,0.35,0.35,0.3,0.1,4.2592,0.0385,3.0273,294.5092,-2.6059,-6.9158
332,64,370,221,375,238,67.02727866917134,199.8499437077729,67.56254052543375,217.46264046957583,0.796,5,59,1,4,5000,100,71.0,16.0,39.0,0.35,0.35,0.3,0.1,4.6708,0.0422,3.3153,208.2846,2.0165,-4.8221
332,70,284,45,243,86,135.0,11.313708498984761,135.0,69.29646455628166,0.8687,5,59,1,4,5000,100,71.0,16.0,39.0,0.35,0.35,0.3,0.1,79.6041,0.7193,55.7449,19.4516,-0.3452,-0.3452
332,69,385,50,443,74,7.957525226917142,93.90420650854784,13.768090451483015,155.46703830716015,0.4512,5,59,1,4,5000,100,71.0,16.0,39.0,0.35,0.35,0.3,0.1,27.3211,0.2469,19.1633,117.0865,2.8784,-0.5898
333,53,160,413,152,439,109.34432927212116,398.4971769034255,109.20111714279675,425.68063145978346,0.7497,5,59,1,4,5000,100,71.0,16.0,39.0,0.35,0.35,0.3,0.1,3.6501,0.033,2.6011,411.6406,-3.4091,-9.751
333,67,525,321,539,342,50.633774478952844,367.3486082728503,50.99819951109059,392.4716550274682,0.6941,5,59,1,4,5000,100,71.0,16.0,39.0,0.35,0.35,0.3,0.1,3.6592,0.0331,2.6075,379.4948,6.016,-7.3822
333,64,368,221,373,238,67.55724663470565,199.07787421006887,68.05130091647302,216.7071757002984,0.8011,5,59,1,4,5000,100,71.0,16.0,39.0,0.35,0.35,0.3,0.1,4.6924,0.0424,3.3304,207.5188,1.9664,-4.822
333,70,284,45,243,99,135.0,11.313708498984761,128.32011393677743,79.02531240052139,0.8032,5,59,1,4,5000,100,71.0,16.0,39.0,0.35,0.35,0.3,0.1,82.9496,0.7495,58.0857,19.7936,-0.3136,-0.3852
333,69,382,50,444,75,8.21920924889906,90.93404203047393,14.036243467926479,156.6780137734711,0.4611,5,59,1,4,5000,100,71.0,16.0,39.0,0.35,0.35,0.3,0.1,29.384,0.2655,20.6067,115.0781,2.8257,-0.5955
334,53,159,413,151,439,109.4798788965191,398.82953752198443,109.32812915110999,426.01056324931665,0.7851,3,59,1,4,5000,100,71.0,16.0,39.0,0.35,0.35,0.3,0.1,3.6469,0.033,2.5988,411.9722,-3.4342,-9.751
334,64,365,220,370,238,68.25259217486162,197.02284131541703,68.7907738657772,215.60380330597138,0.8049,3,59,1,4,5000,100,71.0,16.0,39.0,0.35,0.35,0.3,0.1,4.9835,0.045,3.5341,205.895,1.8908,-4.8084
334,70,283,45,243,99,138.3664606634298,12.041594578792296,128.32011393677743,79.02531240052139,0.7612,3,59,1,4,5000,100,71.0,16.0,39.0,0.35,0.35,0.3,0.1,81.402,0.7355,57.0029,20.8987,-0.3346,-0.4038
335,53,158,412,150,439,109.66350239909522,398.22229972717497,109.45494395599817,426.34258525275186,0.7308,5,59,1,4,5000,100,71.0,16.0,39.0,0.35,0.35,0.3,0.1,3.7742,0.0341,2.6879,411.8029,-3.459,-9.7377
335,67,525,321,539,342,50.633774478952844,367.3486082728503,50.99819951109059,392.4716550274682,0.6348,5,59,1,4,5000,100,71.0,16.0,39.0,0.35,0.35,0.3,0.1,3.6592,0.0331,2.6075,379.4948,6.016,-7.3822
335,2,193,291,187,313,111.29403505584318,272.61144510089815,110.82855579020683,295.29815441346733,0.6733,5,59,1,4,5000,100,71.0,16.0,39.0,0.35,0.35,0.3,0.1,4.421,0.0399,3.1405,283.5017,-2.5555,-6.6394
335,64,363,220,368,237,68.7948353798778,196.29060089571277,69.19320898728877,213.95326592506132,0.845,5,59,1,4,5000,100,71.0,16.0,39.0,0.35,0.35,0.3,0.1,4.7648,0.0431,3.381,204.7417,1.841,-4.7966
335,70,283,45,243,99,138.3664606634298,12.041594578792296,128.32011393677743,79.02531240052139,0.7612,5,59,1,4,5000,100,71.0,16.0,39.0,0.35,0.35,0.3,0.1,81.402,0.7355,57.0029,20.8987,-0.3346,-0.4038
336,53,157,411,149,438,109.84768486289052,397.6191645280695,109.62666537174177,425.73465914816,0.7455,5,59,1,4,5000,100,71.0,16.0,39.0,0.35,0.35,0.3,0.1,3.7791,0.0341,2.6913,411.1969,-3.484,-9.7126
336,2,193,287,187,310,111.6035657301602,268.8884527085535,111.03751102542182,292.4961538208665,0.6498,5,59,1,4,5000,100,71.0,16.0,39.0,0.35,0.35,0.3,0.1,4.6539,0.0421,3.3035,280.1959,-2.5551,-6.5506
336,64,360,219,365,236,69.5129858066693,194.28844535895593,69.85523713293647,211.96697856034086,0.8629,5,59,1,4,5000,100,71.0,16.0,39.0,0.35,0.35,0.3,0.1,4.8159,0.0435,3.4168,202.7431,1.7658,-4.7714
336,70,283,45,242,99,138.3664606634298,12.041594578792296,128.8844964337146,79.64923100695951,0.7455,5,59,1,4,5000,100,71.0,16.0,39.0,0.35,0.35,0.3,0.1,81.6012,0.7373,57.1422,20.9204,-0.3383,-0.4014
336,71,312,54,314,67,40.36453657309736,26.248809496813376,53.74616226255522,37.20215047547655,0.539,5,59,1,4,5000,100,71.0,16.0,39.0,0.35,0.35,0.3,0.1,19.1045,0.1726,13.4143,30.7801,0.5147,-0.5759
337,53,157,410,148,437,109.89672483921319,396.6787113017284,109.79887635452492,425.13056817876554,0.836,6,59,1,4,5000,100,71.0,16.0,39.0,0.35,0.35,0.3,0.1,3.8315,0.0346,2.728,410.4121,-3.4964,-9.6872
337,72,456,325,471,350,60.340890764004904,331.42118218363777,60.235409113359445,360.568994784632,0.6465,6,59,1,4,5000,100,71.0,16.0,39.0,0.35,0.35,0.3,0.1,4.6616,0.0421,3.3088,345.3812,4.296,-7.5274
337,2,194,283,188,305,111.72105080199731,264.8018126826174,111.2092261342228,287.4717377412952,0.6627,6,59,1,4,5000,100,71.0,16.0,39.0,0.35,0.35,0.3,0.1,4.5428,0.041,3.2257,275.6715,-2.5303,-6.4384
337,64,357,219,362,236,70.3461759419467,193.25889371514057,70.62022891979603,210.95260131128984,0.8823,6,59,1,4,5000,100,71.0,16.0,39.0,0.35,0.35,0.3,0.1,4.8444,0.0438,3.4367,201.7185,1.6906,-4.7713
337,70,283,45,242,99,138.3664606634298,12.041594578792296,128.8844964337146,79.64923100695951,0.7455,6,59,1,4,5000,100,71.0,16.0,39.0,0.35,0.35,0.3,0.1,81.6012,0.7373,57.1422,20.9204,-0.3383,-0.4014
337,71,313,54,316,67,38.99099404250548,27.018512172212592,51.34019174590991,38.41874542459709,0.5534,6,59,1,4,5000,100,71.0,16.0,39.0,0.35,0.35,0.3,0.1,19.2804,0.1742,13.5373,31.7256,0.5506,-0.575
338,53,156,409,147,437,110.08197748418075,396.0807998376089,109.92558065818433,425.47032799009617,0.7833,5,59,1,4,5000,100,71.0,16.0,39.0,0.35,0.35,0.3,0.1,3.959,0.0358,2.8172,410.2499,-3.5212,-9.6739
338,72,453,326,468,350,60.878107876058365,330.82019285406386,60.65093817126722,359.0891254271006,0.5878,5,59,1,4,5000,100,71.0,16.0,39.0,0.35,0.35,0.3,0.1,4.5347,0.041,3.22,344.3755,4.2213,-7.5407
338,64,354,218,359,235,71.09154311834307,191.3243319601561,71.3050116031962,209.0287061625747,0.9306,5,59,1,4,5000,100,71.0,16.0,39.0,0.35,0.35,0.3,0.1,4.894,0.0442,3.4714,199.7851,1.6154,-4.746
338,70,283,45,242,99,138.3664606634298,12.041594578792296,128.8844964337146,79.64923100695951,0.7047,5,59,1,4,5000,100,71.0,16.0,39.0,0.35,0.35,0.3,0.1,81.6012,0.7373,57.1422,20.9204,-0.3383,-0.4014
338,71,316,53,318,66,33.690067525979785,28.844410203711913,48.12213046211571,38.948684188300895,0.4763,5,59,1,4,5000,100,71.0,16.0,39.0,0.35,0.35,0.3,0.1,16.4948,0.149,11.5883,33.1435,0.6182,-0.5564
339,53,155,409,147,436,110.21772154911791,396.42527669158534,109.9715758761484,424.53032871633565,0.6903,6,59,1,4,5000,100,71.0,16.0,39.0,0.35,0.35,0.3,0.1,3.7887,0.0342,2.6981,409.9967,-3.5341,-9.6625
339,72,451,326,465,351,61.18159624518258,329.8514817307935,61.14719542781131,358.50383540486706,0.6963,6,59,1,4,5000,100,71.0,16.0,39.0,0.35,0.35,0.3,0.1,4.6065,0.0416,3.2703,343.5813,4.1584,-7.5528
339,2,195,275,189,297,112.17399239610793,257.00778198334774,111.61118515369776,279.6587205863604,0.6679,6,59,1,4,5000,100,71.0,16.0,39.0,0.35,0.35,0.3,0.1,4.671,0.0422,3.3154,267.8552,-2.505,-6.2374
339,64,351,217,356,234,71.85200593731135,189.42280749687984,72.00241504459872,207.13522153414664,0.9486,6,59,1,4,5000,100,71.0,16.0,39.0,0.35,0.35,0.3,0.1,4.9431,0.0447,3.5058,197.8834,1.5402,-4.7208
339,70,283,45,242,99,138.3664606634298,12.041594578792296,128.8844964337146,79.64923100695951,0.7327,6,59,1,4,5000,100,71.0,16.0,39.0,0.35,0.35,0.3,0.1,81.6012,0.7373,57.1422,20.9204,-0.3383,-0.4014
339,71,317,52,320,66,30.96375653207352,29.154759474226502,46.005086005254185,40.311288741492746,0.4499,6,59,1,4,5000,100,71.0,16.0,39.0,0.35,0.35,0.3,0.1,17.7739,0.1606,12.4833,33.8371,0.6533,-0.5424
340,53,155,408,146,435,110.26778832886409,395.4870415070512,110.14476286706355,423.9339571206817,0.8165,5,59,1,4,5000,100,71.0,16.0,39.0,0.35,0.35,0.3,0.1,3.842,0.0347,2.7353,409.2167,-3.5465,-9.6371
340,72,449,326,462,351,61.48686381640706,328.89207956410263,61.56882917959906,357.0658202628753,0.7452,5,59,1,4,5000,100,71.0,16.0,39.0,0.35,0.35,0.3,0.1,4.5454,0.0411,3.2275,342.4004,4.096,-7.5531
340,64,349,216,353,232,72.336664855814,187.85632808079689,72.62924666946569,204.31837900688228,0.8787,5,59,1,4,5000,100,71.0,16.0,39.0,0.35,0.35,0.3,0.1,4.6455,0.042,3.2975,195.7418,1.4779,-4.6843
340,70,283,45,242,99,138.3664606634298,12.041594578792296,128.8844964337146,79.64923100695951,0.7208,5,59,1,4,5000,100,71.0,16.0,39.0,0.35,0.35,0.3,0.1,81.6012,0.7373,57.1422,20.9204,-0.3383,-0.4014
340,71,319,52,321,65,29.054604099077146,30.886890422961002,43.99491399474582,40.311288741492746,0.4444,5,59,1,4,5000,100,71.0,16.0,39.0,0.35,0.35,0.3,0.1,14.6491,0.1324,10.2969,34.9753,0.6961,-0.5345
341,53,154,407,146,434,110.45415597397039,394.8974550437113,110.19141181120048,422.9952718411874,0.6745,5,59,1,4,5000,100,71.0,16.0,39.0,0.35,0.35,0.3,0.1,3.8019,0.0344,2.7073,408.4637,-3.5592,-9.6123
341,72,447,325,459,350,61.71110917056312,327.0611563607027,61.91801285207807,354.76471075911707,0.6886,5,59,1,4,5000,100,71.0,16.0,39.0,0.35,0.35,0.3,0.1,4.4966,0.0406,3.1934,340.3501,4.0335,-7.5283
341,64,346,215,351,231,73.12373538328882,186.01075237738274,73.08423991610105,202.7732724004818,0.9626,5,59,1,4,5000,100,71.0,16.0,39.0,0.35,0.35,0.3,0.1,4.7715,0.0431,3.3857,194.0307,1.4152,-4.6588
341,70,283,45,243,86,138.3664606634298,12.041594578792296,135.0,69.29646455628166,0.855,5,59,1,4,5000,100,71.0,16.0,39.0,0.35,0.35,0.3,0.1,77.9014,0.7039,54.5536,20.5178,-0.3672,-0.3609
341,71,320,51,323,64,26.56505117707799,31.304951684997057,41.05481377096244,41.10960958218893,0.454,5,59,1,4,5000,100,71.0,16.0,39.0,0.35,0.35,0.3,0.1,14.9842,0.1354,10.5314,35.5435,0.7324,-0.509
342,53,154,406,145,432,110.50497947596311,393.96065793426635,110.41284584665304,421.46648739846444,0.8525,5,59,1,4,5000,100,71.0,16.0,39.0,0.35,0.35,0.3,0.1,3.7331,0.0337,2.6591,407.2497,-3.5718,-9.575
342,72,445,325,457,350,62.02052561151985,326.1180767758819,62.20374992727998,353.82764165621654,0.7097,5,59,1,4,5000,100,71.0,16.0,39.0,0.35,0.35,0.3,0.1,4.5101,0.0408,3.2028,339.4082,3.9833,-7.5283
342,64,344,214,348,230,73.62798667046992,184.48035125725448,73.81962614301302,200.9601950635996,0.9183,5,59,1,4,5000,100,71.0,16.0,39.0,0.35,0.35,0.3,0.1,4.7318,0.0428,3.3579,192.368,1.3526,-4.6339
342,70,283,45,242,99,138.3664606634298,12.041594578792296,128.8844964337146,79.64923100695951,0.7467,5,59,1,4,5000,100,71.0,16.0,39.0,0.35,0.35,0.3,0.1,81.6012,0.7373,57.1422,20.9204,-0.3383,-0.4014
342,71,322,50,325,63,23.428692808745403,32.69556544854363,38.23382517744694,42.01190307520001,0.4467,5,59,1,4,5000,100,71.0,16.0,39.0,0.35,0.35,0.3,0.1,13.8009,0.1247,9.7035,36.7728,0.7846,-0.4857
343,53,154,405,145,431,110.55604521958347,393.02417228460644,110.4603663001491,420.52942822114125,0.82,5,59,1,4,5000,100,71.0,16.0,39.0,0.35,0.35,0.3,0.1,3.7416,0.0338,2.6651,406.3118,-3.5718,-9.5499
343,72,442,325,454,350,62.487997376148556,324.7214190656354,62.63518658765022,352.4386471430169,0.7722,5,59,1,4,5000,100,71.0,16.0,39.0,0.35,0.35,0.3,0.1,4.5299,0.0409,3.2166,338.0128,3.9081,-7.5282
343,64,342,213,346,230,74.14063373339431,182.96447742663054,74.36876560867779,200.4120754844877,0.9227,5,59,1,4,5000,100,71.0,16.0,39.0,0.35,0.35,0.3,0.1,5.0366,0.0455,3.5712,191.2913,1.3022,-4.6203
343,70,283,45,242,99,138.3664606634298,12.041594578792296,128.8844964337146,79.64923100695951,0.7228,5,59,1,4,5000,100,71.0,16.0,39.0,0.35,0.35,0.3,0.1,81.6012,0.7373,57.1422,20.9204,-0.3383,-0.4014
343,71,323,49,326,62,21.161259816828277,33.24154027718932,36.32682595212023,42.20189569201838,0.4246,5,59,1,4,5000,100,71.0,16.0,39.0,0.35,0.35,0.3,0.1,13.1441,0.1188,9.2439,37.1896,0.811,-0.4617
344,53,154,404,145,430,110.60735485916267,392.08800032645735,110.50809897176845,419.59265961167625,0.8362,6,59,1,4,5000,100,71.0,16.0,39.0,0.35,0.35,0.3,0.1,3.7501,0.0339,2.6711,405.3743,-3.5718,-9.5248
344,72,440,325,451,350,62.80187205149089,323.8024088854189,63.07001248719136,351.0697936308392,0.6847,6,59,1,4,5000,100,71.0,16.0,39.0,0.35,0.35,0.3,0.1,4.4715,0.0404,3.1758,336.8852,3.8457,-7.5285
344,2,196,263,190,284,113.01475441878998,245.5442933566162,112.43844541195563,267.23210884921747,0.6865,6,59,1,4,5000,100,71.0,16.0,39.0,0.35,0.35,0.3,0.1,4.6807,0.0423,3.3222,255.9296,-2.4799,-5.9242
344,64,340,213,344,230,74.74488129694222,182.42806801586207,74.92086602503888,199.88246546408217,0.9419,6,59,1,4,5000,100,71.0,16.0,39.0,0.35,0.35,0.3,0.1,5.0526,0.0457,3.5824,190.7568,1.2521,-4.6202
344,70,283,45,242,99,138.3664606634298,12.041594578792296,128.8844964337146,79.64923100695951,0.7467,6,59,1,4,5000,100,71.0,16.0,39.0,0.35,0.35,0.3,0.1,81.6012,0.7373,57.1422,20.9204,-0.3383,-0.4014
344,71,324,48,328,61,18.970407808486545,33.83784863137726,33.690067525979785,43.266615305567875,0.4338,6,59,1,4,5000,100,71.0,16.0,39.0,0.35,0.35,0.3,0.1,13.5332,0.1223,9.5162,37.9757,0.8473,-0.4361
345,53,153,403,145,429,110.79584678295788,391.50606636423913,110.55604521958347,418.656183520559,0.6976,7,59,1,4,5000,100,71.0,16.0,39.0,0.35,0.35,0.3,0.1,3.7087,0.0335,2.6421,404.6262,-3.5844,-9.5
345,72,439,324,449,350,62.87869659584134,322.4561985758686,63.36177417622765,350.16853085335924,0.596,7,59,1,4,5000,100,71.0,16.0,39.0,0.35,0.35,0.3,0.1,4.5596,0.0412,3.2375,335.7415,3.8079,-7.5155
345,2,197,265,191,285,112.61986494804043,247.0,112.15900679567031,267.7778930382417,0.7174,7,59,1,4,5000,100,71.0,16.0,39.0,0.35,0.35,0.3,0.1,4.4669,0.0404,3.1726,256.9696,-2.4552,-5.9627
345,64,338,212,341,229,75.27255411936665,180.9447429465692,75.68324088106678,198.15398053029367,0.8601,7,59,1,4,5000,100,71.0,16.0,39.0,0.35,0.35,0.3,0.1,5.0238,0.0454,3.5623,189.1588,1.1895,-4.5953
345,73,74,141,68,143,154.49586051318624,241.5367466867102,154.6758185980528,247.81444671366518,0.5632,7,59,1,4,5000,100,71.0,16.0,39.0,0.35,0.35,0.3,0.1,1.4197,0.0128,1.0405,244.6353,-5.5449,-2.6345
345,70,283,45,242,99,138.3664606634298,12.041594578792296,128.8844964337146,79.64923100695951,0.7228,7,59,1,4,5000,100,71.0,16.0,39.0,0.35,0.35,0.3,0.1,81.6012,0.7373,57.1422,20.9204,-0.3383,-0.4014
345,71,326,47,329,60,16.389540334034784,35.4400902933387,31.86597769360368,43.56604182158393,0.3878,7,59,1,4,5000,100,71.0,16.0,39.0,0.35,0.35,0.3,0.1,11.3826,0.1029,8.0114,39.0852,0.8894,-0.4134
346,53,153,402,145,428,110.84793009389473,390.5713763193611,110.60420641265053,417.7200019151585,0.6953,7,59,1,4,5000,100,71.0,16.0,39.0,0.35,0.35,0.3,0.1,3.7171,0.0336,2.648,403.6898,-3.5844,-9.4749
346,72,438,326,450,350,63.197536730667885,323.7854227725516,63.215705838735104,350.6180257773408,0.8989,7,59,1,4,5000,100,71.0,16.0,39.0,0.35,0.35,0.3,0.1,4.4032,0.0398,3.128,336.6679,3.8083,-7.5414
346,2,198,265,192,286,112.40540888336535,246.61711213944582,111.88071155268568,268.33002068348594,0.69,7,59,1,4,5000,100,71.0,16.0,39.0,0.35,0.35,0.3,0.1,4.6664,0.0422,3.3122,257.0158,-2.4298,-5.9744
346,64,336,211,339,229,75.80890345097603,179.47701802737865,76.24496055400509,197.6689151080665,0.875,7,59,1,4,5000,100,71.0,16.0,39.0,0.35,0.35,0.3,0.1,5.3382,0.0482,3.7822,188.1342,1.1391,-4.5816
346,73,74,142,68,144,154.28214444299925,241.96900627972997,154.46719351448775,248.2438317461282,0.4721,7,59,1,4,5000,100,71.0,16.0,39.0,0.35,0.35,0.3,0.1,1.4166,0.0128,1.0383,245.0663,-5.5449,-2.6595
346,70,283,45,242,99,138.3664606634298,12.041594578792296,128.8844964337146,79.64923100695951,0.7747,7,59,1,4,5000,100,71.0,16.0,39.0,0.35,0.35,0.3,0.1,81.6012,0.7373,57.1422,20.9204,-0.3383,-0.4014
346,71,327,46,331,59,14.420773127510985,36.138621999185304,29.427456403189737,44.77722635447622,0.3905,7,59,1,4,5000,100,71.0,16.0,39.0,0.35,0.35,0.3,0.1,11.8151,0.1068,8.314,39.9968,0.9257,-0.3878
347,53,153,401,145,427,110.9002632441406,389.6370105623951,110.65258393111358,416.7841167798984,0.7153,6,59,1,4,5000,100,71.0,16.0,39.0,0.35,0.35,0.3,0.1,3.7255,0.0337,2.6539,402.7536,-3.5844,-9.4498
347,72,440,327,451,351,62.96274155151661,325.5825548152112,63.143740252900734,351.961645637703,0.7861,6,59,1,4,5000,100,71.0,16.0,39.0,0.35,0.35,0.3,0.1,4.3087,0.0389,3.0619,338.2586,3.8461,-7.5669
347,2,200,264,194,286,112.06204049918153,244.9346851713738,111.48332376322031,267.5911059807482,0.6777,6,59,1,4,5000,100,71.0,16.0,39.0,0.35,0.35,0.3,0.1,4.8922,0.0442,3.4702,255.7621,-2.3793,-5.9608
347,64,334,211,337,229,76.42956561483852,178.99720668211557,76.80938928779315,197.20294115453754,0.8851,6,59,1,4,5000,100,71.0,16.0,39.0,0.35,0.35,0.3,0.1,5.3557,0.0484,3.7945,187.6596,1.089,-4.5815
347,70,283,45,242,99,138.3664606634298,12.041594578792296,128.8844964337146,79.64923100695951,0.7487,6,59,1,4,5000,100,71.0,16.0,39.0,0.35,0.35,0.3,0.1,81.6012,0.7373,57.1422,20.9204,-0.3383,-0.4014
347,71,328,46,332,59,14.036243467926479,37.107950630558946,28.810793742973058,45.65084884205331,0.4033,6,59,1,4,5000,100,71.0,16.0,39.0,0.35,0.35,0.3,0.1,11.424,0.1032,8.0404,40.9385,0.9512,-0.388
348,53,153,400,145,426,110.95284794775313,388.7029714319148,110.70117916630906,415.84853011643554,0.7132,5,59,1,4,5000,100,71.0,16.0,39.0,0.35,0.35,0.3,0.1,3.734,0.0337,2.6598,401.8178,-3.5844,-9.4247
348,72,440,328,451,352,63.04251811358114,326.47358239220523,63.217095197824854,352.85407748813105,0.7736,5,59,1,4,5000,100,71.0,16.0,39.0,0.35,0.35,0.3,0.1,4.2976,0.0388,3.0542,339.1516,3.8461,-7.5921
348,2,201,264,195,285,111.84491424603443,244.56083087853622,111.36191073230934,266.29494925739766,0.6911,5,59,1,4,5000,100,71.0,16.0,39.0,0.35,0.35,0.3,0.1,4.7084,0.0425,3.3415,254.9656,-2.3546,-5.9491
348,64,332,211,335,229,77.05349048436307,178.53851125177448,77.37643640229739,196.75619431164043,0.8834,5,59,1,4,5000,100,71.0,16.0,39.0,0.35,0.35,0.3,0.1,5.3721,0.0485,3.806,187.2052,1.039,-4.5814
348,70,283,45,242,99,138.3664606634298,12.041594578792296,128.8844964337146,79.64923100695951,0.7487,5,59,1,4,5000,100,71.0,16.0,39.0,0.35,0.35,0.3,0.1,81.6012,0.7373,57.1422,20.9204,-0.3383,-0.4014
349,53,153,398,144,425,111.05877894557088,386.8358825135021,110.87901688055743,415.26858778385827,0.7888,6,59,1,4,5000,100,71.0,16.0,39.0,0.35,0.35,0.3,0.1,3.923,0.0354,2.792,400.5483,-3.5965,-9.3859
349,72,438,329,448,353,63.43494882292201,326.4659247149693,63.72578784527257,352.40885346426813,0.7394,6,59,1,4,5000,100,71.0,16.0,39.0,0.35,0.35,0.3,0.1,4.2292,0.0382,3.0063,338.9417,3.7837,-7.6175
349,2,202,263,197,284,111.71393508177644,243.26117651610582,111.03751102542182,264.6393772664983,0.608,6,59,1,4,5000,100,71.0,16.0,39.0,0.35,0.35,0.3,0.1,4.6582,0.0421,3.3064,253.5004,-2.3171,-5.9243
349,64,329,212,332,229,78.06184950549516,178.86866690396056,78.23171106797936,196.1224107541002,0.9388,6,59,1,4,5000,100,71.0,16.0,39.0,0.35,0.35,0.3,0.1,5.092,0.046,3.61,187.0986,0.9641,-4.595
349,70,283,45,242,99,138.3664606634298,12.041594578792296,128.8844964337146,79.64923100695951,0.7487,6,59,1,4,5000,100,71.0,16.0,39.0,0.35,0.35,0.3,0.1,81.6012,0.7373,57.1422,20.9204,-0.3383,-0.4014
349,71,327,46,330,59,14.420773127510985,36.138621999185304,30.068582821862453,43.9089968002003,0.3836,6,59,1,4,5000,100,71.0,16.0,39.0,0.35,0.35,0.3,0.1,10.7429,0.0971,7.5638,39.6467,0.9157,-0.3889
350,53,153,397,144,424,111.11212874260254,385.9028375122422,110.92830069595081,414.33440600558384,0.7563,5,59,1,4,5000,100,71.0,16.0,39.0,0.35,0.35,0.3,0.1,3.932,0.0355,2.7983,399.6136,-3.5965,-9.3608
350,72,435,330,445,354,63.98509715043187,326.0337405852345,64.23572714225718,351.9914771695474,0.7872,5,59,1,4,5000,100,71.0,16.0,39.0,0.35,0.35,0.3,0.1,4.2369,0.0383,3.0117,338.5157,3.7085,-7.6425
350,2,204,262,198,283,111.36102016125258,241.5967715016076,110.9125476913677,263.3476789341421,0.7304,5,59,1,4,5000,100,71.0,16.0,39.0,0.35,0.35,0.3,0.1,4.7672,0.0431,3.3827,252.0038,-2.2793,-5.8987
350,64,328,212,330,229,78.37560427565107,178.6644900364927,78.80488857370003,195.72429588581997,0.854,5,59,1,4,5000,100,71.0,16.0,39.0,0.35,0.35,0.3,0.1,5.0429,0.0456,3.5756,186.8057,0.9266,-4.5952
350,70,283,45,242,99,138.3664606634298,12.041594578792296,128.8844964337146,79.64923100695951,0.7747,5,59,1,4,5000,100,71.0,16.0,39.0,0.35,0.35,0.3,0.1,81.6012,0.7373,57.1422,20.9204,-0.3383,-0.4014
351,53,153,397,144,423,111.11212874260254,385.9028375122422,110.97780721287364,413.40053217188773,0.833,5,59,1,4,5000,100,71.0,16.0,39.0,0.35,0.35,0.3,0.1,3.8072,0.0344,2.711,399.1787,-3.5967,-9.349
351,72,433,331,443,355,64.37800405539302,326.06287737183453,64.59963268702289,352.02982828163863,0.7489,5,59,1,4,5000,100,71.0,16.0,39.0,0.35,0.35,0.3,0.1,4.238,0.0383,3.0124,338.5492,3.6584,-7.6676
351,2,205,261,200,282,111.22581437334041,240.3018934590404,110.58166944842654,261.7040313025384,0.6465,5,59,1,4,5000,100,71.0,16.0,39.0,0.35,0.35,0.3,0.1,4.7182,0.0426,3.3484,250.5467,-2.2419,-5.874
351,64,326,213,328,230,79.06618321424422,179.25400971805345,79.43412672886849,196.32880583347927,0.841,5,59,1,4,5000,100,71.0,16.0,39.0,0.35,0.35,0.3,0.1,5.0313,0.0455,3.5675,187.4033,0.8765,-4.6203
351,70,283,45,242,99,138.3664606634298,12.041594578792296,128.8844964337146,79.64923100695951,0.7617,5,59,1,4,5000,100,71.0,16.0,39.0,0.35,0.35,0.3,0.1,81.6012,0.7373,57.1422,20.9204,-0.3383,-0.4014
352,53,153,396,144,422,111.16573709895663,384.97012871130664,111.02753786981965,412.46696837443847,0.8106,6,59,1,4,5000,100,71.0,16.0,39.0,0.35,0.35,0.3,0.1,3.816,0.0345,2.7172,398.2445,-3.5967,-9.3239
352,72,431,332,441,356,64.77082227833708,326.1073442901892,64.96344427850124,352.08237672453873,0.7699,6,59,1,4,5000,100,71.0,16.0,39.0,0.35,0.35,0.3,0.1,4.2387,0.0383,3.0129,338.5974,3.6083,-7.6926
352,2,206,262,200,282,110.91796709856342,240.87548650703334,110.58166944842654,261.7040313025384,0.7789,6,59,1,4,5000,100,71.0,16.0,39.0,0.35,0.35,0.3,0.1,4.5865,0.0414,3.2563,250.8582,-2.2295,-5.887
352,64,324,214,326,231,79.75213588888973,179.86939706353607,80.05942696688697,196.95684806576287,0.8549,6,59,1,4,5000,100,71.0,16.0,39.0,0.35,0.35,0.3,0.1,5.0184,0.0453,3.5584,188.0257,0.8264,-4.6454
352,70,283,45,242,99,138.3664606634298,12.041594578792296,128.8844964337146,79.64923100695951,0.7747,6,59,1,4,5000,100,71.0,16.0,39.0,0.35,0.35,0.3,0.1,81.6012,0.7373,57.1422,20.9204,-0.3383,-0.4014
352,71,323,47,326,59,17.87869659584134,32.57299494980466,32.9052429229879,40.496913462633174,0.4242,6,59,1,4,5000,100,71.0,16.0,39.0,0.35,0.35,0.3,0.1,12.0013,0.1084,8.4443,36.1053,0.8129,-0.4002
353,53,153,396,144,421,111.16573709895663,384.97012871130664,111.07749411698674,411.5337167231866,0.8471,5,59,1,4,5000,100,71.0,16.0,39.0,0.35,0.35,0.3,0.1,3.6908,0.0334,2.6296,397.809,-3.597,-9.3121
353,72,428,332,438,357,65.24949747717174,324.8399605959833,65.47515711400966,351.7328531712669,0.7556,5,59,1,4,5000,100,71.0,16.0,39.0,0.35,0.35,0.3,0.1,4.399,0.0397,3.1251,337.7519,3.5327,-7.7043
353,2,205,263,199,284,111.0544976183167,242.1672975444868,110.6322701584444,263.928020490436,0.7311,5,59,1,4,5000,100,71.0,16.0,39.0,0.35,0.35,0.3,0.1,4.7585,0.043,3.3766,252.5798,-2.2543,-5.9238
353,64,323,213,326,231,80.0105925737633,178.70926109186397,80.05942696688697,196.95684806576287,0.9367,5,59,1,4,5000,100,71.0,16.0,39.0,0.35,0.35,0.3,0.1,5.3756,0.0486,3.8084,187.3899,0.8136,-4.6315
353,70,283,45,242,99,138.3664606634298,12.041594578792296,128.8844964337146,79.64923100695951,0.7747,5,59,1,4,5000,100,71.0,16.0,39.0,0.35,0.35,0.3,0.1,81.6012,0.7373,57.1422,20.9204,-0.3383,-0.4014
354,53,153,395,144,421,111.2196058043109,384.0377585602749,111.07749411698674,411.5337167231866,0.8007,5,59,1,4,5000,100,71.0,16.0,39.0,0.35,0.35,0.3,0.1,3.8249,0.0346,2.7234,397.3106,-3.5967,-9.2988
354,72,426,333,436,358,65.64360874720361,324.91845130740114,65.83908487667571,351.81955602268613,0.7573,5,59,1,4,5000,100,71.0,16.0,39.0,0.35,0.35,0.3,0.1,4.3992,0.0398,3.1252,337.8343,3.4826,-7.7293
354,2,204,264,198,285,111.18957849956523,243.46046907044274,110.75832427154641,265.2168923730161,0.7385,5,59,1,4,5000,100,71.0,16.0,39.0,0.35,0.35,0.3,0.1,4.7334,0.0428,3.359,253.8734,-2.2794,-5.949
354,64,324,212,326,229,79.63754090156813,177.9016582272352,79.9579763644705,194.98717906570164,0.8649,5,59,1,4,5000,100,71.0,16.0,39.0,0.35,0.35,0.3,0.1,5.0708,0.0458,3.5951,186.053,0.8264,-4.5951
354,70,283,45,242,98,138.3664606634298,12.041594578792296,129.34051815983753,78.87331614684399,0.7855,5,59,1,4,5000,100,71.0,16.0,39.0,0.35,0.35,0.3,0.1,81.3531,0.7351,56.9687,20.8934,-0.3407,-0.3985
355,53,153,394,144,420,111.2737366639274,383.105729531679,111.12767741638756,410.60077934655703,0.7933,5,59,1,4,5000,100,71.0,16.0,39.0,0.35,0.35,0.3,0.1,3.8337,0.0346,2.7296,396.377,-3.5967,-9.2737
355,72,424,334,433,359,66.03751102542182,325.0123074592715,66.35195610954972,351.51813608973293,0.6876,5,59,1,4,5000,100,71.0,16.0,39.0,0.35,0.35,0.3,0.1,4.3359,0.0392,3.0809,337.746,3.4201,-7.7547
355,2,202,266,195,286,111.45547690791656,246.05080776132397,111.28381054863287,267.22649569232465,0.8372,5,59,1,4,5000,100,71.0,16.0,39.0,0.35,0.35,0.3,0.1,4.5657,0.0413,3.2418,256.2018,-2.3423,-5.9873
355,64,324,210,326,227,79.5203830122378,175.93464695732902,79.85445556610367,193.0181338631166,0.8918,5,59,1,4,5000,100,71.0,16.0,39.0,0.35,0.35,0.3,0.1,5.1243,0.0463,3.6325,184.0809,0.8263,-4.5448
355,70,283,45,242,98,138.3664606634298,12.041594578792296,129.34051815983753,78.87331614684399,0.7575,5,59,1,4,5000,100,71.0,16.0,39.0,0.35,0.35,0.3,0.1,81.3531,0.7351,56.9687,20.8934,-0.3407,-0.3985
356,53,153,394,144,418,111.2737366639274,383.105729531679,111.22873107968655,408.7358560244012,0.88,5,59,1,4,5000,100,71.0,16.0,39.0,0.35,0.35,0.3,0.1,3.5821,0.0324,2.5535,395.506,-3.5972,-9.25
356,72,423,335,431,360,66.26983824046087,325.5226566615602,66.71582959553143,351.63901945034485,0.594,5,59,1,4,5000,100,71.0,16.0,39.0,0.35,0.35,0.3,0.1,4.2682,0.0386,3.0336,338.0772,3.3827,-7.7802
356,2,200,267,194,287,111.80140948635182,247.7175811281872,111.40517943011854,268.5218799278748,0.741,5,59,1,4,5000,100,71.0,16.0,39.0,0.35,0.35,0.3,0.1,4.4599,0.0403,3.1677,257.7005,-2.3801,-6.0128
356,64,324,209,327,226,79.46081627137177,174.9514218290323,79.50852298766841,192.21342304844373,0.9585,5,59,1,4,5000,100,71.0,16.0,39.0,0.35,0.35,0.3,0.1,5.203,0.047,3.6877,183.1766,0.8388,-4.5195
356,70,283,45,242,98,138.3664606634298,12.041594578792296,129.34051815983753,78.87331614684399,0.7575,5,59,1,4,5000,100,71.0,16.0,39.0,0.35,0.35,0.3,0.1,81.3531,0.7351,56.9687,20.8934,-0.3407,-0.3985
357,53,153,391,144,417,111.4377204580503,380.3117142555564,111.2796044276954,407.80387442985386,0.8036,5,59,1,4,5000,100,71.0,16.0,39.0,0.35,0.35,0.3,0.1,3.8605,0.0349,2.7483,393.5783,-3.5966,-9.1983
357,72,420,336,429,361,66.82454060318682,325.2460606986655,67.07943833569357,351.7740752244258,0.6882,5,59,1,4,5000,100,71.0,16.0,39.0,0.35,0.35,0.3,0.1,4.3364,0.0392,3.0813,337.9903,3.3199,-7.8048
357,2,198,267,192,288,112.22962109123779,248.46730167166865,111.72265245071277,270.1869722988138,0.7014,5,59,1,4,5000,100,71.0,16.0,39.0,0.35,0.35,0.3,0.1,4.6345,0.0419,3.2899,258.8724,-2.4299,-6.0246
357,64,324,207,327,224,79.33965170546468,172.9855485293497,79.3988451363479,190.24720760105785,0.935,5,59,1,4,5000,100,71.0,16.0,39.0,0.35,0.35,0.3,0.1,5.2593,0.0475,3.727,181.2062,0.8388,-4.4692
357,70,283,45,242,98,138.3664606634298,12.041594578792296,129.34051815983753,78.87331614684399,0.7336,5,59,1,4,5000,100,71.0,16.0,39.0,0.35,0.35,0.3,0.1,81.3531,0.7351,56.9687,20.8934,-0.3407,-0.3985
358,53,153,392,144,416,111.38279214586218,381.24270484823705,111.3307107963886,406.8722158122867,0.8865,5,59,1,4,5000,100,71.0,16.0,39.0,0.35,0.35,0.3,0.1,3.599,0.0325,2.5653,393.6407,-3.5972,-9.1998
358,72,419,338,427,362,67.12380998764517,326.6955769519998,67.44275336529435,351.9232870953555,0.6631,5,59,1,4,5000,100,71.0,16.0,39.0,0.35,0.35,0.3,0.1,4.1141,0.0372,2.9258,338.8405,3.2828,-7.8436
358,2,197,267,191,287,112.44275336529435,248.84734276258607,111.99870822273616,269.6312296452323,0.7204,5,59,1,4,5000,100,71.0,16.0,39.0,0.35,0.35,0.3,0.1,4.4363,0.0401,3.1512,258.8227,-2.4553,-6.013
358,64,325,205,328,223,78.8869594640517,171.2103968805633,79.04593735660167,189.45184084616332,0.9172,5,59,1,4,5000,100,71.0,16.0,39.0,0.35,0.35,0.3,0.1,5.5974,0.0506,3.9636,179.8698,0.8635,-4.4303
358,70,283,45,242,98,138.3664606634298,12.041594578792296,129.34051815983753,78.87331614684399,0.7855,5,59,1,4,5000,100,71.0,16.0,39.0,0.35,0.35,0.3,0.1,81.3531,0.7351,56.9687,20.8934,-0.3407,-0.3985
359,53,153,391,145,415,111.4377204580503,380.3117142555564,111.25050550713325,405.5773662323873,0.7539,5,59,1,4,5000,100,71.0,16.0,39.0,0.35,0.35,0.3,0.1,3.5579,0.0321,2.5366,392.5384,-3.5848,-9.175
359,72,417,339,426,363,67.51498013016032,326.8470590352619,67.65523270867979,352.4656011584677,0.8001,5,59,1,4,5000,100,71.0,16.0,39.0,0.35,0.35,0.3,0.1,4.1736,0.0377,2.9674,339.1733,3.2451,-7.8683
359,2,196,266,190,286,112.74411210662628,248.3082761407682,112.27589784825896,269.08177195789386,0.7211,5,59,1,4,5000,100,71.0,16.0,39.0,0.35,0.35,0.3,0.1,4.4434,0.0402,3.1562,258.278,-2.4803,-5.9879
359,64,326,204,328,221,78.49226930308716,170.42593699317015,78.92979742206063,187.48866632412745,0.8453,5,59,1,4,5000,100,71.0,16.0,39.0,0.35,0.35,0.3,0.1,5.2759,0.0477,3.7386,178.5506,0.8763,-4.394
359,70,283,45,242,98,138.3664606634298,12.041594578792296,129.34051815983753,78.87331614684399,0.6889,5,59,1,4,5000,100,71.0,16.0,39.0,0.35,0.35,0.3,0.1,81.3531,0.7351,56.9687,20.8934,-0.3407,-0.3985
360,53,154,390,145,414,111.35226019983624,379.01583080393885,111.30182608926143,404.6455238847947,0.8864,5,59,1,4,5000,100,71.0,16.0,39.0,0.35,0.35,0.3,0.1,3.6194,0.0327,2.5796,391.4116,-3.5721,-9.1496
360,72,416,340,424,365,67.74361373944689,327.3912033027155,68.07822140604085,353.5647041207592,0.658,5,59,1,4,5000,100,71.0,16.0,39.0,0.35,0.35,0.3,0.1,4.2537,0.0384,3.0234,339.9749,3.2073,-7.9055
360,2,194,265,188,284,113.2592209455283,248.16929705344293,112.83365417791754,268.00186566514793,0.7268,5,59,1,4,5000,100,71.0,16.0,39.0,0.35,0.35,0.3,0.1,4.2522,0.0384,3.0224,257.7046,-2.5308,-5.9511
360,64,326,203,329,219,78.4248111826038,169.44615663980107,78.50856091188662,185.72291188757515,0.9231,5,59,1,4,5000,100,71.0,16.0,39.0,0.35,0.35,0.3,0.1,5.0718,0.0458,3.5958,177.2116,0.889,-4.3572
360,70,283,45,242,98,138.3664606634298,12.041594578792296,129.34051815983753,78.87331614684399,0.7595,5,59,1,4,5000,100,71.0,16.0,39.0,0.35,0.35,0.3,0.1,81.3531,0.7351,56.9687,20.8934,-0.3407,-0.3985
361,53,154,388,146,413,111.46288592471981,377.1538147758816,111.2210853405209,403.3509638019971,0.7705,5,59,1,4,5000,100,71.0,16.0,39.0,0.35,0.35,0.3,0.1,3.7145,0.0336,2.6462,389.8127,-3.5594,-9.1114
361,72,414,342,422,366,68.19859051364818,328.49505323520475,68.43920129664734,353.7527385053012,0.7093,5,59,1,4,5000,100,71.0,16.0,39.0,0.35,0.35,0.3,0.1,4.0971,0.037,2.9139,340.6564,3.1575,-7.9439
361,2,194,264,188,283,113.35072977241875,247.25088473046966,112.91690261844673,267.0805122055894,0.7174,5,59,1,4,5000,100,71.0,16.0,39.0,0.35,0.35,0.3,0.1,4.2668,0.0386,3.0326,256.7834,-2.5308,-5.926
361,64,327,202,330,218,78.02386755579664,168.67127793433,78.14325272260476,184.94593804677083,0.9409,5,59,1,4,5000,100,71.0,16.0,39.0,0.35,0.35,0.3,0.1,5.0934,0.046,3.6109,176.4341,0.914,-4.3321
361,70,283,45,242,98,138.3664606634298,12.041594578792296,129.34051815983753,78.87331614684399,0.7855,5,59,1,4,5000,100,71.0,16.0,39.0,0.35,0.35,0.3,0.1,81.3531,0.7351,56.9687,20.8934,-0.3407,-0.3985
362,53,154,387,146,412,111.51860931739232,376.2233379257592,111.2726217359035,402.4189359361709,0.7331,5,59,1,4,5000,100,71.0,16.0,39.0,0.35,0.35,0.3,0.1,3.7232,0.0336,2.6522,388.8805,-3.5593,-9.0863
362,72,412,343,421,368,68.58703052512824,328.6883021952561,68.70773981470755,355.2492083031291,0.801,5,59,1,4,5000,100,71.0,16.0,39.0,0.35,0.35,0.3,0.1,4.2979,0.0388,3.0543,341.453,3.1195,-7.9804
362,2,193,262,188,281,113.74949449286676,245.81700510745793,113.08513367280828,265.23951440160647,0.611,5,59,1,4,5000,100,71.0,16.0,39.0,0.35,0.35,0.3,0.1,4.2059,0.038,2.99,255.1592,-2.5434,-5.8762
362,64,328,200,331,217,77.54565070184144,166.9281282468596,77.77487732426425,184.17654573804992,0.9154,5,59,1,4,5000,100,71.0,16.0,39.0,0.35,0.35,0.3,0.1,5.4367,0.0491,3.8512,175.1287,0.9388,-4.2933
362,70,283,45,242,98,138.3664606634298,12.041594578792296,129.34051815983753,78.87331614684399,0.7855,5,59,1,4,5000,100,71.0,16.0,39.0,0.35,0.35,0.3,0.1,81.3531,0.7351,56.9687,20.8934,-0.3407,-0.3985
363,53,155,387,146,412,111.37679438819393,375.85768583334834,111.2726217359035,402.4189359361709,0.8772,5,59,1,4,5000,100,71.0,16.0,39.0,0.35,0.35,0.3,0.1,3.7769,0.0341,2.6898,388.6851,-3.5467,-9.086
363,72,411,344,419,369,68.81256577680931,329.2567387313432,69.06664196339374,355.4616716328218,0.725,5,59,1,4,5000,100,71.0,16.0,39.0,0.35,0.35,0.3,0.1,4.2354,0.0383,3.0106,341.8578,3.0821,-8.0058
363,2,194,261,189,280,113.62937773065681,244.49948875202173,112.97054881425923,263.928020490436,0.6121,5,59,1,4,5000,100,71.0,16.0,39.0,0.35,0.35,0.3,0.1,4.229,0.0382,3.0061,253.8425,-2.5183,-5.851
363,64,329,199,332,216,77.1346021579498,166.1715980545412,77.4034267641815,183.41483037093812,0.9237,5,59,1,4,5000,100,71.0,16.0,39.0,0.35,0.35,0.3,0.1,5.4587,0.0493,3.8666,174.368,0.9638,-4.2681
363,70,283,45,242,98,138.3664606634298,12.041594578792296,129.34051815983753,78.87331614684399,0.7575,5,59,1,4,5000,100,71.0,16.0,39.0,0.35,0.35,0.3,0.1,81.3531,0.7351,56.9687,20.8934,-0.3407,-0.3985
364,53,155,385,147,409,111.48847636433372,373.99598928330767,111.29508787098989,399.2605665477121,0.791,5,59,1,4,5000,100,71.0,16.0,39.0,0.35,0.35,0.3,0.1,3.6159,0.0327,2.5772,386.2155,-3.5345,-9.0242
364,72,410,345,419,370,69.03732016343578,329.8302593759402,69.12408018860243,356.3958473383213,0.8645,5,59,1,4,5000,100,71.0,16.0,39.0,0.35,0.35,0.3,0.1,4.2843,0.0387,3.0448,342.5988,3.0694,-8.0306
364,2,195,259,190,278,113.60229393238427,242.26638231500465,112.93985568652903,261.69638897011936,0.6151,5,59,1,4,5000,100,71.0,16.0,39.0,0.35,0.35,0.3,0.1,4.2668,0.0386,3.0326,251.6068,-2.4932,-5.8007
364,64,330,198,332,214,76.7198153078242,165.42369842317032,77.26570920465241,181.46349495146399,0.8181,5,59,1,4,5000,100,71.0,16.0,39.0,0.35,0.35,0.3,0.1,5.1173,0.0462,3.6276,173.0728,0.9766,-4.2319
364,70,283,45,241,98,138.3664606634298,12.041594578792296,129.8978347476418,79.51100552753688,0.7987,5,59,1,4,5000,100,71.0,16.0,39.0,0.35,0.35,0.3,0.1,81.5573,0.7369,57.1115,20.9156,-0.3444,-0.3961
365,53,156,383,147,409,111.45798235337544,371.7687453242943,111.29508787098989,399.2605665477121,0.8532,5,59,1,4,5000,100,71.0,16.0,39.0,0.35,0.35,0.3,0.1,3.946,0.0357,2.8081,385.0245,-3.5212,-8.9973
365,72,412,344,420,369,68.65049151652572,329.61947757982995,68.91624541761936,355.8201793040974,0.7414,5,59,1,4,5000,100,71.0,16.0,39.0,0.35,0.35,0.3,0.1,4.2303,0.0382,3.007,342.2191,3.1071,-8.0059
365,2,196,256,190,277,113.67053848472045,239.11712611187014,113.02549200852803,260.7757657452088,0.6531,5,59,1,4,5000,100,71.0,16.0,39.0,0.35,0.35,0.3,0.1,4.7949,0.0433,3.4021,249.4772,-2.4797,-5.7484
365,64,331,197,333,213,76.30128299291555,164.68454693747074,76.88656177014332,180.71247881648904,0.8205,5,59,1,4,5000,100,71.0,16.0,39.0,0.35,0.35,0.3,0.1,5.1355,0.0464,3.6404,172.3266,1.0016,-4.2068
365,70,283,45,241,98,138.3664606634298,12.041594578792296,129.8978347476418,79.51100552753688,0.782,5,59,1,4,5000,100,71.0,16.0,39.0,0.35,0.35,0.3,0.1,81.5573,0.7369,57.1115,20.9156,-0.3444,-0.3961
366,53,157,381,148,407,111.42712077361412,369.5416079415145,111.26544963290628,397.0340035815572,0.8314,5,59,1,4,5000,100,71.0,16.0,39.0,0.35,0.35,0.3,0.1,3.969,0.0359,2.8242,382.7948,-3.4961,-8.9471
366,72,413,344,421,368,68.48877487298637,329.98484813700156,68.70773981470755,355.2492083031291,0.7673,5,59,1,4,5000,100,71.0,16.0,39.0,0.35,0.35,0.3,0.1,4.0803,0.0369,2.9021,342.1513,3.1325,-7.9942
366,74,525,320,539,341,50.534637362014166,366.5760494085777,50.906141113770495,391.69503443367773,0.6581,5,59,1,4,5000,100,71.0,16.0,39.0,0.35,0.35,0.3,0.1,3.6661,0.0331,2.6123,378.7195,6.016,-7.3571
366,64,331,196,334,212,76.21840276434638,163.71316379570703,76.50426671920418,179.96944185055418,0.8968,5,59,1,4,5000,100,71.0,16.0,39.0,0.35,0.35,0.3,0.1,5.2347,0.0473,3.7098,171.4568,1.014,-4.1814
366,70,283,45,241,98,138.3664606634298,12.041594578792296,129.8978347476418,79.51100552753688,0.7847,5,59,1,4,5000,100,71.0,16.0,39.0,0.35,0.35,0.3,0.1,81.5573,0.7369,57.1115,20.9156,-0.3444,-0.3961
367,53,157,381,149,405,111.42712077361412,369.5416079415145,111.23547710629413,394.80754805347885,0.8112,5,59,1,4,5000,100,71.0,16.0,39.0,0.35,0.35,0.3,0.1,3.6582,0.0331,2.6068,381.757,-3.4843,-8.9238
367,72,416,343,423,368,67.94079347037288,330.16965336020814,68.40780734933762,355.98033653560134,0.6386,5,59,1,4,5000,100,71.0,16.0,39.0,0.35,0.35,0.3,0.1,4.163,0.0376,2.96,342.5895,3.195,-7.9812
367,74,525,320,539,341,50.534637362014166,366.5760494085777,50.906141113770495,391.69503443367773,0.6551,5,59,1,4,5000,100,71.0,16.0,39.0,0.35,0.35,0.3,0.1,3.6661,0.0331,2.6123,378.7195,6.016,-7.3571
367,64,332,195,335,212,75.79323388223963,162.9846618550347,76.19509758787565,180.20543831971332,0.8849,5,59,1,4,5000,100,71.0,16.0,39.0,0.35,0.35,0.3,0.1,5.5532,0.0502,3.9327,171.163,1.0388,-4.1677
367,70,283,45,240,81,138.3664606634298,12.041594578792296,139.7636416907262,68.11754546370561,0.6272,5,59,1,4,5000,100,71.0,16.0,39.0,0.35,0.35,0.3,0.1,77.4194,0.6996,54.2164,20.4654,-0.3908,-0.3332
368,53,158,379,149,405,111.39588495708576,367.3145790735783,111.23547710629413,394.80754805347885,0.8667,5,59,1,4,5000,100,71.0,16.0,39.0,0.35,0.35,0.3,0.1,3.9923,0.0361,2.8405,380.5652,-3.471,-8.8968
368,72,417,343,425,368,67.78014563109771,330.5465171500072,68.10911253405278,356.72117963473937,0.6969,5,59,1,4,5000,100,71.0,16.0,39.0,0.35,0.35,0.3,0.1,4.2148,0.0381,2.9962,343.1354,3.2325,-7.9809
368,2,199,255,193,276,113.1033621589307,237.00843866833097,112.50060539485116,258.69286808878206,0.6851,5,59,1,4,5000,100,71.0,16.0,39.0,0.35,0.35,0.3,0.1,4.8412,0.0437,3.4345,247.3764,-2.4045,-5.7231
368,64,333,194,336,210,75.36427100016034,162.265215003093,75.73021524592016,178.5077029150283,0.8833,5,59,1,4,5000,100,71.0,16.0,39.0,0.35,0.35,0.3,0.1,5.2749,0.0477,3.7379,169.9994,1.0641,-4.1311
368,70,283,45,241,81,138.3664606634298,12.041594578792296,139.21417852273404,67.35725647619564,0.6403,5,59,1,4,5000,100,71.0,16.0,39.0,0.35,0.35,0.3,0.1,77.1011,0.6967,53.9936,20.4307,-0.3874,-0.3358
369,53,158,377,150,403,111.51027490097405,365.4531433713493,111.2051646201222,392.58120179142554,0.7474,6,59,1,4,5000,100,71.0,16.0,39.0,0.35,0.35,0.3,0.1,3.9606,0.0358,2.8183,378.5318,-3.4586,-8.8469
369,72,418,345,427,370,67.75097634278764,332.776201072132,67.9321004375898,359.32436599818834,0.809,6,59,1,4,5000,100,71.0,16.0,39.0,0.35,0.35,0.3,0.1,4.2451,0.0384,3.0174,345.5411,3.27,-8.0308
369,2,200,255,194,276,112.8806371764177,236.61783533791362,112.2956814478053,258.3118270617898,0.6716,6,59,1,4,5000,100,71.0,16.0,39.0,0.35,0.35,0.3,0.1,4.8509,0.0438,3.4413,246.9894,-2.3794,-5.7231
369,64,334,193,337,209,74.9315118405078,161.55494421403512,75.33845225139076,177.78920102188434,0.87,6,59,1,4,5000,100,71.0,16.0,39.0,0.35,0.35,0.3,0.1,5.2944,0.0478,3.7516,169.2837,1.0891,-4.106
369,70,283,45,241,97,138.3664606634298,12.041594578792296,130.36453657309735,78.74642849044012,0.7958,6,59,1,4,5000,100,71.0,16.0,39.0,0.35,0.35,0.3,0.1,81.3121,0.7347,56.94,20.8889,-0.3468,-0.3931
369,75,317,67,320,80,50.19442890773481,39.05124837953327,56.92932217723833,51.31276644267,0.6588,6,59,1,4,5000,100,71.0,16.0,39.0,0.35,0.35,0.3,0.1,15.0167,0.1357,10.5541,44.3501,0.6539,-0.9006
370,53,159,376,151,402,111.42158581339717,364.156559737704,111.12161486154862,391.28761799985443,0.7753,7,59,1,4,5000,100,71.0,16.0,39.0,0.35,0.35,0.3,0.1,3.9746,0.0359,2.8281,377.2349,-3.4335,-8.8218
370,72,419,346,428,372,67.65717902906471,334.0808285430339,67.90431585669937,361.55359215474544,0.7721,7,59,1,4,5000,100,71.0,16.0,39.0,0.35,0.35,0.3,0.1,4.3707,0.0395,3.1053,347.2747,3.2947,-8.0677
370,74,525,320,539,341,50.534637362014166,366.5760494085777,50.906141113770495,391.69503443367773,0.6975,7,59,1,4,5000,100,71.0,16.0,39.0,0.35,0.35,0.3,0.1,3.6661,0.0331,2.6123,378.7195,6.016,-7.3571
370,2,202,254,196,274,112.52606054672901,234.92339176846565,112.05106271907673,255.70490804832042,0.7251,7,59,1,4,5000,100,71.0,16.0,39.0,0.35,0.35,0.3,0.1,4.6876,0.0424,3.327,244.874,-2.3296,-5.6862
370,64,335,192,339,208,74.4949558176877,160.85397104206038,74.63153667820387,177.341478509682,0.948,7,59,1,4,5000,100,71.0,16.0,39.0,0.35,0.35,0.3,0.1,5.3953,0.0488,3.8222,168.6958,1.1266,-4.0806
370,70,283,45,242,97,138.3664606634298,12.041594578792296,129.8055710922652,78.10249675906654,0.7381,7,59,1,4,5000,100,71.0,16.0,39.0,0.35,0.35,0.3,0.1,81.1024,0.7328,56.7933,20.8661,-0.3432,-0.3955
370,75,319,69,321,82,49.84400037508068,41.86884283091664,57.20046872738079,53.53503525729669,0.623,7,59,1,4,5000,100,71.0,16.0,39.0,0.35,0.35,0.3,0.1,13.5329,0.1223,9.5159,46.9887,0.6935,-0.9536
371,53,160,374,152,400,111.38985119115613,361.9295511560226,111.09037664938725,389.06169176622876,0.7742,6,59,1,4,5000,100,71.0,16.0,39.0,0.35,0.35,0.3,0.1,3.9983,0.0361,2.8447,375.0055,-3.4084,-8.7715
371,72,420,348,429,374,67.62913161131287,336.3108680967655,67.87687180465477,363.78290229201264,0.7775,6,59,1,4,5000,100,71.0,16.0,39.0,0.35,0.35,0.3,0.1,4.3427,0.0392,3.0857,349.5079,3.3199,-8.118
371,2,203,253,197,273,112.39347516336302,233.6172082702813,111.92687449642386,254.40322325002094,0.7217,6,59,1,4,5000,100,71.0,16.0,39.0,0.35,0.35,0.3,0.1,4.7137,0.0426,3.3453,243.5676,-2.3045,-5.661
371,64,336,190,339,206,73.95573313679637,159.20113064925135,74.45840478666516,175.41379649275024,0.864,6,59,1,4,5000,100,71.0,16.0,39.0,0.35,0.35,0.3,0.1,5.3621,0.0485,3.799,166.9147,1.1391,-4.0307
371,75,320,71,323,84,50.527540151656176,44.04543109109048,56.59217541029108,56.302753041036986,0.6699,6,59,1,4,5000,100,71.0,16.0,39.0,0.35,0.35,0.3,0.1,13.518,0.1221,9.5055,49.4255,0.7302,-1.0025
371,70,283,45,242,81,138.3664606634298,12.041594578792296,138.65222278030632,66.60330322138685,0.655,6,59,1,4,5000,100,71.0,16.0,39.0,0.35,0.35,0.3,0.1,76.7793,0.6938,53.7684,20.3957,-0.384,-0.3384
372,53,161,373,153,399,111.29986295035515,360.6341636617363,111.00568593361254,387.76926128820475,0.7849,6,59,1,4,5000,100,71.0,16.0,39.0,0.35,0.35,0.3,0.1,4.0126,0.0363,2.8547,373.7098,-3.3833,-8.7464
372,72,422,350,430,376,67.4451552005272,338.92329515688357,67.84976207164922,366.0122948754591,0.6766,6,59,1,4,5000,100,71.0,16.0,39.0,0.35,0.35,0.3,0.1,4.2528,0.0384,3.0228,351.9473,3.3577,-8.1686
372,74,525,320,539,341,50.534637362014166,366.5760494085777,50.906141113770495,391.69503443367773,0.6692,6,59,1,4,5000,100,71.0,16.0,39.0,0.35,0.35,0.3,0.1,3.6661,0.0331,2.6123,378.7195,6.016,-7.3571
372,2,204,252,198,272,112.25939956791261,232.31228981696168,111.80140948635182,253.10274593532168,0.7511,6,59,1,4,5000,100,71.0,16.0,39.0,0.35,0.35,0.3,0.1,4.74,0.0428,3.3637,242.2623,-2.2794,-5.6359
372,64,337,188,340,204,73.40524643347077,157.56268593801008,73.96401796188603,173.761330565808,0.8616,6,59,1,4,5000,100,71.0,16.0,39.0,0.35,0.35,0.3,0.1,5.4107,0.0489,3.8329,165.266,1.1641,-3.9805
372,70,283,45,240,97,138.3664606634298,12.041594578792296,130.91438322002512,79.39773296511683,0.7421,6,59,1,4,5000,100,71.0,16.0,39.0,0.35,0.35,0.3,0.1,81.5212,0.7366,57.0863,20.9117,-0.3504,-0.3906
373,53,162,372,154,397,111.2092261342228,359.339672176619,110.9734934213208,385.5437718340163,0.8093,5,59,1,4,5000,100,71.0,16.0,39.0,0.35,0.35,0.3,0.1,3.8932,0.0352,2.7712,371.9808,-3.3585,-8.7094
373,72,423,352,431,378,67.41889205586546,341.1539242043099,67.82298059765482,368.24176840765904,0.6779,5,59,1,4,5000,100,71.0,16.0,39.0,0.35,0.35,0.3,0.1,4.2258,0.0382,3.0039,354.1807,3.3828,-8.2189
373,2,205,252,199,272,112.03077487245679,231.93533581582605,111.59091895824945,252.73306075778848,0.7367,5,59,1,4,5000,100,71.0,16.0,39.0,0.35,0.35,0.3,0.1,4.749,0.0429,3.3699,241.888,-2.2543,-5.6358
373,64,338,186,341,202,72.84324390927725,155.93909067324972,73.46017599877108,172.12204972053988,0.8259,5,59,1,4,5000,100,71.0,16.0,39.0,0.35,0.35,0.3,0.1,5.4592,0.0493,3.8669,163.6314,1.1891,-3.9302
373,70,283,45,241,97,138.3664606634298,12.041594578792296,130.36453657309735,78.74642849044012,0.7828,5,59,1,4,5000,100,71.0,16.0,39.0,0.35,0.35,0.3,0.1,81.3121,0.7347,56.94,20.8889,-0.3468,-0.3931
374,53,163,371,155,396,111.11793416422096,358.04608641905304,110.88763451503266,384.252521136817,0.8173,4,59,1,4,5000,100,71.0,16.0,39.0,0.35,0.35,0.3,0.1,3.9071,0.0353,2.7809,370.6867,-3.3334,-8.6843
374,72,424,354,433,380,67.39297012780068,343.3846240005513,67.65347936454933,370.8503741402993,0.7284,4,59,1,4,5000,100,71.0,16.0,39.0,0.35,0.35,0.3,0.1,4.2558,0.0385,3.0249,356.5894,3.4203,-8.2688
374,2,206,251,201,271,111.89367314172844,230.63390904201404,111.25050550713325,251.07170290576354,0.6725,4,59,1,4,5000,100,71.0,16.0,39.0,0.35,0.35,0.3,0.1,4.6955,0.0424,3.3325,240.4192,-2.2169,-5.611
374,70,283,45,243,80,138.3664606634298,12.041594578792296,138.73139699916047,65.19202405202648,0.6531,4,59,1,4,5000,100,71.0,16.0,39.0,0.35,0.35,0.3,0.1,76.16,0.6882,53.3351,20.3283,-0.3831,-0.3369
375,53,164,369,156,395,111.08375458238065,355.8201793040974,110.80119681437779,382.96213912082743,0.7694,4,59,1,4,5000,100,71.0,16.0,39.0,0.35,0.35,0.3,0.1,4.0658,0.0367,2.892,368.8926,-3.308,-8.6458
375,72,426,356,434,382,67.21454077455675,346.0014450836875,67.62821832012195,373.0804202849568,0.6039,4,59,1,4,5000,100,71.0,16.0,39.0,0.35,0.35,0.3,0.1,4.1675,0.0377,2.9631,359.0311,3.4581,-8.3195
375,2,208,251,203,270,111.4311672762332,229.89562849258357,110.90556933691552,249.41932563456265,0.7317,4,59,1,4,5000,100,71.0,16.0,39.0,0.35,0.35,0.3,0.1,4.5078,0.0407,3.2012,239.2599,-2.1671,-5.5993
375,70,283,45,243,80,138.3664606634298,12.041594578792296,138.73139699916047,65.19202405202648,0.6527,4,59,1,4,5000,100,71.0,16.0,39.0,0.35,0.35,0.3,0.1,76.16,0.6882,53.3351,20.3283,-0.3831,-0.3369
376,53,165,367,157,393,111.04914468607679,353.5944004081513,110.76740280810425,380.73744234051895,0.7665,4,59,1,4,5000,100,71.0,16.0,39.0,0.35,0.35,0.3,0.1,4.0907,0.037,2.9093,366.6643,-3.2828,-8.5955
376,72,427,358,436,383,67.19028889612254,348.2326808328018,67.40365548557806,374.7692623468472,0.7425,4,59,1,4,5000,100,71.0,16.0,39.0,0.35,0.35,0.3,0.1,4.0619,0.0367,2.8892,361.014,3.4959,-8.3576
376,2,210,251,205,270,110.96571184055742,229.17242417009948,110.47515711400966,248.71268564349506,0.7504,4,59,1,4,5000,100,71.0,16.0,39.0,0.35,0.35,0.3,0.1,4.5252,0.0409,3.2134,238.5431,-2.1169,-5.5992
376,70,283,45,240,96,138.3664606634298,12.041594578792296,131.39153114743365,78.64477096412705,0.7467,4,59,1,4,5000,100,71.0,16.0,39.0,0.35,0.35,0.3,0.1,81.2792,0.7344,56.917,20.8854,-0.3528,-0.3875
377,53,166,367,158,392,110.89776549883887,353.23646470884063,110.6797558405992,379.4482836962107,0.7751,5,59,1,4,5000,100,71.0,16.0,39.0,0.35,0.35,0.3,0.1,3.9592,0.0358,2.8174,365.8735,-3.2581,-8.5837
377,72,429,359,438,385,66.95190462114886,349.93285070138813,67.23999074233953,377.385744298854,0.675,5,59,1,4,5000,100,71.0,16.0,39.0,0.35,0.35,0.3,0.1,4.1772,0.0377,2.9699,363.1412,3.5458,-8.3946
377,2,211,251,207,271,110.73188849208286,228.81652038259824,109.96344427850124,248.95983611819798,0.6439,5,59,1,4,5000,100,71.0,16.0,39.0,0.35,0.35,0.3,0.1,4.6659,0.0422,3.3118,238.4636,-2.0792,-5.6112
377,70,283,45,240,96,138.3664606634298,12.041594578792296,131.39153114743365,78.64477096412705,0.7938,5,59,1,4,5000,100,71.0,16.0,39.0,0.35,0.35,0.3,0.1,81.2792,0.7344,56.917,20.8854,-0.3528,-0.3875
377,76,437,58,448,57,8.24071182970788,146.5127980757995,7.305759533310827,157.2768260107,0.4131,5,59,1,4,5000,100,71.0,16.0,39.0,0.35,0.35,0.3,0.1,3.9213,0.0354,2.7908,151.7041,3.772,-0.5138
378,53,167,365,159,391,110.86172170327082,351.0113958264033,110.59151149763682,378.1600190395595,0.7569,5,59,1,4,5000,100,71.0,16.0,39.0,0.35,0.35,0.3,0.1,4.1205,0.0372,2.9302,364.0803,-3.2327,-8.5453
378,72,431,361,440,387,66.78007027709151,352.5577966802039,67.0785811020913,380.0052631214468,0.6263,5,59,1,4,5000,100,71.0,16.0,39.0,0.35,0.35,0.3,0.1,4.1465,0.0375,2.9484,365.7673,3.596,-8.4449
378,2,212,252,207,272,110.40988283380399,229.40139493908924,109.88516511385545,249.899979991996,0.7495,5,59,1,4,5000,100,71.0,16.0,39.0,0.35,0.35,0.3,0.1,4.7331,0.0428,3.3588,239.2123,-2.0665,-5.6359
378,77,244,79,240,96,138.81407483429035,63.7808748764079,131.39153114743365,78.64477096412705,0.2132,5,59,1,4,5000,100,71.0,16.0,39.0,0.35,0.35,0.3,0.1,11.5497,0.1044,8.1283,70.4372,-1.2436,-1.2561
378,76,437,57,446,57,7.853313301978219,146.37281168304446,7.399594659887111,155.2932709424333,0.5314,5,59,1,4,5000,100,71.0,16.0,39.0,0.35,0.35,0.3,0.1,3.2726,0.0296,2.3369,150.7011,3.7483,-0.5014
379,53,168,364,160,390,110.76697250454507,349.72131762304684,110.50266407399177,376.87265753832554,0.7519,4,59,1,4,5000,100,71.0,16.0,39.0,0.35,0.35,0.3,0.1,4.1355,0.0374,2.9407,362.7897,-3.2076,-8.5201
379,72,432,362,442,388,66.69510946079689,353.8714455844099,66.8605382367883,381.70800358389135,0.7104,4,59,1,4,5000,100,71.0,16.0,39.0,0.35,0.35,0.3,0.1,4.1881,0.0378,2.9775,367.263,3.6334,-8.4697
379,2,210,253,205,272,110.78824568903032,231.0411218809327,110.31519562673208,250.5873101336139,0.7341,4,59,1,4,5000,100,71.0,16.0,39.0,0.35,0.35,0.3,0.1,4.4913,0.0406,3.1897,240.4176,-2.117,-5.6494
379,70,283,45,240,96,138.3664606634298,12.041594578792296,131.39153114743365,78.64477096412705,0.7693,4,59,1,4,5000,100,71.0,16.0,39.0,0.35,0.35,0.3,0.1,81.2792,0.7344,56.917,20.8854,-0.3528,-0.3875
380,72,435,365,444,390,66.4439725631015,357.816992329878,66.70353500090205,384.33448973517847,0.5993,7,59,1,4,5000,100,71.0,16.0,39.0,0.35,0.35,0.3,0.1,3.9543,0.0357,2.8139,370.602,3.6967,-8.5337
380,53,169,363,161,389,110.67152194501291,348.4322028745334,110.41320779779244,375.5862084794914,0.721,7,59,1,4,5000,100,71.0,16.0,39.0,0.35,0.35,0.3,0.1,4.1506,0.0375,2.9513,361.5,-3.1825,-8.495
380,2,209,254,203,273,110.93127669812515,232.3316594870359,110.66239457218315,252.22410669878485,0.8442,7,59,1,4,5000,100,71.0,16.0,39.0,0.35,0.35,0.3,0.1,4.5433,0.0411,3.226,241.8696,-2.1545,-5.6743
380,64,349,176,353,191,67.70284212321282,150.23315213360866,68.39128859711622,165.64117845511726,0.8046,7,59,1,4,5000,100,71.0,16.0,39.0,0.35,0.35,0.3,0.1,5.3983,0.0488,3.8243,157.5614,1.4771,-3.6676
380,77,244,79,240,97,138.81407483429035,63.7808748764079,130.91438322002512,79.39773296511683,0.1993,7,59,1,4,5000,100,71.0,16.0,39.0,0.35,0.35,0.3,0.1,12.071,0.1091,8.493,70.7376,-1.2427,-1.2675
380,75,334,71,337,84,38.99099404250548,54.037024344425184,46.24536426676835,65.06919393998976,0.5761,7,59,1,4,5000,100,71.0,16.0,39.0,0.35,0.35,0.3,0.1,10.2507,0.0926,7.2194,59.0422,1.0844,-1.0096
380,76,436,56,444,56,7.516441716269494,145.24806367039804,7.125016348901798,153.18289721767243,0.547,7,59,1,4,5000,100,71.0,16.0,39.0,0.35,0.35,0.3,0.1,2.9425,0.0266,2.106,149.11,3.7113,-0.4765
381,72,437,366,446,391,66.2154979068991,359.53581184633055,66.489598798599,386.0466293079115,0.591,7,59,1,4,5000,100,71.0,16.0,39.0,0.35,0.35,0.3,0.1,3.9351,0.0356,2.8005,372.3199,3.7468,-8.5588
381,53,170,362,163,388,110.57536274397393,347.1440623141925,110.17945866451092,373.9545426920229,0.6128,7,59,1,4,5000,100,71.0,16.0,39.0,0.35,0.35,0.3,0.1,4.1147,0.0372,2.9262,360.0509,-3.145,-8.4701
381,2,207,253,201,273,111.48055647503398,232.12281232140884,111.08630106146845,252.93675098727746,0.7876,7,59,1,4,5000,100,71.0,16.0,39.0,0.35,0.35,0.3,0.1,4.7488,0.0429,3.3698,242.0832,-2.2042,-5.6609
381,64,350,174,355,189,67.05425771040298,148.77163708180402,67.48727990979037,164.53874923555242,0.8627,7,59,1,4,5000,100,71.0,16.0,39.0,0.35,0.35,0.3,0.1,5.5693,0.0503,3.944,156.2585,1.5144,-3.6169
381,77,245,79,240,96,138.21548399174821,63.0317380372777,131.39153114743365,78.64477096412705,0.2579,7,59,1,4,5000,100,71.0,16.0,39.0,0.35,0.35,0.3,0.1,12.196,0.1102,8.5805,69.978,-1.2292,-1.2541
381,75,336,68,340,82,35.166436035792884,53.823786563191554,43.15238973400541,65.79513659838392,0.5346,7,59,1,4,5000,100,71.0,16.0,39.0,0.35,0.35,0.3,0.1,11.0757,0.1001,7.7966,59.2104,1.1455,-0.9463
381,76,436,56,444,56,7.516441716269494,145.24806367039804,7.125016348901798,153.18289721767243,0.5576,7,59,1,4,5000,100,71.0,16.0,39.0,0.35,0.35,0.3,0.1,2.9425,0.0266,2.106,149.11,3.7113,-0.4765
382,72,440,367,448,391,65.84448835471062,361.66835637086086,66.21796957677863,386.8488076755569,0.5019,7,59,1,4,5000,100,71.0,16.0,39.0,0.35,0.35,0.3,0.1,3.723,0.0336,2.6521,373.835,3.81,-8.5725
382,53,171,361,164,386,110.47848752818842,345.8569068270865,110.14112711736901,371.7324306540929,0.595,7,59,1,4,5000,100,71.0,16.0,39.0,0.35,0.35,0.3,0.1,3.9906,0.0361,2.8393,358.3281,-3.1202,-8.4332
382,2,205,252,199,271,112.03077487245679,231.93533581582605,111.67464911902414,251.80349481291955,0.7988,7,59,1,4,5000,100,71.0,16.0,39.0,0.35,0.35,0.3,0.1,4.5454,0.0411,3.2275,241.4614,-2.2547,-5.6241
382,64,353,172,357,188,65.68408026794681,148.14182393908885,66.70988275987125,164.39586369492392,0.7334,7,59,1,4,5000,100,71.0,16.0,39.0,0.35,0.35,0.3,0.1,5.7555,0.052,4.0742,155.8462,1.5767,-3.5789
382,70,282,45,240,96,141.34019174590992,12.806248474865697,131.39153114743365,78.64477096412705,0.7621,7,59,1,4,5000,100,71.0,16.0,39.0,0.35,0.35,0.3,0.1,79.6743,0.7199,55.794,22.0259,-0.3754,-0.4057
382,75,337,66,341,79,32.79953127261921,53.53503525729669,40.60129464500447,64.53681120105021,0.5516,7,59,1,4,5000,100,71.0,16.0,39.0,0.35,0.35,0.3,0.1,10.312,0.0932,7.2623,58.5234,1.1719,-0.8851
382,76,435,56,443,56,7.5683970215894325,144.25671561490648,7.171712165387088,152.190669884852,0.5739,7,59,1,4,5000,100,71.0,16.0,39.0,0.35,0.35,0.3,0.1,2.9619,0.0268,2.1196,148.1175,3.6862,-0.4764
383,78,449,392,480,448,66.14242078434856,388.1674896227143,65.41965193507558,451.9568563480368,0.4197,7,59,1,4,5000,100,71.0,16.0,39.0,0.35,0.35,0.3,0.1,8.4029,0.0759,5.9266,417.6405,4.3039,-9.5558
383,53,172,360,165,385,110.38088883057931,344.570747452537,110.04917634906471,370.44972668366216,0.6042,7,59,1,4,5000,100,71.0,16.0,39.0,0.35,0.35,0.3,0.1,4.0055,0.0362,2.8497,357.0419,-3.0951,-8.4081
383,2,204,250,198,269,112.44774863812503,230.46257830719503,112.05643352703936,250.3197954617253,0.7917,7,59,1,4,5000,100,71.0,16.0,39.0,0.35,0.35,0.3,0.1,4.5708,0.0413,3.2453,239.9811,-2.2797,-5.5739
383,64,355,170,359,186,64.6538240580533,147.16657229140046,65.78824568903032,163.37074401495514,0.7222,7,59,1,4,5000,100,71.0,16.0,39.0,0.35,0.35,0.3,0.1,5.7748,0.0522,4.0877,154.8459,1.6268,-3.5288
383,70,283,45,240,96,138.3664606634298,12.041594578792296,131.39153114743365,78.64477096412705,0.7967,7,59,1,4,5000,100,71.0,16.0,39.0,0.35,0.35,0.3,0.1,81.2792,0.7344,56.917,20.8854,-0.3528,-0.3875
383,75,339,64,343,77,29.875992691689433,54.20332093147061,38.10757687751486,64.81512169239521,0.5339,7,59,1,4,5000,100,71.0,16.0,39.0,0.35,0.35,0.3,0.1,9.8674,0.0892,6.9512,59.0361,1.223,-0.8361
383,76,435,56,443,56,7.5683970215894325,144.25671561490648,7.171712165387088,152.190669884852,0.5788,7,59,1,4,5000,100,71.0,16.0,39.0,0.35,0.35,0.3,0.1,2.9619,0.0268,2.1196,148.1175,3.6862,-0.4764
384,72,444,369,453,393,65.40020939484253,365.1410686296462,65.66527237292689,390.713449986048,0.5758,7,59,1,4,5000,100,71.0,16.0,39.0,0.35,0.35,0.3,0.1,3.7442,0.0338,2.6669,377.4947,3.9227,-8.6225
384,53,173,358,166,383,110.34057492778935,342.34777639120136,110.00969388867519,368.2281901212888,0.5937,7,59,1,4,5000,100,71.0,16.0,39.0,0.35,0.35,0.3,0.1,4.0308,0.0364,2.8674,354.8167,-3.07,-8.3578
384,2,202,248,196,267,113.10020060547342,229.3926764306132,112.65523270867979,249.23081671414553,0.7575,7,59,1,4,5000,100,71.0,16.0,39.0,0.35,0.35,0.3,0.1,4.587,0.0414,3.2567,238.9006,-2.3298,-5.5238
384,64,357,168,362,183,63.610164727827346,146.23952953972466,64.38451567935783,161.91355718407277,0.7953,7,59,1,4,5000,100,71.0,16.0,39.0,0.35,0.35,0.3,0.1,5.6291,0.0509,3.9858,153.6779,1.6895,-3.4666
384,70,283,45,240,96,138.3664606634298,12.041594578792296,131.39153114743365,78.64477096412705,0.8342,7,59,1,4,5000,100,71.0,16.0,39.0,0.35,0.35,0.3,0.1,81.2792,0.7344,56.917,20.8854,-0.3528,-0.3875
384,79,391,43,448,71,3.4682292589171477,99.18165152889924,12.295266422998148,159.66214329013624,0.3292,7,59,1,4,5000,100,71.0,16.0,39.0,0.35,0.35,0.3,0.1,25.8585,0.2337,18.14,122.3561,3.0333,-0.4758
384,76,435,55,442,57,7.174324236482296,144.12841496387864,7.594643368591445,151.32745950421557,0.6185,7,59,1,4,5000,100,71.0,16.0,39.0,0.35,0.35,0.3,0.1,2.6966,0.0244,1.9339,147.6402,3.6741,-0.4765
385,78,455,395,478,447,65.51988125667303,393.3611572079785,65.59817446163294,450.21772510642006,0.6715,7,59,1,4,5000,100,71.0,16.0,39.0,0.35,0.35,0.3,0.1,7.459,0.0674,5.2661,419.8734,4.359,-9.5924
385,53,174,357,167,382,110.24145247429327,341.0630440255877,109.91640599380908,366.94686263817545,0.5752,7,59,1,4,5000,100,71.0,16.0,39.0,0.35,0.35,0.3,0.1,4.0459,0.0366,2.878,353.5318,-3.0449,-8.3327
385,2,201,247,196,265,113.4286928087454,228.86895813980541,112.83365417791754,247.38633753705963,0.6599,7,59,1,4,5000,100,71.0,16.0,39.0,0.35,0.35,0.3,0.1,4.3029,0.0389,3.0579,237.7677,-2.3428,-5.4874
385,64,360,167,364,182,62.38697217691553,146.71059948074645,63.59322405433614,161.8919392681427,0.6757,7,59,1,4,5000,100,71.0,16.0,39.0,0.35,0.35,0.3,0.1,5.4442,0.0492,3.8564,153.9279,1.7524,-3.4423
385,70,283,45,240,96,138.3664606634298,12.041594578792296,131.39153114743365,78.64477096412705,0.8342,7,59,1,4,5000,100,71.0,16.0,39.0,0.35,0.35,0.3,0.1,81.2792,0.7344,56.917,20.8854,-0.3528,-0.3875
385,79,392,51,447,71,7.96961039432136,100.9752444909147,12.372155250518237,158.68522300453813,0.7167,7,59,1,4,5000,100,71.0,16.0,39.0,0.35,0.35,0.3,0.1,24.5964,0.2223,17.2569,123.4172,3.0436,-0.5729
385,80,387,39,441,57,1.2060487792199577,95.02105029939419,7.645013271670718,150.3362896974646,0.4595,7,59,1,4,5000,100,71.0,16.0,39.0,0.35,0.35,0.3,0.1,24.9501,0.2254,17.5044,116.4433,2.9102,-0.2624
386,78,457,395,476,448,65.25531430755917,394.1941146186736,65.8824833644757,450.30767259730317,0.4848,8,59,1,4,5000,100,71.0,16.0,39.0,0.35,0.35,0.3,0.1,7.3535,0.0664,5.1923,420.3866,4.3597,-9.6062
386,53,175,356,168,381,110.14158074052143,339.7793401606401,109.82246457036521,365.6665147371304,0.568,8,59,1,4,5000,100,71.0,16.0,39.0,0.35,0.35,0.3,0.1,4.0611,0.0367,2.8887,352.2479,-3.0198,-8.3075
386,81,526,320,540,341,50.41418151729734,367.21247255505904,50.792796495032164,392.3263947276553,0.6516,8,59,1,4,5000,100,71.0,16.0,39.0,0.35,0.35,0.3,0.1,3.6592,0.0331,2.6075,379.3542,6.0411,-7.3571
386,2,201,245,196,263,113.62937773065681,227.03523955544875,113.01475441878998,245.5442933566162,0.6658,8,59,1,4,5000,100,71.0,16.0,39.0,0.35,0.35,0.3,0.1,4.3345,0.0392,3.0799,235.9273,-2.3427,-5.4371
386,64,362,166,367,181,61.514163910233044,146.76852523616907,62.487997376148556,162.3607095328177,0.7394,8,59,1,4,5000,100,71.0,16.0,39.0,0.35,0.35,0.3,0.1,5.582,0.0504,3.9528,154.1714,1.8148,-3.4168
386,70,282,45,240,96,141.34019174590992,12.806248474865697,131.39153114743365,78.64477096412705,0.7217,8,59,1,4,5000,100,71.0,16.0,39.0,0.35,0.35,0.3,0.1,79.6743,0.7199,55.794,22.0259,-0.3754,-0.4057
386,79,390,53,446,72,9.2726017772003,99.29753269845128,12.804266065286752,157.9271984174987,0.7675,8,59,1,4,5000,100,71.0,16.0,39.0,0.35,0.35,0.3,0.1,25.225,0.2279,17.6967,121.9306,2.9989,-0.6069
386,80,385,40,441,58,1.8476102659945959,93.04837451562494,8.022403647327497,150.4725888658795,0.4731,8,59,1,4,5000,100,71.0,16.0,39.0,0.35,0.35,0.3,0.1,26.0967,0.2358,18.3066,114.9899,2.8715,-0.2848
387,53,176,355,169,379,110.04095181220426,338.49667649771686,109.78107710703506,363.4460069941614,0.6231,7,59,1,4,5000,100,71.0,16.0,39.0,0.35,0.35,0.3,0.1,3.9335,0.0355,2.7994,350.528,-2.995,-8.2706
387,81,526,320,540,341,50.41418151729734,367.21247255505904,50.792796495032164,392.3263947276553,0.6647,7,59,1,4,5000,100,71.0,16.0,39.0,0.35,0.35,0.3,0.1,3.6592,0.0331,2.6075,379.3542,6.0411,-7.3571
387,2,202,243,197,262,113.60018986791778,224.80213522117623,112.89055165624833,244.23349483639626,0.6538,7,59,1,4,5000,100,71.0,16.0,39.0,0.35,0.35,0.3,0.1,4.5848,0.0414,3.2551,234.1153,-2.3173,-5.3986
387,64,364,165,370,179,60.64224645720873,146.86047800548656,61.22019369560279,162.01234520862909,0.8289,7,59,1,4,5000,100,71.0,16.0,39.0,0.35,0.35,0.3,0.1,5.4289,0.0491,3.8457,154.0648,1.8776,-3.3796
387,77,249,80,240,96,135.0,60.81118318204309,131.39153114743365,78.64477096412705,0.4561,7,59,1,4,5000,100,71.0,16.0,39.0,0.35,0.35,0.3,0.1,14.1523,0.1279,9.9493,68.5877,-1.173,-1.2595
387,79,388,54,445,72,10.04202363552951,97.49358953285082,12.885169399703269,156.95222202950808,0.8194,7,59,1,4,5000,100,71.0,16.0,39.0,0.35,0.35,0.3,0.1,25.861,0.2337,18.1417,120.2758,2.9545,-0.617
387,80,383,42,438,55,3.144957464698022,91.13725912051558,7.028396238949604,147.10540438746634,0.6825,7,59,1,4,5000,100,71.0,16.0,39.0,0.35,0.35,0.3,0.1,25.9985,0.2349,18.2379,112.5473,2.8111,-0.2728
388,53,177,353,171,378,109.99766337613787,336.2751849304376,109.5366549381284,361.8314524747676,0.4751,7,59,1,4,5000,100,71.0,16.0,39.0,0.35,0.35,0.3,0.1,4.0514,0.0366,2.8819,348.5855,-2.9572,-8.2324
388,81,526,320,540,341,50.41418151729734,367.21247255505904,50.792796495032164,392.3263947276553,0.6604,7,59,1,4,5000,100,71.0,16.0,39.0,0.35,0.35,0.3,0.1,3.6592,0.0331,2.6075,379.3542,6.0411,-7.3571
388,64,367,164,372,179,59.4359749789752,147.49237268414933,60.60394714505674,162.9846618550347,0.6851,7,59,1,4,5000,100,71.0,16.0,39.0,0.35,0.35,0.3,0.1,5.5222,0.0499,3.911,154.852,1.9401,-3.3669
388,70,282,45,240,96,141.34019174590992,12.806248474865697,131.39153114743365,78.64477096412705,0.7217,7,59,1,4,5000,100,71.0,16.0,39.0,0.35,0.35,0.3,0.1,79.6743,0.7199,55.794,22.0259,-0.3754,-0.4057
388,77,249,80,241,86,135.0,60.81118318204309,136.1457628381751,70.7248188403477,0.5645,7,59,1,4,5000,100,71.0,16.0,39.0,0.35,0.35,0.3,0.1,8.3409,0.0754,5.8832,65.3944,-1.1728,-1.1478
388,79,386,56,445,72,11.427101593945137,95.90099061010788,12.885169399703269,156.95222202950808,0.9005,7,59,1,4,5000,100,71.0,16.0,39.0,0.35,0.35,0.3,0.1,26.721,0.2414,18.7434,119.0562,2.9187,-0.6381
388,80,380,44,435,56,4.548042409125415,88.2779700718135,7.5683970215894325,144.25671561490648,0.606,7,59,1,4,5000,100,71.0,16.0,39.0,0.35,0.35,0.3,0.1,26.6417,0.2407,18.688,109.5294,2.7313,-0.3074
389,53,178,352,172,377,109.89543133476565,334.9940297975473,109.4400348281762,360.5551275463989,0.4612,6,59,1,4,5000,100,71.0,16.0,39.0,0.35,0.35,0.3,0.1,4.067,0.0367,2.8928,347.3049,-2.9321,-8.2073
389,64,370,163,375,177,58.240519915187214,148.18906842274163,59.33811517161176,162.75441622272496,0.6934,6,59,1,4,5000,100,71.0,16.0,39.0,0.35,0.35,0.3,0.1,5.184,0.0468,3.6743,155.1306,2.0157,-3.3303
389,77,250,80,240,96,134.32596310201552,60.108235708594876,131.39153114743365,78.64477096412705,0.4983,6,59,1,4,5000,100,71.0,16.0,39.0,0.35,0.35,0.3,0.1,14.7847,0.1336,10.3918,68.1383,-1.1587,-1.2574
389,70,282,45,241,86,141.34019174590992,12.806248474865697,136.1457628381751,70.7248188403477,0.8026,6,59,1,4,5000,100,71.0,16.0,39.0,0.35,0.35,0.3,0.1,76.7355,0.6934,53.7378,21.6858,-0.3976,-0.3715
389,79,383,57,444,73,12.39540683375846,93.17188417113823,13.324531261890785,156.20499351813308,0.941,6,59,1,4,5000,100,71.0,16.0,39.0,0.35,0.35,0.3,0.1,27.973,0.2528,19.6194,116.7222,2.8542,-0.6578
389,80,379,45,434,56,5.253802751262255,87.36704184073076,7.621071309297047,143.26548781894402,0.6669,6,59,1,4,5000,100,71.0,16.0,39.0,0.35,0.35,0.3,0.1,26.8229,0.2424,18.8147,108.5422,2.705,-0.3189
390,53,179,351,173,375,109.79241466745262,333.7139493638227,109.3956882584612,358.33643409511126,0.4683,7,59,1,4,5000,100,71.0,16.0,39.0,0.35,0.35,0.3,0.1,3.9375,0.0356,2.8022,345.5872,-2.9072,-8.1704
390,2,207,239,202,258,112.82097250935237,219.15519615103813,112.15811012003869,238.62313383240948,0.6993,7,59,1,4,5000,100,71.0,16.0,39.0,0.35,0.35,0.3,0.1,4.7064,0.0425,3.3402,228.4752,-2.1918,-5.2979
390,64,372,162,378,176,57.38075692880717,148.4082207965583,58.25471257764478,163.45335726133007,0.7342,7,59,1,4,5000,100,71.0,16.0,39.0,0.35,0.35,0.3,0.1,5.339,0.0482,3.7828,155.5679,2.078,-3.3048
390,77,251,80,240,96,133.6360724683971,59.413803110051795,131.39153114743365,78.64477096412705,0.5386,7,59,1,4,5000,100,71.0,16.0,39.0,0.35,0.35,0.3,0.1,15.4157,0.1393,10.8333,67.6899,-1.1444,-1.2552
390,70,282,45,241,85,141.34019174590992,12.806248474865697,136.7357045889284,70.03570517957252,0.875,7,59,1,4,5000,100,71.0,16.0,39.0,0.35,0.35,0.3,0.1,76.4532,0.6908,53.5403,21.6532,-0.4003,-0.3675
390,79,381,59,444,73,13.88466768525817,91.67878707749138,13.324531261890785,156.20499351813308,0.9519,7,59,1,4,5000,100,71.0,16.0,39.0,0.35,0.35,0.3,0.1,28.8081,0.2603,20.2037,115.5435,2.819,-0.6784
390,80,377,46,434,56,6.044092162241109,85.47514258543241,7.621071309297047,143.26548781894402,0.7082,7,59,1,4,5000,100,71.0,16.0,39.0,0.35,0.35,0.3,0.1,27.9601,0.2526,19.6104,107.0701,2.6666,-0.3289
391,53,180,349,174,374,109.74683660542613,331.49358968161056,109.29761901580247,357.0616193320139,0.4466,6,59,1,4,5000,100,71.0,16.0,39.0,0.35,0.35,0.3,0.1,4.1095,0.0371,2.9225,343.8029,-2.8819,-8.1319
391,64,374,161,380,176,56.52372170389733,148.66068747318505,57.66236406285744,164.51443705644803,0.695,6,59,1,4,5000,100,71.0,16.0,39.0,0.35,0.35,0.3,0.1,5.6024,0.0506,3.9671,156.1863,2.1276,-3.2916
391,77,251,80,240,96,133.6360724683971,59.413803110051795,131.39153114743365,78.64477096412705,0.5384,6,59,1,4,5000,100,71.0,16.0,39.0,0.35,0.35,0.3,0.1,15.4157,0.1393,10.8333,67.6899,-1.1444,-1.2552
391,70,282,44,242,85,145.00797980144134,12.206555615733702,136.16913932790743,69.31089380465383,0.7392,6,59,1,4,5000,100,71.0,16.0,39.0,0.35,0.35,0.3,0.1,77.5256,0.7005,54.2906,20.7575,-0.384,-0.352
391,79,379,59,444,73,14.191096549023976,89.73850901368932,13.324531261890785,156.20499351813308,0.9516,6,59,1,4,5000,100,71.0,16.0,39.0,0.35,0.35,0.3,0.1,29.9084,0.2703,20.9736,113.9904,2.7798,-0.6746
391,80,375,46,434,55,6.188615963241602,83.48652585896721,7.224315694045337,143.13629868066312,0.7341,6,59,1,4,5000,100,71.0,16.0,39.0,0.35,0.35,0.3,0.1,29.1294,0.2632,20.4286,105.4612,2.6276,-0.3153
392,64,376,160,382,175,55.66978280449668,148.94629904767692,56.88865803962798,164.75436261295178,0.6782,5,59,1,4,5000,100,71.0,16.0,39.0,0.35,0.35,0.3,0.1,5.5769,0.0504,3.9492,156.452,2.1778,-3.2666
392,77,251,80,240,96,133.6360724683971,59.413803110051795,131.39153114743365,78.64477096412705,0.5383,5,59,1,4,5000,100,71.0,16.0,39.0,0.35,0.35,0.3,0.1,15.4157,0.1393,10.8333,67.6899,-1.1444,-1.2552
392,70,282,45,242,85,141.34019174590992,12.806248474865697,136.16913932790743,69.31089380465383,0.7827,5,59,1,4,5000,100,71.0,16.0,39.0,0.35,0.35,0.3,0.1,76.1512,0.6881,53.329,21.6182,-0.3966,-0.3702
392,79,377,60,443,73,15.140983835076906,88.05679985100527,13.409595867094065,155.23208431248997,0.9124,5,59,1,4,5000,100,71.0,16.0,39.0,0.35,0.35,0.3,0.1,30.5572,0.2761,21.4276,112.3704,2.7356,-0.6839
392,80,372,47,434,55,7.125016348901798,80.62257748298549,7.224315694045337,143.13629868066312,0.7903,5,59,1,4,5000,100,71.0,16.0,39.0,0.35,0.35,0.3,0.1,30.9187,0.2794,21.6805,103.1469,2.568,-0.3239
393,64,378,160,384,174,55.03925478715235,150.08331019803634,56.117342343847206,165.0242406436097,0.6978,5,59,1,4,5000,100,71.0,16.0,39.0,0.35,0.35,0.3,0.1,5.2474,0.0474,3.7187,157.1996,2.2285,-3.255
393,77,252,80,240,96,132.9299693469589,58.728187440104094,131.39153114743365,78.64477096412705,0.5775,5,59,1,4,5000,100,71.0,16.0,39.0,0.35,0.35,0.3,0.1,16.045,0.145,11.2736,67.2427,-1.1302,-1.253
393,70,282,45,242,85,141.34019174590992,12.806248474865697,136.16913932790743,69.31089380465383,0.7744,5,59,1,4,5000,100,71.0,16.0,39.0,0.35,0.35,0.3,0.1,76.1512,0.6881,53.329,21.6182,-0.3966,-0.3702
393,79,375,61,442,73,16.12757582595981,86.40023148117139,13.495733280795811,154.2595215861893,0.8423,5,59,1,4,5000,100,71.0,16.0,39.0,0.35,0.35,0.3,0.1,31.2056,0.282,21.8812,110.7627,2.6917,-0.6931
393,80,370,49,435,54,8.74616226255521,78.91767862779544,6.779567945149955,144.00694427700353,0.7184,5,59,1,4,5000,100,71.0,16.0,39.0,0.35,0.35,0.3,0.1,32.313,0.292,22.6561,101.96,2.5368,-0.3329
394,53,183,345,176,373,109.48867299944119,326.71853329739344,109.0466242976358,355.4602650086223,0.4199,7,59,1,4,5000,100,71.0,16.0,39.0,0.35,0.35,0.3,0.1,4.6627,0.0421,3.3096,340.4839,-2.8181,-8.066
394,2,212,245,208,265,111.03751102542182,222.8542124349459,110.22485943116808,242.98148077579904,0.6801,7,59,1,4,5000,100,71.0,16.0,39.0,0.35,0.35,0.3,0.1,4.7817,0.0432,3.3928,232.483,-2.0539,-5.4604
394,64,380,159,386,173,54.19665589162891,150.42606157179014,55.34868408799547,165.32392446346051,0.6688,7,59,1,4,5000,100,71.0,16.0,39.0,0.35,0.35,0.3,0.1,5.2216,0.0472,3.7007,157.5235,2.2786,-3.2301
394,77,251,80,240,96,133.6360724683971,59.413803110051795,131.39153114743365,78.64477096412705,0.5372,7,59,1,4,5000,100,71.0,16.0,39.0,0.35,0.35,0.3,0.1,15.4157,0.1393,10.8333,67.6899,-1.1444,-1.2552
394,70,282,45,242,85,141.34019174590992,12.806248474865697,136.16913932790743,69.31089380465383,0.7827,7,59,1,4,5000,100,71.0,16.0,39.0,0.35,0.35,0.3,0.1,76.1512,0.6881,53.329,21.6182,-0.3966,-0.3702
394,79,373,61,442,73,16.504361381755018,84.48076704197234,13.495733280795811,154.2595215861893,0.8469,7,59,1,4,5000,100,71.0,16.0,39.0,0.35,0.35,0.3,0.1,32.3463,0.2923,22.6793,109.1727,2.6516,-0.6887
394,80,368,49,434,55,8.972626614896393,76.94153624668537,7.224315694045337,143.13629868066312,0.7405,7,59,1,4,5000,100,71.0,16.0,39.0,0.35,0.35,0.3,0.1,33.2869,0.3008,23.3375,100.0839,2.4881,-0.3424
395,2,213,246,209,266,110.70611239741494,223.4323163734378,109.92281635174979,243.57750306627253,0.6961,5,59,1,4,5000,100,71.0,16.0,39.0,0.35,0.35,0.3,0.1,4.7739,0.0431,3.3874,233.0704,-2.0289,-5.4855
395,77,252,80,240,96,132.9299693469589,58.728187440104094,131.39153114743365,78.64477096412705,0.5784,5,59,1,4,5000,100,71.0,16.0,39.0,0.35,0.35,0.3,0.1,16.045,0.145,11.2736,67.2427,-1.1302,-1.253
395,70,282,45,242,85,141.34019174590992,12.806248474865697,136.16913932790743,69.31089380465383,0.8177,5,59,1,4,5000,100,71.0,16.0,39.0,0.35,0.35,0.3,0.1,76.1512,0.6881,53.329,21.6182,-0.3966,-0.3702
395,79,371,62,441,74,17.56027205180069,82.86132994346639,13.945728883647217,153.52524222420234,0.8059,5,59,1,4,5000,100,71.0,16.0,39.0,0.35,0.35,0.3,0.1,33.0827,0.2989,23.1946,107.6314,2.6063,-0.7087
395,80,366,49,434,55,9.211026540816666,74.96665925596525,7.224315694045337,143.13629868066312,0.7511,5,59,1,4,5000,100,71.0,16.0,39.0,0.35,0.35,0.3,0.1,34.5904,0.3126,24.2496,98.398,2.4457,-0.3397
396,53,186,342,180,366,109.16443450977933,322.89471968429586,108.79988515865266,347.5413644445795,0.5378,6,59,1,4,5000,100,71.0,16.0,39.0,0.35,0.35,0.3,0.1,4.0684,0.0368,2.8938,334.765,-2.7316,-7.9441
396,2,213,247,208,267,110.61582170234286,224.3680012836055,110.06307266608825,244.85914318236107,0.744,6,59,1,4,5000,100,71.0,16.0,39.0,0.35,0.35,0.3,0.1,4.8329,0.0437,3.4287,234.1661,-2.0413,-5.5102
396,77,252,80,240,96,132.9299693469589,58.728187440104094,131.39153114743365,78.64477096412705,0.5783,6,59,1,4,5000,100,71.0,16.0,39.0,0.35,0.35,0.3,0.1,16.045,0.145,11.2736,67.2427,-1.1302,-1.253
396,70,282,45,242,85,141.34019174590992,12.806248474865697,136.16913932790743,69.31089380465383,0.8196,6,59,1,4,5000,100,71.0,16.0,39.0,0.35,0.35,0.3,0.1,76.1512,0.6881,53.329,21.6182,-0.3966,-0.3702
396,82,326,50,368,63,20.924501744921166,36.40054944640259,18.88608736970929,80.32434251209281,0.6843,6,59,1,4,5000,100,71.0,16.0,39.0,0.35,0.35,0.3,0.1,41.645,0.3763,29.1855,50.0981,1.1849,-0.4201
396,80,364,49,434,55,9.462322208025617,72.99315036357864,7.224315694045337,143.13629868066312,0.7588,6,59,1,4,5000,100,71.0,16.0,39.0,0.35,0.35,0.3,0.1,35.9168,0.3245,25.1776,96.6825,2.4027,-0.3368
397,53,187,341,181,364,109.05464302044312,321.6224494652076,108.74975763031111,345.3259329966401,0.5914,7,59,1,4,5000,100,71.0,16.0,39.0,0.35,0.35,0.3,0.1,3.9332,0.0355,2.7992,333.053,-2.7067,-7.9072
397,2,212,248,207,268,110.76406840127383,225.656819085974,110.20186754656228,246.1422353030865,0.7388,7,59,1,4,5000,100,71.0,16.0,39.0,0.35,0.35,0.3,0.1,4.8052,0.0434,3.4093,235.4548,-2.0664,-5.5354
397,64,384,155,391,170,52.05784664988108,149.6262009141447,53.33744443884673,165.8010856418015,0.654,7,59,1,4,5000,100,71.0,16.0,39.0,0.35,0.35,0.3,0.1,5.675,0.0513,4.0179,157.2989,2.3903,-3.1412
397,77,252,80,240,96,132.9299693469589,58.728187440104094,131.39153114743365,78.64477096412705,0.5773,7,59,1,4,5000,100,71.0,16.0,39.0,0.35,0.35,0.3,0.1,16.045,0.145,11.2736,67.2427,-1.1302,-1.253
397,70,282,45,242,85,141.34019174590992,12.806248474865697,136.16913932790743,69.31089380465383,0.7827,7,59,1,4,5000,100,71.0,16.0,39.0,0.35,0.35,0.3,0.1,76.1512,0.6881,53.329,21.6182,-0.3966,-0.3702
397,80,366,63,434,55,19.35899417569472,78.43468620451031,7.224315694045337,143.13629868066312,0.3512,7,59,1,4,5000,100,71.0,16.0,39.0,0.35,0.35,0.3,0.1,32.3168,0.292,22.6588,101.3386,2.4918,-0.5076
397,82,324,51,362,50,23.629377730656817,34.92849839314596,10.520784313874362,71.19691004531025,0.3542,7,59,1,4,5000,100,71.0,16.0,39.0,0.35,0.35,0.3,0.1,37.8212,0.3418,26.5101,46.8653,1.1369,-0.3009
398,53,188,339,182,363,109.00221523277995,319.4056981332675,108.6455941220774,344.0581346226245,0.5913,6,59,1,4,5000,100,71.0,16.0,39.0,0.35,0.35,0.3,0.1,4.1122,0.0372,2.9244,331.2739,-2.6814,-7.8687
398,2,212,250,207,269,110.58551835459345,227.52802025245154,110.12178898156354,247.08095839218367,0.785,6,59,1,4,5000,100,71.0,16.0,39.0,0.35,0.35,0.3,0.1,4.5593,0.0412,3.2373,236.9017,-2.0668,-5.574
398,77,253,80,240,96,132.2072976342867,58.05170109479997,131.39153114743365,78.64477096412705,0.6182,6,59,1,4,5000,100,71.0,16.0,39.0,0.35,0.35,0.3,0.1,16.6721,0.1506,11.7124,66.7971,-1.1159,-1.2508
398,70,282,45,242,85,141.34019174590992,12.806248474865697,136.16913932790743,69.31089380465383,0.7827,6,59,1,4,5000,100,71.0,16.0,39.0,0.35,0.35,0.3,0.1,76.1512,0.6881,53.329,21.6182,-0.3966,-0.3702
398,80,364,63,433,55,19.855214369321057,76.55063683601855,7.275004957889255,142.1442928857856,0.3682,6,59,1,4,5000,100,71.0,16.0,39.0,0.35,0.35,0.3,0.1,33.1932,0.2999,23.272,99.5106,2.4455,-0.5052
398,82,322,51,360,50,25.016893478100023,33.1058907144937,10.823011226207099,69.2314957226839,0.3356,6,59,1,4,5000,100,71.0,16.0,39.0,0.35,0.35,0.3,0.1,39.0668,0.353,27.3816,44.7924,1.0836,-0.2986
399,53,189,339,183,362,108.83243546544102,319.0814942926023,108.5406604732907,342.79148180781857,0.6174,6,59,1,4,5000,100,71.0,16.0,39.0,0.35,0.35,0.3,0.1,3.9645,0.0358,2.821,330.5118,-2.6566,-7.8569
399,2,211,251,207,271,110.73188849208286,228.81652038259824,109.96344427850124,248.95983611819798,0.6493,6,59,1,4,5000,100,71.0,16.0,39.0,0.35,0.35,0.3,0.1,4.6659,0.0422,3.3118,238.4636,-2.0792,-5.6112
399,77,253,81,240,96,131.5526131481348,58.7962583843564,131.39153114743365,78.64477096412705,0.6517,6,59,1,4,5000,100,71.0,16.0,39.0,0.35,0.35,0.3,0.1,15.9823,0.1444,11.2297,67.2873,-1.118,-1.2654
399,70,282,45,242,85,141.34019174590992,12.806248474865697,136.16913932790743,69.31089380465383,0.7525,6,59,1,4,5000,100,71.0,16.0,39.0,0.35,0.35,0.3,0.1,76.1512,0.6881,53.329,21.6182,-0.3966,-0.3702
399,83,321,58,362,63,35.90972307917768,35.805027579936315,20.37643521383639,74.67261881037788,0.3593,6,59,1,4,5000,100,71.0,16.0,39.0,0.35,0.35,0.3,0.1,38.935,0.3518,27.2894,48.4017,1.0972,-0.5209
399,82,319,45,358,50,16.504361381755018,28.160255680657446,11.142889858339318,67.26812023536856,0.7377,6,59,1,4,5000,100,71.0,16.0,39.0,0.35,0.35,0.3,0.1,45.3537,0.4098,31.7805,39.7007,0.9718,-0.2194
400,84,456,443,464,468,68.00420354271974,437.87212745275303,68.24444546945467,464.05279872014563,0.4375,7,59,1,4,5000,100,71.0,16.0,39.0,0.35,0.35,0.3,0.1,3.2125,0.029,2.2949,450.5825,4.2123,-10.4931
400,53,190,338,185,360,108.72000010050584,317.81283800375337,108.32845121413114,340.26166401756166,0.5481,7,59,1,4,5000,100,71.0,16.0,39.0,0.35,0.35,0.3,0.1,3.7752,0.0341,2.6887,328.6544,-2.6193,-7.8203
400,2,212,252,207,271,110.40988283380399,229.40139493908924,109.96344427850124,248.95983611819798,0.7766,7,59,1,4,5000,100,71.0,16.0,39.0,0.35,0.35,0.3,0.1,4.5249,0.0409,3.2131,238.7808,-2.0668,-5.6243
400,77,253,81,240,96,131.5526131481348,58.7962583843564,131.39153114743365,78.64477096412705,0.6515,7,59,1,4,5000,100,71.0,16.0,39.0,0.35,0.35,0.3,0.1,15.9823,0.1444,11.2297,67.2873,-1.118,-1.2654
400,70,282,45,242,85,141.34019174590992,12.806248474865697,136.16913932790743,69.31089380465383,0.7666,7,59,1,4,5000,100,71.0,16.0,39.0,0.35,0.35,0.3,0.1,76.1512,0.6881,53.329,21.6182,-0.3966,-0.3702
400,80,360,63,433,56,20.924501744921166,72.80109889280519,7.674479516893931,142.27438279606065,0.404,7,59,1,4,5000,100,71.0,16.0,39.0,0.35,0.35,0.3,0.1,35.7481,0.323,25.0596,96.3172,2.3628,-0.5087
400,82,317,46,356,50,19.798876354524932,26.570660511172846,11.481991354748095,65.30696746902278,0.6493,7,59,1,4,5000,100,71.0,16.0,39.0,0.35,0.35,0.3,0.1,46.6589,0.4216,32.6937,37.7731,0.9202,-0.2275
401,53,191,336,186,359,108.66458999611866,315.59784536653603,108.2211595930449,338.9985250705377,0.5749,6,59,1,4,5000,100,71.0,16.0,39.0,0.35,0.35,0.3,0.1,3.9562,0.0357,2.8153,326.8799,-2.5939,-7.7818
401,2,212,252,206,271,110.40988283380399,229.40139493908924,110.17945866451092,249.30302846134862,0.8813,6,59,1,4,5000,100,71.0,16.0,39.0,0.35,0.35,0.3,0.1,4.601,0.0416,3.2664,238.9385,-2.0792,-5.6239
401,77,253,81,240,96,131.5526131481348,58.7962583843564,131.39153114743365,78.64477096412705,0.6507,6,59,1,4,5000,100,71.0,16.0,39.0,0.35,0.35,0.3,0.1,15.9823,0.1444,11.2297,67.2873,-1.118,-1.2654
401,70,282,45,242,85,141.34019174590992,12.806248474865697,136.16913932790743,69.31089380465383,0.7731,6,59,1,4,5000,100,71.0,16.0,39.0,0.35,0.35,0.3,0.1,76.1512,0.6881,53.329,21.6182,-0.3966,-0.3702
401,80,358,62,432,56,20.74608027568341,70.57619995437555,7.72863699595161,141.2834031300209,0.4262,6,59,1,4,5000,100,71.0,16.0,39.0,0.35,0.35,0.3,0.1,36.9353,0.3337,25.8903,94.1307,2.31,-0.4934
401,82,315,47,354,50,23.498565675952097,25.079872407968907,11.842076115327766,63.34824385884742,0.5835,6,59,1,4,5000,100,71.0,16.0,39.0,0.35,0.35,0.3,0.1,47.8934,0.4328,33.5575,35.9335,0.8704,-0.2355
402,53,192,335,187,358,108.55023192592775,314.33103569326397,108.1130658075233,337.7365837453799,0.5719,5,59,1,4,5000,100,71.0,16.0,39.0,0.35,0.35,0.3,0.1,3.9724,0.0359,2.8266,325.6137,-2.5688,-7.7567
402,2,212,252,206,272,110.40988283380399,229.40139493908924,110.10047565683416,250.2418829852429,0.8522,5,59,1,4,5000,100,71.0,16.0,39.0,0.35,0.35,0.3,0.1,4.8086,0.0434,3.4117,239.3689,-2.0789,-5.6355
402,77,253,81,240,96,131.5526131481348,58.7962583843564,131.39153114743365,78.64477096412705,0.6506,5,59,1,4,5000,100,71.0,16.0,39.0,0.35,0.35,0.3,0.1,15.9823,0.1444,11.2297,67.2873,-1.118,-1.2654
402,70,282,45,242,85,141.34019174590992,12.806248474865697,136.16913932790743,69.31089380465383,0.7593,5,59,1,4,5000,100,71.0,16.0,39.0,0.35,0.35,0.3,0.1,76.1512,0.6881,53.329,21.6182,-0.3966,-0.3702
402,83,315,48,356,62,25.559965171823812,25.495097567963924,21.336859291805652,68.70953354520753,0.7757,5,59,1,4,5000,100,71.0,16.0,39.0,0.35,0.35,0.3,0.1,50.7672,0.4587,35.5682,37.1904,0.8623,-0.3568
403,2,211,252,206,272,110.64360874720361,229.7520402520944,110.10047565683416,250.2418829852429,0.7536,4,59,1,4,5000,100,71.0,16.0,39.0,0.35,0.35,0.3,0.1,4.7242,0.0427,3.3526,239.5596,-2.0916,-5.6359
403,77,253,81,240,96,131.5526131481348,58.7962583843564,131.39153114743365,78.64477096412705,0.6515,4,59,1,4,5000,100,71.0,16.0,39.0,0.35,0.35,0.3,0.1,15.9823,0.1444,11.2297,67.2873,-1.118,-1.2654
403,70,282,45,242,85,141.34019174590992,12.806248474865697,136.16913932790743,69.31089380465383,0.7806,4,59,1,4,5000,100,71.0,16.0,39.0,0.35,0.35,0.3,0.1,76.1512,0.6881,53.329,21.6182,-0.3966,-0.3702
403,83,316,48,354,62,24.623564786163612,26.40075756488817,21.96056402009647,66.85057965343307,0.8286,4,59,1,4,5000,100,71.0,16.0,39.0,0.35,0.35,0.3,0.1,48.0052,0.4338,33.6356,37.8527,0.8762,-0.3668
404,53,194,332,189,354,108.3766621904213,310.85205484281425,108.00007459689591,333.3136660864658,0.6277,6,59,1,4,5000,100,71.0,16.0,39.0,0.35,0.35,0.3,0.1,3.859,0.0349,2.7472,321.6913,-2.5189,-7.6695
404,85,124,263,113,283,126.62574097240096,281.60255680657446,126.04121963411224,304.2318195061128,0.6555,6,59,1,4,5000,100,71.0,16.0,39.0,0.35,0.35,0.3,0.1,4.2749,0.0386,3.0382,292.4801,-4.3474,-5.9134
404,2,210,253,205,272,110.78824568903032,231.0411218809327,110.31519562673208,250.5873101336139,0.7529,6,59,1,4,5000,100,71.0,16.0,39.0,0.35,0.35,0.3,0.1,4.4913,0.0406,3.1897,240.4176,-2.117,-5.6494
404,77,254,81,240,96,130.8150838748816,58.137767414994535,131.39153114743365,78.64477096412705,0.6299,6,59,1,4,5000,100,71.0,16.0,39.0,0.35,0.35,0.3,0.1,16.592,0.1499,11.6563,66.854,-1.1039,-1.2633
404,70,282,45,242,85,141.34019174590992,12.806248474865697,136.16913932790743,69.31089380465383,0.7593,6,59,1,4,5000,100,71.0,16.0,39.0,0.35,0.35,0.3,0.1,76.1512,0.6881,53.329,21.6182,-0.3966,-0.3702
404,83,317,48,352,62,23.74949449286676,27.313000567495326,22.619864948040426,65.0,0.8934,6,59,1,4,5000,100,71.0,16.0,39.0,0.35,0.35,0.3,0.1,45.1809,0.4083,31.6596,38.4636,0.8888,-0.3764
405,53,195,330,190,353,108.31753960301296,308.6389476394708,107.8892912295063,332.05421244128195,0.6247,4,59,1,4,5000,100,71.0,16.0,39.0,0.35,0.35,0.3,0.1,4.0446,0.0365,2.8771,319.9187,-2.4935,-7.631
405,2,209,254,204,272,110.93127669812515,232.3316594870359,110.52932144376338,250.9362468835461,0.7726,4,59,1,4,5000,100,71.0,16.0,39.0,0.35,0.35,0.3,0.1,4.2605,0.0385,3.0282,241.2758,-2.1424,-5.6629
405,77,252,81,240,96,132.27368900609375,59.464274989274024,131.39153114743365,78.64477096412705,0.6113,4,59,1,4,5000,100,71.0,16.0,39.0,0.35,0.35,0.3,0.1,15.3697,0.1389,10.8011,67.7226,-1.1321,-1.2675
405,83,318,48,350,62,22.932100437589785,28.231188426986208,23.31770838675507,63.15853069855251,0.8983,4,59,1,4,5000,100,71.0,16.0,39.0,0.35,0.35,0.3,0.1,42.2955,0.3822,29.6407,39.0206,0.9,-0.3857
406,53,196,329,191,351,108.1991650530454,307.37599125501004,107.83070125937411,329.84390247509504,0.7044,4,59,1,4,5000,100,71.0,16.0,39.0,0.35,0.35,0.3,0.1,3.9021,0.0353,2.7774,318.2138,-2.4687,-7.5941
406,2,208,254,203,273,111.16125981682828,232.69078194032525,110.66239457218315,252.22410669878485,0.7338,4,59,1,4,5000,100,71.0,16.0,39.0,0.35,0.35,0.3,0.1,4.458,0.0403,3.1663,242.064,-2.1671,-5.6746
406,77,252,81,240,96,132.27368900609375,59.464274989274024,131.39153114743365,78.64477096412705,0.6113,4,59,1,4,5000,100,71.0,16.0,39.0,0.35,0.35,0.3,0.1,15.3697,0.1389,10.8011,67.7226,-1.1321,-1.2675
406,83,319,49,348,61,23.962488974578186,29.546573405388315,23.19859051364819,60.92618484691127,0.9151,4,59,1,4,5000,100,71.0,16.0,39.0,0.35,0.35,0.3,0.1,38.3845,0.3468,26.9042,39.7945,0.9161,-0.3974
407,53,197,329,191,351,108.02190710422731,307.06513966909364,107.83070125937411,329.84390247509504,0.854,6,59,1,4,5000,100,71.0,16.0,39.0,0.35,0.35,0.3,0.1,3.958,0.0358,2.8165,318.0472,-2.4561,-7.5938
407,2,207,255,202,273,111.30122094377805,233.98504225697846,110.87464682645003,252.57870060636546,0.7369,6,59,1,4,5000,100,71.0,16.0,39.0,0.35,0.35,0.3,0.1,4.2291,0.0382,3.0062,242.9266,-2.1925,-5.6881
407,77,254,81,240,96,130.8150838748816,58.137767414994535,131.39153114743365,78.64477096412705,0.6299,6,59,1,4,5000,100,71.0,16.0,39.0,0.35,0.35,0.3,0.1,16.592,0.1499,11.6563,66.854,-1.1039,-1.2633
407,70,282,45,242,86,141.34019174590992,12.806248474865697,135.57872556560778,70.00714249274856,0.7519,6,59,1,4,5000,100,71.0,16.0,39.0,0.35,0.35,0.3,0.1,76.4414,0.6907,53.532,21.6518,-0.3939,-0.3742
407,83,324,62,346,61,37.99873244250467,40.607881008493905,23.962488974578186,59.09314681077663,0.3835,6,59,1,4,5000,100,71.0,16.0,39.0,0.35,0.35,0.3,0.1,20.5188,0.1854,14.4039,48.1369,1.0495,-0.598
407,82,321,49,343,48,22.479434397103113,31.38470965295043,12.171458208587472,52.172789842982326,0.608,6,59,1,4,5000,100,71.0,16.0,39.0,0.35,0.35,0.3,0.1,27.5331,0.2488,19.3117,39.1928,0.9452,-0.2718
408,53,196,329,191,351,108.1991650530454,307.37599125501004,107.83070125937411,329.84390247509504,0.7323,6,59,1,4,5000,100,71.0,16.0,39.0,0.35,0.35,0.3,0.1,3.9021,0.0353,2.7774,318.2138,-2.4687,-7.5941
408,2,206,256,201,274,111.43964141623621,235.28068344001383,111.00510391376845,253.87004549572208,0.7449,6,59,1,4,5000,100,71.0,16.0,39.0,0.35,0.35,0.3,0.1,4.2058,0.038,2.9899,244.2221,-2.2176,-5.7132
408,77,254,81,240,96,130.8150838748816,58.137767414994535,131.39153114743365,78.64477096412705,0.6299,6,59,1,4,5000,100,71.0,16.0,39.0,0.35,0.35,0.3,0.1,16.592,0.1499,11.6563,66.854,-1.1039,-1.2633
408,70,282,45,242,86,141.34019174590992,12.806248474865697,135.57872556560778,70.00714249274856,0.8001,6,59,1,4,5000,100,71.0,16.0,39.0,0.35,0.35,0.3,0.1,76.4414,0.6907,53.532,21.6518,-0.3939,-0.3742
408,83,325,61,345,60,36.02737338510361,40.80441152620633,23.45902408146156,57.77542730261716,0.4438,6,59,1,4,5000,100,71.0,16.0,39.0,0.35,0.35,0.3,0.1,19.0522,0.1722,13.3777,47.8291,1.0532,-0.5756
408,82,322,49,342,48,21.80140948635181,32.31098884280702,12.407418527400745,51.19570294468082,0.5615,6,59,1,4,5000,100,71.0,16.0,39.0,0.35,0.35,0.3,0.1,25.0274,0.2261,17.5585,39.618,0.9555,-0.2747
409,53,196,329,191,352,108.1991650530454,307.37599125501004,107.77766469955894,330.7960096494515,0.6811,5,59,1,4,5000,100,71.0,16.0,39.0,0.35,0.35,0.3,0.1,4.0614,0.0367,2.8889,318.6563,-2.4685,-7.6059
409,2,205,256,201,274,111.66595872329023,235.64804263986576,111.00510391376845,253.87004549572208,0.6235,5,59,1,4,5000,100,71.0,16.0,39.0,0.35,0.35,0.3,0.1,4.1196,0.0372,2.9296,244.4199,-2.2303,-5.7136
409,77,254,81,240,96,130.8150838748816,58.137767414994535,131.39153114743365,78.64477096412705,0.6299,5,59,1,4,5000,100,71.0,16.0,39.0,0.35,0.35,0.3,0.1,16.592,0.1499,11.6563,66.854,-1.1039,-1.2633
409,70,282,44,242,86,145.00797980144134,12.206555615733702,135.57872556560778,70.00714249274856,0.6928,5,59,1,4,5000,100,71.0,16.0,39.0,0.35,0.35,0.3,0.1,77.8063,0.7031,54.487,20.7884,-0.3814,-0.3559
409,83,326,54,343,60,26.56505117707799,38.01315561749642,24.27444113443946,55.94640292279746,0.6887,5,59,1,4,5000,100,71.0,16.0,39.0,0.35,0.35,0.3,0.1,21.1225,0.1909,14.8262,45.2684,1.0278,-0.4837
410,53,197,330,192,353,107.96435752002681,308.01623333843946,107.5602720518007,331.44531977386555,0.6614,3,59,1,4,5000,100,71.0,16.0,39.0,0.35,0.35,0.3,0.1,4.0548,0.0366,2.8842,319.3016,-2.4434,-7.6309
410,77,254,81,240,96,130.8150838748816,58.137767414994535,131.39153114743365,78.64477096412705,0.63,3,59,1,4,5000,100,71.0,16.0,39.0,0.35,0.35,0.3,0.1,16.592,0.1499,11.6563,66.854,-1.1039,-1.2633
410,70,282,45,242,85,141.34019174590992,12.806248474865697,136.16913932790743,69.31089380465383,0.726,3,59,1,4,5000,100,71.0,16.0,39.0,0.35,0.35,0.3,0.1,76.1512,0.6881,53.329,21.6182,-0.3966,-0.3702
411,53,198,330,193,354,107.78723379094079,307.7092783781471,107.34373259765941,332.0993827154757,0.6868,3,59,1,4,5000,100,71.0,16.0,39.0,0.35,0.35,0.3,0.1,4.2188,0.0381,2.999,319.4394,-2.4181,-7.6426
411,77,255,81,240,96,130.0607844578738,57.48912940721924,131.39153114743365,78.64477096412705,0.5926,3,59,1,4,5000,100,71.0,16.0,39.0,0.35,0.35,0.3,0.1,17.1983,0.1554,12.0806,66.4231,-1.0898,-1.2612
411,70,282,44,242,85,145.00797980144134,12.206555615733702,136.16913932790743,69.31089380465383,0.6692,3,59,1,4,5000,100,71.0,16.0,39.0,0.35,0.35,0.3,0.1,77.5256,0.7005,54.2906,20.7575,-0.384,-0.352
412,53,200,330,195,352,107.43193260234699,307.1042168385188,107.11550964684912,329.59672328468315,0.7464,4,59,1,4,5000,100,71.0,16.0,39.0,0.35,0.35,0.3,0.1,3.9096,0.0353,2.7826,317.9532,-2.3684,-7.6191
412,2,201,257,196,276,112.4717663324389,238.07771840304585,111.8840277124547,257.55970181687974,0.6515,4,59,1,4,5000,100,71.0,16.0,39.0,0.35,0.35,0.3,0.1,4.3501,0.0393,3.0908,247.4358,-2.3427,-5.7503
412,77,254,81,240,96,130.8150838748816,58.137767414994535,131.39153114743365,78.64477096412705,0.6299,4,59,1,4,5000,100,71.0,16.0,39.0,0.35,0.35,0.3,0.1,16.592,0.1499,11.6563,66.854,-1.1039,-1.2633
412,70,283,45,242,85,138.3664606634298,12.041594578792296,136.16913932790743,69.31089380465383,0.8734,4,59,1,4,5000,100,71.0,16.0,39.0,0.35,0.35,0.3,0.1,77.9072,0.704,54.5576,20.5185,-0.3735,-0.3545
413,85,128,272,117,292,124.91012234193799,286.56761854752534,124.46081627137178,309.2733418838423,0.7114,4,59,1,4,5000,100,71.0,16.0,39.0,0.35,0.35,0.3,0.1,4.2173,0.0381,2.9979,297.4879,-4.2473,-6.1392
413,2,199,257,194,276,112.91510628726118,238.8493248891443,112.2956814478053,258.3118270617898,0.6411,4,59,1,4,5000,100,71.0,16.0,39.0,0.35,0.35,0.3,0.1,4.3324,0.0391,3.0785,248.1996,-2.3928,-5.7504
413,77,254,81,240,96,130.8150838748816,58.137767414994535,131.39153114743365,78.64477096412705,0.6291,4,59,1,4,5000,100,71.0,16.0,39.0,0.35,0.35,0.3,0.1,16.592,0.1499,11.6563,66.854,-1.1039,-1.2633
413,70,283,45,242,85,138.3664606634298,12.041594578792296,136.16913932790743,69.31089380465383,0.8407,4,59,1,4,5000,100,71.0,16.0,39.0,0.35,0.35,0.3,0.1,77.9072,0.704,54.5576,20.5185,-0.3735,-0.3545
414,53,203,328,198,352,107.00582873368057,304.3057672802144,106.6157714207993,328.72632994635524,0.7711,4,59,1,4,5000,100,71.0,16.0,39.0,0.35,0.35,0.3,0.1,4.2693,0.0386,3.0343,316.045,-2.2927,-7.5922
414,2,196,256,191,275,113.67053848472045,239.11712611187014,112.99489891033386,258.54400012377005,0.6207,4,59,1,4,5000,100,71.0,16.0,39.0,0.35,0.35,0.3,0.1,4.3201,0.039,3.0699,248.4514,-2.468,-5.7254
414,77,255,82,240,96,129.42780219603623,58.25804665451803,131.39153114743365,78.64477096412705,0.558,4,59,1,4,5000,100,71.0,16.0,39.0,0.35,0.35,0.3,0.1,16.4802,0.1489,11.5781,66.9335,-1.0921,-1.2761
414,70,283,45,242,85,138.3664606634298,12.041594578792296,136.16913932790743,69.31089380465383,0.8576,4,59,1,4,5000,100,71.0,16.0,39.0,0.35,0.35,0.3,0.1,77.9072,0.704,54.5576,20.5185,-0.3735,-0.3545
415,53,205,328,201,352,106.64503821467595,303.7268509697488,106.11341823308929,327.88107600165034,0.6927,4,59,1,4,5000,100,71.0,16.0,39.0,0.35,0.35,0.3,0.1,4.2323,0.0382,3.0084,315.3421,-2.2301,-7.5925
415,2,194,256,188,275,114.10797096284733,239.92707225321615,113.60411504291424,259.7306296916095,0.7153,4,59,1,4,5000,100,71.0,16.0,39.0,0.35,0.35,0.3,0.1,4.3863,0.0396,3.1162,249.4364,-2.5305,-5.7251
415,77,254,82,240,96,130.17923392190735,58.89821729050889,131.39153114743365,78.64477096412705,0.5952,4,59,1,4,5000,100,71.0,16.0,39.0,0.35,0.35,0.3,0.1,15.8884,0.1436,11.164,67.354,-1.106,-1.2781
415,70,283,45,242,85,138.3664606634298,12.041594578792296,136.16913932790743,69.31089380465383,0.8653,4,59,1,4,5000,100,71.0,16.0,39.0,0.35,0.35,0.3,0.1,77.9072,0.704,54.5576,20.5185,-0.3735,-0.3545
416,53,207,328,203,351,106.28288412902208,303.1600237498341,105.82482415231797,326.3694225873496,0.6872,4,59,1,4,5000,100,71.0,16.0,39.0,0.35,0.35,0.3,0.1,4.0801,0.0369,2.902,314.3369,-2.1802,-7.5807
416,2,192,255,186,275,114.64166199955834,239.841614404173,114.00714662688581,260.5379051117131,0.6751,4,59,1,4,5000,100,71.0,16.0,39.0,0.35,0.35,0.3,0.1,4.5774,0.0414,3.2499,249.7617,-2.5803,-5.7118
416,77,255,82,240,95,129.42780219603623,58.25804665451803,131.8778695378843,77.89736837660179,0.5298,4,59,1,4,5000,100,71.0,16.0,39.0,0.35,0.35,0.3,0.1,15.9631,0.1442,11.2163,66.6613,-1.0937,-1.2657
416,70,283,45,242,85,138.3664606634298,12.041594578792296,136.16913932790743,69.31089380465383,0.8676,4,59,1,4,5000,100,71.0,16.0,39.0,0.35,0.35,0.3,0.1,77.9072,0.704,54.5576,20.5185,-0.3735,-0.3545
417,53,209,327,205,350,105.97148687339676,301.6438297064934,105.53355172487991,324.8661262735775,0.7039,4,59,1,4,5000,100,71.0,16.0,39.0,0.35,0.35,0.3,0.1,4.1021,0.0371,2.9173,312.8246,-2.1301,-7.5555
417,2,189,255,183,274,115.28966009963963,241.10785968109792,114.69843943725655,260.86394921491166,0.7001,4,59,1,4,5000,100,71.0,16.0,39.0,0.35,0.35,0.3,0.1,4.3556,0.0394,3.0947,250.5971,-2.6559,-5.7001
417,77,255,83,240,95,128.81138403675843,59.033888572581766,131.8778695378843,77.89736837660179,0.4929,4,59,1,4,5000,100,71.0,16.0,39.0,0.35,0.35,0.3,0.1,15.2456,0.1378,10.7143,67.1663,-1.0959,-1.2806
417,70,283,45,242,85,138.3664606634298,12.041594578792296,136.16913932790743,69.31089380465383,0.8376,4,59,1,4,5000,100,71.0,16.0,39.0,0.35,0.35,0.3,0.1,77.9072,0.704,54.5576,20.5185,-0.3735,-0.3545
418,53,211,327,207,350,105.60559827267548,301.09965127844305,105.19314384403374,324.33624527641064,0.7007,4,59,1,4,5000,100,71.0,16.0,39.0,0.35,0.35,0.3,0.1,4.1117,0.0372,2.924,312.2863,-2.0799,-7.5555
418,2,186,254,180,273,116.0345498604042,241.50569351466643,115.38790629109593,261.2278698760911,0.6933,4,59,1,4,5000,100,71.0,16.0,39.0,0.35,0.35,0.3,0.1,4.3415,0.0392,3.0849,250.9799,-2.7311,-5.6752
418,77,255,83,241,94,128.81138403675843,59.033888572581766,131.82016988013575,76.48529270389177,0.4899,4,59,1,4,5000,100,71.0,16.0,39.0,0.35,0.35,0.3,0.1,14.2514,0.1288,10.0186,66.6359,-1.0862,-1.2713
418,70,283,45,241,85,138.3664606634298,12.041594578792296,136.7357045889284,70.03570517957252,0.8834,4,59,1,4,5000,100,71.0,16.0,39.0,0.35,0.35,0.3,0.1,78.1965,0.7066,54.76,20.5499,-0.377,-0.3519
419,53,213,326,208,350,105.28866423758139,299.60307074527793,105.02252547664112,324.07560846197606,0.7704,4,59,1,4,5000,100,71.0,16.0,39.0,0.35,0.35,0.3,0.1,4.3425,0.0392,3.0856,311.3592,-2.042,-7.5417
419,2,184,253,177,273,116.56505117707799,241.49534156997728,115.97942476227028,262.5280937347468,0.7388,4,59,1,4,5000,100,71.0,16.0,39.0,0.35,0.35,0.3,0.1,4.6182,0.0417,3.2784,251.5729,-2.7932,-5.6615
419,77,255,83,241,95,128.81138403675843,59.033888572581766,131.32550047917036,77.23341245859851,0.5218,4,59,1,4,5000,100,71.0,16.0,39.0,0.35,0.35,0.3,0.1,14.7807,0.1336,10.389,66.9183,-1.0847,-1.2819
419,70,283,45,242,85,138.3664606634298,12.041594578792296,136.16913932790743,69.31089380465383,0.8734,4,59,1,4,5000,100,71.0,16.0,39.0,0.35,0.35,0.3,0.1,77.9072,0.704,54.5576,20.5185,-0.3735,-0.3545
420,53,214,326,210,349,105.10403144247196,299.3409427392117,104.7254827551797,322.59572222830235,0.7352,4,59,1,4,5000,100,71.0,16.0,39.0,0.35,0.35,0.3,0.1,4.138,0.0374,2.9425,310.5336,-2.0047,-7.5303
420,2,181,253,173,272,117.19812794850912,242.85180666406416,116.85687775121433,263.41222446955646,0.8348,4,59,1,4,5000,100,71.0,16.0,39.0,0.35,0.35,0.3,0.1,4.4945,0.0406,3.1919,252.7145,-2.8811,-5.6494
420,77,255,84,240,95,128.21102542556122,59.81638571495272,131.8778695378843,77.89736837660179,0.4552,4,59,1,4,5000,100,71.0,16.0,39.0,0.35,0.35,0.3,0.1,14.5302,0.1313,10.2137,67.6699,-1.098,-1.2954
420,70,283,45,241,86,138.3664606634298,12.041594578792296,136.1457628381751,70.7248188403477,0.8571,4,59,1,4,5000,100,71.0,16.0,39.0,0.35,0.35,0.3,0.1,78.4669,0.709,54.9492,20.5794,-0.3744,-0.3557
421,53,215,326,211,349,104.91907692859476,299.0819285747636,104.55357279071255,322.34298503302347,0.7427,4,59,1,4,5000,100,71.0,16.0,39.0,0.35,0.35,0.3,0.1,4.1425,0.0374,2.9456,310.2771,-1.9797,-7.5303
421,2,178,252,170,272,117.93399124351026,243.35365211970827,117.43603478206332,264.78104161740885,0.7604,4,59,1,4,5000,100,71.0,16.0,39.0,0.35,0.35,0.3,0.1,4.6668,0.0422,3.3124,253.6156,-2.9559,-5.6362
421,77,256,85,241,95,126.86989764584402,60.0,131.32550047917036,77.23341245859851,0.4087,4,59,1,4,5000,100,71.0,16.0,39.0,0.35,0.35,0.3,0.1,13.8975,0.1256,9.7711,67.5346,-1.0752,-1.31
421,70,283,45,242,86,138.3664606634298,12.041594578792296,135.57872556560778,70.00714249274856,0.8615,4,59,1,4,5000,100,71.0,16.0,39.0,0.35,0.35,0.3,0.1,78.1852,0.7065,54.7521,20.5487,-0.3709,-0.3583
422,53,215,326,211,350,104.91907692859476,299.0819285747636,104.50904111923803,323.31099579197735,0.7144,3,59,1,4,5000,100,71.0,16.0,39.0,0.35,0.35,0.3,0.1,4.3082,0.0389,3.0616,310.7249,-1.9794,-7.5419
422,77,256,85,241,94,126.86989764584402,60.0,131.82016988013575,76.48529270389177,0.3758,3,59,1,4,5000,100,71.0,16.0,39.0,0.35,0.35,0.3,0.1,13.3671,0.1208,9.3999,67.2471,-1.0767,-1.2994
422,70,283,45,242,86,138.3664606634298,12.041594578792296,135.57872556560778,70.00714249274856,0.8141,3,59,1,4,5000,100,71.0,16.0,39.0,0.35,0.35,0.3,0.1,78.1852,0.7065,54.7521,20.5487,-0.3709,-0.3583
423,2,172,248,164,267,119.62777204865425,242.7364826308563,119.09688879952802,263.21854038042227,0.7075,3,59,1,4,5000,100,71.0,16.0,39.0,0.35,0.35,0.3,0.1,4.4801,0.0405,3.1818,252.5629,-3.1066,-5.5242
423,77,256,86,241,94,126.30449712257524,60.802960454241045,131.82016988013575,76.48529270389177,0.3396,3,59,1,4,5000,100,71.0,16.0,39.0,0.35,0.35,0.3,0.1,12.6416,0.1142,8.8923,67.7484,-1.0786,-1.3141
423,70,283,45,242,85,138.3664606634298,12.041594578792296,136.16913932790743,69.31089380465383,0.884,3,59,1,4,5000,100,71.0,16.0,39.0,0.35,0.35,0.3,0.1,77.9072,0.704,54.5576,20.5185,-0.3735,-0.3545
424,53,214,329,210,353,104.95583993007403,302.2383165649253,104.54703926208894,326.4659247149693,0.704,5,59,1,4,5000,100,71.0,16.0,39.0,0.35,0.35,0.3,0.1,4.2647,0.0385,3.0311,313.8853,-2.0046,-7.6173
424,2,168,245,154,266,120.80144597613685,242.15697388264496,121.07401126355212,267.36678926149375,0.7306,5,59,1,4,5000,100,71.0,16.0,39.0,0.35,0.35,0.3,0.1,5.4756,0.0495,3.8784,254.1382,-3.2793,-5.4697
424,77,255,87,241,94,126.50144112050633,62.20128616033595,131.82016988013575,76.48529270389177,0.3275,5,59,1,4,5000,100,71.0,16.0,39.0,0.35,0.35,0.3,0.1,11.3984,0.103,8.0224,68.6077,-1.0936,-1.3297
424,70,283,45,242,85,138.3664606634298,12.041594578792296,136.16913932790743,69.31089380465383,0.8756,5,59,1,4,5000,100,71.0,16.0,39.0,0.35,0.35,0.3,0.1,77.9072,0.704,54.5576,20.5185,-0.3735,-0.3545
424,86,315,38,331,36,2.489552921999156,23.021728866442675,358.53119928561415,39.01281840626232,0.6518,5,59,1,4,5000,100,71.0,16.0,39.0,0.35,0.35,0.3,0.1,28.528,0.2578,20.0078,28.9562,0.7266,-0.0
425,53,214,331,210,354,104.85861444792467,304.1710045352778,104.50308763622343,327.43396280776983,0.7183,5,59,1,4,5000,100,71.0,16.0,39.0,0.35,0.35,0.3,0.1,4.0761,0.0368,2.8992,315.3741,-2.0048,-7.6559
425,2,166,244,151,265,121.32869286780416,242.33241632105268,121.7335191534163,268.07648162418127,0.6812,5,59,1,4,5000,100,71.0,16.0,39.0,0.35,0.35,0.3,0.1,5.5819,0.0504,3.9528,254.5552,-3.3416,-5.4441
425,77,255,88,241,94,125.96051719664487,63.00793600809346,131.82016988013575,76.48529270389177,0.2872,5,59,1,4,5000,100,71.0,16.0,39.0,0.35,0.35,0.3,0.1,10.6925,0.0966,7.5285,69.0955,-1.0953,-1.3442
425,70,283,45,242,85,138.3664606634298,12.041594578792296,136.16913932790743,69.31089380465383,0.8929,5,59,1,4,5000,100,71.0,16.0,39.0,0.35,0.35,0.3,0.1,77.9072,0.704,54.5576,20.5185,-0.3735,-0.3545
425,86,314,37,332,41,0.0,22.0,5.710593137499642,40.19950248448356,0.7181,5,59,1,4,5000,100,71.0,16.0,39.0,0.35,0.35,0.3,0.1,32.3817,0.2926,22.7041,28.4372,0.7121,-0.0459
426,2,163,242,148,261,122.18090583475625,242.21065211918324,122.7352262721076,266.2930716334918,0.5752,4,59,1,4,5000,100,71.0,16.0,39.0,0.35,0.35,0.3,0.1,5.2412,0.0474,3.7144,253.6816,-3.4177,-5.3707
426,77,255,89,241,94,125.4333140102856,63.8200595424354,131.82016988013575,76.48529270389177,0.2429,4,59,1,4,5000,100,71.0,16.0,39.0,0.35,0.35,0.3,0.1,9.99,0.0903,7.037,69.581,-1.0968,-1.3586
426,70,283,45,242,85,138.3664606634298,12.041594578792296,136.16913932790743,69.31089380465383,0.9217,4,59,1,4,5000,100,71.0,16.0,39.0,0.35,0.35,0.3,0.1,77.9072,0.704,54.5576,20.5185,-0.3735,-0.3545
426,86,312,37,331,39,0.0,20.0,2.935673446421173,39.05124837953327,0.7913,4,59,1,4,5000,100,71.0,16.0,39.0,0.35,0.35,0.3,0.1,35.7043,0.3226,25.0289,26.4524,0.6634,-0.0225
427,53,211,334,207,358,105.25511870305779,307.8473647767673,104.83138585094245,332.06324698767855,0.7236,4,59,1,4,5000,100,71.0,16.0,39.0,0.35,0.35,0.3,0.1,4.188,0.0378,2.9775,319.4971,-2.0798,-7.743
427,2,160,240,139,272,123.03378718511463,242.1425200166216,123.06669590744993,280.41754581338165,0.9232,4,59,1,4,5000,100,71.0,16.0,39.0,0.35,0.35,0.3,0.1,8.106,0.0732,5.7188,259.8783,-3.5567,-5.4661
427,70,283,45,242,94,138.3664606634298,12.041594578792296,131.25701170431284,75.82216034906945,0.7672,4,59,1,4,5000,100,71.0,16.0,39.0,0.35,0.35,0.3,0.1,80.3351,0.7259,56.2564,20.7826,-0.3505,-0.3862
427,86,310,36,329,32,356.8201698801358,18.027756377319946,352.3039482779834,37.33630940518894,0.6379,4,59,1,4,5000,100,71.0,16.0,39.0,0.35,0.35,0.3,0.1,38.5965,0.3488,27.0526,24.315,0.6066,0.0662
428,53,209,335,205,360,105.56376891013942,309.3428518650463,105.0748494095508,334.51158425381925,0.7132,4,59,1,4,5000,100,71.0,16.0,39.0,0.35,0.35,0.3,0.1,4.3261,0.0391,3.0741,321.4353,-2.1298,-7.7799
428,2,157,237,138,272,124.01934998982647,241.29857024027308,123.23759298762947,280.9644105576363,0.7302,4,59,1,4,5000,100,71.0,16.0,39.0,0.35,0.35,0.3,0.1,8.4053,0.0759,5.9282,259.6252,-3.6053,-5.4266
428,70,283,45,242,85,138.3664606634298,12.041594578792296,136.16913932790743,69.31089380465383,0.9347,4,59,1,4,5000,100,71.0,16.0,39.0,0.35,0.35,0.3,0.1,77.9072,0.704,54.5576,20.5185,-0.3735,-0.3545
428,86,308,36,328,33,356.4236656250026,16.0312195418814,353.6598082540901,36.22154055254967,0.6822,4,59,1,4,5000,100,71.0,16.0,39.0,0.35,0.35,0.3,0.1,42.7622,0.3864,29.9672,22.2256,0.5552,0.0534
429,53,208,336,203,360,105.69198853284168,310.5752726795873,105.40510731204523,335.0373113550191,0.8184,3,59,1,4,5000,100,71.0,16.0,39.0,0.35,0.35,0.3,0.1,4.1932,0.0379,2.9811,322.3429,-2.1675,-7.7931
429,70,283,45,242,94,138.3664606634298,12.041594578792296,131.25701170431284,75.82216034906945,0.7142,3,59,1,4,5000,100,71.0,16.0,39.0,0.35,0.35,0.3,0.1,80.3351,0.7259,56.2564,20.7826,-0.3505,-0.3862
429,86,306,35,327,33,351.86989764584405,14.142135623730951,353.480198248343,35.22782990761707,0.7221,3,59,1,4,5000,100,71.0,16.0,39.0,0.35,0.35,0.3,0.1,47.2663,0.4271,33.1187,20.1822,0.5027,0.0616
430,53,207,335,202,361,105.91999883719922,309.88546271162835,105.52411099675426,336.2677504608493,0.7723,3,59,1,4,5000,100,71.0,16.0,39.0,0.35,0.35,0.3,0.1,4.5186,0.0408,3.2088,322.538,-2.1921,-7.7913
430,70,284,45,242,94,135.0,11.313708498984761,131.25701170431284,75.82216034906945,0.7614,3,59,1,4,5000,100,71.0,16.0,39.0,0.35,0.35,0.3,0.1,81.9306,0.7403,57.3727,19.6895,-0.329,-0.3687
430,86,304,35,325,32,350.5376777919744,12.165525060596439,351.3843518158359,33.37663853655727,0.7311,3,59,1,4,5000,100,71.0,16.0,39.0,0.35,0.35,0.3,0.1,51.5438,0.4657,36.1116,17.8316,0.4422,0.0688
431,53,205,335,200,360,106.27496975875515,310.4400103079498,105.89852819807305,335.8466912149054,0.7715,3,59,1,4,5000,100,71.0,16.0,39.0,0.35,0.35,0.3,0.1,4.3506,0.0393,3.0912,322.644,-2.2425,-7.7797
431,70,284,46,242,94,131.63353933657018,12.041594578792296,131.25701170431284,75.82216034906945,0.9186,3,59,1,4,5000,100,71.0,16.0,39.0,0.35,0.35,0.3,0.1,80.3351,0.7259,56.2564,20.7826,-0.3443,-0.3917
431,86,303,34,324,32,344.7448812969422,11.40175425099138,351.1193408494797,32.38826948140329,0.5998,3,59,1,4,5000,100,71.0,16.0,39.0,0.35,0.35,0.3,0.1,53.0385,0.4793,37.1574,16.8661,0.4161,0.0774
432,53,204,334,198,359,106.50436138175503,309.76281248723194,106.27386933469565,335.4400095397089,0.8626,3,59,1,4,5000,100,71.0,16.0,39.0,0.35,0.35,0.3,0.1,4.4043,0.0398,3.1288,322.0905,-2.28,-7.7543
432,70,284,46,242,94,131.63353933657018,12.041594578792296,131.25701170431284,75.82216034906945,0.9327,3,59,1,4,5000,100,71.0,16.0,39.0,0.35,0.35,0.3,0.1,80.3351,0.7259,56.2564,20.7826,-0.3443,-0.3917
432,86,301,34,323,32,341.565051177078,9.486832980505138,350.83765295427827,31.400636936215164,0.5361,3,59,1,4,5000,100,71.0,16.0,39.0,0.35,0.35,0.3,0.1,59.3136,0.536,41.548,14.5713,0.3586,0.0717
433,53,202,333,196,358,106.91210683179098,309.38002521171273,106.65010549860304,335.04775778984106,0.8355,3,59,1,4,5000,100,71.0,16.0,39.0,0.35,0.35,0.3,0.1,4.408,0.0398,3.1314,321.7027,-2.3301,-7.7293
433,70,284,46,242,94,131.63353933657018,12.041594578792296,131.25701170431284,75.82216034906945,0.941,3,59,1,4,5000,100,71.0,16.0,39.0,0.35,0.35,0.3,0.1,80.3351,0.7259,56.2564,20.7826,-0.3443,-0.3917
433,77,285,60,253,98,106.92751306414705,24.041630560342615,122.59258147259926,72.40165743959182,0.2468,3,59,1,4,5000,100,71.0,16.0,39.0,0.35,0.35,0.3,0.1,55.4934,0.5014,38.875,36.0969,-0.4351,-0.7945
434,53,201,333,195,356,107.08912598271891,309.67240755353066,106.91321771027376,333.42165496560057,0.8844,2,59,1,4,5000,100,71.0,16.0,39.0,0.35,0.35,0.3,0.1,4.087,0.0369,2.9068,321.1085,-2.3556,-7.7059
434,70,283,46,242,94,135.0,12.727922061357855,131.25701170431284,75.82216034906945,0.9104,2,59,1,4,5000,100,71.0,16.0,39.0,0.35,0.35,0.3,0.1,78.8546,0.7125,55.2205,21.7969,-0.3645,-0.4078
435,53,200,332,194,356,107.32084175608345,309.01294471267704,107.0774829783914,333.7139493638227,0.8237,2,59,1,4,5000,100,71.0,16.0,39.0,0.35,0.35,0.3,0.1,4.2532,0.0384,3.0231,320.8888,-2.3804,-7.6925
435,70,283,45,251,99,138.3664606634298,12.041594578792296,123.47627829610266,74.33034373659252,0.3077,2,59,1,4,5000,100,71.0,16.0,39.0,0.35,0.35,0.3,0.1,79.8111,0.7212,55.8898,20.7256,-0.3023,-0.4232
436,53,198,330,192,354,107.78723379094079,307.7092783781471,107.5082663118864,332.3988567970714,0.7851,3,59,1,4,5000,100,71.0,16.0,39.0,0.35,0.35,0.3,0.1,4.2686,0.0386,3.0339,319.5779,-2.4305,-7.6423
436,2,149,267,139,288,121.8708336796513,270.83020511013905,121.36488729098268,293.9557789872484,0.6814,3,59,1,4,5000,100,71.0,16.0,39.0,0.35,0.35,0.3,0.1,4.5314,0.0409,3.2177,281.9195,-3.7077,-6.0251
436,77,284,59,251,100,109.98310652189998,23.40939982143925,123.05582281155367,75.16648189186454,0.3174,3,59,1,4,5000,100,71.0,16.0,39.0,0.35,0.35,0.3,0.1,58.1066,0.525,40.7035,35.7005,-0.4474,-0.7761
437,53,197,329,191,353,108.02190710422731,307.06513966909364,107.72493261130649,331.748398639692,0.7563,3,59,1,4,5000,100,71.0,16.0,39.0,0.35,0.35,0.3,0.1,4.2762,0.0386,3.0391,318.9299,-2.4556,-7.6172
437,87,526,313,540,333,49.707852244372226,361.84527079955046,50.042451069170916,386.16058835670947,0.7014,3,59,1,4,5000,100,71.0,16.0,39.0,0.35,0.35,0.3,0.1,3.5975,0.0325,2.5643,373.6077,6.0413,-7.1694
437,77,284,59,251,100,109.98310652189998,23.40939982143925,123.05582281155367,75.16648189186454,0.3182,3,59,1,4,5000,100,71.0,16.0,39.0,0.35,0.35,0.3,0.1,58.1066,0.525,40.7035,35.7005,-0.4474,-0.7761
438,53,196,328,191,350,108.25756307538975,306.42617381679395,107.88404484370345,328.89207956410263,0.6655,3,59,1,4,5000,100,71.0,16.0,39.0,0.35,0.35,0.3,0.1,3.9134,0.0354,2.7853,317.2619,-2.4687,-7.569
438,88,160,232,151,251,124.09497795476554,235.47611343828487,123.38002845517937,256.27524265913786,0.661,3,59,1,4,5000,100,71.0,16.0,39.0,0.35,0.35,0.3,0.1,4.6809,0.0423,3.3223,245.4358,-3.4193,-5.1227
438,70,290,43,252,100,108.43494882292202,6.324555320336759,122.41230661835121,74.62573282722254,0.4139,3,59,1,4,5000,100,71.0,16.0,39.0,0.35,0.35,0.3,0.1,93.3762,0.8437,65.3811,11.6608,-0.1521,-0.25
439,53,196,326,190,349,108.37545166932003,304.5275028630419,108.10376303450663,328.2499047981583,0.7494,2,59,1,4,5000,100,71.0,16.0,39.0,0.35,0.35,0.3,0.1,4.1489,0.0375,2.9501,315.944,-2.4808,-7.5302
439,70,289,43,251,100,116.56505117707799,6.708203932499369,123.05582281155367,75.16648189186454,0.583,2,59,1,4,5000,100,71.0,16.0,39.0,0.35,0.35,0.3,0.1,92.5343,0.8361,64.792,12.3172,-0.1662,-0.2606
440,53,196,324,191,347,108.4948189991599,302.63013729633735,108.04594368813957,326.03834130359576,0.6469,2,59,1,4,5000,100,71.0,16.0,39.0,0.35,0.35,0.3,0.1,4.1207,0.0372,2.9304,313.8984,-2.4684,-7.4803
440,70,288,43,251,100,123.69006752597979,7.211102550927978,123.05582281155367,75.16648189186454,0.7156,2,59,1,4,5000,100,71.0,16.0,39.0,0.35,0.35,0.3,0.1,91.2938,0.8249,63.924,13.1597,-0.1804,-0.2766
441,53,197,322,192,345,108.43494882292202,300.416377715996,107.98733465206146,323.82711436814554,0.666,2,59,1,4,5000,100,71.0,16.0,39.0,0.35,0.35,0.3,0.1,4.1504,0.0375,2.9511,311.6828,-2.4433,-7.43
441,70,287,42,250,101,135.0,7.0710678118654755,123.27488798483492,76.55063683601855,0.4598,2,59,1,4,5000,100,71.0,16.0,39.0,0.35,0.35,0.3,0.1,91.9527,0.8309,64.3851,12.9463,-0.1829,-0.2685
442,53,198,321,192,344,108.3138162771536,299.1521352088265,108.04213376645248,322.8761372415125,0.764,2,59,1,4,5000,100,71.0,16.0,39.0,0.35,0.35,0.3,0.1,4.2209,0.0381,3.0005,310.5617,-2.4306,-7.4045
442,77,284,58,250,100,110.85445803957835,22.47220505424423,123.69006752597979,75.71657678474378,0.3254,2,59,1,4,5000,100,71.0,16.0,39.0,0.35,0.35,0.3,0.1,60.012,0.5423,42.0367,34.6581,-0.4448,-0.7473
443,89,447,336,459,363,62.59801821436661,336.78776699874356,62.87530088793842,366.28540784475706,0.5359,4,59,1,4,5000,100,71.0,16.0,39.0,0.35,0.35,0.3,0.1,4.6432,0.042,3.2959,350.9178,4.0331,-7.8281
443,53,199,318,193,341,108.31252212994191,295.98986469134377,108.03824847897256,319.71393463532365,0.8044,4,59,1,4,5000,100,71.0,16.0,39.0,0.35,0.35,0.3,0.1,4.2643,0.0385,3.0308,307.3948,-2.4055,-7.3291
443,88,158,238,149,257,123.69006752597979,241.5719354560873,123.02386755579664,262.3909297212844,0.6546,4,59,1,4,5000,100,71.0,16.0,39.0,0.35,0.35,0.3,0.1,4.5718,0.0413,3.246,251.5514,-3.4697,-5.2734
443,77,284,58,251,101,110.85445803957835,22.47220505424423,122.64464013491649,76.00657866263946,0.3527,4,59,1,4,5000,100,71.0,16.0,39.0,0.35,0.35,0.3,0.1,60.1612,0.5436,42.141,34.6884,-0.4347,-0.7541
444,89,446,337,457,361,62.82705885308328,337.21803036018105,63.01210941825152,363.5945544146667,0.6197,3,59,1,4,5000,100,71.0,16.0,39.0,0.35,0.35,0.3,0.1,4.1653,0.0376,2.9615,349.9099,3.9968,-7.8183
444,53,199,316,194,339,108.43494882292202,294.0918223956593,107.97841840882298,317.50275589355124,0.715,3,59,1,4,5000,100,71.0,16.0,39.0,0.35,0.35,0.3,0.1,4.2362,0.0383,3.0112,305.3492,-2.393,-7.2792
444,77,284,59,251,101,109.98310652189998,23.40939982143925,122.64464013491649,76.00657866263946,0.3256,3,59,1,4,5000,100,71.0,16.0,39.0,0.35,0.35,0.3,0.1,58.5508,0.5291,41.0142,35.7944,-0.4447,-0.7804
445,89,444,336,455,360,63.052982618192985,335.41765010207797,63.2224808987549,361.7982863419892,0.6873,3,59,1,4,5000,100,71.0,16.0,39.0,0.35,0.35,0.3,0.1,4.1874,0.0378,2.977,348.1089,3.9467,-7.7931
445,53,200,315,195,337,108.31120003151555,292.8275943281302,107.91774921458357,315.2919282189127,0.7275,3,59,1,4,5000,100,71.0,16.0,39.0,0.35,0.35,0.3,0.1,4.0882,0.0369,2.9076,303.6448,-2.3682,-7.2423
445,77,284,58,250,101,110.85445803957835,22.47220505424423,123.27488798483492,76.55063683601855,0.3364,3,59,1,4,5000,100,71.0,16.0,39.0,0.35,0.35,0.3,0.1,60.4387,0.5461,42.3352,34.7447,-0.4421,-0.7515
446,89,442,334,453,359,63.203918706026535,332.7296199619144,63.43494882292201,360.00694437746614,0.7076,3,59,1,4,5000,100,71.0,16.0,39.0,0.35,0.35,0.3,0.1,4.3577,0.0394,3.0962,345.8312,3.8961,-7.7546
446,53,200,314,195,337,108.37287324643769,291.87839933780646,107.91774921458357,315.2919282189127,0.7085,3,59,1,4,5000,100,71.0,16.0,39.0,0.35,0.35,0.3,0.1,4.2676,0.0386,3.0331,303.1337,-2.3679,-7.2289
446,77,284,58,251,101,110.85445803957835,22.47220505424423,122.64464013491649,76.00657866263946,0.3521,3,59,1,4,5000,100,71.0,16.0,39.0,0.35,0.35,0.3,0.1,60.1612,0.5436,42.141,34.6884,-0.4347,-0.7541
447,89,440,333,451,358,63.43494882292201,330.9380606699689,63.649538754051406,358.2206024225854,0.7475,3,59,1,4,5000,100,71.0,16.0,39.0,0.35,0.35,0.3,0.1,4.3812,0.0396,3.1126,344.0393,3.8459,-7.7294
447,53,201,313,196,336,108.24791212218749,290.61486541469276,107.8002783328322,314.03343771006297,0.6967,3,59,1,4,5000,100,71.0,16.0,39.0,0.35,0.35,0.3,0.1,4.2863,0.0387,3.0462,301.8706,-2.3428,-7.2038
447,77,284,58,251,100,110.85445803957835,22.47220505424423,123.05582281155367,75.16648189186454,0.3404,3,59,1,4,5000,100,71.0,16.0,39.0,0.35,0.35,0.3,0.1,59.7266,0.5397,41.837,34.6001,-0.4375,-0.75
448,89,438,332,448,357,63.66849010907537,329.1519405988669,64.01076641616699,356.0,0.7092,3,59,1,4,5000,100,71.0,16.0,39.0,0.35,0.35,0.3,0.1,4.3366,0.0392,3.0814,342.0499,3.7834,-7.7046
448,53,201,312,196,336,108.30984906644747,289.6653241242382,107.8002783328322,314.03343771006297,0.72,3,59,1,4,5000,100,71.0,16.0,39.0,0.35,0.35,0.3,0.1,4.4671,0.0404,3.1728,301.3576,-2.3425,-7.1903
448,77,284,58,251,101,110.85445803957835,22.47220505424423,122.64464013491649,76.00657866263946,0.3526,3,59,1,4,5000,100,71.0,16.0,39.0,0.35,0.35,0.3,0.1,60.1612,0.5436,42.141,34.6884,-0.4347,-0.7541
449,89,436,330,446,355,63.82737953226288,326.47358239220523,64.16017312198127,353.3270439691816,0.7037,3,59,1,4,5000,100,71.0,16.0,39.0,0.35,0.35,0.3,0.1,4.3716,0.0395,3.1059,339.3699,3.7332,-7.6543
449,53,202,311,197,334,108.18365315571307,288.4024965217881,107.73767152985498,311.8236681203016,0.7229,3,59,1,4,5000,100,71.0,16.0,39.0,0.35,0.35,0.3,0.1,4.3184,0.039,3.0687,299.6561,-2.3177,-7.1535
449,77,284,59,251,100,109.98310652189998,23.40939982143925,123.05582281155367,75.16648189186454,0.3167,3,59,1,4,5000,100,71.0,16.0,39.0,0.35,0.35,0.3,0.1,58.1066,0.525,40.7035,35.7005,-0.4474,-0.7761
450,89,434,329,444,353,64.06628172256622,324.69678162864506,64.31185656435265,350.65652710308984,0.778,2,59,1,4,5000,100,71.0,16.0,39.0,0.35,0.35,0.3,0.1,4.254,0.0384,3.0236,337.1777,3.6834,-7.6174
450,77,284,58,250,100,110.85445803957835,22.47220505424423,123.69006752597979,75.71657678474378,0.3269,2,59,1,4,5000,100,71.0,16.0,39.0,0.35,0.35,0.3,0.1,60.012,0.5423,42.0367,34.6581,-0.4448,-0.7473
451,89,432,327,442,352,64.23067237566129,322.02484376209236,64.5366549381284,348.89110048839024,0.7387,3,59,1,4,5000,100,71.0,16.0,39.0,0.35,0.35,0.3,0.1,4.4317,0.04,3.1479,334.9201,3.6328,-7.5788
451,53,203,309,198,332,108.11840077564901,286.1904959987316,107.67417113213588,309.6142761566398,0.716,3,59,1,4,5000,100,71.0,16.0,39.0,0.35,0.35,0.3,0.1,4.3509,0.0393,3.0914,297.4419,-2.2926,-7.1032
451,77,284,58,250,100,110.85445803957835,22.47220505424423,123.69006752597979,75.71657678474378,0.327,3,59,1,4,5000,100,71.0,16.0,39.0,0.35,0.35,0.3,0.1,60.012,0.5423,42.0367,34.6581,-0.4448,-0.7473
452,89,430,326,440,350,64.47512103292277,320.2577087284551,64.69318095494955,346.2268042771963,0.7896,5,59,1,4,5000,100,71.0,16.0,39.0,0.35,0.35,0.3,0.1,4.3121,0.039,3.0643,332.7363,3.583,-7.5419
452,53,203,309,198,331,108.11840077564901,286.1904959987316,107.73052801154194,308.66162702869303,0.7303,5,59,1,4,5000,100,71.0,16.0,39.0,0.35,0.35,0.3,0.1,4.1806,0.0378,2.9723,297.0016,-2.2928,-7.0915
452,90,162,274,154,295,118.74579045536954,270.31278179176064,118.14160123226173,292.5884481656786,0.6325,5,59,1,4,5000,100,71.0,16.0,39.0,0.35,0.35,0.3,0.1,4.3795,0.0396,3.1114,281.0099,-3.3574,-6.2012
452,88,153,253,144,273,122.76203131319906,256.8598839834668,122.09259132873417,278.5677655436824,0.6336,5,59,1,4,5000,100,71.0,16.0,39.0,0.35,0.35,0.3,0.1,4.4869,0.0405,3.1866,267.2738,-3.5951,-5.662
452,77,284,58,250,102,110.85445803957835,22.47220505424423,122.86867893336752,77.38862965578342,0.3503,5,59,1,4,5000,100,71.0,16.0,39.0,0.35,0.35,0.3,0.1,60.8602,0.5499,42.6301,34.8303,-0.4393,-0.7556
453,89,429,324,438,348,64.48243426260225,318.0220118167923,64.85213345414883,343.56513210743606,0.7112,5,59,1,4,5000,100,71.0,16.0,39.0,0.35,0.35,0.3,0.1,4.2728,0.0386,3.0368,330.3005,3.5455,-7.492
453,53,204,307,199,329,108.05213193924017,283.9788724535683,107.66632090628684,306.45228013509706,0.7454,5,59,1,4,5000,100,71.0,16.0,39.0,0.35,0.35,0.3,0.1,4.2124,0.0381,2.9945,294.7879,-2.2677,-7.0413
453,90,165,276,157,297,117.98531672347706,270.64737205448716,117.43972794819932,292.95904150580503,0.6608,5,59,1,4,5000,100,71.0,16.0,39.0,0.35,0.35,0.3,0.1,4.3811,0.0396,3.1126,281.3616,-3.2822,-6.2512
453,88,152,256,142,276,122.58953690171563,259.9249891795708,122.11300099946989,282.17193340231415,0.7296,5,59,1,4,5000,100,71.0,16.0,39.0,0.35,0.35,0.3,0.1,4.5417,0.041,3.2249,270.592,-3.6325,-5.7369
453,77,284,58,250,101,110.85445803957835,22.47220505424423,123.27488798483492,76.55063683601855,0.3382,5,59,1,4,5000,100,71.0,16.0,39.0,0.35,0.35,0.3,0.1,60.4387,0.5461,42.3352,34.7447,-0.4421,-0.7515
454,89,427,322,436,346,64.6538240580533,315.35694062442957,65.01356679522013,340.90614544182097,0.7091,5,59,1,4,5000,100,71.0,16.0,39.0,0.35,0.35,0.3,0.1,4.3085,0.0389,3.0618,327.6342,3.4953,-7.4417
454,53,204,306,200,327,108.11486399914035,283.0282671395209,107.6011813677856,304.2433236736675,0.6636,5,59,1,4,5000,100,71.0,16.0,39.0,0.35,0.35,0.3,0.1,3.9979,0.0361,2.8444,293.2526,-2.2555,-7.0047
454,90,169,278,161,300,117.03855923581291,270.57346507002495,116.47784305642732,293.8196725884773,0.6894,5,59,1,4,5000,100,71.0,16.0,39.0,0.35,0.35,0.3,0.1,4.5582,0.0412,3.2365,281.7178,-3.1816,-6.3131
454,88,150,258,141,278,122.72212110776316,262.68802789621,122.06944853305724,284.39760899135564,0.6228,5,59,1,4,5000,100,71.0,16.0,39.0,0.35,0.35,0.3,0.1,4.3916,0.0397,3.1199,273.1121,-3.6706,-5.7877
454,77,284,58,250,101,110.85445803957835,22.47220505424423,123.27488798483492,76.55063683601855,0.3373,5,59,1,4,5000,100,71.0,16.0,39.0,0.35,0.35,0.3,0.1,60.4387,0.5461,42.3352,34.7447,-0.4421,-0.7515
455,89,425,320,435,344,64.82813377130779,312.694739322554,65.02398826987697,338.6709317316737,0.8359,4,59,1,4,5000,100,71.0,16.0,39.0,0.35,0.35,0.3,0.1,4.4134,0.0399,3.1352,325.1649,3.4575,-7.391
455,53,205,304,200,325,108.04782106877107,280.8166661720775,107.71579270637694,302.3375596911505,0.7531,4,59,1,4,5000,100,71.0,16.0,39.0,0.35,0.35,0.3,0.1,4.0842,0.0369,2.9048,291.18,-2.2429,-6.9542
455,90,172,281,164,304,116.18811069748087,271.91175038971744,115.61309410832395,296.096268129134,0.7044,4,59,1,4,5000,100,71.0,16.0,39.0,0.35,0.35,0.3,0.1,4.712,0.0426,3.3441,283.4891,-3.1061,-6.4
455,77,284,58,250,102,110.85445803957835,22.47220505424423,122.86867893336752,77.38862965578342,0.3485,4,59,1,4,5000,100,71.0,16.0,39.0,0.35,0.35,0.3,0.1,60.8602,0.5499,42.6301,34.8303,-0.4393,-0.7556
456,89,424,318,434,342,64.83816712807666,310.4593371119638,65.03454822069494,336.43572937486886,0.8086,4,59,1,4,5000,100,71.0,16.0,39.0,0.35,0.35,0.3,0.1,4.444,0.0402,3.1566,322.926,3.4324,-7.3407
456,53,206,302,201,323,107.97971384348129,278.6054557972618,107.65012421993013,300.1283058959951,0.7701,4,59,1,4,5000,100,71.0,16.0,39.0,0.35,0.35,0.3,0.1,4.1157,0.0372,2.9269,288.9667,-2.2178,-6.9039
456,90,176,285,168,309,115.06746343806049,273.7882393383616,114.50740523012972,298.9314302645341,0.7163,4,59,1,4,5000,100,71.0,16.0,39.0,0.35,0.35,0.3,0.1,4.8585,0.0439,3.4466,285.8079,-3.0055,-6.512
456,77,284,58,250,100,110.85445803957835,22.47220505424423,123.69006752597979,75.71657678474378,0.3268,4,59,1,4,5000,100,71.0,16.0,39.0,0.35,0.35,0.3,0.1,60.012,0.5423,42.0367,34.6581,-0.4448,-0.7473
457,89,423,316,432,340,64.84834601889688,308.22394455979565,65.20088128671604,333.77986757741996,0.7372,4,59,1,4,5000,100,71.0,16.0,39.0,0.35,0.35,0.3,0.1,4.4054,0.0398,3.1295,320.4933,3.3949,-7.2908
457,53,207,301,202,322,107.84698540829278,277.34635386101615,107.52556837372288,298.8728826775691,0.7795,4,59,1,4,5000,100,71.0,16.0,39.0,0.35,0.35,0.3,0.1,4.1344,0.0374,2.94,287.7075,-2.1927,-6.8787
457,90,179,290,171,314,114.0674646348969,277.0884335370208,113.59681714720628,302.27470949452584,0.7465,4,59,1,4,5000,100,71.0,16.0,39.0,0.35,0.35,0.3,0.1,4.811,0.0435,3.4134,289.1341,-2.9305,-6.6374
457,77,284,58,250,101,110.85445803957835,22.47220505424423,123.27488798483492,76.55063683601855,0.3371,4,59,1,4,5000,100,71.0,16.0,39.0,0.35,0.35,0.3,0.1,60.4387,0.5461,42.3352,34.7447,-0.4421,-0.7515
458,89,422,313,431,337,64.77888480630862,305.0835951014082,65.14013823043189,330.6372634776667,0.7598,4,59,1,4,5000,100,71.0,16.0,39.0,0.35,0.35,0.3,0.1,4.4485,0.0402,3.1597,317.3468,3.3697,-7.2155
458,90,182,295,174,319,113.09129517181809,280.471032372329,112.70637084030592,305.69265611067596,0.8085,4,59,1,4,5000,100,71.0,16.0,39.0,0.35,0.35,0.3,0.1,4.7619,0.043,3.379,292.5392,-2.8554,-6.7629
458,53,208,299,203,321,107.77640564535841,275.13632984395207,107.39996231293884,297.61888380947875,0.7674,4,59,1,4,5000,100,71.0,16.0,39.0,0.35,0.35,0.3,0.1,4.3441,0.0393,3.0867,285.9363,-2.1673,-6.8402
458,77,284,58,250,102,110.85445803957835,22.47220505424423,122.86867893336752,77.38862965578342,0.3471,4,59,1,4,5000,100,71.0,16.0,39.0,0.35,0.35,0.3,0.1,60.8602,0.5499,42.6301,34.8303,-0.4393,-0.7556
459,89,421,311,431,335,64.78880679759642,302.8481467666593,64.99363302913282,328.8236609491476,0.8626,5,59,1,4,5000,100,71.0,16.0,39.0,0.35,0.35,0.3,0.1,4.5509,0.0411,3.2314,315.3018,3.3569,-7.1648
459,90,182,299,174,324,112.77496954888645,284.1548873413934,112.35000581047042,310.3111341863195,0.7818,5,59,1,4,5000,100,71.0,16.0,39.0,0.35,0.35,0.3,0.1,4.8694,0.044,3.4542,296.6576,-2.8552,-6.875
459,53,209,297,204,319,107.7046829523811,272.92673009436066,107.33088417729616,295.4115772951358,0.759,5,59,1,4,5000,100,71.0,16.0,39.0,0.35,0.35,0.3,0.1,4.3783,0.0396,3.1106,283.7244,-2.1422,-6.7899
459,88,137,262,127,282,124.56252464888182,273.22152184628504,123.95905981967626,295.3811097548386,0.6311,5,59,1,4,5000,100,71.0,16.0,39.0,0.35,0.35,0.3,0.1,4.313,0.039,3.0649,283.8695,-4.009,-5.8882
459,77,284,58,250,102,110.85445803957835,22.47220505424423,122.86867893336752,77.38862965578342,0.3497,5,59,1,4,5000,100,71.0,16.0,39.0,0.35,0.35,0.3,0.1,60.8602,0.5499,42.6301,34.8303,-0.4393,-0.7556
460,89,420,309,430,332,64.79887635452492,300.61270764889497,64.92996632241527,325.68236059080635,0.8677,4,59,1,4,5000,100,71.0,16.0,39.0,0.35,0.35,0.3,0.1,4.4299,0.04,3.1467,312.6458,3.3322,-7.1028
460,90,182,302,174,326,112.54306100005789,286.9233347080715,112.21041464721183,312.1618170116262,0.8193,4,59,1,4,5000,100,71.0,16.0,39.0,0.35,0.35,0.3,0.1,4.6623,0.0421,3.3093,299.0109,-2.8557,-6.9388
460,53,210,296,205,318,107.56790775601293,271.67075661542964,107.2029714202823,294.15982050579237,0.7645,4,59,1,4,5000,100,71.0,16.0,39.0,0.35,0.35,0.3,0.1,4.3986,0.0397,3.1248,282.4684,-2.1171,-6.7647
460,77,284,59,250,101,109.98310652189998,23.40939982143925,123.27488798483492,76.55063683601855,0.313,4,59,1,4,5000,100,71.0,16.0,39.0,0.35,0.35,0.3,0.1,58.8345,0.5316,41.2127,35.8544,-0.4522,-0.7778
461,90,181,304,173,328,112.57413807864822,289.15393824051574,112.24135661865073,314.391475711413,0.8197,4,59,1,4,5000,100,71.0,16.0,39.0,0.35,0.35,0.3,0.1,4.6277,0.0418,3.2851,301.245,-2.8808,-6.989
461,89,420,306,429,330,64.55319290260289,297.90099026354375,64.94030056833039,323.44705903748763,0.7524,4,59,1,4,5000,100,71.0,16.0,39.0,0.35,0.35,0.3,0.1,4.55,0.0411,3.2308,310.1489,3.3194,-7.0396
461,53,210,295,206,316,107.63178957111175,270.7175650008695,107.13158607037116,291.95376346264146,0.6902,4,59,1,4,5000,100,71.0,16.0,39.0,0.35,0.35,0.3,0.1,4.1768,0.0377,2.9696,280.9349,-2.1049,-6.7282
461,77,284,58,250,102,110.85445803957835,22.47220505424423,122.86867893336752,77.38862965578342,0.349,4,59,1,4,5000,100,71.0,16.0,39.0,0.35,0.35,0.3,0.1,60.8602,0.5499,42.6301,34.8303,-0.4393,-0.7556
462,90,180,305,172,330,112.68055960702492,290.46170143411337,112.27186279213598,316.62122480970856,0.7719,4,59,1,4,5000,100,71.0,16.0,39.0,0.35,0.35,0.3,0.1,4.7688,0.0431,3.3838,302.9778,-2.9055,-7.0259
462,89,419,304,429,328,64.56164946010537,295.6653513687392,64.78939500767898,321.6364407215078,0.8249,4,59,1,4,5000,100,71.0,16.0,39.0,0.35,0.35,0.3,0.1,4.6561,0.0421,3.305,308.1046,3.3066,-6.9889
462,53,211,293,207,315,107.55769684484872,268.50884529191956,107.00129496865165,290.70431713340616,0.7103,4,59,1,4,5000,100,71.0,16.0,39.0,0.35,0.35,0.3,0.1,4.3925,0.0397,3.1205,279.1661,-2.0796,-6.6896
462,77,284,58,250,102,110.85445803957835,22.47220505424423,122.86867893336752,77.38862965578342,0.3477,4,59,1,4,5000,100,71.0,16.0,39.0,0.35,0.35,0.3,0.1,60.8602,0.5499,42.6301,34.8303,-0.4393,-0.7556
463,90,179,307,172,331,112.7102130143069,292.69267158574365,112.2034785320574,317.5468469375818,0.7296,4,59,1,4,5000,100,71.0,16.0,39.0,0.35,0.35,0.3,0.1,4.5074,0.0407,3.2009,304.6136,-2.9186,-7.0649
463,89,419,301,429,325,64.30962559404333,292.95904150580503,64.5598265921009,318.92475601621146,0.8378,4,59,1,4,5000,100,71.0,16.0,39.0,0.35,0.35,0.3,0.1,4.6963,0.0424,3.3331,305.391,3.3065,-6.9135
463,53,212,292,208,313,107.41797079220284,267.25456029785533,106.92751306414705,288.4995667241114,0.7459,4,59,1,4,5000,100,71.0,16.0,39.0,0.35,0.35,0.3,0.1,4.2306,0.0382,3.0072,277.471,-2.0547,-6.6528
463,77,284,58,250,102,110.85445803957835,22.47220505424423,122.86867893336752,77.38862965578342,0.3484,4,59,1,4,5000,100,71.0,16.0,39.0,0.35,0.35,0.3,0.1,60.8602,0.5499,42.6301,34.8303,-0.4393,-0.7556
464,90,179,309,171,334,112.56001040777346,294.5386222552146,112.16634582208246,320.7023542164915,0.7677,4,59,1,4,5000,100,71.0,16.0,39.0,0.35,0.35,0.3,0.1,4.7063,0.0425,3.3401,307.0642,-2.9307,-7.1264
464,89,419,299,428,323,64.13900898407982,291.15803269015265,64.56776858128949,316.6891220108452,0.7469,4,59,1,4,5000,100,71.0,16.0,39.0,0.35,0.35,0.3,0.1,4.6484,0.042,3.2996,303.3874,3.2941,-6.8637
464,53,213,291,209,312,107.27692787250334,266.0018796926067,106.7947689529435,287.2525021649072,0.7551,4,59,1,4,5000,100,71.0,16.0,39.0,0.35,0.35,0.3,0.1,4.2508,0.0384,3.0214,276.2191,-2.0296,-6.6277
464,77,284,59,250,101,109.98310652189998,23.40939982143925,123.27488798483492,76.55063683601855,0.3163,4,59,1,4,5000,100,71.0,16.0,39.0,0.35,0.35,0.3,0.1,58.8345,0.5316,41.2127,35.8544,-0.4522,-0.7778
465,90,178,312,170,337,112.51622928416506,297.6927946726289,112.12993673176202,323.8579935712565,0.7584,4,59,1,4,5000,100,71.0,16.0,39.0,0.35,0.35,0.3,0.1,4.6588,0.0421,3.3069,310.2247,-2.9559,-7.2018
465,89,419,296,428,320,63.87909325603394,288.4614358974177,64.33267246880034,313.9824835878588,0.7266,4,59,1,4,5000,100,71.0,16.0,39.0,0.35,0.35,0.3,0.1,4.6882,0.0424,3.3275,300.6814,3.294,-6.7884
465,53,214,290,209,311,107.13455111491282,264.7508262498911,106.8525949003034,286.29530209208815,0.8507,4,59,1,4,5000,100,71.0,16.0,39.0,0.35,0.35,0.3,0.1,4.3269,0.0391,3.0746,275.1019,-2.017,-6.6022
465,77,284,58,250,102,110.85445803957835,22.47220505424423,122.86867893336752,77.38862965578342,0.3502,4,59,1,4,5000,100,71.0,16.0,39.0,0.35,0.35,0.3,0.1,60.8602,0.5499,42.6301,34.8303,-0.4393,-0.7556
466,90,177,315,169,340,112.47336621458894,300.84713726409296,112.09423034158281,327.0137611783333,0.7529,4,59,1,4,5000,100,71.0,16.0,39.0,0.35,0.35,0.3,0.1,4.6122,0.0417,3.2743,313.3852,-2.981,-7.2772
466,89,419,294,428,317,63.70310183936547,286.66705426330384,64.09349200048563,311.2812233334995,0.7438,4,59,1,4,5000,100,71.0,16.0,39.0,0.35,0.35,0.3,0.1,4.5556,0.0412,3.2347,298.4675,3.2943,-6.7264
466,53,214,289,210,309,107.19854122006586,263.7953752437673,106.77651428763784,284.09153454476603,0.7701,4,59,1,4,5000,100,71.0,16.0,39.0,0.35,0.35,0.3,0.1,4.0997,0.037,2.9157,273.5675,-2.0048,-6.5657
466,77,284,58,250,102,110.85445803957835,22.47220505424423,122.86867893336752,77.38862965578342,0.3486,4,59,1,4,5000,100,71.0,16.0,39.0,0.35,0.35,0.3,0.1,60.8602,0.5499,42.6301,34.8303,-0.4393,-0.7556
467,91,29,448,20,461,122.61528699997679,487.94466899434406,122.68055474336339,503.7459677257973,0.5342,5,59,1,4,5000,100,71.0,16.0,39.0,0.35,0.35,0.3,0.1,1.7634,0.0159,1.281,495.7194,-6.711,-10.4741
467,90,177,317,169,342,112.32865637801915,302.6962173533062,111.96317015061608,328.8677545762126,0.7543,5,59,1,4,5000,100,71.0,16.0,39.0,0.35,0.35,0.3,0.1,4.586,0.0414,3.256,315.2397,-2.9811,-7.3275
467,89,419,291,428,315,63.43494882292201,283.98063314247327,63.93172058984669,309.4834405909305,0.7225,5,59,1,4,5000,100,71.0,16.0,39.0,0.35,0.35,0.3,0.1,4.7558,0.043,3.3747,296.1841,3.2938,-6.6628
467,53,215,287,211,307,107.11883233555166,261.5893728728291,106.69924423399362,281.88827574058485,0.7872,5,59,1,4,5000,100,71.0,16.0,39.0,0.35,0.35,0.3,0.1,4.1335,0.0374,2.9393,271.3597,-1.9797,-6.5154
467,77,284,59,250,101,109.98310652189998,23.40939982143925,123.27488798483492,76.55063683601855,0.3116,5,59,1,4,5000,100,71.0,16.0,39.0,0.35,0.35,0.3,0.1,58.8345,0.5316,41.2127,35.8544,-0.4522,-0.7778
468,91,29,448,20,462,122.61528699997679,487.94466899434406,122.61924307119284,504.58795070829825,0.6658,4,59,1,4,5000,100,71.0,16.0,39.0,0.35,0.35,0.3,0.1,1.8558,0.0168,1.3456,496.1268,-6.7108,-10.4864
468,90,178,320,170,345,111.94089984864893,305.09834480049216,111.6087114028838,331.2823569102345,0.7941,4,59,1,4,5000,100,71.0,16.0,39.0,0.35,0.35,0.3,0.1,4.5535,0.0411,3.2332,317.6517,-2.9561,-7.4028
468,89,419,289,429,312,63.253346326420605,282.1931962326519,63.51834873419909,307.23606559126483,0.8352,4,59,1,4,5000,100,71.0,16.0,39.0,0.35,0.35,0.3,0.1,4.702,0.0425,3.3371,294.1826,3.3065,-6.6004
468,77,284,59,249,101,109.98310652189998,23.40939982143925,123.89616656336392,77.10382610480494,0.2986,4,59,1,4,5000,100,71.0,16.0,39.0,0.35,0.35,0.3,0.1,59.1197,0.5342,41.4123,35.9148,-0.4597,-0.7752
469,91,29,447,20,460,122.67868672760007,487.1026585844097,122.74207164597146,502.90456351081167,0.543,5,59,1,4,5000,100,71.0,16.0,39.0,0.35,0.35,0.3,0.1,1.7664,0.016,1.2831,494.8775,-6.711,-10.449
469,90,178,324,170,349,111.66359669255763,308.8122406900348,111.35677267340479,335.0044775820168,0.7947,5,59,1,4,5000,100,71.0,16.0,39.0,0.35,0.35,0.3,0.1,4.5023,0.0407,3.1974,321.3756,-2.9562,-7.5033
469,89,419,287,428,310,63.06943046734729,280.4086303950005,63.518960169625586,305.0,0.7251,5,59,1,4,5000,100,71.0,16.0,39.0,0.35,0.35,0.3,0.1,4.6489,0.042,3.2999,292.1878,3.2941,-6.5506
469,53,216,285,212,305,107.03776779562564,259.3838853899756,106.62075691389207,279.68553770261343,0.776,5,59,1,4,5000,100,71.0,16.0,39.0,0.35,0.35,0.3,0.1,4.1679,0.0377,2.9634,269.1524,-1.9546,-6.4651
469,77,284,59,249,102,109.98310652189998,23.40939982143925,123.48616881551298,77.93587107359485,0.3088,5,59,1,4,5000,100,71.0,16.0,39.0,0.35,0.35,0.3,0.1,59.543,0.538,41.7085,36.0043,-0.4569,-0.7794
470,90,178,326,170,352,111.52743295168231,310.67185260335384,111.17146478234741,337.80023682644156,0.7495,4,59,1,4,5000,100,71.0,16.0,39.0,0.35,0.35,0.3,0.1,4.6298,0.0418,3.2865,323.6686,-2.9559,-7.5652
470,89,419,286,428,309,62.97659236492158,279.5174413162799,63.43494882292201,304.1052449399714,0.7105,4,59,1,4,5000,100,71.0,16.0,39.0,0.35,0.35,0.3,0.1,4.6624,0.0421,3.3094,291.2934,3.294,-6.5255
470,53,217,283,212,304,106.9553130520252,257.1789260417735,106.67955496345833,278.7274654568509,0.8554,4,59,1,4,5000,100,71.0,16.0,39.0,0.35,0.35,0.3,0.1,4.45,0.0402,3.1607,267.52,-1.9417,-6.4262
470,77,284,59,249,102,109.98310652189998,23.40939982143925,123.48616881551298,77.93587107359485,0.3088,4,59,1,4,5000,100,71.0,16.0,39.0,0.35,0.35,0.3,0.1,59.543,0.538,41.7085,36.0043,-0.4569,-0.7794
471,90,179,329,171,355,111.15575484187279,313.1022197302344,110.83197735298161,340.2425605358624,0.7815,3,59,1,4,5000,100,71.0,16.0,39.0,0.35,0.35,0.3,0.1,4.5973,0.0415,3.2638,326.1087,-2.931,-7.6405
471,89,419,287,428,310,63.06943046734729,280.4086303950005,63.518960169625586,305.0,0.7482,3,59,1,4,5000,100,71.0,16.0,39.0,0.35,0.35,0.3,0.1,4.6489,0.042,3.2999,292.1878,3.2941,-6.5506
471,77,284,59,249,103,109.98310652189998,23.40939982143925,123.08485292873497,78.77182237323191,0.3212,3,59,1,4,5000,100,71.0,16.0,39.0,0.35,0.35,0.3,0.1,59.9612,0.5418,42.0011,36.0928,-0.4541,-0.7836
472,90,179,332,171,358,110.95938046542291,315.90188350182405,110.65378613383508,343.04810158343685,0.7883,4,59,1,4,5000,100,71.0,16.0,39.0,0.35,0.35,0.3,0.1,4.5591,0.0412,3.2371,328.9158,-2.931,-7.7159
472,89,418,289,427,312,63.43494882292201,281.7445651649735,63.853158764419106,306.3494736408078,0.7577,4,59,1,4,5000,100,71.0,16.0,39.0,0.35,0.35,0.3,0.1,4.6302,0.0418,3.2869,293.5323,3.2691,-6.6008
472,53,217,281,213,301,107.08622672886553,255.266527378738,106.65941401481844,275.5666888431909,0.793,4,59,1,4,5000,100,71.0,16.0,39.0,0.35,0.35,0.3,0.1,4.2322,0.0382,3.0084,265.0284,-1.9294,-6.3646
472,77,284,59,248,103,109.98310652189998,23.40939982143925,123.69006752597979,79.32212806020776,0.3038,4,59,1,4,5000,100,71.0,16.0,39.0,0.35,0.35,0.3,0.1,60.2329,0.5443,42.1912,36.1502,-0.4615,-0.781
473,90,179,335,171,361,110.76645844741583,318.70519292913946,110.47848752818842,345.8569068270865,0.8069,4,59,1,4,5000,100,71.0,16.0,39.0,0.35,0.35,0.3,0.1,4.5216,0.0409,3.2108,331.7264,-2.9311,-7.7913
473,89,416,290,425,313,63.88966768461516,281.7534383108749,64.27132414834443,306.3739545065801,0.7601,4,59,1,4,5000,100,71.0,16.0,39.0,0.35,0.35,0.3,0.1,4.6329,0.0419,3.2887,293.5484,3.219,-6.6258
473,53,217,280,213,300,107.15242174021184,254.31083343027288,106.71922880922543,274.60881267723363,0.7857,4,59,1,4,5000,100,71.0,16.0,39.0,0.35,0.35,0.3,0.1,4.2471,0.0384,3.0188,264.0703,-1.9294,-6.3395
473,77,284,59,248,102,109.98310652189998,23.40939982143925,124.09497795476554,78.49203781276162,0.2935,4,59,1,4,5000,100,71.0,16.0,39.0,0.35,0.35,0.3,0.1,59.822,0.5405,41.9037,36.0633,-0.4643,-0.7768
474,90,179,339,171,365,110.51445119457586,322.44844549167857,110.24914073195195,349.6069221282668,0.8125,4,59,1,4,5000,100,71.0,16.0,39.0,0.35,0.35,0.3,0.1,4.4723,0.0404,3.1763,335.4789,-2.9312,-7.8918
474,89,415,289,424,312,63.98321705922621,280.4157627523817,64.35899417569472,305.039341724965,0.75,4,59,1,4,5000,100,71.0,16.0,39.0,0.35,0.35,0.3,0.1,4.6546,0.0421,3.3039,292.2097,3.1939,-6.6006
474,53,218,278,214,298,107.06931061208773,252.10513679812237,106.6388056704263,272.40594707164524,0.7842,4,59,1,4,5000,100,71.0,16.0,39.0,0.35,0.35,0.3,0.1,4.2834,0.0387,3.0442,261.8627,-1.9043,-6.2892
474,77,284,59,248,102,109.98310652189998,23.40939982143925,124.09497795476554,78.49203781276162,0.2937,4,59,1,4,5000,100,71.0,16.0,39.0,0.35,0.35,0.3,0.1,59.822,0.5405,41.9037,36.0633,-0.4643,-0.7768
475,90,179,342,171,369,110.3292549054019,325.25989608311687,110.02466534888138,353.3624201864143,0.7988,4,59,1,4,5000,100,71.0,16.0,39.0,0.35,0.35,0.3,0.1,4.5829,0.0414,3.2538,338.7293,-2.931,-7.9788
475,89,413,287,422,311,64.17301787638006,277.74268667239465,64.6178794081183,303.2754523531372,0.721,4,59,1,4,5000,100,71.0,16.0,39.0,0.35,0.35,0.3,0.1,4.8633,0.0439,3.45,289.9481,3.1433,-6.562
475,53,218,276,214,297,107.20374992727999,250.19392478635447,106.69924423399362,271.4479692316743,0.7665,4,59,1,4,5000,100,71.0,16.0,39.0,0.35,0.35,0.3,0.1,4.5092,0.0407,3.2022,260.388,-1.904,-6.2506
475,77,284,59,248,102,109.98310652189998,23.40939982143925,124.09497795476554,78.49203781276162,0.2952,4,59,1,4,5000,100,71.0,16.0,39.0,0.35,0.35,0.3,0.1,59.822,0.5405,41.9037,36.0633,-0.4643,-0.7768
476,90,180,345,172,372,109.98310652189998,327.7315975001495,109.70797884297873,355.8440669731617,0.8223,4,59,1,4,5000,100,71.0,16.0,39.0,0.35,0.35,0.3,0.1,4.5513,0.0411,3.2317,341.2098,-2.906,-8.0541
476,89,411,286,420,309,64.4563212914991,275.9746365157494,64.79887635452492,300.61270764889497,0.7673,4,59,1,4,5000,100,71.0,16.0,39.0,0.35,0.35,0.3,0.1,4.729,0.0427,3.356,287.7673,3.0935,-6.5251
476,53,218,275,214,296,107.27174257768088,249.23884127479008,106.7601108323928,270.4902955745363,0.7485,4,59,1,4,5000,100,71.0,16.0,39.0,0.35,0.35,0.3,0.1,4.5252,0.0409,3.2134,259.4301,-1.904,-6.2255
476,77,284,60,247,103,109.17900802581072,24.351591323771842,124.28687697720898,79.88116173416608,0.266,4,59,1,4,5000,100,71.0,16.0,39.0,0.35,0.35,0.3,0.1,58.9585,0.5327,41.2995,37.3248,-0.4792,-0.8047
477,90,180,348,173,374,109.80539984072162,330.55256768024054,109.4489275457073,357.39334073258834,0.7787,4,59,1,4,5000,100,71.0,16.0,39.0,0.35,0.35,0.3,0.1,4.3178,0.039,3.0683,343.4493,-2.894,-8.1182
477,89,409,284,418,307,64.6538240580533,273.3093485411723,64.98310652189998,297.95301643044326,0.7478,4,59,1,4,5000,100,71.0,16.0,39.0,0.35,0.35,0.3,0.1,4.7742,0.0431,3.3876,285.0996,3.0433,-6.4748
477,53,219,274,214,294,107.11971556194725,247.98790293076797,106.88314589048967,268.57587382339466,0.8744,4,59,1,4,5000,100,71.0,16.0,39.0,0.35,0.35,0.3,0.1,4.4108,0.0399,3.1333,257.8716,-1.8916,-6.1884
477,77,284,59,247,103,109.98310652189998,23.40939982143925,124.28687697720898,79.88116173416608,0.2887,4,59,1,4,5000,100,71.0,16.0,39.0,0.35,0.35,0.3,0.1,60.5058,0.5467,42.3822,36.208,-0.4688,-0.7783
478,90,182,350,174,377,109.36339781718272,331.7664841420845,109.13978225865313,359.89442896493966,0.8443,4,59,1,4,5000,100,71.0,16.0,39.0,0.35,0.35,0.3,0.1,4.5006,0.0407,3.1962,345.2585,-2.856,-8.1797
478,89,407,283,415,306,64.94486685270805,271.55294143131647,65.427795227816,295.78708558691335,0.6696,4,59,1,4,5000,100,71.0,16.0,39.0,0.35,0.35,0.3,0.1,4.7273,0.0427,3.3548,283.1524,2.9808,-6.45
478,53,219,272,215,293,107.25679552799372,246.07722365143832,106.74030175438486,267.329384841996,0.7724,4,59,1,4,5000,100,71.0,16.0,39.0,0.35,0.35,0.3,0.1,4.5811,0.0414,3.2525,256.2634,-1.8789,-6.1501
478,77,284,59,246,102,109.98310652189998,23.40939982143925,125.28674897505974,79.63039620647382,0.2625,4,59,1,4,5000,100,71.0,16.0,39.0,0.35,0.35,0.3,0.1,60.3837,0.5456,42.2967,36.1821,-0.4788,-0.7714
479,90,183,352,176,379,109.08724450519765,333.325666578498,108.73597466701838,361.13709308239163,0.7813,4,59,1,4,5000,100,71.0,16.0,39.0,0.35,0.35,0.3,0.1,4.432,0.04,3.1482,346.6745,-2.8186,-8.2302
479,89,405,282,413,305,65.23969136961831,269.80363229578654,65.70117916630906,294.0493155917898,0.6781,4,59,1,4,5000,100,71.0,16.0,39.0,0.35,0.35,0.3,0.1,4.7588,0.043,3.3768,281.4052,2.9306,-6.4248
479,53,219,271,215,291,107.32613669516209,245.12241839538055,106.8646592331322,265.41476974727686,0.7764,4,59,1,4,5000,100,71.0,16.0,39.0,0.35,0.35,0.3,0.1,4.3988,0.0397,3.1249,254.8653,-1.8791,-6.1133
479,77,282,46,245,102,138.01278750418336,13.45362404707371,125.86982351772133,80.2122185206219,0.3731,4,59,1,4,5000,100,71.0,16.0,39.0,0.35,0.35,0.3,0.1,78.8774,0.7127,55.2364,23.0424,-0.3529,-0.4581
480,90,185,355,178,382,108.59695342279834,335.5190009522561,108.2853518273195,363.3469416411813,0.7837,4,59,1,4,5000,100,71.0,16.0,39.0,0.35,0.35,0.3,0.1,4.4067,0.0398,3.1305,348.8789,-2.7685,-8.3055
480,89,403,281,412,304,65.53835587790621,268.06156009394556,65.7990284088415,292.72683512107324,0.7892,4,59,1,4,5000,100,71.0,16.0,39.0,0.35,0.35,0.3,0.1,4.8676,0.044,3.4529,279.8518,2.8928,-6.3992
480,53,219,270,215,290,107.39602006938087,244.1679749680535,106.92751306414705,264.45793616376875,0.775,4,59,1,4,5000,100,71.0,16.0,39.0,0.35,0.35,0.3,0.1,4.4148,0.0399,3.1361,253.9083,-1.8791,-6.0882
480,77,282,46,245,102,138.01278750418336,13.45362404707371,125.86982351772133,80.2122185206219,0.3713,4,59,1,4,5000,100,71.0,16.0,39.0,0.35,0.35,0.3,0.1,78.8774,0.7127,55.2364,23.0424,-0.3529,-0.4581
481,90,187,356,180,383,108.21914653073412,335.83626963149766,107.93673721030838,363.6756796927724,0.7663,4,59,1,4,5000,100,71.0,16.0,39.0,0.35,0.35,0.3,0.1,4.4044,0.0398,3.1289,349.202,-2.7184,-8.3306
481,89,404,282,413,306,65.4328286793987,269.386339668514,65.78111165824875,294.96101437308624,0.754,4,59,1,4,5000,100,71.0,16.0,39.0,0.35,0.35,0.3,0.1,5.0152,0.0453,3.5562,281.5942,2.9175,-6.436
481,53,219,269,215,289,107.4664518248358,243.21389762922678,106.99082329198617,263.50142314606194,0.7677,4,59,1,4,5000,100,71.0,16.0,39.0,0.35,0.35,0.3,0.1,4.4309,0.04,3.1474,252.9515,-1.8791,-6.0631
481,77,282,46,244,103,138.01278750418336,13.45362404707371,126.02737338510362,81.60882305241266,0.3759,4,59,1,4,5000,100,71.0,16.0,39.0,0.35,0.35,0.3,0.1,79.3444,0.717,55.5632,23.0992,-0.3546,-0.4585
482,90,189,358,182,385,107.78999543259832,337.12015662075146,107.54132628848318,364.97123174299645,0.7608,4,59,1,4,5000,100,71.0,16.0,39.0,0.35,0.35,0.3,0.1,4.3901,0.0397,3.1189,350.4933,-2.6683,-8.3808
482,89,406,284,415,306,65.22485943116808,272.03860020225073,65.427795227816,295.78708558691335,0.8005,4,59,1,4,5000,100,71.0,16.0,39.0,0.35,0.35,0.3,0.1,4.6286,0.0418,3.2857,283.4162,2.9685,-6.463
482,53,220,267,216,287,107.38238888122791,241.00622398602076,106.90927181054079,261.29676614914314,0.7788,4,59,1,4,5000,100,71.0,16.0,39.0,0.35,0.35,0.3,0.1,4.4705,0.0404,3.1751,250.7417,-1.8539,-6.0128
482,77,282,46,244,102,138.01278750418336,13.45362404707371,126.44444175658711,80.80222769206304,0.3853,4,59,1,4,5000,100,71.0,16.0,39.0,0.35,0.35,0.3,0.1,79.0764,0.7145,55.3757,23.0666,-0.3571,-0.4556
483,90,191,358,184,386,107.46575177254782,336.51448705813544,107.19497405660933,365.32861919099633,0.761,4,59,1,4,5000,100,71.0,16.0,39.0,0.35,0.35,0.3,0.1,4.5435,0.0411,3.2262,350.3301,-2.6179,-8.3924
483,89,407,286,416,308,65.21026921515723,274.2735860413831,65.41284584665304,298.02181128232877,0.7885,4,59,1,4,5000,100,71.0,16.0,39.0,0.35,0.35,0.3,0.1,4.5924,0.0415,3.2604,285.655,2.9936,-6.5132
483,53,220,266,216,286,107.453694132294,240.05207768315609,106.97328376819331,260.3401620956705,0.7622,4,59,1,4,5000,100,71.0,16.0,39.0,0.35,0.35,0.3,0.1,4.487,0.0405,3.1867,249.7848,-1.8539,-5.9877
483,77,282,46,244,102,138.01278750418336,13.45362404707371,126.44444175658711,80.80222769206304,0.3874,4,59,1,4,5000,100,71.0,16.0,39.0,0.35,0.35,0.3,0.1,79.0764,0.7145,55.3757,23.0666,-0.3571,-0.4556
484,92,427,451,433,476,71.93952806380082,435.454934522506,72.19378620794129,461.0878441251732,0.4372,5,59,1,4,5000,100,71.0,16.0,39.0,0.35,0.35,0.3,0.1,3.1641,0.0286,2.2611,447.905,3.4602,-10.6939
484,90,194,359,187,386,106.92751306414705,336.5828278447966,106.74441829520843,364.45301480437774,0.7737,5,59,1,4,5000,100,71.0,16.0,39.0,0.35,0.35,0.3,0.1,4.3997,0.0398,3.1256,349.9639,-2.543,-8.4058
484,89,408,289,416,311,65.2825590889166,277.41665415039523,65.65064465951123,300.7523898491914,0.692,5,59,1,4,5000,100,71.0,16.0,39.0,0.35,0.35,0.3,0.1,4.4668,0.0404,3.1725,288.6136,3.0064,-6.589
484,53,220,265,216,285,107.52556837372288,239.0983061420553,107.03776779562564,259.3838853899756,0.777,5,59,1,4,5000,100,71.0,16.0,39.0,0.35,0.35,0.3,0.1,4.5036,0.0407,3.1983,248.8283,-1.8539,-5.9626
484,77,282,46,243,102,138.01278750418336,13.45362404707371,127.01067323360311,81.40024569987489,0.4029,5,59,1,4,5000,100,71.0,16.0,39.0,0.35,0.35,0.3,0.1,79.2756,0.7163,55.515,23.0909,-0.3612,-0.4531
485,92,427,453,434,476,72.02075637218971,437.3568337181894,72.07555523674597,461.39462502287563,0.6704,5,59,1,4,5000,100,71.0,16.0,39.0,0.35,0.35,0.3,0.1,2.9599,0.0267,2.1182,449.0543,3.473,-10.7201
485,90,197,360,191,387,106.38954033403479,336.68085778671764,106.09662875355079,364.28148456928193,0.694,5,59,1,4,5000,100,71.0,16.0,39.0,0.35,0.35,0.3,0.1,4.3576,0.0394,3.0961,349.9378,-2.4554,-8.4311
485,89,408,290,416,313,65.36863774797366,278.32534918688236,65.80679101271123,302.5756103852391,0.702,5,59,1,4,5000,100,71.0,16.0,39.0,0.35,0.35,0.3,0.1,4.62,0.0417,3.2797,289.9443,3.0061,-6.6259
485,53,220,264,216,284,107.5980182143666,238.14491386548653,107.10272896905236,258.42793966597344,0.7663,5,59,1,4,5000,100,71.0,16.0,39.0,0.35,0.35,0.3,0.1,4.5204,0.0408,3.21,247.8722,-1.8539,-5.9374
485,77,282,46,243,102,138.01278750418336,13.45362404707371,127.01067323360311,81.40024569987489,0.4027,5,59,1,4,5000,100,71.0,16.0,39.0,0.35,0.35,0.3,0.1,79.2756,0.7163,55.515,23.0909,-0.3612,-0.4531
486,90,200,360,194,387,105.89852819807305,335.8466912149054,105.64224645720874,363.4611396009208,0.7095,4,59,1,4,5000,100,71.0,16.0,39.0,0.35,0.35,0.3,0.1,4.3701,0.0395,3.1049,349.1087,-2.3802,-8.431
486,89,407,291,415,314,65.64107896468046,278.8207309365643,66.05670559070478,303.08084729985825,0.7336,4,59,1,4,5000,100,71.0,16.0,39.0,0.35,0.35,0.3,0.1,4.6139,0.0417,3.2755,290.4451,2.981,-6.6509
486,53,221,264,217,283,107.36839528544908,237.84448700779257,106.9553130520252,257.1789260417735,0.8074,4,59,1,4,5000,100,71.0,16.0,39.0,0.35,0.35,0.3,0.1,4.3225,0.0391,3.0715,247.1341,-1.8291,-5.9257
486,77,282,46,243,102,138.01278750418336,13.45362404707371,127.01067323360311,81.40024569987489,0.3996,4,59,1,4,5000,100,71.0,16.0,39.0,0.35,0.35,0.3,0.1,79.2756,0.7163,55.515,23.0909,-0.3612,-0.4531
487,90,202,359,197,387,105.61584287404872,334.3411431457397,105.18583726220133,362.6637561157718,0.6356,4,59,1,4,5000,100,71.0,16.0,39.0,0.35,0.35,0.3,0.1,4.497,0.0406,3.1937,347.927,-2.3174,-8.4178
487,89,405,293,413,316,66.18303700297577,279.8303057211638,66.55401992047884,304.108533257454,0.7381,4,59,1,4,5000,100,71.0,16.0,39.0,0.35,0.35,0.3,0.1,4.6013,0.0416,3.2666,291.4647,2.9309,-6.7011
487,53,221,264,217,284,107.36839528544908,237.84448700779257,106.89058378823408,258.13562326807977,0.7949,4,59,1,4,5000,100,71.0,16.0,39.0,0.35,0.35,0.3,0.1,4.5276,0.0409,3.2151,247.575,-1.8288,-5.9374
487,77,282,46,243,102,138.01278750418336,13.45362404707371,127.01067323360311,81.40024569987489,0.4005,4,59,1,4,5000,100,71.0,16.0,39.0,0.35,0.35,0.3,0.1,79.2756,0.7163,55.515,23.0909,-0.3612,-0.4531
488,90,206,359,199,386,104.9535647531895,333.2866633995426,104.92119856231704,361.178626167164,0.901,4,59,1,4,5000,100,71.0,16.0,39.0,0.35,0.35,0.3,0.1,4.4448,0.0402,3.1572,346.6725,-2.2423,-8.4055
488,89,403,295,411,318,66.72105080199731,280.86473612755304,67.04794746356039,305.15897496223175,0.7797,4,59,1,4,5000,100,71.0,16.0,39.0,0.35,0.35,0.3,0.1,4.5879,0.0415,3.2573,292.5083,2.8809,-6.7513
488,53,222,265,218,284,107.0674048184644,238.5036687348855,106.67796051301382,257.84685377176896,0.8183,4,59,1,4,5000,100,71.0,16.0,39.0,0.35,0.35,0.3,0.1,4.3129,0.039,3.0648,247.7984,-1.804,-5.9508
488,77,282,46,242,102,138.01278750418336,13.45362404707371,127.56859202882748,82.00609733428362,0.415,4,59,1,4,5000,100,71.0,16.0,39.0,0.35,0.35,0.3,0.1,79.4748,0.7181,55.6545,23.1151,-0.3653,-0.4506
489,90,208,358,202,385,104.6644614884111,331.80867981413627,104.50016676655257,359.4495792180038,0.8255,4,59,1,4,5000,100,71.0,16.0,39.0,0.35,0.35,0.3,0.1,4.4253,0.04,3.1435,345.0765,-2.1797,-8.3806
489,89,402,297,410,320,67.06789956241022,282.3118842698621,67.36576079749119,306.6153942645411,0.7828,4,59,1,4,5000,100,71.0,16.0,39.0,0.35,0.35,0.3,0.1,4.567,0.0413,3.2427,293.9622,2.8559,-6.8015
489,53,223,265,220,285,106.83747262567638,238.2120903732638,106.18920625702695,258.2401982651036,0.715,4,59,1,4,5000,100,71.0,16.0,39.0,0.35,0.35,0.3,0.1,4.4647,0.0403,3.171,247.8222,-1.7663,-5.9628
489,77,282,46,242,102,138.01278750418336,13.45362404707371,127.56859202882748,82.00609733428362,0.415,4,59,1,4,5000,100,71.0,16.0,39.0,0.35,0.35,0.3,0.1,79.4748,0.7181,55.6545,23.1151,-0.3653,-0.4506
490,90,211,356,205,384,104.24735444886838,329.1230772826482,104.07508805825506,357.7401291440478,0.8282,4,59,1,4,5000,100,71.0,16.0,39.0,0.35,0.35,0.3,0.1,4.6109,0.0417,3.2733,342.8355,-2.1042,-8.3418
490,89,401,298,409,322,67.33338843776335,282.8462479864281,67.68055960702492,308.0811581385658,0.7385,4,59,1,4,5000,100,71.0,16.0,39.0,0.35,0.35,0.3,0.1,4.726,0.0427,3.3539,294.9249,2.8305,-6.8382
490,53,225,264,222,285,106.44418579148878,236.68122020980033,105.76214776397256,257.68973592287296,0.7158,4,59,1,4,5000,100,71.0,16.0,39.0,0.35,0.35,0.3,0.1,4.7029,0.0425,3.3377,246.7391,-1.7159,-5.9492
490,77,282,46,242,102,138.01278750418336,13.45362404707371,127.56859202882748,82.00609733428362,0.416,4,59,1,4,5000,100,71.0,16.0,39.0,0.35,0.35,0.3,0.1,79.4748,0.7181,55.6545,23.1151,-0.3653,-0.4506
491,90,213,355,207,382,103.95142372305925,327.6659884699662,103.84069549165562,355.31676008879737,0.8767,5,59,1,4,5000,100,71.0,16.0,39.0,0.35,0.35,0.3,0.1,4.4805,0.0405,3.1821,340.9316,-2.0543,-8.3051
491,89,400,300,409,324,67.674672449511,284.31144894288025,67.82097250935237,309.932250661334,0.8651,5,59,1,4,5000,100,71.0,16.0,39.0,0.35,0.35,0.3,0.1,4.7715,0.0431,3.3857,296.5695,2.8178,-6.8881
491,53,228,265,224,285,105.67952412241925,236.81216184985095,105.33328479305356,257.1536505671269,0.8302,5,59,1,4,5000,100,71.0,16.0,39.0,0.35,0.35,0.3,0.1,4.5573,0.0412,3.2359,246.5641,-1.6534,-5.9623
491,93,157,220,148,238,126.41637851988607,227.40712389896672,125.61848983925177,247.25897354797863,0.6324,5,59,1,4,5000,100,71.0,16.0,39.0,0.35,0.35,0.3,0.1,4.6285,0.0418,3.2857,236.9179,-3.4946,-4.8098
491,77,282,46,242,102,138.01278750418336,13.45362404707371,127.56859202882748,82.00609733428362,0.4158,5,59,1,4,5000,100,71.0,16.0,39.0,0.35,0.35,0.3,0.1,79.4748,0.7181,55.6545,23.1151,-0.3653,-0.4506
492,90,214,352,209,380,103.90777780985471,324.5134820003631,103.60308775140955,352.8994190984168,0.7875,5,59,1,4,5000,100,71.0,16.0,39.0,0.35,0.35,0.3,0.1,4.6374,0.0419,3.2919,338.1117,-2.0165,-8.2415
492,89,400,302,408,326,67.82678665074043,286.16254122438875,68.13025926457364,311.4113035841827,0.7745,5,59,1,4,5000,100,71.0,16.0,39.0,0.35,0.35,0.3,0.1,4.676,0.0423,3.3189,298.2535,2.8055,-6.9387
492,53,229,265,226,286,105.44631636769256,236.54386485385749,104.84545208208382,257.59852484049674,0.7362,5,59,1,4,5000,100,71.0,16.0,39.0,0.35,0.35,0.3,0.1,4.7154,0.0426,3.3465,246.6226,-1.6157,-5.9742
492,77,282,46,242,102,138.01278750418336,13.45362404707371,127.56859202882748,82.00609733428362,0.4128,5,59,1,4,5000,100,71.0,16.0,39.0,0.35,0.35,0.3,0.1,79.4748,0.7181,55.6545,23.1151,-0.3653,-0.4506
492,94,435,47,440,47,4.000185760513104,143.34922392534952,3.865461169851747,148.33745312630927,0.7451,5,59,1,4,5000,100,71.0,16.0,39.0,0.35,0.35,0.3,0.1,1.8926,0.0171,1.3714,145.8007,3.6501,-0.2509
493,90,215,351,210,378,103.77834972789124,323.3032632065442,103.52115006054728,350.7206865869192,0.8312,5,59,1,4,5000,100,71.0,16.0,39.0,0.35,0.35,0.3,0.1,4.5017,0.0407,3.197,336.4543,-1.9917,-8.2047
493,89,400,304,407,328,67.97694450318875,288.01562457616774,68.43661315421792,312.8993448379207,0.7071,5,59,1,4,5000,100,71.0,16.0,39.0,0.35,0.35,0.3,0.1,4.5828,0.0414,3.2537,299.9423,2.7932,-6.9893
493,53,230,267,227,287,105.08635400846512,238.20999139414786,104.57421619803874,258.3118270617898,0.7521,5,59,1,4,5000,100,71.0,16.0,39.0,0.35,0.35,0.3,0.1,4.4805,0.0405,3.1821,247.854,-1.5909,-6.0128
493,77,282,45,241,102,141.34019174590992,12.806248474865697,128.11827636936306,82.61961026293939,0.3464,5,59,1,4,5000,100,71.0,16.0,39.0,0.35,0.35,0.3,0.1,80.9653,0.7316,56.6973,22.1753,-0.3568,-0.427
493,94,434,47,440,47,4.028263666485141,142.35167719419397,3.865461169851747,148.33745312630927,0.6413,5,59,1,4,5000,100,71.0,16.0,39.0,0.35,0.35,0.3,0.1,2.2789,0.0206,1.6417,145.2829,3.6371,-0.2508
494,90,215,348,211,376,103.90612458598947,320.3903868720159,103.43818815835066,348.54268031332975,0.6763,4,59,1,4,5000,100,71.0,16.0,39.0,0.35,0.35,0.3,0.1,4.6576,0.0421,3.306,333.8741,-1.9789,-8.1412
494,89,399,306,407,330,68.30884524512679,289.4995682207488,68.57041631127126,314.76022620401073,0.796,4,59,1,4,5000,100,71.0,16.0,39.0,0.35,0.35,0.3,0.1,4.6264,0.0418,3.2842,301.6019,2.7806,-7.0391
494,53,231,268,227,288,104.79238751959338,238.91839611047115,104.51861000917607,259.27977167530827,0.8427,4,59,1,4,5000,100,71.0,16.0,39.0,0.35,0.35,0.3,0.1,4.5231,0.0409,3.2119,248.683,-1.5783,-6.0376
494,77,282,45,241,102,141.34019174590992,12.806248474865697,128.11827636936306,82.61961026293939,0.3479,4,59,1,4,5000,100,71.0,16.0,39.0,0.35,0.35,0.3,0.1,80.9653,0.7316,56.6973,22.1753,-0.3568,-0.427
495,90,216,346,211,373,103.81789170673589,318.20905078265764,103.55376409773166,345.6255198911099,0.7933,4,59,1,4,5000,100,71.0,16.0,39.0,0.35,0.35,0.3,0.1,4.5707,0.0413,3.2452,331.3511,-1.9665,-8.0791
495,89,399,308,407,332,68.45421052358722,291.35888522576414,68.70264595096624,316.62280397975127,0.8044,4,59,1,4,5000,100,71.0,16.0,39.0,0.35,0.35,0.3,0.1,4.5987,0.0416,3.2648,303.4659,2.7806,-7.0894
495,53,231,269,227,290,104.73140587091731,239.88538930080756,104.40863419135509,261.21638539724114,0.8373,4,59,1,4,5000,100,71.0,16.0,39.0,0.35,0.35,0.3,0.1,4.711,0.0426,3.3434,250.0969,-1.5781,-6.0743
495,77,283,58,241,102,113.19859051364818,22.847319317591726,128.11827636936306,82.61961026293939,0.2742,4,59,1,4,5000,100,71.0,16.0,39.0,0.35,0.35,0.3,0.1,62.7206,0.5667,43.9318,35.7958,-0.514,-0.7367
496,90,216,343,211,370,103.9480961843736,315.2966856787429,103.67130713219584,342.70978976387585,0.7764,3,59,1,4,5000,100,71.0,16.0,39.0,0.35,0.35,0.3,0.1,4.6106,0.0417,3.2731,328.4322,-1.9665,-8.0037
496,89,400,310,408,334,68.41603075823042,293.58644382872995,68.66575599847522,318.8494942759044,0.8143,3,59,1,4,5000,100,71.0,16.0,39.0,0.35,0.35,0.3,0.1,4.5651,0.0413,3.2413,305.6969,2.8058,-7.1397
496,53,231,271,228,291,104.61090603822542,241.82018112638985,104.14234664203269,261.9389241789009,0.7447,3,59,1,4,5000,100,71.0,16.0,39.0,0.35,0.35,0.3,0.1,4.4198,0.0399,3.1397,251.4778,-1.5659,-6.1132
497,90,216,340,211,367,104.08072775985241,312.385979198811,103.79086689736098,339.79552675101536,0.7894,3,59,1,4,5000,100,71.0,16.0,39.0,0.35,0.35,0.3,0.1,4.6511,0.042,3.3015,325.5148,-1.9664,-7.9283
497,89,400,311,408,336,68.48759577765362,294.5165530152762,68.7957455156856,320.71326757713035,0.7701,3,59,1,4,5000,100,71.0,16.0,39.0,0.35,0.35,0.3,0.1,4.7123,0.0426,3.3443,307.0572,2.8055,-7.1765
497,53,231,271,227,292,104.61090603822542,241.82018112638985,104.30027744918559,263.1539473388153,0.8115,3,59,1,4,5000,100,71.0,16.0,39.0,0.35,0.35,0.3,0.1,4.6755,0.0422,3.3185,252.0364,-1.5781,-6.1246
498,90,215,338,210,365,104.34933204294714,310.69277429641005,104.03624346792648,338.09466130064817,0.7746,3,59,1,4,5000,100,71.0,16.0,39.0,0.35,0.35,0.3,0.1,4.6742,0.0422,3.3176,323.8151,-1.9914,-7.878
498,89,401,313,409,338,68.44957167215804,296.7439974119106,68.75868092528974,322.93962283993585,0.7963,3,59,1,4,5000,100,71.0,16.0,39.0,0.35,0.35,0.3,0.1,4.6783,0.0423,3.3205,309.2881,2.8306,-7.2267
498,53,231,273,227,293,104.49231964210487,243.75602556654883,104.24669533879566,264.1230773711377,0.8487,3,59,1,4,5000,100,71.0,16.0,39.0,0.35,0.35,0.3,0.1,4.4381,0.0401,3.1524,253.5312,-1.5784,-6.1632
499,90,214,336,209,362,104.62087398863166,309.00647242412253,104.32624132166376,335.431065943511,0.774,3,59,1,4,5000,100,71.0,16.0,39.0,0.35,0.35,0.3,0.1,4.5379,0.041,3.2223,321.677,-2.0167,-7.8162
499,89,402,315,410,339,68.41211416930267,298.97157055479374,68.6579969987627,324.2344830520036,0.817,3,59,1,4,5000,100,71.0,16.0,39.0,0.35,0.35,0.3,0.1,4.4862,0.0405,3.1861,311.091,2.856,-7.2653
499,53,231,274,227,295,104.4337301104455,244.72433471152803,104.14070238503054,266.0620228442985,0.8374,3,59,1,4,5000,100,71.0,16.0,39.0,0.35,0.35,0.3,0.1,4.6231,0.0418,3.2819,254.9475,-1.5782,-6.2
500,90,227,296,209,360,104.08828321702529,267.0318333083155,104.41126503275706,333.4936281250363,0.7038,3,59,1,4,5000,100,71.0,16.0,39.0,0.35,0.35,0.3,0.1,12.2481,0.1107,8.6169,296.585,-1.8342,-7.213
500,89,402,317,410,341,68.55226367289465,300.83217912982644,68.78588431300591,326.0981447355995,0.8216,3,59,1,4,5000,100,71.0,16.0,39.0,0.35,0.35,0.3,0.1,4.4601,0.0403,3.1678,312.956,2.8561,-7.3156
500,53,230,275,213,333,104.60127228583394,245.94308284641795,104.9434642300023,306.360898288277,0.7704,3,59,1,4,5000,100,71.0,16.0,39.0,0.35,0.35,0.3,0.1,12.1064,0.1094,8.5178,272.8474,-1.748,-6.62
501,90,212,331,207,358,105.22213322626843,304.69000639994744,104.83138585094245,332.06324698767855,0.6932,3,59,1,4,5000,100,71.0,16.0,39.0,0.35,0.35,0.3,0.1,4.7575,0.043,3.3759,317.7883,-2.0664,-7.7022
501,89,403,318,411,343,68.4450981853946,302.12911147388627,68.74949449286676,328.3245345690754,0.7747,3,59,1,4,5000,100,71.0,16.0,39.0,0.35,0.35,0.3,0.1,4.5983,0.0416,3.2645,314.6826,2.8808,-7.3524
501,53,230,276,226,298,104.54277449089449,246.9109151090733,104.19109654902398,269.21552704106796,0.8143,3,59,1,4,5000,100,71.0,16.0,39.0,0.35,0.35,0.3,0.1,4.7826,0.0432,3.3935,257.5813,-1.603,-6.2618
502,90,210,330,205,356,105.63499290875868,304.2581141070851,105.25511870305779,330.65087327875,0.6656,3,59,1,4,5000,100,71.0,16.0,39.0,0.35,0.35,0.3,0.1,4.6004,0.0416,3.266,316.9059,-2.1168,-7.6656
502,89,404,320,412,345,68.40833617650557,304.35669862843497,68.71359488634091,330.5510550580651,0.7472,3,59,1,4,5000,100,71.0,16.0,39.0,0.35,0.35,0.3,0.1,4.5659,0.0413,3.2418,316.9135,2.906,-7.4027
502,53,229,278,225,299,104.64990410581296,249.09837414162303,104.34455858802916,270.4311372604863,0.807,3,59,1,4,5000,100,71.0,16.0,39.0,0.35,0.35,0.3,0.1,4.5443,0.0411,3.2267,259.3268,-1.6284,-6.3005
503,90,208,328,204,354,106.10130239915843,302.8811648155098,105.51478854654152,328.9878417206326,0.5179,4,59,1,4,5000,100,71.0,16.0,39.0,0.35,0.35,0.3,0.1,4.5725,0.0413,3.2465,315.3952,-2.1544,-7.6157
503,89,405,321,414,346,68.30301769968123,305.6550343115585,68.45480246494157,332.2122815309512,0.866,4,59,1,4,5000,100,71.0,16.0,39.0,0.35,0.35,0.3,0.1,4.6076,0.0416,3.2711,318.3808,2.9434,-7.4275
503,53,228,279,224,300,104.81346411880467,250.3197954617253,104.49664607222782,271.64867016055865,0.8256,4,59,1,4,5000,100,71.0,16.0,39.0,0.35,0.35,0.3,0.1,4.5222,0.0409,3.2113,260.5485,-1.6535,-6.3257
503,94,434,55,441,54,7.224315694045337,143.13629868066312,6.508956440502567,149.96666296213968,0.3746,4,59,1,4,5000,100,71.0,16.0,39.0,0.35,0.35,0.3,0.1,2.579,0.0233,1.8517,146.4719,3.6493,-0.4389
504,89,407,323,416,347,68.09504403689685,308.25476476447204,68.19859051364818,333.88021804233927,0.8719,2,59,1,4,5000,100,71.0,16.0,39.0,0.35,0.35,0.3,0.1,4.4164,0.0399,3.1373,320.5562,2.994,-7.4661
504,53,227,280,223,301,104.97543441366206,251.54323684011064,104.647375272363,272.8681000043794,0.8111,2,59,1,4,5000,100,71.0,16.0,39.0,0.35,0.35,0.3,0.1,4.5003,0.0407,3.196,261.7721,-1.6785,-6.3509
505,89,409,324,417,349,67.82097250935237,309.932250661334,68.16693539006619,336.1086133975147,0.7027,3,59,1,4,5000,100,71.0,16.0,39.0,0.35,0.35,0.3,0.1,4.4841,0.0405,3.1846,322.4901,3.0314,-7.5034
505,53,226,281,222,303,105.13583550374805,252.76866894455097,104.74356283647074,275.056357861439,0.7629,3,59,1,4,5000,100,71.0,16.0,39.0,0.35,0.35,0.3,0.1,4.6731,0.0422,3.3168,263.442,-1.7034,-6.3876
505,94,435,57,440,59,7.961750891008094,144.3918280236108,8.455027677177453,149.6262009141447,0.6769,3,59,1,4,5000,100,71.0,16.0,39.0,0.35,0.35,0.3,0.1,1.9702,0.0178,1.4257,146.9624,3.6501,-0.5268
506,90,201,326,196,351,107.47811453372597,302.98844862469593,107.00009445363877,328.34737702622203,0.5213,5,59,1,4,5000,100,71.0,16.0,39.0,0.35,0.35,0.3,0.1,4.4453,0.0402,3.1575,315.1586,-2.3425,-7.5537
506,89,410,325,419,350,67.71999728145768,311.2362446759696,67.91510628726117,337.78395462188547,0.7777,5,59,1,4,5000,100,71.0,16.0,39.0,0.35,0.35,0.3,0.1,4.5268,0.0409,3.2145,323.9671,3.0689,-7.5282
506,53,225,282,220,304,105.29468760527064,253.99606296161363,105.09157267859489,276.5375200583096,0.8752,5,59,1,4,5000,100,71.0,16.0,39.0,0.35,0.35,0.3,0.1,4.7021,0.0425,3.3372,264.7879,-1.7409,-6.4125
506,77,282,45,241,102,141.34019174590992,12.806248474865697,128.11827636936306,82.61961026293939,0.348,5,59,1,4,5000,100,71.0,16.0,39.0,0.35,0.35,0.3,0.1,80.9653,0.7316,56.6973,22.1753,-0.3568,-0.427
506,94,435,57,440,59,7.961750891008094,144.3918280236108,8.455027677177453,149.6262009141447,0.4694,5,59,1,4,5000,100,71.0,16.0,39.0,0.35,0.35,0.3,0.1,1.9702,0.0178,1.4257,146.9624,3.6501,-0.5268
507,90,199,326,194,351,107.83813937169285,303.5951251255527,107.33324270771564,328.93768406797057,0.5126,4,59,1,4,5000,100,71.0,16.0,39.0,0.35,0.35,0.3,0.1,4.434,0.0401,3.1496,315.7587,-2.3927,-7.5538
507,89,412,326,421,351,67.45055755768827,312.92331328937445,67.66576766175194,339.46575674138325,0.7615,4,59,1,4,5000,100,71.0,16.0,39.0,0.35,0.35,0.3,0.1,4.5026,0.0407,3.1976,325.6546,3.119,-7.5534
507,53,223,282,219,304,105.72895307914412,254.53094114468678,105.29142781068974,276.79956647364895,0.79,4,59,1,4,5000,100,71.0,16.0,39.0,0.35,0.35,0.3,0.1,4.6383,0.0419,3.2925,265.1986,-1.7786,-6.4129
507,77,282,45,240,102,141.34019174590992,12.806248474865697,128.6598082540901,83.24061508662703,0.3607,4,59,1,4,5000,100,71.0,16.0,39.0,0.35,0.35,0.3,0.1,81.1574,0.7333,56.8317,22.1975,-0.3606,-0.4246
508,90,196,326,191,351,108.37545166932003,304.5275028630419,107.83070125937411,329.84390247509504,0.4616,4,59,1,4,5000,100,71.0,16.0,39.0,0.35,0.35,0.3,0.1,4.4166,0.0399,3.1374,316.6805,-2.4679,-7.5539
508,89,414,327,423,352,67.18401334526997,314.6172277546161,67.41889205586546,341.1539242043099,0.7243,4,59,1,4,5000,100,71.0,16.0,39.0,0.35,0.35,0.3,0.1,4.4784,0.0405,3.1806,327.3487,3.1692,-7.5786
508,53,221,282,217,304,106.16137250672043,255.08037948850554,105.68999292908387,277.33373397406956,0.7758,4,59,1,4,5000,100,71.0,16.0,39.0,0.35,0.35,0.3,0.1,4.6256,0.0418,3.2837,265.742,-1.8287,-6.4129
508,77,282,45,240,101,141.34019174590992,12.806248474865697,129.0938588862295,82.46211251235322,0.3688,4,59,1,4,5000,100,71.0,16.0,39.0,0.35,0.35,0.3,0.1,80.9162,0.7312,56.663,22.1696,-0.363,-0.4216
509,90,194,327,187,353,108.67170689482913,306.11109094575454,108.38053689292327,332.9879877713309,0.7085,4,59,1,4,5000,100,71.0,16.0,39.0,0.35,0.35,0.3,0.1,4.6541,0.0421,3.3036,318.9844,-2.5426,-7.5901
509,89,416,327,425,352,66.84911620264845,315.39816105995294,67.10944834375167,341.9268927709548,0.725,4,59,1,4,5000,100,71.0,16.0,39.0,0.35,0.35,0.3,0.1,4.4665,0.0404,3.1723,328.1272,3.2193,-7.5786
509,53,219,282,214,303,106.59190869167988,255.64428411368795,106.34288254344187,277.2002886001384,0.8795,4,59,1,4,5000,100,71.0,16.0,39.0,0.35,0.35,0.3,0.1,4.4771,0.0405,3.1797,265.9863,-1.8915,-6.4011
509,77,282,45,239,101,141.34019174590992,12.806248474865697,129.6290053044643,83.09632964216891,0.3838,4,59,1,4,5000,100,71.0,16.0,39.0,0.35,0.35,0.3,0.1,81.113,0.7329,56.8007,22.1924,-0.3667,-0.4191
510,90,191,329,184,355,109.08001222670467,308.97410894765926,108.75865034784223,335.8392472597567,0.7481,4,59,1,4,5000,100,71.0,16.0,39.0,0.35,0.35,0.3,0.1,4.6109,0.0417,3.2733,321.847,-2.6178,-7.6404
510,89,419,328,428,353,66.42228661919376,317.5059054568907,66.71393508177644,344.02325502791234,0.6601,4,59,1,4,5000,100,71.0,16.0,39.0,0.35,0.35,0.3,0.1,4.4362,0.0401,3.1511,330.2331,3.2946,-7.6038
510,53,217,282,212,303,107.02052561151986,256.2225595063791,106.73875855842765,277.76968877111125,0.8227,4,59,1,4,5000,100,71.0,16.0,39.0,0.35,0.35,0.3,0.1,4.4656,0.0404,3.1717,266.5614,-1.9416,-6.4011
510,77,282,45,239,101,141.34019174590992,12.806248474865697,129.6290053044643,83.09632964216891,0.3832,4,59,1,4,5000,100,71.0,16.0,39.0,0.35,0.35,0.3,0.1,81.113,0.7329,56.8007,22.1924,-0.3667,-0.4191
511,90,190,331,182,357,109.13364320590549,311.19125951735856,108.97040780848656,338.3784863137726,0.8596,4,59,1,4,5000,100,71.0,16.0,39.0,0.35,0.35,0.3,0.1,4.632,0.0419,3.2881,324.2159,-2.6553,-7.6904
511,89,421,329,431,353,66.16507775375293,319.22562553780045,66.25658205600357,345.2202195700594,0.7745,4,59,1,4,5000,100,71.0,16.0,39.0,0.35,0.35,0.3,0.1,4.3296,0.0391,3.0765,331.7144,3.3575,-7.6169
511,53,216,281,211,301,107.30052719194501,255.5621255194126,107.05696557661706,276.14670014323906,0.8429,4,59,1,4,5000,100,71.0,16.0,39.0,0.35,0.35,0.3,0.1,4.2844,0.0387,3.0449,265.456,-1.9669,-6.3644
511,77,282,45,239,101,141.34019174590992,12.806248474865697,129.6290053044643,83.09632964216891,0.3841,4,59,1,4,5000,100,71.0,16.0,39.0,0.35,0.35,0.3,0.1,81.113,0.7329,56.8007,22.1924,-0.3667,-0.4191
512,90,189,332,182,358,109.24677800545861,312.464397971993,108.9155172509332,339.32432862970495,0.8071,4,59,1,4,5000,100,71.0,16.0,39.0,0.35,0.35,0.3,0.1,4.5606,0.0412,3.2382,325.3409,-2.668,-7.7159
512,89,421,329,433,354,66.16507775375293,319.22562553780045,66.0207431653465,346.9437994834322,0.707,4,59,1,4,5000,100,71.0,16.0,39.0,0.35,0.35,0.3,0.1,4.6048,0.0416,3.269,332.5081,3.3818,-7.6279
512,53,215,279,210,299,107.65012421993013,253.95472037353431,107.37892501692447,274.5323296080081,0.8299,4,59,1,4,5000,100,71.0,16.0,39.0,0.35,0.35,0.3,0.1,4.3091,0.0389,3.0622,263.8429,-1.992,-6.3141
512,77,282,45,238,101,141.34019174590992,12.806248474865697,130.15599962491933,83.73768566183328,0.3968,4,59,1,4,5000,100,71.0,16.0,39.0,0.35,0.35,0.3,0.1,81.3093,0.7347,56.938,22.2151,-0.3704,-0.4167
513,90,189,331,182,357,109.30740594582406,311.52046481732145,108.97040780848656,338.3784863137726,0.7858,4,59,1,4,5000,100,71.0,16.0,39.0,0.35,0.35,0.3,0.1,4.5736,0.0413,3.2472,324.3945,-2.668,-7.6908
513,89,423,328,435,354,65.76406840127385,319.1269339933563,65.7196690856149,347.76141246550054,0.7867,4,59,1,4,5000,100,71.0,16.0,39.0,0.35,0.35,0.3,0.1,4.7518,0.0429,3.372,332.8294,3.4316,-7.6145
513,53,215,277,211,299,107.78797253845246,252.04959829366916,107.17953291703492,274.23530042647684,0.7012,4,59,1,4,5000,100,71.0,16.0,39.0,0.35,0.35,0.3,0.1,4.6653,0.0422,3.3114,262.6748,-1.9789,-6.2875
513,77,282,45,238,101,141.34019174590992,12.806248474865697,130.15599962491933,83.73768566183328,0.3972,4,59,1,4,5000,100,71.0,16.0,39.0,0.35,0.35,0.3,0.1,81.3093,0.7347,56.938,22.2151,-0.3704,-0.4167
514,90,190,330,183,356,109.19417567059556,310.24667604988133,108.86492783912789,337.10829120625317,0.7692,5,59,1,4,5000,100,71.0,16.0,39.0,0.35,0.35,0.3,0.1,4.5922,0.0415,3.2602,323.1202,-2.6429,-7.6656
514,89,426,329,437,354,65.34941527737533,321.27869521647403,65.42001560927764,348.5885827160723,0.7679,5,59,1,4,5000,100,71.0,16.0,39.0,0.35,0.35,0.3,0.1,4.5119,0.0408,3.2041,334.3769,3.4948,-7.6285
514,95,529,295,544,315,47.42927332349997,350.33269901623515,47.808484877346,375.217270391436,0.7143,5,59,1,4,5000,100,71.0,16.0,39.0,0.35,0.35,0.3,0.1,3.7957,0.0343,2.703,362.3482,6.1283,-6.7173
514,53,216,276,212,297,107.64022857589845,250.79274311670184,107.10272896905236,272.02941017470886,0.7253,5,59,1,4,5000,100,71.0,16.0,39.0,0.35,0.35,0.3,0.1,4.4953,0.0406,3.1925,260.9798,-1.9541,-6.2507
514,94,437,57,447,61,7.853313301978219,146.37281168304446,8.801708323207809,156.84705926475002,0.4559,5,59,1,4,5000,100,71.0,16.0,39.0,0.35,0.35,0.3,0.1,3.8229,0.0345,2.722,151.429,3.7598,-0.5514
515,89,427,329,439,354,65.18754129954998,321.69706246716026,65.12178898156354,349.4252423623685,0.7534,5,59,1,4,5000,100,71.0,16.0,39.0,0.35,0.35,0.3,0.1,4.5724,0.0413,3.2464,334.9883,3.5322,-7.6281
515,90,191,329,184,355,109.08001222670467,308.97410894765926,108.75865034784223,335.8392472597567,0.7917,5,59,1,4,5000,100,71.0,16.0,39.0,0.35,0.35,0.3,0.1,4.6109,0.0417,3.2733,321.847,-2.6178,-7.6404
515,53,217,275,212,295,107.49099731224263,249.5375723212839,107.22748822645096,270.1184925176357,0.8385,5,59,1,4,5000,100,71.0,16.0,39.0,0.35,0.35,0.3,0.1,4.383,0.0396,3.1139,259.4205,-1.9417,-6.2136
515,77,282,45,237,100,141.34019174590992,12.806248474865697,131.1214754971523,83.6301381082203,0.418,5,59,1,4,5000,100,71.0,16.0,39.0,0.35,0.35,0.3,0.1,81.2766,0.7344,56.9151,22.2113,-0.3764,-0.4111
515,94,437,57,448,60,7.853313301978219,146.37281168304446,8.38703237865949,157.68639763784319,0.5565,5,59,1,4,5000,100,71.0,16.0,39.0,0.35,0.35,0.3,0.1,4.1178,0.0372,2.9284,151.8191,3.7715,-0.5388
516,89,430,330,441,354,64.78004454599579,323.87188825212974,64.82499507913104,350.27132340515686,0.7911,4,59,1,4,5000,100,71.0,16.0,39.0,0.35,0.35,0.3,0.1,4.3338,0.0392,3.0795,336.5547,3.5955,-7.642
516,90,192,328,185,353,108.96490494838888,307.7027786679867,108.70649076860654,333.6240399012038,0.8107,4,59,1,4,5000,100,71.0,16.0,39.0,0.35,0.35,0.3,0.1,4.473,0.0404,3.1769,320.1396,-2.593,-7.6036
516,53,217,273,213,293,107.63008021881916,247.63077353188558,107.14989891957532,267.91229908311414,0.738,4,59,1,4,5000,100,71.0,16.0,39.0,0.35,0.35,0.3,0.1,4.3537,0.0393,3.0934,257.3726,-1.9293,-6.1636
516,94,437,57,449,60,7.853313301978219,146.37281168304446,8.334364517357832,158.67577004697347,0.6089,4,59,1,4,5000,100,71.0,16.0,39.0,0.35,0.35,0.3,0.1,4.4634,0.0403,3.1702,152.2762,3.7831,-0.5387
517,89,432,329,443,354,64.38451567935783,323.82711436814554,64.52963941477505,351.1267577385694,0.7286,4,59,1,4,5000,100,71.0,16.0,39.0,0.35,0.35,0.3,0.1,4.4762,0.0404,3.1791,336.9248,3.6452,-7.6287
517,90,193,328,187,353,108.78862198216848,307.37924458232374,108.38053689292327,332.9879877713309,0.6993,4,59,1,4,5000,100,71.0,16.0,39.0,0.35,0.35,0.3,0.1,4.4257,0.04,3.1438,319.6716,-2.5555,-7.6039
517,53,217,270,213,291,107.84276547079301,244.77336456403913,107.27692787250334,266.0018796926067,0.7223,4,59,1,4,5000,100,71.0,16.0,39.0,0.35,0.35,0.3,0.1,4.5996,0.0416,3.2654,254.9465,-1.9289,-6.0999
517,94,437,57,449,59,7.853313301978219,146.37281168304446,7.976768787526628,158.5339080449353,0.6473,4,59,1,4,5000,100,71.0,16.0,39.0,0.35,0.35,0.3,0.1,4.414,0.0399,3.1356,152.2108,3.7832,-0.5261
518,89,434,330,446,355,64.14323968509103,325.59637590120684,64.16017312198127,353.3270439691816,0.7581,4,59,1,4,5000,100,71.0,16.0,39.0,0.35,0.35,0.3,0.1,4.5203,0.0408,3.2099,338.8954,3.7077,-7.6535
518,90,195,329,188,354,108.37606315042474,307.6897788357618,108.16340687723749,333.6240399012038,0.7849,4,59,1,4,5000,100,71.0,16.0,39.0,0.35,0.35,0.3,0.1,4.4754,0.0404,3.1785,320.1325,-2.5178,-7.6287
518,53,218,268,214,288,107.76266935636794,242.5633937757303,107.26299646577918,262.8402556687236,0.7472,4,59,1,4,5000,100,71.0,16.0,39.0,0.35,0.35,0.3,0.1,4.4401,0.0401,3.1538,252.2951,-1.9041,-6.038
518,94,437,56,450,59,7.465190856121426,146.23952953972466,7.926926682689598,159.52429282087414,0.5625,4,59,1,4,5000,100,71.0,16.0,39.0,0.35,0.35,0.3,0.1,4.8083,0.0434,3.4115,152.5933,3.7946,-0.5135
519,89,436,330,449,355,63.82737953226288,326.47358239220523,63.72395408692744,354.64489281533434,0.7073,5,59,1,4,5000,100,71.0,16.0,39.0,0.35,0.35,0.3,0.1,4.5773,0.0414,3.2499,339.9766,3.7702,-7.6531
519,90,197,330,191,355,107.96435752002681,308.01623333843946,107.6203717731623,333.65401241405743,0.7005,5,59,1,4,5000,100,71.0,16.0,39.0,0.35,0.35,0.3,0.1,4.4218,0.04,3.141,320.3229,-2.4553,-7.654
519,53,219,266,214,286,107.68110048985125,240.35390573069537,107.39332214691204,260.93102536877444,0.8523,5,59,1,4,5000,100,71.0,16.0,39.0,0.35,0.35,0.3,0.1,4.5428,0.041,3.2257,250.2201,-1.8914,-5.9874
519,77,282,45,236,99,141.34019174590992,12.806248474865697,132.08916217383225,83.54639429682169,0.4396,5,59,1,4,5000,100,71.0,16.0,39.0,0.35,0.35,0.3,0.1,81.251,0.7342,56.8972,22.2083,-0.3823,-0.4055
519,94,436,56,450,59,7.516441716269494,145.24806367039804,7.926926682689598,159.52429282087414,0.5808,5,59,1,4,5000,100,71.0,16.0,39.0,0.35,0.35,0.3,0.1,5.184,0.0468,3.6743,152.0518,3.7809,-0.5133
520,89,438,331,451,356,63.5910677267803,328.25599766036265,63.50683809449853,356.4295161739555,0.6971,4,59,1,4,5000,100,71.0,16.0,39.0,0.35,0.35,0.3,0.1,4.5538,0.0411,3.2334,341.7631,3.8204,-7.6783
520,90,200,330,194,356,107.43193260234699,307.1042168385188,107.0774829783914,333.7139493638227,0.7125,4,59,1,4,5000,100,71.0,16.0,39.0,0.35,0.35,0.3,0.1,4.5955,0.0415,3.2626,319.8566,-2.3798,-7.6656
520,53,219,265,215,285,107.75378934928186,239.40133667128927,107.24872582623306,259.67864756271354,0.771,4,59,1,4,5000,100,71.0,16.0,39.0,0.35,0.35,0.3,0.1,4.4964,0.0406,3.1932,249.1281,-1.879,-5.9626
520,94,436,56,450,59,7.516441716269494,145.24806367039804,7.926926682689598,159.52429282087414,0.6678,4,59,1,4,5000,100,71.0,16.0,39.0,0.35,0.35,0.3,0.1,5.184,0.0468,3.6743,152.0518,3.7809,-0.5133
521,90,204,330,197,355,106.7171827993164,305.92973049378514,106.63310194936273,331.8870289722092,0.8665,3,59,1,4,5000,100,71.0,16.0,39.0,0.35,0.35,0.3,0.1,4.5039,0.0407,3.1985,318.3802,-2.2923,-7.6536
521,53,220,264,216,283,107.5980182143666,238.14491386548653,107.168172435182,257.47232861028,0.8004,3,59,1,4,5000,100,71.0,16.0,39.0,0.35,0.35,0.3,0.1,4.3157,0.039,3.0668,247.4318,-1.8542,-5.9258
521,94,436,56,450,58,7.516441716269494,145.24806367039804,7.570888900834287,159.38946012832844,0.7693,3,59,1,4,5000,100,71.0,16.0,39.0,0.35,0.35,0.3,0.1,5.1373,0.0464,3.6417,151.9905,3.781,-0.5008
522,90,207,327,201,353,106.33604288971847,302.2002647252315,106.06506109767322,328.8419073050149,0.7925,3,59,1,4,5000,100,71.0,16.0,39.0,0.35,0.35,0.3,0.1,4.6723,0.0422,3.3163,314.9587,-2.2044,-7.59
522,53,220,262,216,282,107.74467162505692,236.23928547132036,107.23410341239507,256.51705596314645,0.7804,3,59,1,4,5000,100,71.0,16.0,39.0,0.35,0.35,0.3,0.1,4.5542,0.0412,3.2337,245.9609,-1.8538,-5.8872
522,94,436,56,449,58,7.516441716269494,145.24806367039804,7.6185464875689375,158.39823231336896,0.7509,3,59,1,4,5000,100,71.0,16.0,39.0,0.35,0.35,0.3,0.1,4.7928,0.0433,3.4006,151.5384,3.7696,-0.5009
523,90,209,325,204,350,106.07668755818533,299.7215374309961,105.70333659110405,325.13535642867265,0.7701,3,59,1,4,5000,100,71.0,16.0,39.0,0.35,0.35,0.3,0.1,4.5011,0.0407,3.1965,311.9116,-2.142,-7.5283
523,53,221,261,217,281,107.58675564169816,234.98297810692586,107.08622672886553,255.266527378738,0.7899,3,59,1,4,5000,100,71.0,16.0,39.0,0.35,0.35,0.3,0.1,4.5788,0.0414,3.2509,244.7051,-1.8288,-5.862
523,94,436,55,448,57,7.125016348901798,145.12063946937388,7.305759533310827,157.2768260107,0.7158,3,59,1,4,5000,100,71.0,16.0,39.0,0.35,0.35,0.3,0.1,4.4488,0.0402,3.1599,150.9544,3.758,-0.476
524,90,212,322,206,348,105.67952412241925,296.0152023123137,105.45757644527598,322.6716597409819,0.8165,3,59,1,4,5000,100,71.0,16.0,39.0,0.35,0.35,0.3,0.1,4.7682,0.0431,3.3834,308.7692,-2.0789,-7.4642
524,53,222,260,218,279,107.4271432534249,233.72847494475295,107.00285263875736,253.06125740618614,0.8141,3,59,1,4,5000,100,71.0,16.0,39.0,0.35,0.35,0.3,0.1,4.3952,0.0397,3.1224,243.011,-1.8039,-5.8252
524,94,436,55,447,56,7.125016348901798,145.12063946937388,6.988489729983474,156.16017418023074,0.729,3,59,1,4,5000,100,71.0,16.0,39.0,0.35,0.35,0.3,0.1,4.0551,0.0366,2.8845,150.4382,3.7465,-0.4636
525,90,213,319,207,345,105.64978240080767,292.85662020859286,105.428122178009,319.513692977312,0.8222,3,59,1,4,5000,100,71.0,16.0,39.0,0.35,0.35,0.3,0.1,4.8175,0.0435,3.4179,305.605,-2.0538,-7.3887
525,53,224,258,220,278,107.10272896905236,231.22499864850255,106.63378830719965,251.52534663528445,0.792,3,59,1,4,5000,100,71.0,16.0,39.0,0.35,0.35,0.3,0.1,4.6538,0.0421,3.3034,240.9483,-1.7535,-5.7865
525,94,436,55,447,54,7.125016348901798,145.12063946937388,6.259036305122252,155.92947123619703,0.514,3,59,1,4,5000,100,71.0,16.0,39.0,0.35,0.35,0.3,0.1,3.9734,0.0359,2.8273,150.331,3.7468,-0.4386
526,90,213,315,207,341,105.86370045317885,289.0069203323685,105.62127179816531,315.6596268134397,0.7797,2,59,1,4,5000,100,71.0,16.0,39.0,0.35,0.35,0.3,0.1,4.8781,0.0441,3.4603,301.7459,-2.0537,-7.2882
526,53,226,257,222,277,106.69924423399362,229.6867431960321,106.26020470831196,250.0,0.817,2,59,1,4,5000,100,71.0,16.0,39.0,0.35,0.35,0.3,0.1,4.6865,0.0423,3.3262,239.4133,-1.7034,-5.7613
527,90,224,276,206,337,105.88205067575026,248.4854120466632,105.99583231352291,312.0833222073874,0.7211,2,59,1,4,5000,100,71.0,16.0,39.0,0.35,0.35,0.3,0.1,12.5557,0.1135,8.8322,276.6767,-1.9074,-6.6758
527,53,227,256,212,311,106.53108100340567,228.44255295369118,106.27626294205996,285.4400112107621,0.7631,2,59,1,4,5000,100,71.0,16.0,39.0,0.35,0.35,0.3,0.1,12.2749,0.1109,8.6357,253.7803,-1.7969,-6.1096
528,90,225,275,205,334,105.72258010383804,247.25088473046966,106.32685351056502,309.48020938341114,0.6117,2,59,1,4,5000,100,71.0,16.0,39.0,0.35,0.35,0.3,0.1,12.3702,0.1118,8.7024,274.8877,-1.9081,-6.6289
528,53,229,255,209,308,106.11880874765737,226.92069099136816,107.02841541861858,283.425475213503,0.6518,2,59,1,4,5000,100,71.0,16.0,39.0,0.35,0.35,0.3,0.1,12.2531,0.1107,8.6205,252.045,-1.8095,-6.0605
529,90,207,304,202,331,107.65898119613306,280.2034974799565,107.02052561151986,307.46707140765494,0.4988,4,59,1,4,5000,100,71.0,16.0,39.0,0.35,0.35,0.3,0.1,5.1342,0.0464,3.6395,293.2029,-2.191,-7.0239
529,53,230,255,226,275,105.87594650522257,226.645097012929,105.49927537650085,246.9817807045694,0.8454,4,59,1,4,5000,100,71.0,16.0,39.0,0.35,0.35,0.3,0.1,4.7519,0.0429,3.372,236.3768,-1.6031,-5.7109
529,77,283,59,245,98,112.24902365721238,23.769728648009426,127.61395684873274,77.00649323271382,0.362,4,59,1,4,5000,100,71.0,16.0,39.0,0.35,0.35,0.3,0.1,58.4629,0.5283,40.9527,36.3265,-0.5098,-0.7557
529,96,363,18,434,18,345.01836742760906,73.49829930005184,352.37892869070294,143.26548781894402,0.3494,4,59,1,4,5000,100,71.0,16.0,39.0,0.35,0.35,0.3,0.1,35.6198,0.3219,24.9698,97.1543,2.4001,0.4282
530,90,204,301,199,327,108.43494882292202,278.2804340948174,107.78050836013418,304.54720487963766,0.479,3,59,1,4,5000,100,71.0,16.0,39.0,0.35,0.35,0.3,0.1,4.9876,0.0451,3.5369,290.8219,-2.2664,-6.9371
530,53,231,255,228,274,105.63249730305523,226.37358503146962,105.11182837778657,245.48930730278255,0.7632,3,59,1,4,5000,100,71.0,16.0,39.0,0.35,0.35,0.3,0.1,4.4833,0.0405,3.1841,235.5442,-1.5658,-5.6996
530,96,364,18,431,23,345.21727395738435,74.46475676452586,354.248597909634,139.70325694127536,0.2718,3,59,1,4,5000,100,71.0,16.0,39.0,0.35,0.35,0.3,0.1,33.7113,0.3046,23.6345,97.1477,2.4086,0.3767
531,53,233,255,229,274,105.14386490207872,225.84286572747877,104.88626684901757,245.2305038122297,0.8724,1,59,1,4,5000,100,71.0,16.0,39.0,0.35,0.35,0.3,0.1,4.5547,0.0412,3.234,235.1377,-1.5282,-5.6993
532,90,198,299,193,323,109.73690149550089,278.3522947633089,109.09349200048563,302.64996282834727,0.4972,3,59,1,4,5000,100,71.0,16.0,39.0,0.35,0.35,0.3,0.1,4.6282,0.0418,3.2855,289.9931,-2.4174,-6.8639
532,53,234,256,231,274,104.83367070569858,226.55021518418383,104.4337301104455,244.72433471152803,0.7902,3,59,1,4,5000,100,71.0,16.0,39.0,0.35,0.35,0.3,0.1,4.2678,0.0386,3.0333,235.2868,-1.4909,-5.713
532,96,367,18,433,18,345.7841465263264,77.3692445355388,352.32552048310606,142.27438279606065,0.3664,3,59,1,4,5000,100,71.0,16.0,39.0,0.35,0.35,0.3,0.1,32.703,0.2955,22.9289,100.232,2.4772,0.4358
533,53,235,256,232,275,104.58891873287463,226.29626598775332,104.14947608634519,245.446531855718,0.7686,2,59,1,4,5000,100,71.0,16.0,39.0,0.35,0.35,0.3,0.1,4.4926,0.0406,3.1906,235.4827,-1.4656,-5.7246
533,96,368,18,433,18,345.96375653207355,78.33900688673555,352.32552048310606,142.27438279606065,0.3702,2,59,1,4,5000,100,71.0,16.0,39.0,0.35,0.35,0.3,0.1,32.0727,0.2898,22.488,101.0422,2.4976,0.4374
534,90,196,299,190,323,110.12345107774296,279.03404810166086,109.62843824690405,303.6445290137795,0.6177,2,59,1,4,5000,100,71.0,16.0,39.0,0.35,0.35,0.3,0.1,4.6743,0.0422,3.3177,290.8196,-2.4799,-6.8636
534,53,236,256,232,276,104.3436213104321,226.04645540242387,104.09263693348878,246.4163143949686,0.846,2,59,1,4,5000,100,71.0,16.0,39.0,0.35,0.35,0.3,0.1,4.7714,0.0431,3.3857,235.7923,-1.4528,-5.7359
535,53,236,256,233,276,104.3436213104321,226.04645540242387,103.86689682949448,246.1747346906258,0.7446,4,59,1,4,5000,100,71.0,16.0,39.0,0.35,0.35,0.3,0.1,4.7172,0.0426,3.3478,235.6816,-1.4403,-5.7362
535,77,282,46,245,97,138.01278750418336,13.45362404707371,128.07278187399083,76.21679604916491,0.4827,4,59,1,4,5000,100,71.0,16.0,39.0,0.35,0.35,0.3,0.1,77.4608,0.6999,54.2453,22.8702,-0.3655,-0.4425
535,94,436,55,449,57,7.125016348901798,145.12063946937388,7.259724046259812,158.26875876179733,0.774,4,59,1,4,5000,100,71.0,16.0,39.0,0.35,0.35,0.3,0.1,4.7961,0.0433,3.4029,151.4098,3.7696,-0.4759
535,96,369,19,441,28,346.84245725998517,79.07591289387686,356.543380827958,149.27156460625713,0.2313,4,59,1,4,5000,100,71.0,16.0,39.0,0.35,0.35,0.3,0.1,34.0205,0.3074,23.8508,103.3844,2.576,0.3078
536,53,236,257,233,276,104.28109573597084,227.01541797860338,103.86689682949448,246.1747346906258,0.7668,4,59,1,4,5000,100,71.0,16.0,39.0,0.35,0.35,0.3,0.1,4.481,0.0405,3.1824,236.2072,-1.4406,-5.7497
536,77,282,46,245,98,138.01278750418336,13.45362404707371,127.61395684873274,77.00649323271382,0.4683,4,59,1,4,5000,100,71.0,16.0,39.0,0.35,0.35,0.3,0.1,77.7507,0.7026,54.4482,22.9055,-0.3629,-0.4457
536,94,436,55,449,57,7.125016348901798,145.12063946937388,7.259724046259812,158.26875876179733,0.7604,4,59,1,4,5000,100,71.0,16.0,39.0,0.35,0.35,0.3,0.1,4.7961,0.0433,3.4029,151.4098,3.7696,-0.4759
536,96,370,19,434,18,347.0053832080835,80.049984384758,352.37892869070294,143.26548781894402,0.41,4,59,1,4,5000,100,71.0,16.0,39.0,0.35,0.35,0.3,0.1,31.3279,0.2831,21.9668,102.7103,2.5417,0.4275
537,53,236,258,233,277,104.219101717874,227.98464860599717,103.8113347918617,247.14570601165622,0.757,3,59,1,4,5000,100,71.0,16.0,39.0,0.35,0.35,0.3,0.1,4.4631,0.0403,3.1699,237.1788,-1.4406,-5.7748
537,77,282,46,245,97,138.01278750418336,13.45362404707371,128.07278187399083,76.21679604916491,0.481,3,59,1,4,5000,100,71.0,16.0,39.0,0.35,0.35,0.3,0.1,77.4608,0.6999,54.2453,22.8702,-0.3655,-0.4425
537,96,371,19,434,18,347.16439051359856,81.02468759581859,352.37892869070294,143.26548781894402,0.4114,3,59,1,4,5000,100,71.0,16.0,39.0,0.35,0.35,0.3,0.1,30.7108,0.2775,21.5351,103.5091,2.5618,0.4289
538,90,197,302,191,326,109.72227776444706,281.51376520518494,109.26354902074796,306.14049062481104,0.6696,3,59,1,4,5000,100,71.0,16.0,39.0,0.35,0.35,0.3,0.1,4.6378,0.0419,3.2922,293.3111,-2.4549,-6.9389
538,53,234,259,232,278,104.64188454123337,229.45151993395032,103.98029057603267,248.35659846277488,0.663,3,59,1,4,5000,100,71.0,16.0,39.0,0.35,0.35,0.3,0.1,4.3788,0.0396,3.1109,238.5301,-1.4783,-5.8003
538,96,372,19,441,28,347.31961650818016,82.0,356.543380827958,149.27156460625713,0.2363,3,59,1,4,5000,100,71.0,16.0,39.0,0.35,0.35,0.3,0.1,32.1911,0.2909,22.5708,105.8519,2.638,0.311
539,90,198,306,192,330,109.26157862654298,284.95087295883127,108.84461544389598,309.594896598765,0.661,3,59,1,4,5000,100,71.0,16.0,39.0,0.35,0.35,0.3,0.1,4.5873,0.0415,3.2568,296.7621,-2.43,-7.0394
539,53,234,260,231,279,104.57902935154834,230.41918322917473,104.14760538700169,249.56962956257317,0.7717,3,59,1,4,5000,100,71.0,16.0,39.0,0.35,0.35,0.3,0.1,4.4154,0.0399,3.1366,239.6124,-1.4907,-5.8251
539,96,373,20,434,18,348.146995832256,82.76472678623425,352.37892869070294,143.26548781894402,0.4516,3,59,1,4,5000,100,71.0,16.0,39.0,0.35,0.35,0.3,0.1,29.6224,0.2677,20.7735,104.9181,2.5992,0.4196
540,90,200,308,194,333,108.75149687019501,286.1904959987316,108.31873036260946,311.8012187275733,0.6523,3,59,1,4,5000,100,71.0,16.0,39.0,0.35,0.35,0.3,0.1,4.7397,0.0428,3.3635,298.4474,-2.3796,-7.1012
540,53,233,262,230,282,104.69341337049124,232.606964642076,104.20120207024078,252.7231687044146,0.7491,3,59,1,4,5000,100,71.0,16.0,39.0,0.35,0.35,0.3,0.1,4.5871,0.0414,3.2567,242.2482,-1.5156,-5.887
540,96,375,20,432,21,348.4248111826038,84.72307831990054,353.480198248343,140.91131963046828,0.4041,3,59,1,4,5000,100,71.0,16.0,39.0,0.35,0.35,0.3,0.1,27.5592,0.249,19.3299,105.8211,2.6269,0.3887
541,90,203,310,197,335,108.05634786080769,287.14108030722457,107.68186263491569,312.77627787285917,0.6512,3,59,1,4,5000,100,71.0,16.0,39.0,0.35,0.35,0.3,0.1,4.729,0.0427,3.356,299.411,-2.3045,-7.1513
541,53,232,263,228,283,104.86828135849821,233.82899734635137,104.58294232948408,254.18890613085378,0.858,3,59,1,4,5000,100,71.0,16.0,39.0,0.35,0.35,0.3,0.1,4.6171,0.0417,3.2777,243.5842,-1.5531,-5.9119
541,96,376,20,431,23,348.55895613123255,85.70297544426332,354.248597909634,139.70325694127536,0.3658,3,59,1,4,5000,100,71.0,16.0,39.0,0.35,0.35,0.3,0.1,26.5129,0.2396,18.5978,106.2347,2.6405,0.3671
