Frame_Number,Track_ID,Center_X,Center_Y,Right_X,Right_Y,Angle_A_deg,A_px,Angle_B_deg,C_px,Pair_Score,Pair_Count,Binary_Threshold,Blur_Size,Min_Area_px2,Max_Area_px2,Max_Width_px,Max_Radial_Gap_px,Max_Angle_Diff_deg,Max_Center_Offset_px,Weight_Angle,Weight_Area,Weight_Center,Min_Score_Threshold,Z_mm,B_px,X_mm,Y_mm
0,1,89,400,69,420,134.20648038538764,255.29003114105336,134.28562580424114,283.5718603811034,0.9265,3,27,1,4,5000,100,71.0,10.0,15.0,0.35,0.35,0.3,0.1,3.8993,268.6888,-4.7047,-4.8298
0,2,378,405,390,425,59.44131292928861,218.3231549790356,59.40221579066578,241.6464359348178,0.8797,3,27,1,4,5000,100,71.0,10.0,15.0,0.35,0.35,0.3,0.1,4.0551,229.3935,2.9058,-4.9152
0,3,196,345,187,358,119.0165843438658,146.37281168304446,119.56953133326778,162.1141573089778,0.5592,3,27,1,4,5000,100,71.0,10.0,15.0,0.35,0.35,0.3,0.1,3.7902,153.8419,-1.9022,-3.3706
1,1,89,400,69,420,134.20648038538764,255.29003114105336,134.28562580424114,283.5718603811034,0.9265,4,27,1,4,5000,100,71.0,10.0,15.0,0.35,0.35,0.3,0.1,3.8993,268.6888,-4.7047,-4.8298
1,2,378,405,389,424,59.44131292928861,218.3231549790356,59.48609402047973,240.2769235694514,0.8555,4,27,1,4,5000,100,71.0,10.0,15.0,0.35,0.35,0.3,0.1,4.0165,228.7746,2.9090,-4.9210
1,3,195,345,187,358,119.35775354279127,146.86047800548656,119.56953133326778,162.1141573089778,0.7273,4,27,1,4,5000,100,71.0,10.0,15.0,0.35,0.35,0.3,0.1,3.7771,154.1108,-1.9023,-3.3701
1,4,156,199,133,194,189.21102654081665,112.44998888394787,189.73944594549724,135.95955280891445,0.5719,4,27,1,4,5000,100,71.0,10.0,15.0,0.35,0.35,0.3,0.1,6.6095,123.0923,-3.0465,0.5098
2,1,89,400,69,420,134.20648038538764,255.29003114105336,134.28562580424114,283.5718603811034,0.9265,4,27,1,4,5000,100,71.0,10.0,15.0,0.35,0.35,0.3,0.1,3.8993,268.6888,-4.7047,-4.8298
2,2,378,405,390,424,59.44131292928861,218.3231549790356,59.281095735970815,240.7862122298534,0.7469,4,27,1,4,5000,100,71.0,10.0,15.0,0.35,0.35,0.3,0.1,3.9732,229.0052,2.9115,-4.9239
2,3,195,345,186,359,119.35775354279127,146.86047800548656,119.70140954541058,163.47782724271815,0.636,4,27,1,4,5000,100,71.0,10.0,15.0,0.35,0.35,0.3,0.1,3.7888,154.7243,-1.9022,-3.3711
2,4,156,199,133,194,189.21102654081665,112.44998888394787,189.73944594549724,135.95955280891445,0.5719,4,27,1,4,5000,100,71.0,10.0,15.0,0.35,0.35,0.3,0.1,6.5764,123.0923,-3.0450,0.5099
3,1,89,400,69,420,134.20648038538764,255.29003114105336,134.28562580424114,283.5718603811034,0.9265,3,27,1,4,5000,100,71.0,10.0,15.0,0.35,0.35,0.3,0.1,3.8993,268.6888,-4.7047,-4.8298
3,2,378,405,389,424,59.44131292928861,218.3231549790356,59.48609402047973,240.2769235694514,0.8143,3,27,1,4,5000,100,71.0,10.0,15.0,0.35,0.35,0.3,0.1,3.9321,228.7746,2.9121,-4.9262
3,3,195,345,187,358,119.35775354279127,146.86047800548656,119.56953133326778,162.1141573089778,0.7273,3,27,1,4,5000,100,71.0,10.0,15.0,0.35,0.35,0.3,0.1,3.7979,154.1108,-1.9022,-3.3719
4,1,89,400,69,420,134.20648038538764,255.29003114105336,134.28562580424114,283.5718603811034,0.9265,3,27,1,4,5000,100,71.0,10.0,15.0,0.35,0.35,0.3,0.1,3.8993,268.6888,-4.7047,-4.8298
4,2,378,406,390,424,59.57421619803874,219.18485349129398,59.281095735970815,240.7862122298534,0.6351,3,27,1,4,5000,100,71.0,10.0,15.0,0.35,0.35,0.3,0.1,3.8991,229.4783,2.9126,-4.9281
4,3,195,345,187,359,119.35775354279127,146.86047800548656,119.39605285494326,162.9846618550347,0.8121,3,27,1,4,5000,100,71.0,10.0,15.0,0.35,0.35,0.3,0.1,3.8052,154.503,-1.9022,-3.3726
5,1,89,400,69,420,134.20648038538764,255.29003114105336,134.28562580424114,283.5718603811034,0.9265,4,27,1,4,5000,100,71.0,10.0,15.0,0.35,0.35,0.3,0.1,3.8993,268.6888,-4.7047,-4.8298
5,2,370,391,390,424,59.376417975146104,202.20039564748632,59.281095735970815,240.7862122298534,0.6142,4,27,1,4,5000,100,71.0,10.0,15.0,0.35,0.35,0.3,0.1,4.1057,219.8128,2.9025,-4.9124
5,3,195,345,187,358,119.35775354279127,146.86047800548656,119.56953133326778,162.1141573089778,0.7455,4,27,1,4,5000,100,71.0,10.0,15.0,0.35,0.35,0.3,0.1,3.8045,154.1108,-1.9033,-3.3720
5,4,156,199,133,194,189.21102654081665,112.44998888394787,189.73944594549724,135.95955280891445,0.5719,4,27,1,4,5000,100,71.0,10.0,15.0,0.35,0.35,0.3,0.1,6.5805,123.0923,-3.0452,0.5099
6,1,89,400,69,420,134.20648038538764,255.29003114105336,134.28562580424114,283.5718603811034,0.9265,4,27,1,4,5000,100,71.0,10.0,15.0,0.35,0.35,0.3,0.1,3.8993,268.6888,-4.7047,-4.8298
6,2,378,405,390,425,59.44131292928861,218.3231549790356,59.40221579066578,241.6464359348178,0.8469,4,27,1,4,5000,100,71.0,10.0,15.0,0.35,0.35,0.3,0.1,4.0892,229.3935,2.9014,-4.9114
6,3,195,345,187,358,119.35775354279127,146.86047800548656,119.56953133326778,162.1141573089778,0.7273,4,27,1,4,5000,100,71.0,10.0,15.0,0.35,0.35,0.3,0.1,3.7948,154.1108,-1.9045,-3.3721
6,4,156,199,133,194,189.21102654081665,112.44998888394787,189.73944594549724,135.95955280891445,0.5719,4,27,1,4,5000,100,71.0,10.0,15.0,0.35,0.35,0.3,0.1,6.5837,123.0923,-3.0454,0.5098
7,1,89,400,69,420,134.20648038538764,255.29003114105336,134.28562580424114,283.5718603811034,0.9265,3,27,1,4,5000,100,71.0,10.0,15.0,0.35,0.35,0.3,0.1,3.8993,268.6888,-4.7047,-4.8298
7,2,378,405,390,424,59.44131292928861,218.3231549790356,59.281095735970815,240.7862122298534,0.758,3,27,1,4,5000,100,71.0,10.0,15.0,0.35,0.35,0.3,0.1,4.0892,229.0052,2.9014,-4.9114
7,3,195,345,187,359,119.35775354279127,146.86047800548656,119.39605285494326,162.9846618550347,0.8121,3,27,1,4,5000,100,71.0,10.0,15.0,0.35,0.35,0.3,0.1,3.7948,154.503,-1.9045,-3.3721
8,1,89,400,69,420,134.20648038538764,255.29003114105336,134.28562580424114,283.5718603811034,0.9265,3,27,1,4,5000,100,71.0,10.0,15.0,0.35,0.35,0.3,0.1,3.8993,268.6888,-4.7047,-4.8298
8,2,378,405,389,424,59.44131292928861,218.3231549790356,59.48609402047973,240.2769235694514,0.825,3,27,1,4,5000,100,71.0,10.0,15.0,0.35,0.35,0.3,0.1,4.0830,228.7746,2.9003,-4.9115
8,3,195,345,187,359,119.35775354279127,146.86047800548656,119.39605285494326,162.9846618550347,0.8288,3,27,1,4,5000,100,71.0,10.0,15.0,0.35,0.35,0.3,0.1,3.7948,154.503,-1.9045,-3.3721
9,1,89,400,69,420,134.20648038538764,255.29003114105336,134.28562580424114,283.5718603811034,0.9265,3,27,1,4,5000,100,71.0,10.0,15.0,0.35,0.35,0.3,0.1,3.8993,268.6888,-4.7047,-4.8298
9,2,378,405,389,424,59.44131292928861,218.3231549790356,59.48609402047973,240.2769235694514,0.8143,3,27,1,4,5000,100,71.0,10.0,15.0,0.35,0.35,0.3,0.1,4.0934,228.7746,2.9002,-4.9125
9,3,195,345,187,359,119.35775354279127,146.86047800548656,119.39605285494326,162.9846618550347,0.8288,3,27,1,4,5000,100,71.0,10.0,15.0,0.35,0.35,0.3,0.1,3.7948,154.503,-1.9045,-3.3721
10,1,89,400,69,420,134.20648038538764,255.29003114105336,134.28562580424114,283.5718603811034,0.9265,3,27,1,4,5000,100,71.0,10.0,15.0,0.35,0.35,0.3,0.1,3.8993,268.6888,-4.7047,-4.8298
10,2,370,391,389,425,59.376417975146104,202.20039564748632,59.606737354447,241.1389640850271,0.5511,3,27,1,4,5000,100,71.0,10.0,15.0,0.35,0.35,0.3,0.1,4.1153,219.9597,2.9002,-4.9124
10,3,195,345,186,358,119.35775354279127,146.86047800548656,119.87599269168943,162.60996279441184,0.5453,3,27,1,4,5000,100,71.0,10.0,15.0,0.35,0.35,0.3,0.1,3.7791,154.3345,-1.9045,-3.3710
11,1,89,400,69,420,134.20648038538764,255.29003114105336,134.28562580424114,283.5718603811034,0.9265,4,27,1,4,5000,100,71.0,10.0,15.0,0.35,0.35,0.3,0.1,3.9002,268.6888,-4.7115,-4.8423
11,2,378,405,389,424,59.44131292928861,218.3231549790356,59.48609402047973,240.2769235694514,0.825,4,27,1,4,5000,100,71.0,10.0,15.0,0.35,0.35,0.3,0.1,3.8872,228.7746,2.9015,-4.9431
11,3,195,345,187,358,119.35775354279127,146.86047800548656,119.56953133326778,162.1141573089778,0.7523,4,27,1,4,5000,100,71.0,10.0,15.0,0.35,0.35,0.3,0.1,3.7922,154.1108,-1.9125,-3.3835
11,4,156,199,133,194,189.21102654081665,112.44998888394787,189.73944594549724,135.95955280891445,0.5779,4,27,1,4,5000,100,71.0,10.0,15.0,0.35,0.35,0.3,0.1,6.4837,123.0923,-3.0139,0.4888
12,1,89,400,69,420,134.20648038538764,255.29003114105336,134.28562580424114,283.5718603811034,0.9265,4,27,1,4,5000,100,71.0,10.0,15.0,0.35,0.35,0.3,0.1,3.8893,268.6888,-4.7275,-4.8583
12,2,378,405,389,424,59.44131292928861,218.3231549790356,59.48609402047973,240.2769235694514,0.8357,4,27,1,4,5000,100,71.0,10.0,15.0,0.35,0.35,0.3,0.1,3.8716,228.7746,2.8857,-4.9592
12,3,195,345,187,358,119.35775354279127,146.86047800548656,119.56953133326778,162.1141573089778,0.7727,4,27,1,4,5000,100,71.0,10.0,15.0,0.35,0.35,0.3,0.1,3.7987,154.1108,-1.9295,-3.4005
12,4,156,199,133,194,189.21102654081665,112.44998888394787,189.73944594549724,135.95955280891445,0.5719,4,27,1,4,5000,100,71.0,10.0,15.0,0.35,0.35,0.3,0.1,6.4670,123.0923,-3.0330,0.4749
13,1,89,400,69,420,134.20648038538764,255.29003114105336,134.28562580424114,283.5718603811034,0.9265,4,27,1,4,5000,100,71.0,10.0,15.0,0.35,0.35,0.3,0.1,3.8840,268.6888,-4.7458,-4.8777
13,2,378,405,389,424,59.44131292928861,218.3231549790356,59.48609402047973,240.2769235694514,0.8143,4,27,1,4,5000,100,71.0,10.0,15.0,0.35,0.35,0.3,0.1,3.8544,228.7746,2.8675,-4.9798
13,3,195,345,186,359,119.35775354279127,146.86047800548656,119.70140954541058,163.47782724271815,0.6803,4,27,1,4,5000,100,71.0,10.0,15.0,0.35,0.35,0.3,0.1,3.7872,154.7243,-1.9489,-3.4188
13,4,156,199,134,194,189.21102654081665,112.44998888394787,189.81125686799604,134.97407158413796,0.5558,4,27,1,4,5000,100,71.0,10.0,15.0,0.35,0.35,0.3,0.1,6.4389,122.6868,-3.0491,0.4591
14,1,89,400,69,420,134.20648038538764,255.29003114105336,134.28562580424114,283.5718603811034,0.9265,4,27,1,4,5000,100,71.0,10.0,15.0,0.35,0.35,0.3,0.1,3.8775,268.6888,-4.7748,-4.9125
14,2,378,405,389,425,59.44131292928861,218.3231549790356,59.606737354447,241.1389640850271,0.7327,4,27,1,4,5000,100,71.0,10.0,15.0,0.35,0.35,0.3,0.1,3.8586,229.1646,2.8345,-5.0230
14,3,195,345,187,358,119.35775354279127,146.86047800548656,119.56953133326778,162.1141573089778,0.7727,4,27,1,4,5000,100,71.0,10.0,15.0,0.35,0.35,0.3,0.1,3.7793,154.1108,-1.9830,-3.4587
14,4,156,199,133,194,189.21102654081665,112.44998888394787,189.73944594549724,135.95955280891445,0.5719,4,27,1,4,5000,100,71.0,10.0,15.0,0.35,0.35,0.3,0.1,6.4218,123.0923,-3.0493,0.4540
15,1,89,400,69,420,134.20648038538764,255.29003114105336,134.28562580424114,283.5718603811034,0.9265,4,27,1,4,5000,100,71.0,10.0,15.0,0.35,0.35,0.3,0.1,3.8695,268.6888,-4.8147,-4.9626
15,2,378,405,390,425,59.44131292928861,218.3231549790356,59.40221579066578,241.6464359348178,0.8928,4,27,1,4,5000,100,71.0,10.0,15.0,0.35,0.35,0.3,0.1,3.8715,229.3935,2.7946,-5.0741
15,3,195,345,187,358,119.35775354279127,146.86047800548656,119.56953133326778,162.1141573089778,0.7273,4,27,1,4,5000,100,71.0,10.0,15.0,0.35,0.35,0.3,0.1,3.7779,154.1108,-2.0240,-3.5064
15,4,156,199,133,194,189.21102654081665,112.44998888394787,189.73944594549724,135.95955280891445,0.5738,4,27,1,4,5000,100,71.0,10.0,15.0,0.35,0.35,0.3,0.1,6.4010,123.0923,-3.0496,0.4479
16,1,86,405,66,426,133.9132185470018,260.969346858975,133.8821754176139,289.968963856479,0.7081,4,27,1,4,5000,100,71.0,10.0,15.0,0.35,0.35,0.3,0.1,3.8638,274.7059,-4.8625,-5.0195
16,2,375,410,385,430,60.769256597841775,221.16283593768642,61.01395882732633,243.50154003619772,0.6691,4,27,1,4,5000,100,71.0,10.0,15.0,0.35,0.35,0.3,0.1,3.6445,231.7952,2.7573,-5.1492
16,3,192,350,183,364,119.4190761517484,152.6892268629323,119.74488129694222,169.30741271426953,0.6656,4,27,1,4,5000,100,71.0,10.0,15.0,0.35,0.35,0.3,0.1,3.7877,160.5695,-2.0706,-3.5655
16,4,166,207,149,203,185.6544208226407,101.49384217774002,186.76617482255307,118.82760622010359,0.3953,4,27,1,4,5000,100,71.0,10.0,15.0,0.35,0.35,0.3,0.1,6.3749,109.4789,-3.0500,0.4401
17,1,82,407,62,427,134.23610153907,265.1886121235224,134.30972280213493,293.47061181658376,0.81,4,27,1,4,5000,100,71.0,10.0,15.0,0.35,0.35,0.3,0.1,3.8597,278.6137,-4.9195,-5.0844
17,2,372,412,382,432,61.69924423399363,221.472345903501,61.85839876773828,243.82370680473218,0.7325,4,27,1,4,5000,100,71.0,10.0,15.0,0.35,0.35,0.3,0.1,3.6485,232.1112,2.7004,-5.2163
17,3,188,352,179,366,120.3355385115889,156.41611170208776,120.56626988955452,173.04623659588788,0.7459,4,27,1,4,5000,100,71.0,10.0,15.0,0.35,0.35,0.3,0.1,3.8066,164.3115,-2.1286,-3.6314
17,4,149,206,126,201,185.32574062476772,118.51160280748886,186.4739559686723,141.90489773083945,0.3856,4,27,1,4,5000,100,71.0,10.0,15.0,0.35,0.35,0.3,0.1,6.3414,129.1575,-3.0505,0.4302
18,1,81,408,61,429,134.2401535743895,266.6027006614899,134.17762902000183,295.6010825419961,0.851,3,27,1,4,5000,100,71.0,10.0,15.0,0.35,0.35,0.3,0.1,3.8543,280.354,-4.9912,-5.1606
18,2,371,414,381,433,62.16958515751111,222.76669409945464,62.17590361574674,244.23758924457144,0.8457,3,27,1,4,5000,100,71.0,10.0,15.0,0.35,0.35,0.3,0.1,3.6573,233.0086,2.6286,-5.2937
18,3,187,353,178,367,120.46554491945989,157.78466338652817,120.68206863687206,174.4161689752415,0.7328,3,27,1,4,5000,100,71.0,10.0,15.0,0.35,0.35,0.3,0.1,3.8262,165.6841,-2.2024,-3.7075
19,1,75,417,53,439,133.8308606720926,277.2435752186153,133.94881925045627,308.3504499753487,0.7952,3,27,1,4,5000,100,71.0,10.0,15.0,0.35,0.35,0.3,0.1,3.8491,291.9708,-5.0822,-5.2392
19,2,364,423,374,444,64.78548323192804,227.69497139814047,64.76242093239473,250.95417908454922,0.8026,3,27,1,4,5000,100,71.0,10.0,15.0,0.35,0.35,0.3,0.1,3.6536,238.7595,2.5376,-5.3722
19,3,181,362,171,377,120.67232578233511,168.5852899869974,120.96375653207352,186.59046063504962,0.6659,3,27,1,4,5000,100,71.0,10.0,15.0,0.35,0.35,0.3,0.1,3.8085,177.1315,-2.2946,-3.7861
20,1,72,421,51,443,133.70783311375007,282.207370562854,133.7039365019829,312.62117650600703,0.9084,4,27,1,4,5000,100,71.0,10.0,15.0,0.35,0.35,0.3,0.1,3.8408,296.6367,-5.1875,-5.3257
20,2,361,426,371,448,65.78365455843999,229.16587878652442,65.76194226683806,253.33179824096302,0.8181,4,27,1,4,5000,100,71.0,10.0,15.0,0.35,0.35,0.3,0.1,3.6485,240.6437,2.4216,-5.4621
20,3,178,365,168,381,121.0206540104043,172.69916039170545,121.11763918672645,191.56461051039673,0.7923,4,27,1,4,5000,100,71.0,10.0,15.0,0.35,0.35,0.3,0.1,3.8196,181.6434,-2.4118,-3.8782
20,4,151,221,135,221,178.02506598911802,116.06894502837527,178.26429541107163,132.06059215375342,0.6416,4,27,1,4,5000,100,71.0,10.0,15.0,0.35,0.35,0.3,0.1,6.2967,123.5494,-3.0512,0.4169
21,1,69,424,47,446,133.7269699799433,286.44894833111186,133.85168603401533,317.55471969410246,0.635,3,27,1,4,5000,100,71.0,10.0,15.0,0.35,0.35,0.3,0.1,3.8295,301.2009,-5.3071,-5.4202
21,2,358,429,367,451,66.76879948445858,230.70543990118657,66.8605382367883,254.4720023892609,0.801,3,27,1,4,5000,100,71.0,10.0,15.0,0.35,0.35,0.3,0.1,3.8642,242.0066,2.2957,-5.5323
21,3,175,369,165,386,121.18497465873838,177.67385851610248,121.11309358620342,197.39554199626699,0.7779,3,27,1,4,5000,100,71.0,10.0,15.0,0.35,0.35,0.3,0.1,3.8280,187.0162,-2.5335,-3.9726
22,1,65,427,43,450,133.88760038370222,291.3829095880539,133.87178256818805,323.21045775160184,0.83,3,27,1,4,5000,100,71.0,10.0,15.0,0.35,0.35,0.3,0.1,3.8165,306.4726,-5.4209,-5.5034
22,2,354,433,363,455,68.06151953229354,232.86262044390037,68.03275659318712,256.632032295269,0.806,3,27,1,4,5000,100,71.0,10.0,15.0,0.35,0.35,0.3,0.1,3.8507,244.1702,2.1831,-5.6121
22,3,171,372,160,389,121.77220399744242,182.3211452355431,121.88545501166804,202.5660386145713,0.7708,3,27,1,4,5000,100,71.0,10.0,15.0,0.35,0.35,0.3,0.1,3.8233,191.9112,-2.6473,-4.0545
23,1,59,432,36,455,134.05192942945942,299.1471209956733,134.1449026037333,331.6700167334997,0.6878,3,27,1,4,5000,100,71.0,10.0,15.0,0.35,0.35,0.3,0.1,3.8224,314.5702,-5.5335,-5.5932
23,2,348,437,356,460,69.78721046111454,234.43762496664223,69.88448352676428,258.7856255668,0.7443,3,27,1,4,5000,100,71.0,10.0,15.0,0.35,0.35,0.3,0.1,4.0678,246.0107,2.0640,-5.6777
23,3,164,376,153,394,122.93511558947458,189.44656238633627,122.78428086586914,210.535032714273,0.7459,3,27,1,4,5000,100,71.0,10.0,15.0,0.35,0.35,0.3,0.1,3.8249,199.4349,-2.7599,-4.1433
24,1,51,433,27,456,135.0,305.47012947258855,135.11961523230403,338.7048862948393,0.6714,3,27,1,4,5000,100,71.0,10.0,15.0,0.35,0.35,0.3,0.1,3.8186,321.2302,-5.6484,-5.6911
24,2,340,438,347,460,71.72074584687576,232.74449510138794,71.7775191012451,255.8300216940928,0.8252,3,27,1,4,5000,100,71.0,10.0,15.0,0.35,0.35,0.3,0.1,4.2685,243.7419,1.9428,-5.7470
24,3,156,378,144,395,124.58397169242929,195.5556186868585,124.64490877985199,216.3631207022121,0.7757,3,27,1,4,5000,100,71.0,10.0,15.0,0.35,0.35,0.3,0.1,3.8142,205.4338,-2.8760,-4.2412
25,1,41,439,16,464,135.51155586658703,316.79646462673793,135.4601971679787,352.15053599277684,0.7229,3,27,1,4,5000,100,71.0,10.0,15.0,0.35,0.35,0.3,0.1,3.8192,333.5393,-5.7582,-5.7781
25,2,329,443,336,466,74.6591092359951,234.35016535091245,74.51149855709032,258.3834360016137,0.7106,3,27,1,4,5000,100,71.0,10.0,15.0,0.35,0.35,0.3,0.1,4.4529,245.7807,1.8331,-5.7960
25,3,146,383,133,401,126.08889352557722,205.41908382621125,126.06438615741826,227.62249449472256,0.8129,3,27,1,4,5000,100,71.0,10.0,15.0,0.35,0.35,0.3,0.1,3.8053,215.9516,-2.9807,-4.3198
26,1,39,440,14,463,135.63518217604968,318.92475601621146,135.8036956939864,352.8809997718778,0.6826,3,27,1,4,5000,100,71.0,10.0,15.0,0.35,0.35,0.3,0.1,3.8182,335.0447,-5.8617,-5.8566
26,2,323,427,335,467,75.06858282186245,217.33844574764032,74.78367328797702,259.0829982843336,0.5149,3,27,1,4,5000,100,71.0,10.0,15.0,0.35,0.35,0.3,0.1,4.3933,236.3819,1.7285,-5.8648
26,3,144,384,131,402,126.37264685593478,207.40781084616847,126.3209130749985,229.6105398277701,0.802,3,27,1,4,5000,100,71.0,10.0,15.0,0.35,0.35,0.3,0.1,3.8107,217.9452,-3.0865,-4.3994
27,1,38,440,14,464,135.76051877713087,319.64042297556796,135.68751635463911,353.5788455210521,0.8251,3,27,1,4,5000,100,71.0,10.0,15.0,0.35,0.35,0.3,0.1,3.8088,335.7542,-5.9585,-5.9284
27,2,328,444,333,466,74.95867052681935,235.05318547086316,75.15454791791618,257.59852484049674,0.6297,3,27,1,4,5000,100,71.0,10.0,15.0,0.35,0.35,0.3,0.1,4.3288,245.81,1.6296,-5.9280
27,3,144,384,131,402,126.37264685593478,207.40781084616847,126.3209130749985,229.6105398277701,0.8195,3,27,1,4,5000,100,71.0,10.0,15.0,0.35,0.35,0.3,0.1,3.8115,217.9452,-3.1854,-4.4687
28,1,35,444,10,469,135.62411234620527,324.5812687140156,135.5628088084733,359.93471630283176,0.9271,3,27,1,4,5000,100,71.0,10.0,15.0,0.35,0.35,0.3,0.1,3.8043,341.345,-6.0213,-5.9669
28,2,320,432,330,472,76.15202238084,221.43622106602163,76.122470196792,262.6670896781704,0.6399,3,27,1,4,5000,100,71.0,10.0,15.0,0.35,0.35,0.3,0.1,4.2670,240.2958,1.5376,-5.9820
28,3,141,389,127,407,126.22494425552034,213.21350801485352,126.3843518158359,236.00847442411893,0.6939,3,27,1,4,5000,100,71.0,10.0,15.0,0.35,0.35,0.3,0.1,3.7934,224.0326,-3.2777,-4.5326
29,1,33,449,8,474,135.24590312327072,329.5147948120084,135.22207555269347,364.8698398059231,0.8834,3,27,1,4,5000,100,71.0,10.0,15.0,0.35,0.35,0.3,0.1,3.8003,346.2923,-6.0800,-6.0000
29,2,318,436,328,474,76.89079180184571,224.8599564173221,76.64769570125726,264.14011433328335,0.5219,3,27,1,4,5000,100,71.0,10.0,15.0,0.35,0.35,0.3,0.1,4.2252,242.9224,1.4193,-6.0187
29,3,138,394,125,412,126.08507304285213,219.02054698132775,126.06229918358973,241.22396232547047,0.7918,3,27,1,4,5000,100,71.0,10.0,15.0,0.35,0.35,0.3,0.1,3.7832,229.5867,-3.3869,-4.5929
30,1,31,451,5,476,135.2438103561041,332.3431961090824,135.32991446997428,368.4087403957729,0.895,4,27,1,4,5000,100,71.0,10.0,15.0,0.35,0.35,0.3,0.1,3.7951,349.4479,-6.1267,-6.0383
30,2,316,437,326,475,77.44361973305728,225.39077177204928,77.11896857516952,264.66015944981217,0.4825,4,27,1,4,5000,100,71.0,10.0,15.0,0.35,0.35,0.3,0.1,4.2372,243.4521,1.3646,-6.0437
30,3,137,395,123,413,126.14204123637164,220.41778512633684,126.30449712257524,243.21184181696418,0.7048,4,27,1,4,5000,100,71.0,10.0,15.0,0.35,0.35,0.3,0.1,3.7814,231.2545,-3.5218,-4.6544
30,5,109,252,101,254,167.5095942820908,161.83015788165073,167.4346516200927,170.07351351694948,0.7208,4,27,1,4,5000,100,71.0,10.0,15.0,0.35,0.35,0.3,0.1,3.0503,165.8495,-4.2145,-0.9331
31,1,29,454,3,479,135.12062251550697,335.8764653857129,135.21785362509715,371.9408555133464,0.7624,5,27,1,4,5000,100,71.0,10.0,15.0,0.35,0.35,0.3,0.1,3.7932,352.9899,-6.1644,-6.0749
31,2,318,457,322,477,78.00310069207643,245.35892076710803,78.05582281155367,265.75364531836624,0.7611,5,27,1,4,5000,100,71.0,10.0,15.0,0.35,0.35,0.3,0.1,4.4588,255.1494,1.3480,-6.0216
31,6,147,386,126,413,125.37700580845056,207.27035485085656,125.73077790659883,241.4477169078225,0.5503,5,27,1,4,5000,100,71.0,10.0,15.0,0.35,0.35,0.3,0.1,4.6075,223.0574,-3.2573,-4.4024
31,3,134,398,119,418,126.30869246411517,224.61077445216202,126.36489984594563,249.6096953245206,0.8463,5,27,1,4,5000,100,71.0,10.0,15.0,0.35,0.35,0.3,0.1,3.7696,236.4513,-3.6709,-4.7074
31,5,102,254,83,257,167.36093755936992,169.09760495051373,167.7352262721076,188.29763673503712,0.5859,5,27,1,4,5000,100,71.0,10.0,15.0,0.35,0.35,0.3,0.1,3.0503,178.1819,-4.2145,-0.9331
32,1,28,454,3,479,135.2407371527218,336.58579886857973,135.21785362509715,371.9408555133464,0.7765,4,27,1,4,5000,100,71.0,10.0,15.0,0.35,0.35,0.3,0.1,3.7963,353.3812,-6.1885,-6.1092
32,2,317,458,321,477,78.2791885011905,246.13207836444238,78.26691584358777,265.5484889808262,0.8341,4,27,1,4,5000,100,71.0,10.0,15.0,0.35,0.35,0.3,0.1,4.2318,255.4719,1.3579,-6.0347
32,3,134,398,119,418,126.30869246411517,224.61077445216202,126.36489984594563,249.6096953245206,0.829,4,27,1,4,5000,100,71.0,10.0,15.0,0.35,0.35,0.3,0.1,3.7524,236.4513,-3.8519,-4.7587
32,6,146,386,126,413,125.60176700407398,207.85090810482401,125.73077790659883,241.4477169078225,0.7095,4,27,1,4,5000,100,71.0,10.0,15.0,0.35,0.35,0.3,0.1,4.5012,223.3932,-3.2049,-4.3491
33,2,316,458,320,477,78.50730648869003,245.93088459971838,78.47833242364322,265.34694269955327,0.804,3,27,1,4,5000,100,71.0,10.0,15.0,0.35,0.35,0.3,0.1,4.2448,255.2702,1.3874,-6.0118
33,3,132,399,118,418,126.56648064363154,226.60317738284255,126.54930110639795,250.2039168358481,0.86,3,27,1,4,5000,100,71.0,10.0,15.0,0.35,0.35,0.3,0.1,3.7444,237.8195,-4.0454,-4.8134
33,6,145,386,125,413,125.82527270824947,208.4346420343797,125.92294619907057,242.03305559365234,0.7266,3,27,1,4,5000,100,71.0,10.0,15.0,0.35,0.35,0.3,0.1,4.4057,223.9809,-3.1281,-4.2889
34,3,119,402,102,421,128.6598082540901,236.9155967850154,128.9667469937993,262.37568484903477,0.5466,1,27,1,4,5000,100,71.0,10.0,15.0,0.35,0.35,0.3,0.1,3.7516,248.9965,-4.2297,-4.8554
35,3,99,405,81,425,131.7845160082518,252.1269521491108,131.8040619864041,279.03404810166086,0.833,1,27,1,4,5000,100,71.0,10.0,15.0,0.35,0.35,0.3,0.1,3.7644,264.899,-4.3957,-4.8826
36,3,81,406,61,425,134.54164354199958,265.1735280905694,134.72321094782225,292.7456233660889,0.6191,1,27,1,4,5000,100,71.0,10.0,15.0,0.35,0.35,0.3,0.1,3.7832,278.2783,-4.5571,-4.9178
37,7,253,446,252,463,93.49844456502218,229.42754847663784,93.4893249057964,246.45689278249046,0.6458,2,27,1,4,5000,100,71.0,10.0,15.0,0.35,0.35,0.3,0.1,2.8257,237.6375,-0.3634,-5.9522
37,3,68,406,48,425,136.47636850981308,274.4485379811669,136.4756773081494,302.03476621077914,0.7966,2,27,1,4,5000,100,71.0,10.0,15.0,0.35,0.35,0.3,0.1,3.7701,287.5816,-4.6613,-4.9316
38,3,63,407,42,427,137.0350344568599,278.7758956581433,136.97493401088198,307.77426793024785,0.7692,2,27,1,4,5000,100,71.0,10.0,15.0,0.35,0.35,0.3,0.1,3.7541,292.5583,-4.7885,-4.9484
38,8,81,394,51,422,136.42026554639907,256.7586415293554,136.49669883975895,297.7935526501539,0.6851,2,27,1,4,5000,100,71.0,10.0,15.0,0.35,0.35,0.3,0.1,4.5855,275.7579,-4.9699,-4.7348
39,3,64,406,42,427,137.04540848888723,277.3625785862253,136.97493401088198,307.77426793024785,0.8035,2,27,1,4,5000,100,71.0,10.0,15.0,0.35,0.35,0.3,0.1,3.7599,291.7781,-4.9428,-4.9678
39,8,81,393,51,422,136.5823539226186,256.0703028466987,136.49669883975895,297.7935526501539,0.7892,2,27,1,4,5000,100,71.0,10.0,15.0,0.35,0.35,0.3,0.1,4.4761,275.3604,-4.9428,-4.7020
40,3,69,405,48,425,136.4840146756621,273.034796317246,136.4756773081494,302.03476621077914,0.81,1,27,1,4,5000,100,71.0,10.0,15.0,0.35,0.35,0.3,0.1,3.7537,286.8036,-5.0893,-4.9820
41,8,88,399,69,418,134.52386874835815,255.27436220662662,134.56921278299137,282.14358046923553,0.7886,1,27,1,4,5000,100,71.0,10.0,15.0,0.35,0.35,0.3,0.1,4.3953,268.0373,-4.9131,-4.6539
42,2,299,454,301,475,82.31036509725475,239.1505801790997,82.49265333305034,260.23066690918654,0.772,1,27,1,4,5000,100,71.0,10.0,15.0,0.35,0.35,0.3,0.1,4.0210,249.2457,1.4587,-5.9861
43,2,317,448,322,472,77.7867234535606,236.34931774811622,77.82854179141253,260.86394921491166,0.8154,2,27,1,4,5000,100,71.0,10.0,15.0,0.35,0.35,0.3,0.1,4.0384,248.0023,1.5436,-5.9190
43,6,134,385,120,402,128.36748538486154,214.27319011019554,128.47046400115275,236.29219199965115,0.7455,2,27,1,4,5000,100,71.0,10.0,15.0,0.35,0.35,0.3,0.1,4.3311,224.7447,-3.0434,-4.2226
44,2,321,426,330,466,75.51312486161444,215.8633827215723,75.80144597613683,256.8462575160479,0.5098,4,27,1,4,5000,100,71.0,10.0,15.0,0.35,0.35,0.3,0.1,4.0699,234.5783,1.6431,-5.8358
44,9,36,432,11,455,137.0545728809257,315.5724956329369,137.08677727557077,349.54255821001254,0.8749,4,27,1,4,5000,100,71.0,10.0,15.0,0.35,0.35,0.3,0.1,3.8053,331.69,-6.0320,-5.6252
44,6,143,379,129,396,127.43160297841057,204.00980368599937,127.63041642297489,226.01991062736045,0.6844,4,27,1,4,5000,100,71.0,10.0,15.0,0.35,0.35,0.3,0.1,4.2960,214.4516,-2.9642,-4.1544
44,10,114,234,95,236,173.6598082540901,153.9415473483361,173.6963722437105,173.04623659588788,0.8241,4,27,1,4,5000,100,71.0,10.0,15.0,0.35,0.35,0.3,0.1,4.2813,162.9358,-4.0639,-0.4502
45,2,330,440,336,463,74.22441919020092,231.7282891664287,74.33183957824751,255.49363984256047,0.7517,3,27,1,4,5000,100,71.0,10.0,15.0,0.35,0.35,0.3,0.1,4.1138,243.0314,1.7602,-5.7353
45,9,41,429,16,451,136.8307486480255,309.87094087700444,137.0074838040075,343.1573982883073,0.6024,3,27,1,4,5000,100,71.0,10.0,15.0,0.35,0.35,0.3,0.1,3.8053,325.6658,-6.0320,-5.6252
45,6,147,376,134,393,127.04247477308287,199.20090361240835,127.07767834699935,220.60145058453264,0.8088,3,27,1,4,5000,100,71.0,10.0,15.0,0.35,0.35,0.3,0.1,4.2373,209.3557,-2.8916,-4.0897
46,2,340,434,347,456,71.40677594566387,228.9497761518888,71.49316190550148,252.03372790164414,0.7737,2,27,1,4,5000,100,71.0,10.0,15.0,0.35,0.35,0.3,0.1,4.1165,239.9378,1.8673,-5.5861
46,6,158,370,145,386,125.46676720996999,187.85632808079689,125.82527270824947,208.4346420343797,0.6094,2,27,1,4,5000,100,71.0,10.0,15.0,0.35,0.35,0.3,0.1,4.0853,197.6112,-2.7857,-3.9795
47,2,352,429,360,450,68.15200858934797,228.40534144367115,68.24100040931752,250.87447060233131,0.7682,2,27,1,4,5000,100,71.0,10.0,15.0,0.35,0.35,0.3,0.1,4.1887,239.1132,2.0026,-5.4660
47,6,169,364,158,379,123.69006752597979,176.67201249773547,123.93422419942286,195.25624189766637,0.708,2,27,1,4,5000,100,71.0,10.0,15.0,0.35,0.35,0.3,0.1,3.9509,185.4998,-2.6716,-3.8601
48,2,353,408,368,443,65.75978281034185,209.46837470128995,65.92000548976968,247.54191564258366,0.5755,4,27,1,4,5000,100,71.0,10.0,15.0,0.35,0.35,0.3,0.1,4.4396,226.9192,2.1743,-5.3236
48,3,70,409,48,430,135.73640905545932,275.0872588834314,135.79572355273928,305.4995908344232,0.8532,4,27,1,4,5000,100,71.0,10.0,15.0,0.35,0.35,0.3,0.1,3.7538,289.4969,-5.2022,-4.9926
48,6,177,357,168,372,122.7352262721076,166.43316977093238,122.56676481190435,183.91846019364124,0.7475,4,27,1,4,5000,100,71.0,10.0,15.0,0.35,0.35,0.3,0.1,3.8286,174.7395,-2.5508,-3.7293
48,11,154,213,137,212,182.0273227005002,113.07077429645558,182.2025981617658,130.09611831257686,0.671,4,27,1,4,5000,100,71.0,10.0,15.0,0.35,0.35,0.3,0.1,6.8216,120.9874,-2.8833,0.6631
49,2,357,402,373,437,64.05770451012833,205.73040611440985,64.27438735663432,244.20483205702544,0.55,2,27,1,4,5000,100,71.0,10.0,15.0,0.35,0.35,0.3,0.1,4.4249,223.3226,2.3211,-5.1940
49,6,182,351,172,366,122.38811485340091,158.68522300453813,122.52092819807237,176.70880000724355,0.7832,2,27,1,4,5000,100,71.0,10.0,15.0,0.35,0.35,0.3,0.1,3.8382,167.2127,-2.4209,-3.6063
50,2,367,413,376,433,62.96913974015701,220.03636063160107,63.223135445844754,241.9442084448396,0.6446,3,27,1,4,5000,100,71.0,10.0,15.0,0.35,0.35,0.3,0.1,4.4211,230.4708,2.4479,-5.0774
50,8,78,399,57,419,136.0809241866607,262.3833073958784,136.11239961629778,291.3829095880539,0.8533,3,27,1,4,5000,100,71.0,10.0,15.0,0.35,0.35,0.3,0.1,4.3366,276.1238,-4.8844,-4.6109
50,6,185,348,176,361,122.04468071873421,154.5477272560163,122.29061186374423,170.3437700651245,0.6985,3,27,1,4,5000,100,71.0,10.0,15.0,0.35,0.35,0.3,0.1,3.8376,162.0618,-2.2878,-3.4800
51,8,81,395,59,415,136.25904520717526,257.4490240804964,136.41094082038273,287.17242207426534,0.6878,4,27,1,4,5000,100,71.0,10.0,15.0,0.35,0.35,0.3,0.1,4.2915,271.4996,-4.8590,-4.5740
51,2,362,395,370,409,61.91080875572439,201.76471445721128,61.788295731316005,217.88299612406655,0.5449,4,27,1,4,5000,100,71.0,10.0,15.0,0.35,0.35,0.3,0.1,4.4179,209.5143,2.5697,-4.9603
51,6,188,344,179,357,121.88356387460854,149.56603892595405,122.15229514128235,165.3602128687551,0.712,4,27,1,4,5000,100,71.0,10.0,15.0,0.35,0.35,0.3,0.1,3.8521,157.0671,-2.1637,-3.3582
51,11,164,200,129,192,189.3720927085791,104.39348638684312,190.26830579801023,140.24621207005913,0.8096,4,27,1,4,5000,100,71.0,10.0,15.0,0.35,0.35,0.3,0.1,6.8328,119.6927,-2.8728,0.7286
52,2,372,405,383,425,60.81617695105656,215.3346233191495,60.85192815428696,238.15961034566715,0.8529,3,27,1,4,5000,100,71.0,10.0,15.0,0.35,0.35,0.3,0.1,4.6349,226.1727,2.6526,-4.8377
52,8,83,392,63,411,136.4360836418458,253.9310930154084,136.43928962788243,281.5173174069403,0.8803,3,27,1,4,5000,100,71.0,10.0,15.0,0.35,0.35,0.3,0.1,4.2545,267.0136,-4.8427,-4.5393
52,6,191,340,182,353,121.71134586523797,144.5856147754679,122.0053832080835,160.37767924496225,0.7346,3,27,1,4,5000,100,71.0,10.0,15.0,0.35,0.35,0.3,0.1,3.8619,152.0728,-2.0670,-3.2489
53,2,367,387,385,419,59.53445508054013,197.2308292331602,59.70830389968275,233.9401632896754,0.5733,4,27,1,4,5000,100,71.0,10.0,15.0,0.35,0.35,0.3,0.1,4.8711,214.0228,2.7070,-4.7262
53,8,86,388,66,406,136.6272833223936,249.0020080240318,136.7623910236605,275.90215657004205,0.6415,4,27,1,4,5000,100,71.0,10.0,15.0,0.35,0.35,0.3,0.1,4.1275,261.7628,-4.8121,-4.4870
53,6,193,335,184,348,122.09259132873417,139.2838827718412,122.35784767211014,155.08062419270823,0.7067,4,27,1,4,5000,100,71.0,10.0,15.0,0.35,0.35,0.3,0.1,3.8647,146.7584,-1.9998,-3.1534
53,11,170,191,152,188,195.0049203828602,100.42410069301094,194.1534125878514,118.6001686339442,0.5132,4,27,1,4,5000,100,71.0,10.0,15.0,0.35,0.35,0.3,0.1,6.7779,108.758,-2.8712,0.7809
54,2,379,394,389,412,57.675665848395894,209.45882650296693,57.968213208756495,230.0195643852931,0.6037,4,27,1,4,5000,100,71.0,10.0,15.0,0.35,0.35,0.3,0.1,4.6636,219.2582,2.7592,-4.6659
54,8,89,381,69,398,137.34413247406985,242.03305559365234,137.56827388851227,268.26293072282647,0.682,4,27,1,4,5000,100,71.0,10.0,15.0,0.35,0.35,0.3,0.1,3.9918,254.4739,-4.7839,-4.4360
54,6,197,328,189,341,122.23678655213024,131.2288078129189,122.1712171285446,146.4923206178399,0.8889,4,27,1,4,5000,100,71.0,10.0,15.0,0.35,0.35,0.3,0.1,3.8553,138.4411,-1.9544,-3.0737
54,11,161,181,138,175,198.75865034784223,111.94641575325224,198.03428556712984,135.66502865514016,0.5195,4,27,1,4,5000,100,71.0,10.0,15.0,0.35,0.35,0.3,0.1,6.7417,122.6697,-2.8730,0.8217
55,2,372,379,391,410,57.050784883409555,193.05180651835403,57.27978047964801,229.40139493908924,0.5501,4,27,1,4,5000,100,71.0,10.0,15.0,0.35,0.35,0.3,0.1,4.4416,209.6628,2.7854,-4.6090
55,8,91,379,71,396,137.37184218978922,239.20702330826325,137.59563154092567,265.4373749116729,0.6865,4,27,1,4,5000,100,71.0,10.0,15.0,0.35,0.35,0.3,0.1,3.8730,251.6405,-4.7936,-4.3670
55,6,198,326,191,338,122.33493623495765,129.00387591076478,122.13289585998095,142.88806808127822,0.7744,4,27,1,4,5000,100,71.0,10.0,15.0,0.35,0.35,0.3,0.1,3.8318,135.5915,-1.9362,-3.0011
55,11,163,179,141,172,200.07152586453873,110.72488428533127,199.6538240580533,133.79461872586654,0.5926,4,27,1,4,5000,100,71.0,10.0,15.0,0.35,0.35,0.3,0.1,6.7135,121.1715,-2.8744,0.8534
56,2,381,391,392,409,56.768288932020646,208.0192298803166,56.93419592505858,229.1047795223836,0.7078,4,27,1,4,5000,100,71.0,10.0,15.0,0.35,0.35,0.3,0.1,4.6688,218.0535,2.7672,-4.5149
56,8,92,378,72,395,137.38594403038883,237.7940285204824,137.60952994897076,264.02462006411446,0.6111,4,27,1,4,5000,100,71.0,10.0,15.0,0.35,0.35,0.3,0.1,3.8705,250.2238,-4.8130,-4.2920
56,6,199,325,191,337,122.19573393471325,127.62444906835053,122.34744349944204,142.04224723651762,0.8204,4,27,1,4,5000,100,71.0,10.0,15.0,0.35,0.35,0.3,0.1,3.8465,134.4479,-1.9476,-2.9259
56,11,165,178,142,171,200.92450174492114,109.20164833920778,200.20361516832514,133.19534526401438,0.525,4,27,1,4,5000,100,71.0,10.0,15.0,0.35,0.35,0.3,0.1,6.9244,120.011,-2.8545,0.9460
57,2,371,377,390,407,56.97613244420336,190.829767070025,57.082255270639905,226.33824246026123,0.61,4,27,1,4,5000,100,71.0,10.0,15.0,0.35,0.35,0.3,0.1,4.7258,207.0728,2.7624,-4.4804
57,8,90,376,70,393,138.0664855011259,237.92856070678022,138.22236595430152,264.1685068285014,0.8643,4,27,1,4,5000,100,71.0,10.0,15.0,0.35,0.35,0.3,0.1,3.8542,250.3629,-4.8404,-4.2261
57,6,198,324,190,336,122.81634341401261,127.3184982632139,122.90524292298791,141.7391971192161,0.8781,4,27,1,4,5000,100,71.0,10.0,15.0,0.35,0.35,0.3,0.1,3.8480,134.1424,-1.9737,-2.8565
57,11,163,176,141,170,201.51588470949514,111.7899816620434,200.45631376327802,134.48048185517482,0.428,4,27,1,4,5000,100,71.0,10.0,15.0,0.35,0.35,0.3,0.1,6.4926,122.0899,-2.8396,1.0075
58,2,371,376,390,407,56.811780482429555,189.992105099133,57.082255270639905,226.33824246026123,0.5347,4,27,1,4,5000,100,71.0,10.0,15.0,0.35,0.35,0.3,0.1,4.7080,206.5786,2.7283,-4.4145
58,8,90,376,70,393,138.0664855011259,237.92856070678022,138.22236595430152,264.1685068285014,0.7476,4,27,1,4,5000,100,71.0,10.0,15.0,0.35,0.35,0.3,0.1,3.8558,250.3629,-4.8389,-4.1870
58,6,197,324,189,335,123.19293657840146,127.8632081562167,123.46537934635528,141.4496376806954,0.7294,4,27,1,4,5000,100,71.0,10.0,15.0,0.35,0.35,0.3,0.1,3.8547,134.3137,-2.0090,-2.7950
58,11,162,176,140,169,201.32946151527952,112.72089424769483,200.70422362934198,135.76818478568535,0.5399,4,27,1,4,5000,100,71.0,10.0,15.0,0.35,0.35,0.3,0.1,6.5979,123.1757,-2.8725,1.0612
59,2,378,389,388,407,57.16387137342087,204.70710783946902,57.5092994431321,225.257630281418,0.5581,4,27,1,4,5000,100,71.0,10.0,15.0,0.35,0.35,0.3,0.1,4.4366,214.4913,2.6706,-4.3395
59,8,89,376,69,393,138.2269096322867,238.6734170367534,138.3664606634298,264.9150807334305,0.7611,4,27,1,4,5000,100,71.0,10.0,15.0,0.35,0.35,0.3,0.1,3.8598,251.1105,-4.8454,-4.1516
59,6,196,324,189,335,123.56631873457331,128.41339493993607,123.46537934635528,141.4496376806954,0.7974,4,27,1,4,5000,100,71.0,10.0,15.0,0.35,0.35,0.3,0.1,3.8457,134.6166,-2.0613,-2.7393
59,11,162,176,140,169,201.32946151527952,112.72089424769483,200.70422362934198,135.76818478568535,0.5471,4,27,1,4,5000,100,71.0,10.0,15.0,0.35,0.35,0.3,0.1,6.5808,123.1757,-2.8627,1.0794
60,2,371,385,381,402,58.240519915187214,197.5854245636555,58.35795101117063,217.30393461693234,0.7825,2,27,1,4,5000,100,71.0,10.0,15.0,0.35,0.35,0.3,0.1,4.4463,206.9761,2.5874,-4.2825
60,6,189,321,181,332,126.86989764584402,130.0,126.79009856162929,143.60013927569847,0.8268,2,27,1,4,5000,100,71.0,10.0,15.0,0.35,0.35,0.3,0.1,3.8355,136.4621,-2.1455,-2.6905
61,2,356,368,372,397,59.484733560322965,175.27692375210148,59.743562836470744,208.38665984174708,0.5453,3,27,1,4,5000,100,71.0,10.0,15.0,0.35,0.35,0.3,0.1,4.2439,190.4031,2.4863,-4.2333
61,8,73,369,52,385,141.921117638435,246.45486402179202,141.99609645827533,272.85344051340087,0.7557,3,27,1,4,5000,100,71.0,10.0,15.0,0.35,0.35,0.3,0.1,3.8636,258.9832,-4.8630,-4.1309
61,6,180,316,171,327,131.30861401354872,131.79529581893277,131.11209043916693,146.0,0.7571,3,27,1,4,5000,100,71.0,10.0,15.0,0.35,0.35,0.3,0.1,3.8522,138.5345,-2.2592,-2.6335
62,2,359,379,369,395,60.407703640642026,186.30083198955393,60.185837262201325,205.15360099203718,0.6937,3,27,1,4,5000,100,71.0,10.0,15.0,0.35,0.35,0.3,0.1,4.2550,195.2732,2.3508,-4.1570
62,8,70,368,48,384,142.5299267776876,248.21361767638777,142.67241159977956,275.40878707840824,0.6756,3,27,1,4,5000,100,71.0,10.0,15.0,0.35,0.35,0.3,0.1,3.8632,261.105,-4.8927,-4.1115
62,6,177,315,167,325,132.56335175318986,133.05637902783917,132.7974018382342,147.18695594379278,0.7469,3,27,1,4,5000,100,71.0,10.0,15.0,0.35,0.35,0.3,0.1,3.8320,139.7654,-2.3992,-2.5665
63,2,358,378,367,394,60.52411099675425,184.93782739072068,60.534778615233314,203.2953516438583,0.8652,4,27,1,4,5000,100,71.0,10.0,15.0,0.35,0.35,0.3,0.1,4.2905,193.6826,2.2148,-4.0796
63,8,69,368,47,384,142.6699051861773,249.00803199896987,142.79819713405175,276.20463428407567,0.7656,4,27,1,4,5000,100,71.0,10.0,15.0,0.35,0.35,0.3,0.1,3.8594,261.9022,-4.9365,-4.0898
63,6,176,314,166,325,133.172031755695,133.00375934536586,133.0817196748532,147.8681845428556,0.8751,4,27,1,4,5000,100,71.0,10.0,15.0,0.35,0.35,0.3,0.1,3.8071,140.0426,-2.5461,-2.4949
63,12,138,166,115,159,201.5713071912546,138.7155362603627,200.88580146069302,162.68988905276197,0.4456,4,27,1,4,5000,100,71.0,10.0,15.0,0.35,0.35,0.3,0.1,5.6389,149.7492,-3.5035,1.3590
64,2,347,363,353,375,61.27967320213052,166.48123017325406,61.44037952168017,179.88885457415086,0.5278,2,27,1,4,5000,100,71.0,10.0,15.0,0.35,0.35,0.3,0.1,4.0851,172.9255,2.0750,-4.0088
64,6,171,312,160,322,135.29997516230392,135.05924625881784,135.54051018713068,149.91330828182,0.7369,2,27,1,4,5000,100,71.0,10.0,15.0,0.35,0.35,0.3,0.1,3.8018,142.0991,-2.6969,-2.4181
65,2,344,370,351,386,63.28535182731951,171.283390905248,63.57072055815563,188.7246671741667,0.6802,2,27,1,4,5000,100,71.0,10.0,15.0,0.35,0.35,0.3,0.1,4.3278,179.5815,1.9208,-3.9023
65,6,162,308,150,318,139.08561677997488,138.94603268895446,139.19766835716092,154.5639026422405,0.8229,2,27,1,4,5000,100,71.0,10.0,15.0,0.35,0.35,0.3,0.1,3.9579,146.3394,-2.8419,-2.3304
66,2,333,364,340,380,65.82089285331082,161.13658802394943,65.87464682645003,178.60011198204776,0.8315,3,27,1,4,5000,100,71.0,10.0,15.0,0.35,0.35,0.3,0.1,4.3476,169.4195,1.7876,-3.8123
66,6,151,302,138,312,143.76758124455299,143.80890097626084,143.63080178854844,160.20611723651504,0.7818,3,27,1,4,5000,100,71.0,10.0,15.0,0.35,0.35,0.3,0.1,3.9622,151.5653,-2.9784,-2.2473
66,13,113,154,90,146,202.24902365721235,166.388100536066,201.85719893270576,190.70920271449933,0.4638,3,27,1,4,5000,100,71.0,10.0,15.0,0.35,0.35,0.3,0.1,6.1489,177.7204,-4.5150,1.8757
67,2,324,359,330,374,68.1290568347834,153.0130713370593,68.13569725733583,169.1685549976709,0.862,4,27,1,4,5000,100,71.0,10.0,15.0,0.35,0.35,0.3,0.1,4.1465,160.6858,1.6828,-3.7424
67,14,35,352,9,366,149.80502248521057,268.41944787961995,149.99273353702466,297.9345565724124,0.6215,4,27,1,4,5000,100,71.0,10.0,15.0,0.35,0.35,0.3,0.1,3.9111,282.4079,-6.1874,-3.5160
67,6,140,297,127,306,147.79230202714092,150.0966355385756,147.55529674078858,165.89454481688057,0.7214,4,27,1,4,5000,100,71.0,10.0,15.0,0.35,0.35,0.3,0.1,3.9604,157.6007,-3.0933,-2.1688
67,13,107,156,75,141,200.86934779483386,171.2337583538947,201.59531044896767,206.49455198624491,0.5286,4,27,1,4,5000,100,71.0,10.0,15.0,0.35,0.35,0.3,0.1,6.1517,187.2184,-4.5370,1.9155
68,2,316,345,325,371,69.05252941304884,137.05838172107534,69.36245301531218,164.5600194457937,0.5598,3,27,1,4,5000,100,71.0,10.0,15.0,0.35,0.35,0.3,0.1,4.1567,149.5554,1.5747,-3.6525
68,14,31,349,4,363,150.78075330951538,270.4071004984891,150.9638963134259,300.8072472531205,0.7059,3,27,1,4,5000,100,71.0,10.0,15.0,0.35,0.35,0.3,0.1,3.8495,284.7982,-6.2401,-3.4787
68,6,136,294,123,303,149.55357279071254,151.95394038984313,149.1534125878514,167.72596698186004,0.6077,3,27,1,4,5000,100,71.0,10.0,15.0,0.35,0.35,0.3,0.1,3.9594,159.4509,-3.2025,-2.0864
69,2,316,352,321,367,70.05097781644288,143.6175476743702,70.20112364547508,159.42396306703708,0.7961,4,27,1,4,5000,100,71.0,10.0,15.0,0.35,0.35,0.3,0.1,4.2916,151.1085,1.4618,-3.5391
69,14,26,346,1,360,151.8412057361424,273.35325130680263,151.73779263332173,302.00165562460086,0.8924,4,27,1,4,5000,100,71.0,10.0,15.0,0.35,0.35,0.3,0.1,3.8365,286.9642,-6.2944,-3.4413
69,6,145,285,118,300,150.86570780277384,139.6710420953463,150.88013877707527,170.55790805471318,0.6544,4,27,1,4,5000,100,71.0,10.0,15.0,0.35,0.35,0.3,0.1,4.2224,153.5769,-3.2960,-1.9910
69,13,98,149,64,135,201.91822029191968,182.16750533506243,201.99579645728025,218.93606372637652,0.7452,4,27,1,4,5000,100,71.0,10.0,15.0,0.35,0.35,0.3,0.1,6.1538,198.8665,-4.5566,1.9562
70,2,311,340,320,364,70.31667245355897,130.6330739131557,70.17352452453017,156.26259949200897,0.6188,3,27,1,4,5000,100,71.0,10.0,15.0,0.35,0.35,0.3,0.1,4.4960,142.303,1.3737,-3.4571
70,6,131,289,117,297,152.10272896905238,153.88307249337075,151.92751306414706,170.0,0.7686,3,27,1,4,5000,100,71.0,10.0,15.0,0.35,0.35,0.3,0.1,4.2037,161.5405,-3.3973,-1.8983
70,13,97,147,63,132,202.38013505195957,183.84776310850236,202.61986494804043,221.0,0.7076,3,27,1,4,5000,100,71.0,10.0,15.0,0.35,0.35,0.3,0.1,6.1531,200.7192,-4.5774,1.9975
71,2,315,347,320,361,69.7343025290525,138.57849761056005,69.79358143704393,153.44380078712857,0.8248,3,27,1,4,5000,100,71.0,10.0,15.0,0.35,0.35,0.3,0.1,4.5846,145.6328,1.2859,-3.3452
71,6,132,286,118,294,152.92791976200724,151.61134522191932,152.67105036199203,167.72000476985446,0.7049,3,27,1,4,5000,100,71.0,10.0,15.0,0.35,0.35,0.3,0.1,4.3229,159.2594,-3.4748,-1.8007
71,13,97,144,63,129,203.23925465125853,185.0108104949546,203.33404127670977,222.17110523198104,0.6864,3,27,1,4,5000,100,71.0,10.0,15.0,0.35,0.35,0.3,0.1,6.1722,201.8953,-4.5963,2.0404
72,2,315,344,320,358,69.295776370658,135.76818478568535,69.39943592417514,150.63200191194434,0.8341,3,27,1,4,5000,100,71.0,10.0,15.0,0.35,0.35,0.3,0.1,4.6601,142.8144,1.2405,-3.2918
72,6,132,283,118,291,153.94650468950906,150.26975743641833,153.58896936459433,166.3640586184408,0.668,3,27,1,4,5000,100,71.0,10.0,15.0,0.35,0.35,0.3,0.1,4.3035,157.9079,-3.5409,-1.7075
72,13,97,141,64,126,204.08745230863227,186.2149295840696,204.14554196042164,222.46348014898985,0.7473,3,27,1,4,5000,100,71.0,10.0,15.0,0.35,0.35,0.3,0.1,5.9795,202.7316,-4.5901,2.0881
73,2,314,341,319,354,69.2416757284536,132.60844618650805,69.2151389860315,146.53668482670133,0.8919,3,27,1,4,5000,100,71.0,10.0,15.0,0.35,0.35,0.3,0.1,4.7613,139.2251,1.2115,-3.2417
73,6,144,275,117,288,154.75402643843057,135.988970140964,154.67024589180056,165.9548131269473,0.6344,3,27,1,4,5000,100,71.0,10.0,15.0,0.35,0.35,0.3,0.1,4.2975,149.4849,-3.5910,-1.6119
73,13,96,138,63,123,204.79638483167486,188.36666371733614,204.73950886974814,224.61522655421203,0.7362,3,27,1,4,5000,100,71.0,10.0,15.0,0.35,0.35,0.3,0.1,6.1030,204.9001,-4.6669,2.1837
74,2,310,328,316,345,68.82426058289542,119.03780911962384,69.05252941304884,137.05838172107534,0.5733,3,27,1,4,5000,100,71.0,10.0,15.0,0.35,0.35,0.3,0.1,4.5581,127.4141,1.1965,-3.2084
74,6,130,277,116,284,156.34868667335783,149.56269588369955,156.07272661995057,165.19685227025363,0.6983,3,27,1,4,5000,100,71.0,10.0,15.0,0.35,0.35,0.3,0.1,4.3047,156.9915,-3.6399,-1.5083
74,13,95,135,62,119,205.4892005562867,190.5465822312224,205.55007465241349,227.2201575564985,0.7453,3,27,1,4,5000,100,71.0,10.0,15.0,0.35,0.35,0.3,0.1,6.0236,207.2737,-4.7325,2.2940
75,2,308,325,315,342,69.21175431096968,115.52056094046635,68.99321056922815,133.8992158304148,0.5832,3,27,1,4,5000,100,71.0,10.0,15.0,0.35,0.35,0.3,0.1,4.6552,124.0328,1.1833,-3.1572
75,6,141,269,114,280,157.57413807864822,136.3084736911099,157.61986494804043,165.46298679765212,0.6454,3,27,1,4,5000,100,71.0,10.0,15.0,0.35,0.35,0.3,0.1,4.2880,149.4774,-3.6838,-1.3929
75,13,93,132,60,115,206.03577496687663,193.65174928205528,206.2319399331566,230.76611536358627,0.6498,3,27,1,4,5000,100,71.0,10.0,15.0,0.35,0.35,0.3,0.1,5.9841,210.5861,-4.7429,2.3368
76,2,306,322,312,336,69.62356478616361,112.00892821556681,69.2858251556513,127.22421153223941,0.5346,3,27,1,4,5000,100,71.0,10.0,15.0,0.35,0.35,0.3,0.1,4.3863,119.1327,1.1793,-3.1233
76,6,126,269,112,275,159.75631185458593,150.28306624500314,159.48447512692354,165.4962235218677,0.6955,3,27,1,4,5000,100,71.0,10.0,15.0,0.35,0.35,0.3,0.1,4.1534,157.5232,-3.7218,-1.2712
76,13,93,128,58,111,207.08948302560574,195.4405280385826,206.89307686514286,234.3437645852776,0.7304,3,27,1,4,5000,100,71.0,10.0,15.0,0.35,0.35,0.3,0.1,5.9351,213.1314,-4.7529,2.3822
77,6,123,263,108,269,162.28420729362307,151.16877984557524,161.88997650009946,167.28717822953436,0.6518,2,27,1,4,5000,100,71.0,10.0,15.0,0.35,0.35,0.3,0.1,4.1531,158.8201,-3.7366,-1.1358
77,13,96,120,76,109,209.5641381125332,196.596032513375,209.48577269807836,219.4196891803468,0.6831,2,27,1,4,5000,100,71.0,10.0,15.0,0.35,0.35,0.3,0.1,5.8780,207.3818,-4.7653,2.4296
78,6,119,257,104,262,164.87599269168942,153.3101431738944,164.56657550477715,169.09760495051373,0.6721,2,27,1,4,5000,100,71.0,10.0,15.0,0.35,0.35,0.3,0.1,4.1549,160.8173,-3.7468,-0.9879
78,13,85,117,49,98,208.78661831001403,207.66318884193223,208.62887090553494,248.3646512690564,0.7637,2,27,1,4,5000,100,71.0,10.0,15.0,0.35,0.35,0.3,0.1,5.8281,226.1976,-4.7827,2.4797
79,6,116,251,100,255,167.31058786351602,154.7804897265802,167.18090583475623,171.26879458909028,0.7636,3,27,1,4,5000,100,71.0,10.0,15.0,0.35,0.35,0.3,0.1,4.2189,162.6077,-3.7555,-0.8292
79,13,79,109,46,91,209.87599269168942,216.81328372588243,209.68901024735422,254.3953615929347,0.5763,3,27,1,4,5000,100,71.0,10.0,15.0,0.35,0.35,0.3,0.1,5.7714,234.1056,-4.8017,2.5340
79,15,88,106,77,99,211.8035368077815,210.62288574606512,211.84245725998517,223.6604569431083,0.6534,3,27,1,4,5000,100,71.0,10.0,15.0,0.35,0.35,0.3,0.1,3.5326,216.946,-4.6372,3.0599
80,6,115,244,100,246,169.92752216256108,154.37940277122465,170.14867265719195,169.49926253526885,0.6254,1,27,1,4,5000,100,71.0,10.0,15.0,0.35,0.35,0.3,0.1,3.9471,161.5864,-3.7771,-0.6686
81,6,120,236,104,239,172.63525375501735,148.22280526288793,172.31327831853167,164.47796204963143,0.6434,2,27,1,4,5000,100,71.0,10.0,15.0,0.35,0.35,0.3,0.1,3.9775,155.9279,-3.7792,-0.4962
81,15,93,95,69,79,215.03619581009283,212.5088233462319,214.87532834460217,241.3462243334252,0.5842,2,27,1,4,5000,100,71.0,10.0,15.0,0.35,0.35,0.3,0.1,3.3951,226.0114,-4.5446,3.1715
82,6,126,230,111,231,174.73230287195577,141.59802258506295,174.87180895814717,156.62694531912445,0.792,2,27,1,4,5000,100,71.0,10.0,15.0,0.35,0.35,0.3,0.1,3.8458,148.7338,-3.7802,-0.3311
82,15,100,87,86,76,217.89872827448528,211.6341182323871,217.91878775534127,229.43844490407443,0.662,2,27,1,4,5000,100,71.0,10.0,15.0,0.35,0.35,0.3,0.1,3.8651,220.1769,-4.5040,3.3219
83,6,128,222,113,222,177.93988897627688,139.0898989862312,178.14040066125446,154.0811474515945,0.7975,1,27,1,4,5000,100,71.0,10.0,15.0,0.35,0.35,0.3,0.1,3.8545,146.2022,-3.7597,-0.1582
84,6,129,214,111,214,181.24536426676835,138.03260484392808,181.10170611520635,156.02884348735012,0.8974,1,27,1,4,5000,100,71.0,10.0,15.0,0.35,0.35,0.3,0.1,3.7963,146.48,-3.7304,0.0103
85,6,128,208,113,206,183.7046274420771,139.29106216839614,184.08561677997488,154.39235732380018,0.6683,1,27,1,4,5000,100,71.0,10.0,15.0,0.35,0.35,0.3,0.1,3.8145,146.4535,-3.6859,0.1786
86,6,128,201,112,200,186.5662986207463,139.91783303067555,186.25903630512224,155.92947123619703,0.7359,1,27,1,4,5000,100,71.0,10.0,15.0,0.35,0.35,0.3,0.1,3.8353,147.4904,-3.6369,0.3425
87,6,129,198,114,197,187.83926333180543,139.30183056945089,187.44741685019514,154.30165261590687,0.6531,1,27,1,4,5000,100,71.0,10.0,15.0,0.35,0.35,0.3,0.1,3.8117,146.4186,-3.5949,0.5018
88,6,132,191,117,189,190.90126765303006,137.48090776540573,190.5735234185609,152.5909564816998,0.7074,1,27,1,4,5000,100,71.0,10.0,15.0,0.35,0.35,0.3,0.1,3.7961,144.6424,-3.5631,0.6611
89,16,27,241,1,243,174.28940686250036,241.19701490690136,174.41739424346892,267.26765610526087,0.7684,3,27,1,4,5000,100,71.0,10.0,15.0,0.35,0.35,0.3,0.1,3.8317,253.564,-6.3195,-0.5506
89,6,130,187,119,184,192.35155915003017,140.24621207005913,192.5697918076787,151.63442880823604,0.5936,3,27,1,4,5000,100,71.0,10.0,15.0,0.35,0.35,0.3,0.1,3.7824,145.7182,-3.5313,0.8159
89,17,108,49,85,25,226.57655005518373,231.3114783144148,226.53160779201102,264.55245226608656,0.6246,3,27,1,4,5000,100,71.0,10.0,15.0,0.35,0.35,0.3,0.1,3.4603,246.8178,-4.3429,4.6747
90,16,28,235,2,237,175.69296781399768,239.67686580060246,175.6839724801344,265.75364531836624,0.8753,3,27,1,4,5000,100,71.0,10.0,15.0,0.35,0.35,0.3,0.1,3.8670,252.0426,-6.2566,-0.3128
90,6,135,181,120,177,195.25511870305778,136.82105101189657,195.2221332262684,152.34500319997372,0.854,3,27,1,4,5000,100,71.0,10.0,15.0,0.35,0.35,0.3,0.1,3.7201,144.1663,-3.4919,0.9626
90,17,95,28,86,19,227.69614738547256,255.54842985234717,227.56827388851227,268.26293072282647,0.4105,3,27,1,4,5000,100,71.0,10.0,15.0,0.35,0.35,0.3,0.1,3.4603,261.7514,-4.3429,4.6747
91,6,136,175,122,171,197.7764056453584,137.56816492197603,197.60118136778559,152.12166183683374,0.7766,1,27,1,4,5000,100,71.0,10.0,15.0,0.35,0.35,0.3,0.1,3.7172,144.4793,-3.4442,1.1048
92,6,137,170,124,165,199.8768721946033,138.23530663329106,199.98310652189997,152.16109883935513,0.7653,1,27,1,4,5000,100,71.0,10.0,15.0,0.35,0.35,0.3,0.1,3.7085,144.8643,-3.3862,1.2470
93,6,139,163,126,158,202.87366519062672,138.92443989449805,202.7063708403059,152.84632805533798,0.7185,1,27,1,4,5000,100,71.0,10.0,15.0,0.35,0.35,0.3,0.1,3.7148,145.5532,-3.3213,1.3926
94,16,35,211,9,210,181.48145717088707,232.07757323791543,181.5541553729342,258.0949437706985,0.7446,2,27,1,4,5000,100,71.0,10.0,15.0,0.35,0.35,0.3,0.1,3.8898,244.3958,-6.2188,-0.1564
94,6,141,157,128,151,205.4633450618716,139.5564401953561,205.3993095707768,153.87332452377834,0.7776,2,27,1,4,5000,100,71.0,10.0,15.0,0.35,0.35,0.3,0.1,3.6900,146.3656,-3.2509,1.5315
95,6,144,153,131,146,207.4890965298507,138.6542462386205,207.56720750091563,153.4177303964571,0.7947,1,27,1,4,5000,100,71.0,10.0,15.0,0.35,0.35,0.3,0.1,3.7711,145.6629,-3.1697,1.6702
96,6,148,148,135,141,210.1065270411584,137.55726080436466,209.93151184050777,152.31546211727817,0.7672,1,27,1,4,5000,100,71.0,10.0,15.0,0.35,0.35,0.3,0.1,3.7667,144.5607,-3.0833,1.8044
97,6,152,142,139,134,213.11134196037202,137.2953021774598,212.9608878839777,152.55490814785344,0.7763,1,27,1,4,5000,100,71.0,10.0,15.0,0.35,0.35,0.3,0.1,3.7694,144.5234,-2.9855,1.9364
98,6,156,138,144,129,215.4399035191137,136.24243098242192,215.58171758308083,151.23822268196622,0.787,1,27,1,4,5000,100,71.0,10.0,15.0,0.35,0.35,0.3,0.1,3.7883,143.3492,-2.8773,2.0626
99,6,161,133,150,125,218.39516450324604,135.2479205015737,218.17884763521565,148.8388390172404,0.7103,1,27,1,4,5000,100,71.0,10.0,15.0,0.35,0.35,0.3,0.1,3.8140,141.7183,-2.7588,2.1809
100,6,166,129,154,120,221.06521794363056,133.9589489358587,220.6430249941537,148.92279879185725,0.6683,1,27,1,4,5000,100,71.0,10.0,15.0,0.35,0.35,0.3,0.1,3.8238,141.0451,-2.6325,2.2889
101,6,171,125,160,115,223.78112476486868,132.9661611087573,223.6295489822004,147.82760229402356,0.7987,1,27,1,4,5000,100,71.0,10.0,15.0,0.35,0.35,0.3,0.1,3.8256,140.0036,-2.4971,2.3936
102,6,177,120,167,110,227.1437608652234,132.32157798333574,226.93680038622105,146.4547711752676,0.7838,1,27,1,4,5000,100,71.0,10.0,15.0,0.35,0.35,0.3,0.1,3.8035,139.0299,-2.3572,2.4938
103,6,183,117,173,107,229.9697407281103,130.59862173851607,229.48460600954462,144.69277798148738,0.6307,1,27,1,4,5000,100,71.0,10.0,15.0,0.35,0.35,0.3,0.1,3.7991,137.2849,-2.2139,2.5871
104,6,189,114,180,103,232.86402479549955,129.20139318134306,232.6506509553594,143.40502083260543,0.7909,1,27,1,4,5000,100,71.0,10.0,15.0,0.35,0.35,0.3,0.1,3.8220,135.9332,-2.0683,2.6814
105,6,194,112,186,101,235.1915018500277,127.88275880665071,235.07433273010275,141.4814475470194,0.784,1,27,1,4,5000,100,71.0,10.0,15.0,0.35,0.35,0.3,0.1,3.8205,134.3388,-1.9226,2.7724
106,6,201,109,193,98,238.5704343851615,126.57013865837392,238.12463724841095,140.13208055259867,0.6415,1,27,1,4,5000,100,71.0,10.0,15.0,0.35,0.35,0.3,0.1,3.8107,133.0063,-1.7713,2.8567
107,6,206,106,200,95,241.20902492780797,126.65701717630967,241.2252753611782,139.18692467326088,0.834,1,27,1,4,5000,100,71.0,10.0,15.0,0.35,0.35,0.3,0.1,3.7901,132.6267,-1.5985,2.9375
108,6,212,103,205,91,244.2447292398329,126.57408897558773,243.79988515865267,140.42791745233566,0.6283,1,27,1,4,5000,100,71.0,10.0,15.0,0.35,0.35,0.3,0.1,3.8002,133.1416,-1.4176,3.0126
109,6,217,99,211,85,247.03622694014544,128.15615474880636,247.01128319791934,143.38758663147937,0.8386,1,27,1,4,5000,100,71.0,10.0,15.0,0.35,0.35,0.3,0.1,3.7989,135.3447,-1.2310,3.0877
110,6,222,95,217,83,249.75337992441177,130.034610777285,249.5377284765778,143.024473430249,0.7273,1,27,1,4,5000,100,71.0,10.0,15.0,0.35,0.35,0.3,0.1,3.7844,136.2206,-1.0422,3.1617
111,6,229,94,224,81,252.831827564818,128.73616430514,252.4542712543037,142.63590010933433,0.703,1,27,1,4,5000,100,71.0,10.0,15.0,0.35,0.35,0.3,0.1,3.7939,135.3301,-0.8487,3.2367
113,6,243,91,240,78,259.2157021324374,128.2653499585917,259.0074924197323,141.59802258506295,0.7428,1,27,1,4,5000,100,71.0,10.0,15.0,0.35,0.35,0.3,0.1,3.7758,134.6023,-0.6553,3.3085
114,6,253,89,250,75,263.75808565258495,128.76334882255898,263.1731376615263,143.01398533010678,0.6096,1,27,1,4,5000,100,71.0,10.0,15.0,0.35,0.35,0.3,0.1,3.7961,135.5151,-0.4607,3.3767
115,18,291,455,293,479,84.24173983563324,239.20702330826325,84.33271432176086,263.28691574022434,0.7888,3,27,1,4,5000,100,71.0,10.0,15.0,0.35,0.35,0.3,0.1,3.7763,250.67,1.0116,-6.1344
115,19,440,158,458,151,341.1685469219449,182.7840255602223,340.93742298546016,202.08166665979377,0.7451,3,27,1,4,5000,100,71.0,10.0,15.0,0.35,0.35,0.3,0.1,3.7556,191.949,5.0062,1.6645
115,6,261,86,259,72,267.3775985394589,131.13733259449805,266.84205520356073,145.2205219657332,0.638,3,27,1,4,5000,100,71.0,10.0,15.0,0.35,0.35,0.3,0.1,3.7670,137.8201,-0.2639,3.4406
116,18,297,452,300,477,82.72499504211075,236.90715480964266,82.76652040250137,262.08586379276545,0.885,3,27,1,4,5000,100,71.0,10.0,15.0,0.35,0.35,0.3,0.1,3.7696,248.8613,1.0924,-6.1163
116,19,448,156,466,149,341.37533074625264,191.0026177831079,341.13426396006935,210.2974084481309,0.6909,3,27,1,4,5000,100,71.0,10.0,15.0,0.35,0.35,0.3,0.1,3.7438,200.1862,5.0956,1.6789
116,6,268,83,267,69,270.42757250683337,134.00373129133382,270.0,148.0,0.6297,3,27,1,4,5000,100,71.0,10.0,15.0,0.35,0.35,0.3,0.1,3.7294,140.6545,-0.0603,3.4965
117,18,303,450,307,475,81.21688464388224,235.76471322061747,81.1870983622556,261.0823624835657,0.8687,3,27,1,4,5000,100,71.0,10.0,15.0,0.35,0.35,0.3,0.1,3.7639,247.7785,1.1686,-6.0996
117,19,454,154,474,147,341.3814114869582,197.327139542436,341.3163011646496,218.51544567833184,0.8239,3,27,1,4,5000,100,71.0,10.0,15.0,0.35,0.35,0.3,0.1,3.7452,207.3815,5.1830,1.6912
117,6,275,81,275,66,273.3664606634298,136.23509092741122,273.03270261617695,151.21177202850313,0.6937,3,27,1,4,5000,100,71.0,10.0,15.0,0.35,0.35,0.3,0.1,3.7357,143.3333,0.1468,3.5477
118,18,308,448,313,474,79.93543179274815,234.61031520374377,79.8521816533568,261.0842775810141,0.7636,3,27,1,4,5000,100,71.0,10.0,15.0,0.35,0.35,0.3,0.1,3.7516,247.1403,1.2460,-6.0769
118,19,461,153,482,146,341.7424369246103,204.2841158778626,341.72509483768397,226.4199637841151,0.8886,3,27,1,4,5000,100,71.0,10.0,15.0,0.35,0.35,0.3,0.1,3.7369,214.7832,5.2677,1.7091
118,6,282,79,282,65,276.20344790169185,138.81282361511128,275.63594069829344,152.73833834371774,0.5563,3,27,1,4,5000,100,71.0,10.0,15.0,0.35,0.35,0.3,0.1,3.7169,145.443,0.3528,3.6024
119,18,314,447,318,472,78.45073817644065,234.75306174787156,78.69006752597979,260.049995193232,0.7124,3,27,1,4,5000,100,71.0,10.0,15.0,0.35,0.35,0.3,0.1,3.7586,246.7549,1.3241,-6.0524
119,19,466,152,488,145,341.91124502753894,209.34660255184463,341.9548123723961,232.43278598338918,0.8683,3,27,1,4,5000,100,71.0,10.0,15.0,0.35,0.35,0.3,0.1,3.7440,220.2865,5.3554,1.7284
119,6,288,78,289,63,278.59122543222765,140.57738082636197,278.13010235415595,155.56349186104046,0.6347,3,27,1,4,5000,100,71.0,10.0,15.0,0.35,0.35,0.3,0.1,3.7224,147.6913,0.5417,3.6558
120,18,320,446,325,470,76.9688425373277,235.05318547086316,77.08810879240212,259.5630944491146,0.7662,3,27,1,4,5000,100,71.0,10.0,15.0,0.35,0.35,0.3,0.1,3.7624,246.7009,1.4040,-6.0301
120,19,473,151,494,144,342.2351466993025,216.31458573105976,342.17294114691674,238.4491560060551,0.8508,3,27,1,4,5000,100,71.0,10.0,15.0,0.35,0.35,0.3,0.1,3.7419,226.8432,5.4432,1.7465
120,6,294,76,296,62,280.8403054543306,143.56183336806478,280.5973351450236,157.68956845650888,0.7319,3,27,1,4,5000,100,71.0,10.0,15.0,0.35,0.35,0.3,0.1,3.7080,150.2944,0.7464,3.7083
121,18,327,445,333,469,75.25643716352927,235.762592452662,75.32360686254998,260.4995201531089,0.8134,3,27,1,4,5000,100,71.0,10.0,15.0,0.35,0.35,0.3,0.1,3.7807,247.5145,1.5644,-5.9889
121,19,481,150,503,143,342.61549078054816,224.24317157942625,342.5906972530431,247.329739416836,0.8591,3,27,1,4,5000,100,71.0,10.0,15.0,0.35,0.35,0.3,0.1,3.7508,235.2213,5.6240,1.7795
121,6,302,75,305,60,283.8462084118265,146.24978632463024,283.6061030542493,161.533278305122,0.7195,3,27,1,4,5000,100,71.0,10.0,15.0,0.35,0.35,0.3,0.1,3.6958,153.5121,0.9501,3.7538
122,18,332,444,338,468,74.0212732247026,236.1228493814184,74.20546151643516,260.84861510078986,0.7557,3,27,1,4,5000,100,71.0,10.0,15.0,0.35,0.35,0.3,0.1,3.7861,247.8706,1.7271,-5.9513
122,19,487,150,510,142,343.06212416159207,229.97608571327584,342.8475782597882,254.31083343027288,0.6829,3,27,1,4,5000,100,71.0,10.0,15.0,0.35,0.35,0.3,0.1,3.7633,241.5321,5.8048,1.8079
122,6,309,74,312,59,286.36784560598676,149.04026301640775,285.8974897419251,164.28329190760695,0.6077,3,27,1,4,5000,100,71.0,10.0,15.0,0.35,0.35,0.3,0.1,3.6851,156.291,1.1527,3.7960
123,18,338,441,345,464,72.41324435830184,234.98297810692586,72.47443162627712,259.02316498722655,0.8178,3,27,1,4,5000,100,71.0,10.0,15.0,0.35,0.35,0.3,0.1,3.7916,246.4181,1.8874,-5.9160
123,19,493,147,516,139,342.7904424794521,236.5924766344019,342.60667785308794,260.93102536877444,0.7385,3,27,1,4,5000,100,71.0,10.0,15.0,0.35,0.35,0.3,0.1,3.7623,248.1664,5.9845,1.8341
123,6,315,71,319,56,288.1991650530454,153.68799562750502,287.89948983735746,169.1892431568863,0.6905,3,27,1,4,5000,100,71.0,10.0,15.0,0.35,0.35,0.3,0.1,3.6684,161.0665,1.3518,3.8337
124,18,344,438,352,462,70.79083101214992,234.0299126180241,70.86635679409451,259.3260495977988,0.8204,3,27,1,4,5000,100,71.0,10.0,15.0,0.35,0.35,0.3,0.1,3.7812,246.0295,2.0467,-5.8820
124,19,500,145,525,137,342.8281775709059,243.87086746883074,342.77251177354907,270.1184925176357,0.8551,3,27,1,4,5000,100,71.0,10.0,15.0,0.35,0.35,0.3,0.1,3.7537,256.3245,6.1587,1.8580
124,6,322,69,327,53,290.38615459958083,157.88920165736477,290.0952311919048,174.63103962354458,0.7312,3,27,1,4,5000,100,71.0,10.0,15.0,0.35,0.35,0.3,0.1,3.6679,165.8387,1.5533,3.8723
125,18,351,437,359,461,69.10223450116113,235.49097647256042,69.34108993669251,260.76809620810593,0.6493,2,27,1,4,5000,100,71.0,10.0,15.0,0.35,0.35,0.3,0.1,3.7704,247.4858,2.2140,-5.8480
125,19,507,144,532,136,343.08198714792195,250.85653270345583,343.0036838713407,277.1028689855087,0.7973,2,27,1,4,5000,100,71.0,10.0,15.0,0.35,0.35,0.3,0.1,3.7403,263.3273,6.3420,1.8819
126,18,358,437,367,461,67.52823366756111,238.07771840304585,67.71441235316725,263.69679558159214,0.6943,3,27,1,4,5000,100,71.0,10.0,15.0,0.35,0.35,0.3,0.1,3.7686,250.2332,2.4029,-5.8110
126,19,515,144,542,136,343.5979524014808,258.5207922005501,343.5879022736216,286.6810073932349,0.8962,3,27,1,4,5000,100,71.0,10.0,15.0,0.35,0.35,0.3,0.1,3.7470,271.8736,6.5484,1.9075
126,6,338,67,345,51,295.32975410819944,165.9548131269473,295.1678701497816,183.412104289766,0.7792,3,27,1,4,5000,100,71.0,10.0,15.0,0.35,0.35,0.3,0.1,3.6569,174.2473,1.7820,3.9145
127,18,365,436,375,460,65.89202903715268,239.92707225321615,66.03751102542182,265.9191606484948,0.7303,3,27,1,4,5000,100,71.0,10.0,15.0,0.35,0.35,0.3,0.1,3.7727,252.2553,2.6014,-5.7723
127,19,523,144,550,136,344.08416848216694,266.20480837129895,344.02786785299486,294.3637205907005,0.8491,3,27,1,4,5000,100,71.0,10.0,15.0,0.35,0.35,0.3,0.1,3.7533,279.577,6.7657,1.9342
127,6,346,67,353,51,297.77428119943136,169.53170794869024,297.3874221570762,186.9545399288287,0.6498,3,27,1,4,5000,100,71.0,10.0,15.0,0.35,0.35,0.3,0.1,3.6695,177.8174,2.0357,3.9588
128,18,370,435,381,459,64.71033990036038,241.10785968109792,64.7760766026392,267.5070092539633,0.7754,3,27,1,4,5000,100,71.0,10.0,15.0,0.35,0.35,0.3,0.1,3.7815,253.6223,2.8107,-5.7324
128,19,529,143,557,135,344.22805194314515,272.2498852157701,344.21129225772813,301.37020423392886,0.8887,3,27,1,4,5000,100,71.0,10.0,15.0,0.35,0.35,0.3,0.1,3.7512,286.0709,6.9956,1.9627
128,6,352,65,361,50,299.2143799802684,174.15223225672418,299.37404000611417,191.637678967368,0.7627,3,27,1,4,5000,100,71.0,10.0,15.0,0.35,0.35,0.3,0.1,3.6751,182.477,2.2883,4.0020
129,18,375,434,386,458,63.5406604732907,242.39018131929353,63.720948674717086,268.77871939571406,0.7606,3,27,1,4,5000,100,71.0,10.0,15.0,0.35,0.35,0.3,0.1,3.7838,254.9033,3.0190,-5.7016
129,19,534,143,562,135,344.5090975270656,277.0649743291274,344.4658722586777,306.18458485038076,0.8307,3,27,1,4,5000,100,71.0,10.0,15.0,0.35,0.35,0.3,0.1,3.7528,290.8979,7.2231,1.9820
129,6,358,65,367,49,300.90829112876736,177.15812146215595,300.7627195342389,195.50959055759898,0.789,3,27,1,4,5000,100,71.0,10.0,15.0,0.35,0.35,0.3,0.1,3.6814,185.882,2.5386,4.0429
130,18,384,433,395,456,61.55707137563666,245.65219315121126,61.82806290667524,271.1180554666177,0.4952,3,27,1,4,5000,100,71.0,10.0,15.0,0.35,0.35,0.3,0.1,3.7838,257.7577,3.2203,-5.6755
130,19,543,142,572,134,344.79759129082385,286.0087411251621,344.77667695378545,316.0917588296158,0.8966,3,27,1,4,5000,100,71.0,10.0,15.0,0.35,0.35,0.3,0.1,3.7380,300.2987,7.4440,1.9968
130,6,366,63,375,47,302.7352262721076,183.07648674802562,302.4275549957725,201.40506448448608,0.6165,3,27,1,4,5000,100,71.0,10.0,15.0,0.35,0.35,0.3,0.1,3.6962,191.8039,2.7866,4.0747
131,18,401,430,414,453,57.825674376476215,251.6445906432324,58.08199114967273,278.03776721877193,0.6195,3,27,1,4,5000,100,71.0,10.0,15.0,0.35,0.35,0.3,0.1,3.7824,264.1836,3.4171,-5.6516
131,19,560,140,591,132,345.2756897768883,302.9488405655318,345.2999683658455,334.96417718914364,0.8567,3,27,1,4,5000,100,71.0,10.0,15.0,0.35,0.35,0.3,0.1,3.7279,318.1531,7.6581,2.0094
131,6,383,60,395,44,306.45897184681337,195.2050204272421,306.49716084414246,215.20455385516357,0.8289,3,27,1,4,5000,100,71.0,10.0,15.0,0.35,0.35,0.3,0.1,3.6838,204.7175,3.0279,4.1032
132,18,414,428,429,450,55.135749725544585,257.1575392633862,55.18992306246332,283.7833680820636,0.8203,3,27,1,4,5000,100,71.0,10.0,15.0,0.35,0.35,0.3,0.1,3.7844,269.8152,3.6071,-5.6254
132,19,575,139,607,130,345.78880813070253,317.72314992773187,345.64698972764836,350.9544129940526,0.7051,3,27,1,4,5000,100,71.0,10.0,15.0,0.35,0.35,0.3,0.1,3.7161,333.513,7.7694,2.0176
132,6,400,58,413,41,309.9117398024624,207.2920644887305,309.67724929223175,228.67444107289296,0.6439,3,27,1,4,5000,100,71.0,10.0,15.0,0.35,0.35,0.3,0.1,3.6866,217.4589,3.2418,4.1271
133,18,419,427,435,450,54.102622488291914,259.2373429890069,54.207263765520764,287.2507615307573,0.733,3,27,1,4,5000,100,71.0,10.0,15.0,0.35,0.35,0.3,0.1,3.7825,272.5261,3.7869,-5.6015
133,19,583,138,616,129,345.96375653207355,325.7253444237952,345.8479296423241,359.9236030048599,0.7226,3,27,1,4,5000,100,71.0,10.0,15.0,0.35,0.35,0.3,0.1,3.7119,341.9716,7.8832,2.0276
133,6,407,57,422,40,311.18592516570965,212.60291625469299,311.2088343126348,235.27430798963155,0.8469,3,27,1,4,5000,100,71.0,10.0,15.0,0.35,0.35,0.3,0.1,3.6914,223.3648,3.4466,4.1532
134,18,425,428,441,450,53.17357410568763,263.60007587252323,53.24831906297723,290.80061898145954,0.885,4,27,1,4,5000,100,71.0,10.0,15.0,0.35,0.35,0.3,0.1,3.7730,276.5331,3.9667,-5.5789
134,20,26,306,1,316,159.7310838458632,256.90854403853524,159.58571724457104,283.82565070831777,0.6825,4,27,1,4,5000,100,71.0,10.0,15.0,0.35,0.35,0.3,0.1,3.8624,269.6971,-6.0752,-2.3108
134,19,588,139,621,130,346.34235749418787,330.3407331831786,346.1924809837987,364.5339490363003,0.6671,4,27,1,4,5000,100,71.0,10.0,15.0,0.35,0.35,0.3,0.1,3.7022,346.5961,8.0051,2.0371
134,6,413,57,428,40,312.3804512046053,216.60101569475614,312.28979689982543,239.26972228010797,0.763,4,27,1,4,5000,100,71.0,10.0,15.0,0.35,0.35,0.3,0.1,3.7073,227.3718,3.6456,4.1759
135,18,428,427,445,450,52.52382043863863,264.6148144001012,52.62203577105253,293.21152774063984,0.7577,4,27,1,4,5000,100,71.0,10.0,15.0,0.35,0.35,0.3,0.1,3.7691,278.1802,4.1487,-5.5573
135,20,31,306,5,316,159.33760542781684,252.22410669878485,159.30029662885457,280.0803456153252,0.7907,4,27,1,4,5000,100,71.0,10.0,15.0,0.35,0.35,0.3,0.1,3.8605,265.4233,-6.0135,-2.2989
135,19,593,139,626,130,346.5441570210763,335.2014319778482,346.3775730887166,369.39139134527755,0.6444,4,27,1,4,5000,100,71.0,10.0,15.0,0.35,0.35,0.3,0.1,3.6976,351.4669,8.1438,2.0491
135,6,418,58,434,41,313.5217273433111,219.27608168699112,313.4969570787165,242.62110378118388,0.8664,4,27,1,4,5000,100,71.0,10.0,15.0,0.35,0.35,0.3,0.1,3.7079,230.3586,3.8470,4.1998
136,18,433,427,450,450,51.674469047117576,267.686383665662,51.853635171650225,296.2735222729159,0.6803,4,27,1,4,5000,100,71.0,10.0,15.0,0.35,0.35,0.3,0.1,3.7700,281.2554,4.3365,-5.5402
136,20,35,305,9,315,159.22774531795417,248.12899870833317,159.20097159115852,275.98550686584974,0.9061,4,27,1,4,5000,100,71.0,10.0,15.0,0.35,0.35,0.3,0.1,3.8714,261.317,-5.8984,-2.2868
136,19,597,139,630,130,346.7014296695057,339.092907622675,346.5221772467587,373.28005572224185,0.6372,4,27,1,4,5000,100,71.0,10.0,15.0,0.35,0.35,0.3,0.1,3.6910,355.3662,8.2892,2.0611
136,6,423,57,438,40,314.2747757009407,223.46364357541475,314.0122396003602,246.1097316239242,0.6985,4,27,1,4,5000,100,71.0,10.0,15.0,0.35,0.35,0.3,0.1,3.7251,234.2406,4.0540,4.2179
137,18,437,426,455,449,50.87519273029509,269.40861159213154,50.98059952476345,298.61011369342464,0.755,3,27,1,4,5000,100,71.0,10.0,15.0,0.35,0.35,0.3,0.1,3.7773,283.2587,4.5111,-5.5299
137,20,39,304,14,313,159.11419853930698,244.03483357914297,159.22091870300815,270.60118255469615,0.7637,3,27,1,4,5000,100,71.0,10.0,15.0,0.35,0.35,0.3,0.1,3.8854,256.6323,-5.7782,-2.2759
137,6,427,57,444,40,315.0,226.27416997969522,315.0,250.31580054003783,0.8833,3,27,1,4,5000,100,71.0,10.0,15.0,0.35,0.35,0.3,0.1,3.7268,237.6886,4.2531,4.2270
138,18,440,426,458,449,50.383701676811754,271.31162894354526,50.53619771875756,300.50790339024365,0.7683,3,27,1,4,5000,100,71.0,10.0,15.0,0.35,0.35,0.3,0.1,3.7833,285.1644,4.6822,-5.5241
138,20,43,303,18,313,158.99677728856574,239.9416595758227,158.91624541761936,266.865134478073,0.8603,3,27,1,4,5000,100,71.0,10.0,15.0,0.35,0.35,0.3,0.1,3.8915,252.6883,-5.6683,-2.2648
138,6,431,56,448,39,315.5288690977894,229.8194943863553,315.4787836702953,253.86019774671254,0.8392,3,27,1,4,5000,100,71.0,10.0,15.0,0.35,0.35,0.3,0.1,3.7262,241.2424,4.4329,4.2292
139,18,445,426,464,448,49.57980559586796,274.5268657162719,49.54199568026674,303.5951251255527,0.8558,3,27,1,4,5000,100,71.0,10.0,15.0,0.35,0.35,0.3,0.1,3.7753,288.3302,4.8416,-5.5219
139,20,47,303,23,312,158.64901975234642,236.21176939348302,158.72683450610555,261.8415551435639,0.7217,3,27,1,4,5000,100,71.0,10.0,15.0,0.35,0.35,0.3,0.1,3.8838,248.3672,-5.5682,-2.2546
139,6,435,56,453,39,316.2188752351313,232.69078194032525,316.2590452071753,257.4490240804964,0.8713,3,27,1,4,5000,100,71.0,10.0,15.0,0.35,0.35,0.3,0.1,3.7281,244.4446,4.6081,4.2292
140,18,451,425,470,448,48.50353164478446,277.7048793233565,48.69138598645128,307.52235691084314,0.6395,3,27,1,4,5000,100,71.0,10.0,15.0,0.35,0.35,0.3,0.1,3.7830,291.854,4.9997,-5.5185
140,20,53,301,30,311,158.5688327237668,229.89562849258357,158.3655114675154,254.9607812978302,0.6345,3,27,1,4,5000,100,71.0,10.0,15.0,0.35,0.35,0.3,0.1,3.8955,241.7803,-5.3895,-2.2329
140,6,442,55,460,38,317.2091275953003,238.47222060441337,317.1552756207915,263.2299375071156,0.8266,3,27,1,4,5000,100,71.0,10.0,15.0,0.35,0.35,0.3,0.1,3.7302,250.2402,4.7833,4.2292
141,21,29,433,4,455,137.7742773113008,321.40317359976393,137.8567013157759,354.7012827718558,0.7273,3,27,1,4,5000,100,71.0,10.0,15.0,0.35,0.35,0.3,0.1,3.8111,337.2323,-5.7712,-5.6189
141,18,462,426,482,448,46.98470311215357,285.84261403786525,47.05457288092569,315.5724956329369,0.7433,3,27,1,4,5000,100,71.0,10.0,15.0,0.35,0.35,0.3,0.1,3.7749,299.9727,5.1647,-5.5128
141,6,452,56,471,38,318.9679181379869,245.246814454337,318.73463532954264,271.39823138701547,0.691,3,27,1,4,5000,100,71.0,10.0,15.0,0.35,0.35,0.3,0.1,3.7297,257.6607,4.9608,4.2338
142,21,41,431,16,454,136.5622249168424,311.24267059643347,136.64328065449277,345.21008096520006,0.8346,4,27,1,4,5000,100,71.0,10.0,15.0,0.35,0.35,0.3,0.1,3.8216,327.3476,-5.6975,-5.6045
142,18,474,426,496,449,45.275458356135246,294.15982050579237,45.37285230411259,325.9831283977746,0.7279,4,27,1,4,5000,100,71.0,10.0,15.0,0.35,0.35,0.3,0.1,3.7674,309.255,5.3298,-5.5049
142,20,78,300,57,309,156.29115521972625,206.42189806316577,156.34200300123732,229.26840166058645,0.767,4,27,1,4,5000,100,71.0,10.0,15.0,0.35,0.35,0.3,0.1,3.8937,217.2461,-5.2098,-2.2079
142,6,466,56,487,40,321.0255750083667,255.9726547895302,321.18174143216737,282.36324123369883,0.7076,4,27,1,4,5000,100,71.0,10.0,15.0,0.35,0.35,0.3,0.1,3.7513,268.5211,5.1404,4.2393
143,18,481,426,504,449,44.322776462446306,299.127063302537,44.38919393409791,331.6519259705874,0.822,4,27,1,4,5000,100,71.0,10.0,15.0,0.35,0.35,0.3,0.1,3.7599,314.551,5.4948,-5.4970
143,21,47,430,23,453,135.92617903539613,306.2172431461037,135.95484125387222,339.45839214843403,0.8677,4,27,1,4,5000,100,71.0,10.0,15.0,0.35,0.35,0.3,0.1,3.8165,321.9821,-5.6282,-5.5891
143,20,85,300,64,309,155.4849292699477,200.032497359804,155.61987264900625,222.87440409342656,0.74,4,27,1,4,5000,100,71.0,10.0,15.0,0.35,0.35,0.3,0.1,3.8675,210.8366,-5.0280,-2.1807
143,6,475,57,496,40,322.4314079711725,262.41951146970763,322.29863939174027,289.4304752440558,0.7735,4,27,1,4,5000,100,71.0,10.0,15.0,0.35,0.35,0.3,0.1,3.7490,275.264,5.3225,4.2462
144,18,486,426,508,449,43.661557078976266,302.72429700967183,43.90993700178701,334.5220471060166,0.5696,4,27,1,4,5000,100,71.0,10.0,15.0,0.35,0.35,0.3,0.1,3.7523,317.8298,5.6621,-5.4869
144,21,52,430,29,453,135.2677353387022,302.6450065671,135.24175290926811,335.1715978420606,0.8708,4,27,1,4,5000,100,71.0,10.0,15.0,0.35,0.35,0.3,0.1,3.8166,318.0789,-5.5632,-5.5744
144,20,90,299,70,308,155.14280323304305,195.0717816599828,155.2064185629561,217.00230413523263,0.8849,4,27,1,4,5000,100,71.0,10.0,15.0,0.35,0.35,0.3,0.1,3.8565,205.4535,-4.8472,-2.1546
144,6,480,57,503,40,323.0870875127531,266.4000750750645,323.13010235415595,295.0,0.8639,4,27,1,4,5000,100,71.0,10.0,15.0,0.35,0.35,0.3,0.1,3.7474,279.9715,5.5046,4.2530
145,18,491,426,514,449,43.01595116585526,306.360898288277,43.20635506473627,338.87018163302594,0.7112,4,27,1,4,5000,100,71.0,10.0,15.0,0.35,0.35,0.3,0.1,3.7472,321.7966,5.8237,-5.4778
145,21,57,429,34,452,134.72845805431547,298.40241285887754,134.75514773195567,330.9289954053588,0.8172,4,27,1,4,5000,100,71.0,10.0,15.0,0.35,0.35,0.3,0.1,3.8128,313.8251,-5.5025,-5.5601
145,20,94,299,75,307,154.63958908206965,191.44973230589798,154.88516511385544,212.0471645648675,0.6126,4,27,1,4,5000,100,71.0,10.0,15.0,0.35,0.35,0.3,0.1,3.8412,201.2227,-4.6687,-2.1296
145,6,486,57,509,40,323.8483746448336,271.22131184698594,323.8180773147292,299.8216136305053,0.8522,4,27,1,4,5000,100,71.0,10.0,15.0,0.35,0.35,0.3,0.1,3.7388,284.8052,5.6833,4.2599
146,18,497,425,521,447,42.12454631601475,310.1032086257735,42.161212158994616,342.6601815209932,0.8519,4,27,1,4,5000,100,71.0,10.0,15.0,0.35,0.35,0.3,0.1,3.7400,325.5698,5.9865,-5.4722
146,21,64,428,41,450,133.89297295431925,292.7968579066381,134.12627588803284,324.59975354272837,0.6986,4,27,1,4,5000,100,71.0,10.0,15.0,0.35,0.35,0.3,0.1,3.8074,307.8792,-5.4380,-5.5484
146,20,101,297,83,306,154.2692943984688,184.27153876819935,154.18714778701653,204.39422692434343,0.6985,4,27,1,4,5000,100,71.0,10.0,15.0,0.35,0.35,0.3,0.1,3.8463,193.812,-4.4844,-2.1057
146,6,492,56,516,39,324.4141745054825,276.669477897364,324.44056156360546,306.08005488760614,0.8626,4,27,1,4,5000,100,71.0,10.0,15.0,0.35,0.35,0.3,0.1,3.7398,290.6326,5.8608,4.2644
147,18,502,424,526,446,41.37524666792608,313.16768671112925,41.48214560419822,345.71953951143695,0.7944,4,27,1,4,5000,100,71.0,10.0,15.0,0.35,0.35,0.3,0.1,3.7445,328.6395,6.1355,-5.4653
147,21,68,426,46,449,133.59597278089572,288.5862089566998,133.60898511339366,320.41379495895615,0.8506,4,27,1,4,5000,100,71.0,10.0,15.0,0.35,0.35,0.3,0.1,3.8102,303.6683,-5.2912,-5.5256
147,20,106,296,88,304,153.86358755562412,179.3376703316958,154.0786945370974,199.0226117806718,0.6464,4,27,1,4,5000,100,71.0,10.0,15.0,0.35,0.35,0.3,0.1,3.8433,188.6681,-4.3024,-2.0852
147,6,497,55,522,37,324.8411317596344,281.3254343282882,324.7824070318073,312.1297807002722,0.8228,4,27,1,4,5000,100,71.0,10.0,15.0,0.35,0.35,0.3,0.1,3.7340,295.9281,6.0281,4.2690
148,18,506,423,531,445,40.75886256544889,315.5265440497835,40.81508387488159,348.82660448996717,0.8554,4,27,1,4,5000,100,71.0,10.0,15.0,0.35,0.35,0.3,0.1,3.7452,331.342,6.2703,-5.4591
148,21,72,425,51,447,133.1523897340054,285.112258592997,133.2020681430995,315.52495939307244,0.8113,4,27,1,4,5000,100,71.0,10.0,15.0,0.35,0.35,0.3,0.1,3.8080,299.5486,-5.1616,-5.5063
148,20,110,294,94,302,153.87454975820333,174.8656627242753,153.83375291265884,192.753728887407,0.7967,4,27,1,4,5000,100,71.0,10.0,15.0,0.35,0.35,0.3,0.1,3.8393,183.3745,-4.1591,-2.0670
148,6,503,54,528,37,325.3680170931289,286.81875810344064,325.40771131249005,317.05046916855366,0.8403,4,27,1,4,5000,100,71.0,10.0,15.0,0.35,0.35,0.3,0.1,3.7409,301.1779,6.1736,4.2758
149,18,510,422,535,444,40.151695231605125,317.9213739275798,40.265097203125045,351.2164574731657,0.8196,4,27,1,4,5000,100,71.0,10.0,15.0,0.35,0.35,0.3,0.1,3.7383,333.7406,6.3898,-5.4534
149,21,76,424,55,446,132.69789170756337,281.6558183315232,132.7924122205935,312.06569821112987,0.8013,4,27,1,4,5000,100,71.0,10.0,15.0,0.35,0.35,0.3,0.1,3.8085,296.082,-5.0399,-5.4915
149,20,114,293,98,301,153.58493743190948,170.83617883809038,153.57072055815564,188.7246671741667,0.9031,4,27,1,4,5000,100,71.0,10.0,15.0,0.35,0.35,0.3,0.1,3.8190,179.3354,-4.0352,-2.0500
149,6,507,53,532,36,325.6539025999385,290.6819567843866,325.66618675984483,320.9143187830671,0.8697,4,27,1,4,5000,100,71.0,10.0,15.0,0.35,0.35,0.3,0.1,3.7413,305.0509,6.3056,4.2826
150,18,513,422,538,444,39.80557109226519,320.22023671217283,39.95083353241714,353.5109616405126,0.7448,4,27,1,4,5000,100,71.0,10.0,15.0,0.35,0.35,0.3,0.1,3.7369,336.0431,6.5127,-5.4500
150,21,79,423,59,445,132.38424512457814,278.89065957826557,132.37359436170925,308.6227470553653,0.8504,4,27,1,4,5000,100,71.0,10.0,15.0,0.35,0.35,0.3,0.1,3.8080,293.0044,-4.9181,-5.4790
150,20,117,293,101,301,153.13018691250096,168.15469068687915,153.1594904667868,186.04300578092153,0.7711,4,27,1,4,5000,100,71.0,10.0,15.0,0.35,0.35,0.3,0.1,3.8290,176.6471,-3.9089,-2.0375
150,6,510,53,535,36,325.9846997542658,293.1637767528587,325.96596537423875,323.39604202896487,0.9088,4,27,1,4,5000,100,71.0,10.0,15.0,0.35,0.35,0.3,0.1,3.7389,307.5387,6.4365,4.2861
151,18,519,423,545,445,39.26463566667535,325.48425461149424,39.356681719466025,359.5385931996731,0.7114,4,27,1,4,5000,100,71.0,10.0,15.0,0.35,0.35,0.3,0.1,3.7395,341.665,6.6356,-5.4500
151,21,85,423,66,445,131.46044083145006,274.8817927764587,131.39872188277656,303.94900888142405,0.8327,4,27,1,4,5000,100,71.0,10.0,15.0,0.35,0.35,0.3,0.1,3.8078,288.6856,-4.7953,-5.4722
151,20,124,293,108,301,152.01076150467622,161.94134740701648,152.15242174021185,179.82491484774852,0.7045,4,27,1,4,5000,100,71.0,10.0,15.0,0.35,0.35,0.3,0.1,3.8536,170.4152,-3.7802,-2.0294
151,6,516,53,542,36,326.6297195506639,298.1559994365366,326.64781436729663,329.2202909906982,0.8367,4,27,1,4,5000,100,71.0,10.0,15.0,0.35,0.35,0.3,0.1,3.7410,312.9191,6.5662,4.2860
152,18,524,423,551,445,38.71414278451933,329.3706119252293,38.75808565258495,364.1977484828812,0.9019,4,27,1,4,5000,100,71.0,10.0,15.0,0.35,0.35,0.3,0.1,3.7382,345.9098,6.7505,-5.4546
152,21,90,423,72,445,130.66993971541055,271.59712811441875,130.53915174148344,300.01499962501873,0.7165,4,27,1,4,5000,100,71.0,10.0,15.0,0.35,0.35,0.3,0.1,3.8103,285.0997,-4.6792,-5.4710
152,20,129,293,114,301,151.15733986458793,157.54364474646383,151.2323506611562,174.54225849346628,0.78,4,27,1,4,5000,100,71.0,10.0,15.0,0.35,0.35,0.3,0.1,3.8339,165.6079,-3.6620,-2.0284
152,6,522,54,548,36,327.41264815311763,302.6450065671,327.2132765464394,334.24841061701403,0.7076,4,27,1,4,5000,100,71.0,10.0,15.0,0.35,0.35,0.3,0.1,3.7382,317.6626,6.6902,4.2815
153,18,528,423,555,446,38.283044819871556,332.50112781763613,38.48957511468989,367.947007054005,0.5983,4,27,1,4,5000,100,71.0,10.0,15.0,0.35,0.35,0.3,0.1,3.7422,349.3272,6.8608,-5.4625
153,21,95,423,76,445,129.8602426210094,268.36542251191753,129.95355814031433,297.4306641891518,0.8144,4,27,1,4,5000,100,71.0,10.0,15.0,0.35,0.35,0.3,0.1,3.8097,282.1515,-4.5689,-5.4733
153,20,134,293,119,301,150.25511870305778,153.18289721767243,150.4221613187387,170.1763790894612,0.7881,4,27,1,4,5000,100,71.0,10.0,15.0,0.35,0.35,0.3,0.1,3.8284,161.2331,-3.5483,-2.0318
153,6,527,54,554,36,327.9154516892533,306.86967917994116,327.7619266829967,339.3081195609678,0.7319,4,27,1,4,5000,100,71.0,10.0,15.0,0.35,0.35,0.3,0.1,3.7255,322.2747,6.8064,4.2736
154,18,531,424,559,446,38.099671830722706,335.47727195743084,38.10519471472257,371.0862433451286,0.8472,4,27,1,4,5000,100,71.0,10.0,15.0,0.35,0.35,0.3,0.1,3.7363,352.3845,6.9656,-5.4717
154,21,98,424,79,446,129.22906377842565,267.22649569232465,129.38465029331687,296.2853354454115,0.7109,4,27,1,4,5000,100,71.0,10.0,15.0,0.35,0.35,0.3,0.1,3.8200,281.0067,-4.4641,-5.4789
154,20,136,293,122,301,149.87972175200318,151.44966160411187,149.9158434412248,167.57386431063765,0.7689,4,27,1,4,5000,100,71.0,10.0,15.0,0.35,0.35,0.3,0.1,3.8460,159.1043,-3.4412,-2.0397
154,6,530,54,557,37,328.21052997837455,309.4155781469317,328.1725534233269,341.32096331752024,0.8593,4,27,1,4,5000,100,71.0,10.0,15.0,0.35,0.35,0.3,0.1,3.7220,324.5861,6.9134,4.2646
155,18,537,425,565,447,37.609590790712296,340.82840257232084,37.66139366376376,376.4359175211632,0.8455,4,27,1,4,5000,100,71.0,10.0,15.0,0.35,0.35,0.3,0.1,3.7385,357.7483,7.0623,-5.4830
155,21,103,425,85,447,128.2544203525172,264.8773300982929,128.3547217897256,293.2984827782101,0.82,4,27,1,4,5000,100,71.0,10.0,15.0,0.35,0.35,0.3,0.1,3.8274,278.3643,-4.3663,-5.4868
155,20,143,294,128,302,148.16105286557024,145.96232390586277,148.55376409773166,162.92943257741985,0.5845,4,27,1,4,5000,100,71.0,10.0,15.0,0.35,0.35,0.3,0.1,3.8633,153.9799,-3.3422,-2.0488
155,6,535,56,563,38,329.00481408023245,312.64196775225173,328.83739922083237,345.9147293770533,0.6876,4,27,1,4,5000,100,71.0,10.0,15.0,0.35,0.35,0.3,0.1,3.7216,328.4378,7.0135,4.2532
156,18,542,426,571,449,37.23483398157467,345.4070062983668,37.34934904464059,382.4133888869478,0.7756,4,27,1,4,5000,100,71.0,10.0,15.0,0.35,0.35,0.3,0.1,3.7465,362.9694,7.1543,-5.4955
156,21,108,426,91,449,127.26262722679373,262.60616900598507,127.18470645323312,291.20439557122074,0.7888,4,27,1,4,5000,100,71.0,10.0,15.0,0.35,0.35,0.3,0.1,3.8240,276.1669,-4.2730,-5.4982
156,20,148,295,134,304,146.7566741380356,142.28492541376264,146.80988295702826,158.927656498169,0.9029,4,27,1,4,5000,100,71.0,10.0,15.0,0.35,0.35,0.3,0.1,3.8735,150.1465,-3.2465,-2.0590
156,6,540,57,569,40,329.62626044903817,316.4316671889841,329.62574318038617,350.0471396826433,0.9294,4,27,1,4,5000,100,71.0,10.0,15.0,0.35,0.35,0.3,0.1,3.7227,332.3917,7.1091,4.2418
157,18,545,427,574,449,37.06724168582794,348.40206658399717,37.07835330434914,384.802546769119,0.8978,5,27,1,4,5000,100,71.0,10.0,15.0,0.35,0.35,0.3,0.1,3.7462,365.6987,7.2363,-5.5091
157,21,112,427,95,450,126.43085812016236,261.00766272276377,126.43464802487392,289.60835623303416,0.9035,5,27,1,4,5000,100,71.0,10.0,15.0,0.35,0.35,0.3,0.1,3.8373,274.5652,-4.1910,-5.5129
157,20,150,297,138,305,145.6372145092901,141.73566946961517,145.6993433743042,156.1569723067145,0.7895,5,27,1,4,5000,100,71.0,10.0,15.0,0.35,0.35,0.3,0.1,3.8894,148.5972,-3.1634,-2.0737
157,6,544,58,573,41,330.1438649020787,319.3900436770063,330.0940628250366,353.0042492662093,0.8233,5,27,1,4,5000,100,71.0,10.0,15.0,0.35,0.35,0.3,0.1,3.7277,335.3569,7.1932,4.2281
157,22,30,46,15,36,215.81116392264124,292.2498930709813,215.68794738245646,310.26601489689455,0.4303,5,27,1,4,5000,100,71.0,10.0,15.0,0.35,0.35,0.3,0.1,2.4474,300.9886,-6.1300,4.4126
158,18,548,427,577,450,36.77190039902121,350.8005131125096,36.92899590184602,387.80020629184816,0.618,5,27,1,4,5000,100,71.0,10.0,15.0,0.35,0.35,0.3,0.1,3.7408,368.3736,7.3103,-5.5274
158,21,114,427,97,450,126.0760115563686,259.8249410660955,126.11500387427701,288.4250335875858,0.888,5,27,1,4,5000,100,71.0,10.0,15.0,0.35,0.35,0.3,0.1,3.8465,273.379,-4.1170,-5.5333
158,20,153,297,141,306,144.94057303311303,139.26952286842948,144.76455787988843,154.26276284314372,0.6871,5,27,1,4,5000,100,71.0,10.0,15.0,0.35,0.35,0.3,0.1,3.9124,146.3832,-3.0882,-2.0930
158,23,435,98,452,85,324.6887865603668,205.8761763779384,324.4916295095684,227.26416347501865,0.6482,5,27,1,4,5000,100,71.0,10.0,15.0,0.35,0.35,0.3,0.1,3.6431,216.0421,4.4938,3.1388
158,6,546,58,575,41,330.3215100748648,321.1261434389919,330.2551187030578,354.73934092513616,0.7636,5,27,1,4,5000,100,71.0,10.0,15.0,0.35,0.35,0.3,0.1,3.7243,337.0969,7.2672,4.2111
159,18,550,427,579,449,36.57724297435921,352.40459701882435,36.634113875967415,388.80329216713176,0.8358,4,27,1,4,5000,100,71.0,10.0,15.0,0.35,0.35,0.3,0.1,3.7364,369.7102,7.3775,-5.5479
159,21,116,427,99,450,125.7179335822526,258.65227623200997,125.79273623447924,287.2507615307573,0.8796,4,27,1,4,5000,100,71.0,10.0,15.0,0.35,0.35,0.3,0.1,3.7315,272.2024,-4.0571,-5.5709
159,20,155,297,143,306,144.46232220802563,137.63720427268203,144.3314105252938,152.63354808167173,0.7127,4,27,1,4,5000,100,71.0,10.0,15.0,0.35,0.35,0.3,0.1,3.9095,144.748,-3.0234,-2.1169
159,6,548,58,577,41,330.4972431068066,322.8652969893172,330.41460549925023,356.4772082475961,0.7797,4,27,1,4,5000,100,71.0,10.0,15.0,0.35,0.35,0.3,0.1,3.7283,338.8397,7.3309,4.1906
160,18,550,427,580,449,36.57724297435921,352.40459701882435,36.5463622886046,389.60621144945827,0.8716,5,27,1,4,5000,100,71.0,10.0,15.0,0.35,0.35,0.3,0.1,3.7360,370.0728,7.4389,-5.5729
160,21,117,427,100,450,125.53767779197437,258.0697580112788,125.63061490351252,286.66705426330384,0.8378,5,27,1,4,5000,100,71.0,10.0,15.0,0.35,0.35,0.3,0.1,3.7262,271.6178,-3.9946,-5.6017
160,20,156,297,143,305,144.21892613810746,136.82470537150812,144.63753811293097,152.0526224699857,0.5762,5,27,1,4,5000,100,71.0,10.0,15.0,0.35,0.35,0.3,0.1,3.9279,144.0373,-2.9619,-2.1486
160,23,438,97,455,85,324.940573033113,208.90428430264421,324.9262455066517,229.71286424577968,0.988,5,27,1,4,5000,100,71.0,10.0,15.0,0.35,0.35,0.3,0.1,3.6264,218.815,4.5140,3.1220
160,6,549,58,578,41,330.58440116690446,323.736003558455,330.4937668731676,357.3471701301131,0.7501,5,27,1,4,5000,100,71.0,10.0,15.0,0.35,0.35,0.3,0.1,3.7249,339.7122,7.3878,4.1667
161,18,551,427,581,450,36.480577842588886,353.20815392626486,36.57682716081769,391.0051150560565,0.6879,5,27,1,4,5000,100,71.0,10.0,15.0,0.35,0.35,0.3,0.1,3.7387,371.1468,7.4821,-5.6093
161,21,118,428,102,450,125.22825264797915,258.3060200614767,125.30439007661758,285.50656735003486,0.7896,5,27,1,4,5000,100,71.0,10.0,15.0,0.35,0.35,0.3,0.1,3.7194,271.226,-3.9480,-5.6495
161,20,157,297,145,306,143.9726266148964,136.01470508735443,143.88894247842453,151.0132444522665,0.8039,5,27,1,4,5000,100,71.0,10.0,15.0,0.35,0.35,0.3,0.1,3.9224,143.1221,-2.9375,-2.2320
161,23,439,98,456,85,325.32217207438043,209.15305400591214,325.0690626988894,230.53199344125753,0.5976,5,27,1,4,5000,100,71.0,10.0,15.0,0.35,0.35,0.3,0.1,3.6144,219.3228,4.5316,3.1066
161,6,550,58,579,41,330.6710914520095,324.6074552440224,330.57254359681025,358.21781083580976,0.7821,5,27,1,4,5000,100,71.0,10.0,15.0,0.35,0.35,0.3,0.1,3.7242,340.5854,7.4265,4.1348
162,18,553,429,583,451,36.5480146304453,356.0056179332006,36.520182073149954,393.20732444856617,0.7875,5,27,1,4,5000,100,71.0,10.0,15.0,0.35,0.35,0.3,0.1,3.7326,373.6829,7.5049,-5.6549
162,21,120,429,103,452,124.7372931016058,257.97868128975307,124.91012234193799,286.56761854752534,0.763,5,27,1,4,5000,100,71.0,10.0,15.0,0.35,0.35,0.3,0.1,3.6327,271.5227,-3.9280,-5.7231
162,20,159,299,146,308,142.79207807821842,135.60235986147143,143.05441444638174,151.40013210033868,0.6386,5,27,1,4,5000,100,71.0,10.0,15.0,0.35,0.35,0.3,0.1,3.9157,143.0665,-2.9330,-2.3298
162,23,440,99,457,86,325.70284759615924,209.41107898103195,325.4147587638091,230.7834482799839,0.5684,5,27,1,4,5000,100,71.0,10.0,15.0,0.35,0.35,0.3,0.1,3.6144,219.5784,4.5316,3.1066
162,6,551,59,581,42,330.9111485771395,324.99230760127233,330.8679901394326,359.4732257067277,0.8096,5,27,1,4,5000,100,71.0,10.0,15.0,0.35,0.35,0.3,0.1,3.7304,341.3643,7.4412,4.0927
163,18,555,431,585,453,36.61439976520287,358.8035674293108,36.580527482403426,396.00505047284435,0.7787,5,27,1,4,5000,100,71.0,10.0,15.0,0.35,0.35,0.3,0.1,3.7332,376.4876,7.5117,-5.7129
163,21,110,449,106,455,124.08716062997601,280.1303268123607,124.07719528013074,287.3412605248331,0.6296,5,27,1,4,5000,100,71.0,10.0,15.0,0.35,0.35,0.3,0.1,3.6095,283.69,-3.9116,-5.7411
163,20,161,301,148,310,141.60483549675396,135.2479205015737,141.99192534666778,151.02979838429235,0.5786,5,27,1,4,5000,100,71.0,10.0,15.0,0.35,0.35,0.3,0.1,3.9316,142.7038,-2.9340,-2.4355
163,23,442,101,459,89,326.4613080254113,209.95475703112803,326.30993247402023,230.7552816296953,0.755,5,27,1,4,5000,100,71.0,10.0,15.0,0.35,0.35,0.3,0.1,3.5974,219.8642,4.5542,3.0996
163,6,553,61,582,44,331.3895403340348,325.77906623968335,331.22412992667057,359.3800217040452,0.6745,5,27,1,4,5000,100,71.0,10.0,15.0,0.35,0.35,0.3,0.1,3.7223,341.7556,7.4334,4.0393
164,18,556,432,586,455,36.6472055653347,360.20272070044115,36.72593870377202,398.0012562794243,0.718,5,27,1,4,5000,100,71.0,10.0,15.0,0.35,0.35,0.3,0.1,3.7319,378.1598,7.5232,-5.7298
164,21,123,434,108,457,123.56803197140903,260.43233286210835,123.52447324857697,287.8906042232014,0.832,5,27,1,4,5000,100,71.0,10.0,15.0,0.35,0.35,0.3,0.1,3.5796,273.474,-3.8972,-5.7631
164,20,161,303,149,312,140.94686305397352,136.49908424601244,141.16298886911557,151.48927354766738,0.7134,5,27,1,4,5000,100,71.0,10.0,15.0,0.35,0.35,0.3,0.1,3.9303,143.604,-2.9386,-2.5482
164,23,443,102,460,90,326.83903413075336,210.24033866030564,326.65384058583436,231.03679360655957,0.726,5,27,1,4,5000,100,71.0,10.0,15.0,0.35,0.35,0.3,0.1,3.6030,220.1485,4.5692,3.0858
164,6,553,62,584,46,331.5441654676416,325.3013987058771,331.6561485072482,360.18051030004386,0.7296,5,27,1,4,5000,100,71.0,10.0,15.0,0.35,0.35,0.3,0.1,3.7288,341.8536,7.4151,3.9698
165,18,557,434,587,458,36.80662237668869,362.2002208723788,36.984317422873595,400.6007988010009,0.6064,4,27,1,4,5000,100,71.0,10.0,15.0,0.35,0.35,0.3,0.1,3.7374,380.4339,7.5317,-5.7517
165,21,124,437,108,460,123.02386755579664,262.3909297212844,123.19756579221647,290.3962809679215,0.719,4,27,1,4,5000,100,71.0,10.0,15.0,0.35,0.35,0.3,0.1,3.5404,275.6842,-3.8854,-5.7906
165,20,162,306,150,316,139.71475451870495,137.64446955835166,139.7636416907262,153.26447729333762,0.7127,4,27,1,4,5000,100,71.0,10.0,15.0,0.35,0.35,0.3,0.1,3.9229,145.0351,-2.9409,-2.6722
165,6,554,64,583,48,331.93787583840793,325.2352994371921,331.86167749617607,358.35317774508434,0.8141,4,27,1,4,5000,100,71.0,10.0,15.0,0.35,0.35,0.3,0.1,3.7308,340.992,7.3912,3.8890
166,18,555,440,585,464,37.75081769675782,364.2430507230028,37.837543591400106,402.657422631199,0.6314,3,27,1,4,5000,100,71.0,10.0,15.0,0.35,0.35,0.3,0.1,3.7361,382.4881,7.5407,-5.7792
166,21,122,445,107,469,122.45492894200538,270.20177645604036,122.41230661835121,298.50293130889014,0.7702,3,27,1,4,5000,100,71.0,10.0,15.0,0.35,0.35,0.3,0.1,3.4890,283.6482,-3.8738,-5.8259
166,6,551,69,581,53,332.47477425625567,320.24990241996954,332.4222501095086,354.2485003496839,0.8203,3,27,1,4,5000,100,71.0,10.0,15.0,0.35,0.35,0.3,0.1,3.7301,336.3923,7.3673,3.8003
167,18,552,445,581,470,38.65980825409009,364.97808153367237,38.859521626367304,403.24310285484114,0.5719,2,27,1,4,5000,100,71.0,10.0,15.0,0.35,0.35,0.3,0.1,3.7284,383.1576,7.5489,-5.8128
167,6,546,75,576,59,333.0257002148871,313.05750270517393,332.9181194691249,347.0518693221519,0.7262,2,27,1,4,5000,100,71.0,10.0,15.0,0.35,0.35,0.3,0.1,3.7383,329.1794,7.3467,3.7001
168,21,114,460,103,479,122.19573393471325,287.1550104037887,122.04468071873421,309.0954545120326,0.457,4,27,1,4,5000,100,71.0,10.0,15.0,0.35,0.35,0.3,0.1,3.4470,297.7216,-3.8644,-5.8708
168,18,548,451,577,476,39.78550954563647,365.6733515037704,39.87821229519923,403.95668084585503,0.7188,4,27,1,4,5000,100,71.0,10.0,15.0,0.35,0.35,0.3,0.1,3.7302,383.8629,7.5512,-5.8512
168,20,152,327,138,340,136.27303002005672,159.13830462839547,136.3639275316029,178.24140933015536,0.731,4,27,1,4,5000,100,71.0,10.0,15.0,0.35,0.35,0.3,0.1,3.9237,168.149,-2.9432,-2.8121
168,6,541,80,569,66,333.434948822922,306.3413129174712,333.434948822922,337.64626460246825,0.8519,4,27,1,4,5000,100,71.0,10.0,15.0,0.35,0.35,0.3,0.1,3.7409,321.2329,7.3251,3.5886
169,20,150,336,136,349,134.51445416999186,166.88319268278636,134.78214637490285,185.9704277566732,0.6288,2,27,1,4,5000,100,71.0,10.0,15.0,0.35,0.35,0.3,0.1,3.9218,175.9106,-2.9454,-2.9680
169,6,538,87,567,73,334.3727424128665,300.56779601281306,334.3589941756947,332.77019097268914,0.859,2,27,1,4,5000,100,71.0,10.0,15.0,0.35,0.35,0.3,0.1,3.7407,315.8503,7.3012,3.4668
170,20,150,341,137,354,133.3362749957084,170.48460341039598,133.49820747764068,188.86238376129853,0.7203,2,27,1,4,5000,100,71.0,10.0,15.0,0.35,0.35,0.3,0.1,3.9094,179.2036,-2.9519,-3.1610
170,6,538,92,566,78,335.23826822556714,298.43927355493946,335.0670870839842,329.73019273339224,0.6876,2,27,1,4,5000,100,71.0,10.0,15.0,0.35,0.35,0.3,0.1,3.7363,313.3054,7.2785,3.3315
171,20,151,344,139,358,132.408133294765,172.00290695217916,132.23321159883048,190.4337155022713,0.7323,2,27,1,4,5000,100,71.0,10.0,15.0,0.35,0.35,0.3,0.1,3.8995,180.7497,-2.9634,-3.3703
171,6,539,95,567,82,335.84236266726214,298.10736320996836,335.77225468204585,328.97568299191965,0.7819,2,27,1,4,5000,100,71.0,10.0,15.0,0.35,0.35,0.3,0.1,3.7484,312.7818,7.2510,3.1721
172,20,154,349,142,363,130.5655294938988,173.761330565808,130.56896068708647,192.20041623263984,0.7352,2,27,1,4,5000,100,71.0,10.0,15.0,0.35,0.35,0.3,0.1,3.9085,182.5163,-2.9724,-3.5830
172,6,541,100,570,87,336.8771641088194,297.9345565724124,336.77859157457004,329.7104790570054,0.7541,2,27,1,4,5000,100,71.0,10.0,15.0,0.35,0.35,0.3,0.1,3.7392,313.0182,7.2284,3.0094
173,20,155,355,142,370,129.0625839005185,177.73013250431114,129.24859790963401,197.57024067404484,0.6546,2,27,1,4,5000,100,71.0,10.0,15.0,0.35,0.35,0.3,0.1,3.8893,187.1258,-2.9793,-3.8049
173,6,542,106,571,93,338.0192054406892,296.5569085352759,337.8097111038775,328.3169200635264,0.652,2,27,1,4,5000,100,71.0,10.0,15.0,0.35,0.35,0.3,0.1,3.7297,311.6298,7.2205,2.8525
174,20,156,362,144,378,127.4346789315677,182.60887163552596,127.37892869070296,202.6079958935481,0.8089,2,27,1,4,5000,100,71.0,10.0,15.0,0.35,0.35,0.3,0.1,3.8720,192.0893,-2.9641,-3.9879
174,6,543,112,571,100,339.17144420979315,295.29815441346733,338.94986041416706,325.7376244771242,0.6526,2,27,1,4,5000,100,71.0,10.0,15.0,0.35,0.35,0.3,0.1,3.7369,309.7719,7.2307,2.6932
175,6,544,119,573,108,340.5166985917806,293.82477771624366,340.39363567804855,324.8338036596561,0.7558,1,27,1,4,5000,100,71.0,10.0,15.0,0.35,0.35,0.3,0.1,3.7292,308.5522,7.2490,2.5350
176,20,156,384,143,402,123.61082030194548,200.5243127403757,123.83277153852663,222.71281956816046,0.5447,2,27,1,4,5000,100,71.0,10.0,15.0,0.35,0.35,0.3,0.1,3.8577,211.0369,-2.9414,-4.1677
176,6,542,131,571,121,342.63411288367774,288.1336495447902,342.4744316262771,318.7977415227404,0.6858,2,27,1,4,5000,100,71.0,10.0,15.0,0.35,0.35,0.3,0.1,3.7197,302.6911,7.2673,2.3724
177,20,156,388,143,407,122.98852161363456,203.86760409638407,123.1297354684121,226.88322987827902,0.756,3,27,1,4,5000,100,71.0,10.0,15.0,0.35,0.35,0.3,0.1,3.8669,214.7605,-2.9220,-4.3439
177,24,432,180,448,177,347.3609375593699,169.09760495051373,347.5382440794462,185.3672031401456,0.758,3,27,1,4,5000,100,71.0,10.0,15.0,0.35,0.35,0.3,0.1,3.5326,176.859,4.3777,0.7303
177,6,542,137,570,128,343.7798063043972,286.40006983239374,343.6309370702088,315.8005699804863,0.7395,3,27,1,4,5000,100,71.0,10.0,15.0,0.35,0.35,0.3,0.1,3.7235,300.3826,7.2798,2.2074
178,20,157,391,145,411,122.30041551040263,205.854317418897,122.16439051359855,229.17242417009948,0.7461,3,27,1,4,5000,100,71.0,10.0,15.0,0.35,0.35,0.3,0.1,3.8831,216.8884,-2.9117,-4.5315
178,24,433,184,449,180,348.7564588977868,169.24833824885843,348.5085609118866,185.72291188757515,0.632,3,27,1,4,5000,100,71.0,10.0,15.0,0.35,0.35,0.3,0.1,3.5618,177.1033,4.3816,0.6166
178,6,543,140,572,132,344.4116680928941,286.5397005652096,344.42745640318975,316.62280397975127,0.8953,3,27,1,4,5000,100,71.0,10.0,15.0,0.35,0.35,0.3,0.1,3.7111,300.831,7.2810,2.0390
179,20,159,399,147,418,120.68517308959512,211.6317556511782,120.83783194468725,234.09613409879285,0.7372,2,27,1,4,5000,100,71.0,10.0,15.0,0.35,0.35,0.3,0.1,3.8899,222.2979,-2.9173,-4.7283
179,6,545,147,574,139,345.8668094511371,286.67751917442007,345.74440163321464,316.75384764829613,0.7321,2,27,1,4,5000,100,71.0,10.0,15.0,0.35,0.35,0.3,0.1,3.7091,300.9661,7.2720,1.8661
180,20,159,405,147,425,119.87599269168943,216.81328372588243,119.98163936884934,240.13329631685815,0.844,2,27,1,4,5000,100,71.0,10.0,15.0,0.35,0.35,0.3,0.1,3.8812,227.8782,-2.9515,-4.9437
180,6,546,153,575,146,347.08039727822734,286.24639735724185,347.01897006566924,316.07752213657966,0.8952,2,27,1,4,5000,100,71.0,10.0,15.0,0.35,0.35,0.3,0.1,3.7176,300.4232,7.2400,1.6863
181,20,159,411,147,432,119.10473162741869,222.03603311174518,119.1676133795778,246.22144504490262,0.7557,3,27,1,4,5000,100,71.0,10.0,15.0,0.35,0.35,0.3,0.1,3.8776,233.5042,-3.0027,-5.1588
181,24,436,204,453,202,355.6012946450045,169.49926253526885,355.3893506813394,186.60385848100785,0.6809,3,27,1,4,5000,100,71.0,10.0,15.0,0.35,0.35,0.3,0.1,3.5618,177.6408,4.3816,0.6166
181,6,546,160,574,153,348.45330945407267,284.76305940202286,348.2242584432148,313.6000637755037,0.6296,3,27,1,4,5000,100,71.0,10.0,15.0,0.35,0.35,0.3,0.1,3.7179,298.4867,7.1877,1.5099
182,20,158,414,146,436,118.95573313679637,225.1443981093023,118.92115143781724,250.2039168358481,0.8185,3,27,1,4,5000,100,71.0,10.0,15.0,0.35,0.35,0.3,0.1,3.8726,237.0136,-3.0094,-5.2459
182,24,434,207,451,205,356.5732068427095,167.29913329123974,356.26860300083956,184.39088914585776,0.6811,3,27,1,4,5000,100,71.0,10.0,15.0,0.35,0.35,0.3,0.1,3.5905,175.4297,4.3982,0.5008
182,6,544,164,573,158,349.1681853250253,282.0248216026384,349.0866965424691,311.6360056219435,0.8427,3,27,1,4,5000,100,71.0,10.0,15.0,0.35,0.35,0.3,0.1,3.7044,296.0919,7.1195,1.3415
183,20,156,422,143,445,118.43392410149029,233.1222855069845,118.53998518795997,259.53805116013336,0.6665,3,27,1,4,5000,100,71.0,10.0,15.0,0.35,0.35,0.3,0.1,3.8628,245.622,-3.0171,-5.3270
183,6,542,170,570,165,350.3013382622899,278.9874549150911,350.2619248325185,307.4296667532267,0.9253,3,27,1,4,5000,100,71.0,10.0,15.0,0.35,0.35,0.3,0.1,3.7159,292.5188,7.0443,1.1686
183,25,530,24,554,6,323.72727769517275,326.2177187094533,323.6769853815742,356.21622646926124,0.7465,3,27,1,4,5000,100,71.0,10.0,15.0,0.35,0.35,0.3,0.1,3.3163,340.5576,6.1139,4.7639
184,20,152,431,139,454,118.25283625152029,242.94237999986746,118.37278964748162,269.3566409056959,0.6821,3,27,1,4,5000,100,71.0,10.0,15.0,0.35,0.35,0.3,0.1,3.8493,255.4685,-3.0314,-5.4173
184,6,538,177,567,174,351.603682723362,273.93612394133055,351.8431613997617,303.0659994126692,0.6442,3,27,1,4,5000,100,71.0,10.0,15.0,0.35,0.35,0.3,0.1,3.7137,287.7658,6.9579,0.9911
184,25,509,22,532,4,321.1386496341517,310.787708894673,321.20859854708544,339.9911763560931,0.624,3,27,1,4,5000,100,71.0,10.0,15.0,0.35,0.35,0.3,0.1,3.4881,324.7342,6.0576,4.6284
185,6,529,186,557,184,353.252101342541,263.8275952208184,353.50806042252935,291.8715470887836,0.6256,2,27,1,4,5000,100,71.0,10.0,15.0,0.35,0.35,0.3,0.1,3.7164,277.1419,6.8577,0.8249
185,25,501,31,521,14,321.519801751657,298.9180489699476,321.36771133049547,325.1538097577822,0.5127,2,27,1,4,5000,100,71.0,10.0,15.0,0.35,0.35,0.3,0.1,3.4847,311.4845,5.9936,4.5270
186,20,139,448,124,473,118.99138700868036,264.09278672466615,119.1874526376191,293.2319900692965,0.7413,3,27,1,4,5000,100,71.0,10.0,15.0,0.35,0.35,0.3,0.1,3.8613,277.9006,-3.0568,-5.5065
186,26,412,237,427,239,7.853313301978219,146.37281168304446,7.829076510059608,161.50541786577935,0.7915,3,27,1,4,5000,100,71.0,10.0,15.0,0.35,0.35,0.3,0.1,3.6850,153.5672,3.8176,-0.5257
186,6,522,192,549,190,354.4006606634794,256.2225595063791,354.53090502988806,283.28960446864266,0.7901,3,27,1,4,5000,100,71.0,10.0,15.0,0.35,0.35,0.3,0.1,3.7143,269.0771,6.7451,0.6691
187,20,135,452,120,477,119.32301479633271,269.53478439711637,119.4831499054389,298.6787571957537,0.77,1,27,1,4,5000,100,71.0,10.0,15.0,0.35,0.35,0.3,0.1,3.8705,283.3594,-3.0907,-5.5983
188,6,514,201,539,199,356.2937107027877,247.51767613647314,356.21388796461844,272.5949375905576,0.8208,2,27,1,4,5000,100,71.0,10.0,15.0,0.35,0.35,0.3,0.1,3.5947,259.4518,6.6128,0.5268
188,25,484,45,503,29,321.59871578734993,276.89889851713025,321.45881637871867,301.72835465033774,0.5508,2,27,1,4,5000,100,71.0,10.0,15.0,0.35,0.35,0.3,0.1,3.4961,288.7809,5.9141,4.4416
189,6,510,209,536,208,358.11440022922034,243.13165157996193,358.08375562750365,269.15051551130273,0.847,2,27,1,4,5000,100,71.0,10.0,15.0,0.35,0.35,0.3,0.1,3.6015,255.4803,6.4841,0.3903
189,25,479,54,498,39,322.4444713041685,267.41914665932205,322.3834917962566,291.62475889402805,0.6557,2,27,1,4,5000,100,71.0,10.0,15.0,0.35,0.35,0.3,0.1,3.5802,278.9979,5.8503,4.3635
190,6,507,214,532,214,359.2838400545296,240.01874926763534,359.351396241109,265.01698058803703,0.821,2,27,1,4,5000,100,71.0,10.0,15.0,0.35,0.35,0.3,0.1,3.5001,251.8992,6.3392,0.2651
190,25,484,68,512,50,325.52510787102835,263.2299375071156,325.72038024624976,296.5029510814353,0.49,2,27,1,4,5000,100,71.0,10.0,15.0,0.35,0.35,0.3,0.1,3.6088,278.8775,5.7206,4.2766
191,6,503,216,528,216,359.7572227262332,236.00211863455803,359.78047701474037,261.0019157017818,0.8859,2,27,1,4,5000,100,71.0,10.0,15.0,0.35,0.35,0.3,0.1,3.4943,247.8733,6.1947,0.1547
191,25,481,68,501,53,325.15198397076307,260.7623439072444,324.97512672045866,285.74814085134483,0.6732,2,27,1,4,5000,100,71.0,10.0,15.0,0.35,0.35,0.3,0.1,3.6372,272.6841,5.6309,4.1576
192,6,499,218,523,218,0.24696303742624987,232.0021551624036,0.22381050036853808,256.0019531175495,0.8661,1,27,1,4,5000,100,71.0,10.0,15.0,0.35,0.35,0.3,0.1,3.4957,243.4119,6.0605,0.0648
193,6,495,219,508,219,0.5025816667210311,228.00877176108818,0.4754727324478717,241.0082986123092,0.6353,2,27,1,4,5000,100,71.0,10.0,15.0,0.35,0.35,0.3,0.1,3.5003,234.3284,5.9410,-0.0114
193,25,471,71,491,56,324.40922140811017,250.8625121455974,324.2933085993971,275.8568469333324,0.7738,2,27,1,4,5000,100,71.0,10.0,15.0,0.35,0.35,0.3,0.1,3.7055,262.7667,5.5507,4.0385
194,6,490,221,514,221,1.0276167864416665,223.03587155433092,0.9277857744616792,247.0323865407125,0.8034,2,27,1,4,5000,100,71.0,10.0,15.0,0.35,0.35,0.3,0.1,3.4930,234.4216,5.8352,-0.0672
194,25,468,76,493,59,324.9506266879516,245.52392958732148,325.0420236355295,275.7535131235865,0.5975,2,27,1,4,5000,100,71.0,10.0,15.0,0.35,0.35,0.3,0.1,3.7898,259.7622,5.5262,3.9445
195,6,485,222,499,223,1.31389302449794,218.05733191066977,1.4814571708870745,232.07757323791543,0.4462,1,27,1,4,5000,100,71.0,10.0,15.0,0.35,0.35,0.3,0.1,3.4707,224.8491,5.7375,-0.1036
196,6,478,224,500,224,1.9001109655768573,211.11608181282637,1.7208148336728648,233.10512649875378,0.7734,1,27,1,4,5000,100,71.0,10.0,15.0,0.35,0.35,0.3,0.1,3.4470,221.5664,5.6792,-0.1214
197,6,473,224,495,225,1.9461951170307557,206.11889772653063,2.009553813021139,228.1403077055872,0.8572,1,27,1,4,5000,100,71.0,10.0,15.0,0.35,0.35,0.3,0.1,3.4124,216.5712,5.6191,-0.1377
198,27,461,223,484,225,1.7714697400340769,194.09276132818556,2.1113306255760196,217.14741536569116,0.5965,3,27,1,4,5000,100,71.0,10.0,15.0,0.35,0.35,0.3,0.1,3.2764,204.9739,5.1794,-0.1544
198,6,472,224,494,225,1.9556813975228868,205.11947737842937,2.018399166793103,227.14092541856036,0.8815,3,27,1,4,5000,100,71.0,10.0,15.0,0.35,0.35,0.3,0.1,3.3781,215.5693,5.5580,-0.1518
198,28,446,77,463,62,321.97022303327225,227.24656213021134,321.66247710659627,249.88197213884797,0.6101,3,27,1,4,5000,100,71.0,10.0,15.0,0.35,0.35,0.3,0.1,3.7090,238.0273,4.5307,3.7172
199,29,617,290,639,295,11.78136269779787,357.53181676600474,11.842076115327766,380.0894631530845,0.6952,2,27,1,4,5000,100,71.0,10.0,15.0,0.35,0.35,0.3,0.1,2.0029,368.4657,8.9258,-1.8613
199,27,461,223,489,225,1.7714697400340769,194.09276132818556,2.063819728456962,222.14409737825582,0.4913,2,27,1,4,5000,100,71.0,10.0,15.0,0.35,0.35,0.3,0.1,3.3210,207.1732,5.1530,-0.1484
200,29,622,291,638,295,11.774733901567489,362.63066610533645,11.873090649843114,379.11080174534726,0.6229,2,27,1,4,5000,100,71.0,10.0,15.0,0.35,0.35,0.3,0.1,2.0078,370.6877,8.8652,-1.8445
200,6,470,224,490,225,1.9749340108819766,203.1206537996567,2.054572880925691,223.14345161801185,0.8897,2,27,1,4,5000,100,71.0,10.0,15.0,0.35,0.35,0.3,0.1,3.5311,212.6618,5.5120,-0.1663
201,29,621,291,638,295,11.80706342159856,361.6517662061116,11.873090649843114,379.11080174534726,0.7001,3,27,1,4,5000,100,71.0,10.0,15.0,0.35,0.35,0.3,0.1,2.1963,370.1755,8.8301,-1.8329
201,6,481,224,489,224,1.8734930135999257,214.11445537375565,1.8060252976012394,222.11033294288674,0.5465,3,27,1,4,5000,100,71.0,10.0,15.0,0.35,0.35,0.3,0.1,3.4851,218.0391,5.4504,-0.1774
201,28,443,76,459,62,321.3005132345846,225.51496624392803,321.08635134558284,246.75696545386515,0.6867,3,27,1,4,5000,100,71.0,10.0,15.0,0.35,0.35,0.3,0.1,3.6520,235.6583,4.4953,3.7264
202,27,465,223,484,224,1.7357045889283889,198.09088823063013,1.8476102659945959,217.1128738697915,0.7719,2,27,1,4,5000,100,71.0,10.0,15.0,0.35,0.35,0.3,0.1,3.3371,207.1661,5.1287,-0.1440
202,28,441,74,457,61,320.5852979743429,225.22211259110415,320.61220322932485,245.8373446000424,0.7885,2,27,1,4,5000,100,71.0,10.0,15.0,0.35,0.35,0.3,0.1,3.5982,235.0786,4.4657,3.7350
203,29,609,288,615,289,11.72814241551731,349.2921413373052,11.689369175439193,355.37022947906036,0.4891,3,27,1,4,5000,100,71.0,10.0,15.0,0.35,0.35,0.3,0.1,2.5072,352.305,8.8118,-1.8248
203,27,473,223,482,223,1.6683374482933075,206.08736011701444,1.598537092675968,215.08370463612533,0.5679,3,27,1,4,5000,100,71.0,10.0,15.0,0.35,0.35,0.3,0.1,3.3351,210.4895,5.1029,-0.1391
203,28,436,73,451,60,319.5666456053986,222.02927734873165,319.5271710130673,241.8780684559888,0.7932,3,27,1,4,5000,100,71.0,10.0,15.0,0.35,0.35,0.3,0.1,3.5705,231.529,4.4357,3.7416
204,29,613,289,634,294,11.75506275969946,353.41194094144583,11.849311953577628,374.99066655051564,0.4686,3,27,1,4,5000,100,71.0,10.0,15.0,0.35,0.35,0.3,0.1,2.7654,363.8817,8.7958,-1.8184
204,27,461,222,479,223,1.4763685098130983,194.06442229321684,1.6211459136534114,212.08488866489287,0.7702,3,27,1,4,5000,100,71.0,10.0,15.0,0.35,0.35,0.3,0.1,3.3716,202.6749,5.0745,-0.1340
204,28,436,78,457,61,320.56320882074397,218.81956036881164,320.61220322932485,245.8373446000424,0.6465,3,27,1,4,5000,100,71.0,10.0,15.0,0.35,0.35,0.3,0.1,3.5420,231.543,4.4004,3.7469
205,27,469,222,478,222,1.4179228314511307,202.06187171260194,1.357465844530609,211.05923339195564,0.5838,2,27,1,4,5000,100,71.0,10.0,15.0,0.35,0.35,0.3,0.1,3.4066,206.4626,5.0205,-0.1263
205,28,433,78,454,60,320.05889804398845,216.510969698997,319.9841149825787,244.1679749680535,0.622,2,27,1,4,5000,100,71.0,10.0,15.0,0.35,0.35,0.3,0.1,3.3656,229.5093,4.3527,3.7336
206,29,610,288,635,294,11.694892724975062,350.27132340515686,11.818019443141427,375.969413649568,0.4878,5,27,1,4,5000,100,71.0,10.0,15.0,0.35,0.35,0.3,0.1,2.9228,362.6657,8.7881,-1.8133
206,30,604,286,628,291,11.571256908294968,343.99127895922015,11.584364657219275,368.506444991129,0.6959,5,27,1,4,5000,100,71.0,10.0,15.0,0.35,0.35,0.3,0.1,2.9285,355.8271,8.7057,-1.7937
206,31,348,270,355,275,33.19756579221645,96.79876032264049,33.38851357611151,105.39449701004318,0.7198,5,27,1,4,5000,100,71.0,10.0,15.0,0.35,0.35,0.3,0.1,3.4599,100.9139,1.9721,-1.3711
206,27,457,221,476,222,1.2060487792199577,190.04210059878838,1.3704510177996057,209.0598000573042,0.868,5,27,1,4,5000,100,71.0,10.0,15.0,0.35,0.35,0.3,0.1,3.2727,199.0978,4.9656,-0.1150
206,28,431,73,445,59,318.7152891054288,218.24756585125985,318.4064437549947,238.00840321299583,0.5382,5,27,1,4,5000,100,71.0,10.0,15.0,0.35,0.35,0.3,0.1,3.3434,227.7001,4.2811,3.7474
207,30,610,288,632,293,11.694892724975062,350.27132340515686,11.762020247197398,372.8283787481849,0.546,4,27,1,4,5000,100,71.0,10.0,15.0,0.35,0.35,0.3,0.1,2.9814,361.198,8.6732,-1.7862
207,31,347,270,355,275,33.52447324857696,95.96353474106714,33.38851357611151,105.39449701004318,0.8277,4,27,1,4,5000,100,71.0,10.0,15.0,0.35,0.35,0.3,0.1,3.4803,100.4582,1.9407,-1.3648
207,27,456,221,474,222,1.2124280899449285,189.04232330353963,1.3836869673685084,207.06037766796427,0.7505,4,27,1,4,5000,100,71.0,10.0,15.0,0.35,0.35,0.3,0.1,3.1761,197.6415,4.8960,-0.1025
207,28,430,72,444,59,318.34465031826585,218.16049138191818,318.2461336869928,237.26145915424192,0.7352,4,27,1,4,5000,100,71.0,10.0,15.0,0.35,0.35,0.3,0.1,3.1788,227.3104,4.2123,3.7377
208,30,607,287,631,293,11.633633998940438,347.1310991541956,11.793429684910475,371.8494318941472,0.3693,4,27,1,4,5000,100,71.0,10.0,15.0,0.35,0.35,0.3,0.1,2.9355,359.0654,8.6545,-1.7807
208,31,345,269,352,275,33.690067525979785,93.74433316206373,34.30778784471597,102.90286682109493,0.5583,4,27,1,4,5000,100,71.0,10.0,15.0,0.35,0.35,0.3,0.1,3.4667,98.1103,1.9173,-1.3617
208,27,454,221,471,221,1.2253913023741119,187.04277585621958,1.123302714075429,204.0392119177096,0.7998,4,27,1,4,5000,100,71.0,10.0,15.0,0.35,0.35,0.3,0.1,3.1638,195.1717,4.8403,-0.0922
208,28,427,72,442,59,317.81555668421123,215.92822881689185,317.9224726680249,235.77319610167734,0.7399,4,27,1,4,5000,100,71.0,10.0,15.0,0.35,0.35,0.3,0.1,3.1622,225.4148,4.1418,3.7491
209,30,597,285,627,292,11.643431498761679,336.93322780634145,11.768288932020644,367.7295201639379,0.4808,5,27,1,4,5000,100,71.0,10.0,15.0,0.35,0.35,0.3,0.1,2.8998,351.6584,8.6398,-1.7764
209,31,341,269,348,275,35.09581678702612,90.44335243676011,35.60453398043311,99.62429422585637,0.6337,5,27,1,4,5000,100,71.0,10.0,15.0,0.35,0.35,0.3,0.1,3.4958,94.8121,1.8878,-1.3578
209,32,441,220,460,221,0.98776039963981,174.0258601472781,1.1873073157288265,193.04144632694815,0.7534,5,27,1,4,5000,100,71.0,10.0,15.0,0.35,0.35,0.3,0.1,3.5353,183.0411,4.5884,-0.0543
209,27,450,220,469,221,0.9391909457355799,183.02458851203573,1.1344216309770068,202.03960007879644,0.7692,5,27,1,4,5000,100,71.0,10.0,15.0,0.35,0.35,0.3,0.1,3.2904,192.0626,4.7963,-0.0864
209,28,423,72,437,59,317.09293430528817,212.9812198293549,317.0952525646238,232.08619088605855,0.8409,5,27,1,4,5000,100,71.0,10.0,15.0,0.35,0.35,0.3,0.1,3.2701,222.1237,4.0240,3.7689
210,31,337,268,343,274,36.0760115563686,86.6083136886985,36.86989764584402,95.0,0.7035,4,27,1,4,5000,100,71.0,10.0,15.0,0.35,0.35,0.3,0.1,3.4941,90.6103,1.8029,-1.3384
210,27,437,219,455,219,0.6740368979845053,170.01176429882727,0.6095065766751959,188.01063799689632,0.7633,4,27,1,4,5000,100,71.0,10.0,15.0,0.35,0.35,0.3,0.1,3.2807,178.5588,4.7644,-0.0807
210,32,446,219,464,220,0.6401496695235357,179.0111728356641,0.8724571229020331,197.02284131541703,0.774,4,27,1,4,5000,100,71.0,10.0,15.0,0.35,0.35,0.3,0.1,3.5221,187.5856,4.5572,-0.0458
210,28,419,76,424,71,317.1500263510386,207.32824216685964,317.0791317219048,214.39449619801343,0.5499,4,27,1,4,5000,100,71.0,10.0,15.0,0.35,0.35,0.3,0.1,3.2809,210.8022,3.8966,3.7961
211,30,599,285,622,290,11.5751888173962,338.89231327960215,11.619971544820624,362.42792386900874,0.5923,4,27,1,4,5000,100,71.0,10.0,15.0,0.35,0.35,0.3,0.1,2.8863,350.2652,8.6744,-1.7830
211,31,336,268,342,273,36.46923439005187,85.80209787645055,36.747470952863914,93.60021367496978,0.6959,4,27,1,4,5000,100,71.0,10.0,15.0,0.35,0.35,0.3,0.1,3.4963,89.5317,1.7312,-1.3226
211,27,442,219,454,219,0.6547804022677002,175.0114281982751,0.6127657222640064,187.0106948813356,0.6348,4,27,1,4,5000,100,71.0,10.0,15.0,0.35,0.35,0.3,0.1,3.4501,180.8122,4.7125,-0.0751
211,28,416,70,430,57,315.3871277541509,209.3083849252103,315.5321436413075,228.40534144367115,0.7076,4,27,1,4,5000,100,71.0,10.0,15.0,0.35,0.35,0.3,0.1,3.2818,218.4403,3.7739,3.8223
212,30,592,283,624,290,11.479345875965551,331.6338342208165,11.556629677233852,364.3871567440323,0.569,5,27,1,4,5000,100,71.0,10.0,15.0,0.35,0.35,0.3,0.1,2.8863,347.2398,8.6744,-1.7830
212,29,598,285,614,288,11.609211247003968,337.91271062213684,11.5637327166065,354.18921496849674,0.6745,5,27,1,4,5000,100,71.0,10.0,15.0,0.35,0.35,0.3,0.1,3.1007,345.8596,8.7495,-1.7992
212,31,334,267,340,273,36.732826664489366,83.60023923410746,37.49265333305034,92.00543462209176,0.6163,5,27,1,4,5000,100,71.0,10.0,15.0,0.35,0.35,0.3,0.1,3.5198,87.6017,1.6310,-1.3021
212,27,435,218,453,219,0.3410422788588532,168.00297616411441,0.6160599083992302,186.01075237738274,0.6295,5,27,1,4,5000,100,71.0,10.0,15.0,0.35,0.35,0.3,0.1,3.4303,176.5489,4.6721,-0.0698
212,32,443,219,461,219,0.6510603802294862,176.0113632695344,0.590657214646671,194.0103090044444,0.8951,5,27,1,4,5000,100,71.0,10.0,15.0,0.35,0.35,0.3,0.1,3.5419,184.5731,4.4647,-0.0182
213,29,597,284,639,293,11.476780515827162,336.7328317821118,11.546690545927323,379.68407920269715,0.6799,5,27,1,4,5000,100,71.0,10.0,15.0,0.35,0.35,0.3,0.1,3.2893,356.9209,8.7047,-1.7800
213,30,591,283,620,290,11.513831184487012,330.6538976029165,11.684001889317836,360.46913876225244,0.4191,5,27,1,4,5000,100,71.0,10.0,15.0,0.35,0.35,0.3,0.1,2.9029,344.9184,8.6663,-1.7820
213,31,334,268,340,273,37.27817419986903,84.20213774008353,37.49265333305034,92.00543462209176,0.8016,5,27,1,4,5000,100,71.0,10.0,15.0,0.35,0.35,0.3,0.1,3.5181,87.931,1.5320,-1.2816
213,27,442,219,458,219,0.6547804022677002,175.0114281982751,0.5999338802539502,191.01047091717248,0.8134,5,27,1,4,5000,100,71.0,10.0,15.0,0.35,0.35,0.3,0.1,3.4271,182.6613,4.6244,-0.0626
213,28,418,76,423,71,316.9614176677703,206.59622455408038,316.8965183032093,213.66328650472454,0.5366,5,27,1,4,5000,100,71.0,10.0,15.0,0.35,0.35,0.3,0.1,3.3691,210.0703,3.6607,3.8422
214,29,590,282,638,293,11.378141703122521,329.4753405036559,11.576974567107733,378.7043701886737,0.7005,3,27,1,4,5000,100,71.0,10.0,15.0,0.35,0.35,0.3,0.1,3.4317,352.3788,8.6600,-1.7569
214,30,596,284,618,289,11.51073461747316,335.75288531895,11.592175410291071,358.3085262730989,0.5291,3,27,1,4,5000,100,71.0,10.0,15.0,0.35,0.35,0.3,0.1,2.9494,346.6642,8.6402,-1.7744
214,32,441,219,457,219,0.658543177563603,174.01149387324966,0.6030911943805325,190.01052602421794,0.8006,3,27,1,4,5000,100,71.0,10.0,15.0,0.35,0.35,0.3,0.1,3.5583,181.6594,4.3928,0.0019
215,29,589,282,638,293,11.4125516708822,328.49505323520475,11.576974567107733,378.7043701886737,0.7646,3,27,1,4,5000,100,71.0,10.0,15.0,0.35,0.35,0.3,0.1,3.6703,351.8173,8.6536,-1.7417
215,30,596,284,618,289,11.51073461747316,335.75288531895,11.592175410291071,358.3085262730989,0.5238,3,27,1,4,5000,100,71.0,10.0,15.0,0.35,0.35,0.3,0.1,2.9800,346.6642,8.6141,-1.7665
215,32,440,219,456,218,0.662349447372199,173.0115603073968,0.3031494437141273,189.0026454841307,0.5683,3,27,1,4,5000,100,71.0,10.0,15.0,0.35,0.35,0.3,0.1,3.5505,180.6539,4.3342,0.0193
216,29,594,283,637,292,11.410983126765393,333.5940646954019,11.458752345877201,377.5248336202534,0.8805,4,27,1,4,5000,100,71.0,10.0,15.0,0.35,0.35,0.3,0.1,3.8654,354.2025,8.6383,-1.7247
216,31,330,267,336,273,38.437301491062534,80.43009387039157,39.06258390051848,88.86506625215557,0.6193,4,27,1,4,5000,100,71.0,10.0,15.0,0.35,0.35,0.3,0.1,3.5215,84.4374,1.4364,-1.2623
216,32,439,218,455,219,0.33311124392136665,172.00290695217916,0.6095065766751959,188.01063799689632,0.6269,4,27,1,4,5000,100,71.0,10.0,15.0,0.35,0.35,0.3,0.1,3.5503,179.6509,4.2793,0.0346
216,28,412,69,424,56,314.41337429248944,207.19314660480447,314.2793363774823,224.8777445635739,0.7039,4,27,1,4,5000,100,71.0,10.0,15.0,0.35,0.35,0.3,0.1,3.3692,215.6735,3.5275,3.8707
217,30,613,288,638,293,11.59624992169887,353.20956951928696,11.576974567107733,378.7043701886737,0.6417,3,27,1,4,5000,100,71.0,10.0,15.0,0.35,0.35,0.3,0.1,2.9208,365.5129,8.6097,-1.7625
217,29,591,282,633,291,11.343935900006203,330.4557459025338,11.430301581627544,373.4059453195677,0.7704,3,27,1,4,5000,100,71.0,10.0,15.0,0.35,0.35,0.3,0.1,3.9553,350.6204,8.6099,-1.7040
217,32,428,217,451,218,0.0,161.0,0.3113870402748284,184.00271737123884,0.508,3,27,1,4,5000,100,71.0,10.0,15.0,0.35,0.35,0.3,0.1,3.5198,171.7345,4.2480,0.0468
218,29,602,283,630,289,11.145384449922256,341.4395993437199,11.218842281268826,370.07161469099464,0.8345,1,27,1,4,5000,100,71.0,10.0,15.0,0.35,0.35,0.3,0.1,4.1077,355.1795,8.6153,-1.6934
219,33,572,275,612,282,10.767032302464271,310.4657791126101,10.669782804496677,351.0697936308392,0.9055,3,27,1,4,5000,100,71.0,10.0,15.0,0.35,0.35,0.3,0.1,4.4146,329.5217,8.0987,-1.5189
219,29,594,280,627,286,10.905022045234448,333.0135132393279,10.850104629797377,366.5528611264684,0.789,3,27,1,4,5000,100,71.0,10.0,15.0,0.35,0.35,0.3,0.1,4.1202,348.9792,8.6098,-1.6810
219,31,307,261,310,266,47.72631099390627,59.464274989274024,48.731396999160445,65.19202405202648,0.5371,3,27,1,4,5000,100,71.0,10.0,15.0,0.35,0.35,0.3,0.1,3.4526,62.1966,1.3465,-1.2419
220,33,572,274,611,282,10.585624922101047,310.28051824115545,10.700084462859904,350.08713201144656,0.6945,3,27,1,4,5000,100,71.0,10.0,15.0,0.35,0.35,0.3,0.1,4.4024,328.9841,8.0884,-1.5145
220,29,593,279,627,285,10.768144561107833,331.84333653096,10.696510735778114,366.3659372812926,0.8041,3,27,1,4,5000,100,71.0,10.0,15.0,0.35,0.35,0.3,0.1,3.9976,348.2512,8.5947,-1.6666
220,31,306,261,309,266,48.447386851865204,58.7962583843564,49.398705354995535,64.53681120105021,0.5562,3,27,1,4,5000,100,71.0,10.0,15.0,0.35,0.35,0.3,0.1,3.4719,61.5329,1.2634,-1.2225
221,33,571,274,611,281,10.619655276155134,309.2975913258944,10.53918372862823,349.9028436580646,0.8523,4,27,1,4,5000,100,71.0,10.0,15.0,0.35,0.35,0.3,0.1,4.3955,328.3496,8.0807,-1.5127
221,29,592,279,627,285,10.800499133782317,330.8609980036934,10.696510735778114,366.3659372812926,0.7569,4,27,1,4,5000,100,71.0,10.0,15.0,0.35,0.35,0.3,0.1,3.8664,347.7095,8.5809,-1.6522
221,31,306,261,309,266,48.447386851865204,58.7962583843564,49.398705354995535,64.53681120105021,0.5562,4,27,1,4,5000,100,71.0,10.0,15.0,0.35,0.35,0.3,0.1,3.5073,61.5329,1.1825,-1.2042
221,32,412,210,427,210,357.23614262908745,145.16886718577092,357.4949071327586,160.15305179733542,0.7934,4,27,1,4,5000,100,71.0,10.0,15.0,0.35,0.35,0.3,0.1,3.5103,152.2933,4.1970,0.0590
222,33,572,274,611,282,10.585624922101047,310.28051824115545,10.700084462859904,350.08713201144656,0.8651,4,27,1,4,5000,100,71.0,10.0,15.0,0.35,0.35,0.3,0.1,4.4014,328.9841,8.0732,-1.5113
222,29,593,279,628,285,10.768144561107833,331.84333653096,10.667561435152889,367.3486082728503,0.7727,4,27,1,4,5000,100,71.0,10.0,15.0,0.35,0.35,0.3,0.1,3.7811,348.6945,8.5606,-1.6377
222,31,306,261,309,266,48.447386851865204,58.7962583843564,49.398705354995535,64.53681120105021,0.6339,4,27,1,4,5000,100,71.0,10.0,15.0,0.35,0.35,0.3,0.1,3.4952,61.5329,1.1006,-1.1872
222,32,412,211,427,210,357.6304919357447,145.1240848377691,357.4949071327586,160.15305179733542,0.8321,4,27,1,4,5000,100,71.0,10.0,15.0,0.35,0.35,0.3,0.1,3.4926,152.2686,4.1427,0.0726
223,33,571,274,610,281,10.619655276155134,309.2975913258944,10.569218863555076,348.919761549844,0.8919,4,27,1,4,5000,100,71.0,10.0,15.0,0.35,0.35,0.3,0.1,4.3985,327.9161,8.0635,-1.5077
223,29,592,279,626,285,10.800499133782317,330.8609980036934,10.725615742888088,365.3833603217311,0.8116,4,27,1,4,5000,100,71.0,10.0,15.0,0.35,0.35,0.3,0.1,3.7114,347.2663,8.5445,-1.6242
223,31,305,261,308,266,49.18491612511841,58.137767414994535,50.07960786001457,63.89053137985315,0.6531,4,27,1,4,5000,100,71.0,10.0,15.0,0.35,0.35,0.3,0.1,3.4995,60.8785,0.9936,-1.1655
223,28,384,67,400,48,307.9542308751325,190.23406634985227,308.20211749971367,215.05813167606567,0.5234,4,27,1,4,5000,100,71.0,10.0,15.0,0.35,0.35,0.3,0.1,3.3537,201.8859,3.3830,3.9015
224,33,570,273,608,281,10.471161762203232,308.13146544940844,10.62979971293176,346.95388742598055,0.7545,5,27,1,4,5000,100,71.0,10.0,15.0,0.35,0.35,0.3,0.1,4.3923,326.3923,8.0226,-1.4979
224,29,591,278,624,285,10.662357544762912,329.6922807710244,10.7842978675626,363.4184915493432,0.7196,5,27,1,4,5000,100,71.0,10.0,15.0,0.35,0.35,0.3,0.1,3.6585,345.7348,8.5151,-1.6113
224,31,304,261,306,265,49.9392155421262,57.48912940721924,50.906141113770495,61.84658438426491,0.5034,5,27,1,4,5000,100,71.0,10.0,15.0,0.35,0.35,0.3,0.1,3.4789,59.5883,0.8514,-1.1405
224,32,412,210,426,210,357.23614262908745,145.16886718577092,357.47917209228984,159.15401345866212,0.7689,5,27,1,4,5000,100,71.0,10.0,15.0,0.35,0.35,0.3,0.1,3.5129,151.8401,4.0833,0.0901
224,28,383,67,398,48,307.71597634558316,189.62067397834025,307.7809791751303,213.82703290276467,0.6318,5,27,1,4,5000,100,71.0,10.0,15.0,0.35,0.35,0.3,0.1,3.4547,200.9977,3.2096,3.9304
225,33,569,273,607,280,10.505063869917349,307.14817271147814,10.497511322947844,345.7875070039402,0.905,4,27,1,4,5000,100,71.0,10.0,15.0,0.35,0.35,0.3,0.1,4.3794,325.3245,7.9524,-1.4805
225,29,590,278,623,284,10.69460766408409,328.70959827787203,10.658519628012494,362.2499137335991,0.8615,4,27,1,4,5000,100,71.0,10.0,15.0,0.35,0.35,0.3,0.1,3.6719,344.6657,8.4763,-1.5987
225,32,409,210,423,209,357.1778447001882,142.1724305201258,357.06432655357884,156.20499351813308,0.8073,4,27,1,4,5000,100,71.0,10.0,15.0,0.35,0.35,0.3,0.1,3.5375,148.8587,4.0084,0.1114
225,28,382,67,397,48,307.4761795613614,189.01058171435798,307.5685920288275,213.21585306913744,0.6176,4,27,1,4,5000,100,71.0,10.0,15.0,0.35,0.35,0.3,0.1,3.7040,200.3849,3.0470,3.9771
226,33,569,273,607,281,10.505063869917349,307.14817271147814,10.660348294535334,345.9710970586994,0.7762,4,27,1,4,5000,100,71.0,10.0,15.0,0.35,0.35,0.3,0.1,4.3747,325.4058,7.8672,-1.4612
226,29,590,278,623,284,10.69460766408409,328.70959827787203,10.658519628012494,362.2499137335991,0.8381,4,27,1,4,5000,100,71.0,10.0,15.0,0.35,0.35,0.3,0.1,3.6610,344.6657,8.4149,-1.5851
226,31,302,260,305,265,50.85601358542896,55.44366510251645,51.63251461513847,61.220911460055866,0.815,4,27,1,4,5000,100,71.0,10.0,15.0,0.35,0.35,0.3,0.1,3.4877,58.1892,0.7581,-1.1303
226,28,381,66,396,48,307.0515961261083,189.20095137181525,307.35498672832927,212.60761980700502,0.4797,4,27,1,4,5000,100,71.0,10.0,15.0,0.35,0.35,0.3,0.1,3.6830,200.2225,2.8638,4.0125
227,33,568,273,607,281,10.53918372862823,306.16498820080653,10.660348294535334,345.9710970586994,0.7301,3,27,1,4,5000,100,71.0,10.0,15.0,0.35,0.35,0.3,0.1,4.3699,324.8532,7.7695,-1.4385
227,29,590,278,622,284,10.69460766408409,328.70959827787203,10.687852907031857,361.2672141227321,0.8729,3,27,1,4,5000,100,71.0,10.0,15.0,0.35,0.35,0.3,0.1,3.6584,344.2203,8.3353,-1.5669
227,31,302,260,305,265,50.85601358542896,55.44366510251645,51.63251461513847,61.220911460055866,0.6984,3,27,1,4,5000,100,71.0,10.0,15.0,0.35,0.35,0.3,0.1,3.5048,58.1892,0.6579,-1.1177
228,33,567,272,605,280,10.388857815469612,305.0,10.55823406025535,343.8211744497421,0.7177,3,27,1,4,5000,100,71.0,10.0,15.0,0.35,0.35,0.3,0.1,4.3728,323.2492,7.6706,-1.4146
228,29,588,277,621,284,10.587321318237134,326.5593361090753,10.717346195151125,360.2846097184835,0.6934,3,27,1,4,5000,100,71.0,10.0,15.0,0.35,0.35,0.3,0.1,3.6508,342.594,8.2456,-1.5464
228,31,300,260,302,265,52.49585763972986,54.20332093147061,53.901716032892,59.405386961116584,0.463,3,27,1,4,5000,100,71.0,10.0,15.0,0.35,0.35,0.3,0.1,3.5966,56.6853,0.5532,-1.1039
229,29,583,276,613,282,10.575859542652957,321.4607285501605,10.63965031268877,352.05255289516083,0.753,2,27,1,4,5000,100,71.0,10.0,15.0,0.35,0.35,0.3,0.1,3.6254,336.0619,8.1468,-1.5226
229,28,374,60,383,46,304.2755514625288,189.99473676920633,304.15150006925035,206.6325240614362,0.7331,2,27,1,4,5000,100,71.0,10.0,15.0,0.35,0.35,0.3,0.1,3.9354,197.9647,2.6876,4.0626
230,33,557,270,593,277,10.356996739115663,294.8033242689098,10.428528477438077,331.4754892899323,0.8921,4,27,1,4,5000,100,71.0,10.0,15.0,0.35,0.35,0.3,0.1,4.3761,312.0657,7.5740,-1.3919
230,29,577,275,610,280,10.597335145023564,315.37913691301776,10.407711312490058,348.7377237982722,0.6384,4,27,1,4,5000,100,71.0,10.0,15.0,0.35,0.35,0.3,0.1,3.6344,331.2206,8.0500,-1.4998
230,31,289,259,291,263,62.35402463626132,47.41307836451879,62.447188423282206,51.884487084291386,0.8039,4,27,1,4,5000,100,71.0,10.0,15.0,0.35,0.35,0.3,0.1,3.6512,49.5481,0.4485,-1.0907
230,28,367,59,375,45,302.33018573505035,186.98663053812163,302.1249984403875,203.09603639657766,0.6491,4,27,1,4,5000,100,71.0,10.0,15.0,0.35,0.35,0.3,0.1,3.9319,194.7087,2.5088,4.0956
231,29,568,273,598,279,10.53918372862823,306.16498820080653,10.609203656513111,336.7565886512096,0.7721,1,27,1,4,5000,100,71.0,10.0,15.0,0.35,0.35,0.3,0.1,3.6440,320.733,7.9555,-1.4782
232,33,540,267,574,273,10.378704989909059,277.5409879639402,10.337690133562491,312.06569821112987,0.8095,4,27,1,4,5000,100,71.0,10.0,15.0,0.35,0.35,0.3,0.1,4.3743,293.7925,7.4819,-1.3703
232,29,559,271,590,277,10.477423596004869,296.95117443781896,10.523233898289845,328.5254936835192,0.8211,4,27,1,4,5000,100,71.0,10.0,15.0,0.35,0.35,0.3,0.1,3.6437,311.9414,7.8621,-1.4566
232,31,271,257,270,261,84.28940686250037,40.19950248448356,86.09950625761812,44.10215414239989,0.5483,4,27,1,4,5000,100,71.0,10.0,15.0,0.35,0.35,0.3,0.1,3.6651,42.0605,0.3461,-1.0782
232,28,348,62,360,43,297.5906972530431,174.88853593074649,298.1237353832888,197.29419656948858,0.3667,4,27,1,4,5000,100,71.0,10.0,15.0,0.35,0.35,0.3,0.1,3.8097,185.4169,2.3899,4.1180
233,33,537,266,571,273,10.286171182754284,274.4102767754881,10.43747535111818,309.1148653817865,0.8656,4,27,1,4,5000,100,71.0,10.0,15.0,0.35,0.35,0.3,0.1,4.3729,290.7306,7.3922,-1.3499
233,29,556,270,586,276,10.392054589416698,293.8196725884773,10.478613119527298,324.4102341172362,0.7975,4,27,1,4,5000,100,71.0,10.0,15.0,0.35,0.35,0.3,0.1,3.6613,308.3581,7.7686,-1.4349
233,31,268,257,267,261,88.56790381583535,40.01249804748511,90.0,44.0,0.542,4,27,1,4,5000,100,71.0,10.0,15.0,0.35,0.35,0.3,0.1,3.8156,41.9116,0.2470,-1.0654
233,28,345,62,356,43,296.7127203849381,173.5194513592064,297.0894830256058,195.4405280385826,0.4547,4,27,1,4,5000,100,71.0,10.0,15.0,0.35,0.35,0.3,0.1,3.7943,183.8288,2.2831,4.1341
234,29,552,269,579,274,10.340225148748292,289.70502239346837,10.353320043929445,317.16399543453855,0.8352,3,27,1,4,5000,100,71.0,10.0,15.0,0.35,0.35,0.3,0.1,3.6595,302.8133,7.6799,-1.4133
234,31,264,256,263,260,94.39870535499554,39.11521443121589,95.31454566994475,43.18564576337837,0.6036,3,27,1,4,5000,100,71.0,10.0,15.0,0.35,0.35,0.3,0.1,3.8900,41.0498,0.1515,-1.0539
234,28,340,55,345,41,294.25715038568967,177.6879286839711,293.90205041101086,192.50974001333023,0.5284,3,27,1,4,5000,100,71.0,10.0,15.0,0.35,0.35,0.3,0.1,3.7779,184.8021,2.1786,4.1501
235,33,531,264,565,271,10.094622737469402,268.1510768205118,10.27100372047908,302.8530997034701,0.6573,4,27,1,4,5000,100,71.0,10.0,15.0,0.35,0.35,0.3,0.1,4.3684,284.4476,7.3024,-1.3271
235,29,550,269,580,274,10.41170822769202,287.7377278008569,10.32095436249771,318.14776441144454,0.7739,4,27,1,4,5000,100,71.0,10.0,15.0,0.35,0.35,0.3,0.1,3.6793,302.1796,7.6057,-1.3951
235,31,262,255,261,260,97.49585763972986,38.3275357934736,97.94347181059041,43.41658669218482,0.8167,4,27,1,4,5000,100,71.0,10.0,15.0,0.35,0.35,0.3,0.1,3.9644,40.7136,0.0559,-1.0424
235,28,339,61,348,41,294.77514056883194,171.81385275931623,294.7131768804659,193.7446773462435,0.6592,4,27,1,4,5000,100,71.0,10.0,15.0,0.35,0.35,0.3,0.1,3.7797,182.1214,2.0751,4.1649
236,33,531,264,565,271,10.094622737469402,268.1510768205118,10.27100372047908,302.8530997034701,0.631,4,27,1,4,5000,100,71.0,10.0,15.0,0.35,0.35,0.3,0.1,4.3544,284.4476,7.2140,-1.3045
236,29,550,269,580,274,10.41170822769202,287.7377278008569,10.32095436249771,318.14776441144454,0.7739,4,27,1,4,5000,100,71.0,10.0,15.0,0.35,0.35,0.3,0.1,3.6691,302.1796,7.5421,-1.3814
236,31,262,256,261,259,97.30575953331083,39.319206502675,98.13010235415598,42.42640687119285,0.8194,4,27,1,4,5000,100,71.0,10.0,15.0,0.35,0.35,0.3,0.1,4.0607,40.8138,-0.0340,-1.0309
236,28,337,55,342,41,293.3691131634821,176.47662734764623,293.0806172153438,191.31387822110554,0.6026,4,27,1,4,5000,100,71.0,10.0,15.0,0.35,0.35,0.3,0.1,3.7703,183.596,1.9863,4.1763
237,33,531,264,565,271,10.094622737469402,268.1510768205118,10.27100372047908,302.8530997034701,0.631,4,27,1,4,5000,100,71.0,10.0,15.0,0.35,0.35,0.3,0.1,4.3476,284.4476,7.1288,-1.2840
237,29,551,269,580,274,10.375844920051051,288.7213189218974,10.32095436249771,318.14776441144454,0.8224,4,27,1,4,5000,100,71.0,10.0,15.0,0.35,0.35,0.3,0.1,3.6843,302.7211,7.5009,-1.3712
237,31,262,256,261,260,97.30575953331083,39.319206502675,97.94347181059041,43.41658669218482,0.8855,4,27,1,4,5000,100,71.0,10.0,15.0,0.35,0.35,0.3,0.1,4.0869,41.2664,-0.0989,-1.0240
237,28,337,55,342,41,293.3691131634821,176.47662734764623,293.0806172153438,191.31387822110554,0.5968,4,27,1,4,5000,100,71.0,10.0,15.0,0.35,0.35,0.3,0.1,3.8712,183.596,1.9223,4.1791
238,33,532,264,565,271,10.057308914963816,269.1356535281047,10.27100372047908,302.8530997034701,0.6723,3,27,1,4,5000,100,71.0,10.0,15.0,0.35,0.35,0.3,0.1,4.3444,285.0006,7.0766,-1.2704
238,29,550,269,580,274,10.41170822769202,287.7377278008569,10.32095436249771,318.14776441144454,0.7739,3,27,1,4,5000,100,71.0,10.0,15.0,0.35,0.35,0.3,0.1,3.6826,302.1796,7.4793,-1.3655
238,31,262,255,261,260,97.49585763972986,38.3275357934736,97.94347181059041,43.41658669218482,0.8167,3,27,1,4,5000,100,71.0,10.0,15.0,0.35,0.35,0.3,0.1,4.1802,40.7136,-0.1194,-1.0204
239,33,532,264,565,271,10.057308914963816,269.1356535281047,10.27100372047908,302.8530997034701,0.8123,3,27,1,4,5000,100,71.0,10.0,15.0,0.35,0.35,0.3,0.1,4.3414,285.0006,7.0482,-1.2617
239,29,551,268,580,274,10.180522281805295,288.54289109246827,10.32095436249771,318.14776441144454,0.7507,3,27,1,4,5000,100,71.0,10.0,15.0,0.35,0.35,0.3,0.1,3.6768,302.623,7.4669,-1.3621
239,31,262,255,261,260,97.49585763972986,38.3275357934736,97.94347181059041,43.41658669218482,0.8167,3,27,1,4,5000,100,71.0,10.0,15.0,0.35,0.35,0.3,0.1,4.2667,40.7136,-0.1330,-1.0168
240,33,532,264,565,270,10.057308914963816,269.1356535281047,10.084739651516104,302.67639485100256,0.9758,3,27,1,4,5000,100,71.0,10.0,15.0,0.35,0.35,0.3,0.1,4.3367,284.9223,7.0358,-1.2560
240,29,551,268,580,274,10.180522281805295,288.54289109246827,10.32095436249771,318.14776441144454,0.7323,3,27,1,4,5000,100,71.0,10.0,15.0,0.35,0.35,0.3,0.1,3.7057,302.623,7.4654,-1.3620
240,31,262,255,261,260,97.49585763972986,38.3275357934736,97.94347181059041,43.41658669218482,0.8167,3,27,1,4,5000,100,71.0,10.0,15.0,0.35,0.35,0.3,0.1,4.3415,40.7136,-0.1375,-1.0156
241,33,532,264,565,270,10.057308914963816,269.1356535281047,10.084739651516104,302.67639485100256,0.9758,4,27,1,4,5000,100,71.0,10.0,15.0,0.35,0.35,0.3,0.1,4.3243,284.9223,7.0371,-1.2549
241,29,551,269,580,274,10.375844920051051,288.7213189218974,10.32095436249771,318.14776441144454,0.8224,4,27,1,4,5000,100,71.0,10.0,15.0,0.35,0.35,0.3,0.1,3.7076,302.7211,7.4654,-1.3609
241,31,262,255,261,260,97.49585763972986,38.3275357934736,97.94347181059041,43.41658669218482,0.8167,4,27,1,4,5000,100,71.0,10.0,15.0,0.35,0.35,0.3,0.1,4.3415,40.7136,-0.1375,-1.0156
241,28,339,60,348,41,294.6361296498905,172.72232050317064,294.7131768804659,193.7446773462435,0.6295,4,27,1,4,5000,100,71.0,10.0,15.0,0.35,0.35,0.3,0.1,3.7552,182.6305,1.8896,4.1901
242,33,532,264,565,270,10.057308914963816,269.1356535281047,10.084739651516104,302.67639485100256,0.8883,4,27,1,4,5000,100,71.0,10.0,15.0,0.35,0.35,0.3,0.1,4.3119,284.9223,7.0384,-1.2538
242,29,550,269,580,274,10.41170822769202,287.7377278008569,10.32095436249771,318.14776441144454,0.7739,4,27,1,4,5000,100,71.0,10.0,15.0,0.35,0.35,0.3,0.1,3.7076,302.1796,7.4654,-1.3609
242,31,262,256,261,260,97.30575953331083,39.319206502675,97.94347181059041,43.41658669218482,0.8855,4,27,1,4,5000,100,71.0,10.0,15.0,0.35,0.35,0.3,0.1,4.3787,41.2664,-0.1375,-1.0149
242,28,339,60,348,41,294.6361296498905,172.72232050317064,294.7131768804659,193.7446773462435,0.6378,4,27,1,4,5000,100,71.0,10.0,15.0,0.35,0.35,0.3,0.1,3.6437,182.6305,1.8649,4.2010
243,33,532,264,565,270,10.057308914963816,269.1356535281047,10.084739651516104,302.67639485100256,0.9058,4,27,1,4,5000,100,71.0,10.0,15.0,0.35,0.35,0.3,0.1,4.2996,284.9223,7.0397,-1.2527
243,29,550,269,580,274,10.41170822769202,287.7377278008569,10.32095436249771,318.14776441144454,0.7739,4,27,1,4,5000,100,71.0,10.0,15.0,0.35,0.35,0.3,0.1,3.7076,302.1796,7.4654,-1.3609
243,31,262,255,261,260,97.49585763972986,38.3275357934736,97.94347181059041,43.41658669218482,0.8458,4,27,1,4,5000,100,71.0,10.0,15.0,0.35,0.35,0.3,0.1,4.3787,40.7136,-0.1375,-1.0149
243,28,338,60,348,41,294.33387656904677,172.30786401090347,294.7131768804659,193.7446773462435,0.46,4,27,1,4,5000,100,71.0,10.0,15.0,0.35,0.35,0.3,0.1,3.6455,182.3986,1.8581,4.2010
244,33,532,264,565,270,10.057308914963816,269.1356535281047,10.084739651516104,302.67639485100256,0.9758,3,27,1,4,5000,100,71.0,10.0,15.0,0.35,0.35,0.3,0.1,4.2979,284.9223,7.0397,-1.2515
244,29,551,269,580,274,10.375844920051051,288.7213189218974,10.32095436249771,318.14776441144454,0.8165,3,27,1,4,5000,100,71.0,10.0,15.0,0.35,0.35,0.3,0.1,3.6976,302.7211,7.4667,-1.3609
244,31,262,255,261,260,97.49585763972986,38.3275357934736,97.94347181059041,43.41658669218482,0.9333,3,27,1,4,5000,100,71.0,10.0,15.0,0.35,0.35,0.3,0.1,4.3043,40.7136,-0.1376,-1.0162
245,33,532,264,565,270,10.057308914963816,269.1356535281047,10.084739651516104,302.67639485100256,0.9758,4,27,1,4,5000,100,71.0,10.0,15.0,0.35,0.35,0.3,0.1,4.2867,284.9223,7.0387,-1.2504
245,29,550,269,580,274,10.41170822769202,287.7377278008569,10.32095436249771,318.14776441144454,0.7739,4,27,1,4,5000,100,71.0,10.0,15.0,0.35,0.35,0.3,0.1,3.6958,302.1796,7.4667,-1.3620
245,31,262,255,261,260,97.49585763972986,38.3275357934736,97.94347181059041,43.41658669218482,0.8167,4,27,1,4,5000,100,71.0,10.0,15.0,0.35,0.35,0.3,0.1,4.2299,40.7136,-0.1376,-1.0175
245,28,337,55,342,41,293.3691131634821,176.47662734764623,293.0806172153438,191.31387822110554,0.618,4,27,1,4,5000,100,71.0,10.0,15.0,0.35,0.35,0.3,0.1,3.5306,183.596,1.8493,4.2086
246,33,532,264,565,270,10.057308914963816,269.1356535281047,10.084739651516104,302.67639485100256,0.8883,4,27,1,4,5000,100,71.0,10.0,15.0,0.35,0.35,0.3,0.1,4.2772,284.9223,7.0377,-1.2504
246,29,550,268,580,274,10.21573957402295,287.5586896617802,10.32095436249771,318.14776441144454,0.7811,4,27,1,4,5000,100,71.0,10.0,15.0,0.35,0.35,0.3,0.1,3.6940,302.0808,7.4667,-1.3632
246,31,262,255,261,260,97.49585763972986,38.3275357934736,97.94347181059041,43.41658669218482,0.9333,4,27,1,4,5000,100,71.0,10.0,15.0,0.35,0.35,0.3,0.1,4.1555,40.7136,-0.1376,-1.0187
246,28,338,60,348,41,294.33387656904677,172.30786401090347,294.7131768804659,193.7446773462435,0.4502,4,27,1,4,5000,100,71.0,10.0,15.0,0.35,0.35,0.3,0.1,3.5718,182.3986,1.8526,4.2061
247,33,532,264,565,270,10.057308914963816,269.1356535281047,10.084739651516104,302.67639485100256,0.8883,4,27,1,4,5000,100,71.0,10.0,15.0,0.35,0.35,0.3,0.1,4.2753,284.9223,7.0375,-1.2504
247,29,550,269,580,274,10.41170822769202,287.7377278008569,10.32095436249771,318.14776441144454,0.7739,4,27,1,4,5000,100,71.0,10.0,15.0,0.35,0.35,0.3,0.1,3.6991,302.1796,7.4661,-1.3630
247,31,262,255,261,260,97.49585763972986,38.3275357934736,97.94347181059041,43.41658669218482,0.8167,4,27,1,4,5000,100,71.0,10.0,15.0,0.35,0.35,0.3,0.1,4.1183,40.7136,-0.1376,-1.0193
247,28,337,55,342,41,293.3691131634821,176.47662734764623,293.0806172153438,191.31387822110554,0.6245,4,27,1,4,5000,100,71.0,10.0,15.0,0.35,0.35,0.3,0.1,3.6222,183.596,1.8567,4.2030
248,33,532,264,565,270,10.057308914963816,269.1356535281047,10.084739651516104,302.67639485100256,0.9758,4,27,1,4,5000,100,71.0,10.0,15.0,0.35,0.35,0.3,0.1,4.2730,284.9223,7.0372,-1.2504
248,29,551,269,580,274,10.375844920051051,288.7213189218974,10.32095436249771,318.14776441144454,0.8224,4,27,1,4,5000,100,71.0,10.0,15.0,0.35,0.35,0.3,0.1,3.6933,302.7211,7.4668,-1.3629
248,31,262,256,261,260,97.30575953331083,39.319206502675,97.94347181059041,43.41658669218482,0.8855,4,27,1,4,5000,100,71.0,10.0,15.0,0.35,0.35,0.3,0.1,4.1637,41.2664,-0.1376,-1.0186
248,28,337,55,342,41,293.3691131634821,176.47662734764623,293.0806172153438,191.31387822110554,0.6245,4,27,1,4,5000,100,71.0,10.0,15.0,0.35,0.35,0.3,0.1,3.5483,183.596,1.8496,4.2078
249,33,532,264,565,270,10.057308914963816,269.1356535281047,10.084739651516104,302.67639485100256,0.9758,4,27,1,4,5000,100,71.0,10.0,15.0,0.35,0.35,0.3,0.1,4.2701,284.9223,7.0369,-1.2504
249,29,551,269,580,274,10.375844920051051,288.7213189218974,10.32095436249771,318.14776441144454,0.7966,4,27,1,4,5000,100,71.0,10.0,15.0,0.35,0.35,0.3,0.1,3.6860,302.7211,7.4678,-1.3628
249,31,262,256,261,260,97.30575953331083,39.319206502675,97.94347181059041,43.41658669218482,0.7688,4,27,1,4,5000,100,71.0,10.0,15.0,0.35,0.35,0.3,0.1,4.1182,41.2664,-0.1376,-1.0193
249,28,337,55,342,41,293.3691131634821,176.47662734764623,293.0806172153438,191.31387822110554,0.6101,4,27,1,4,5000,100,71.0,10.0,15.0,0.35,0.35,0.3,0.1,3.4533,183.596,1.8405,4.2140
250,33,532,264,564,270,10.057308914963816,269.1356535281047,10.117994603859103,301.69189581425616,0.7919,4,27,1,4,5000,100,71.0,10.0,15.0,0.35,0.35,0.3,0.1,4.2664,284.4854,7.0365,-1.2505
250,29,551,269,580,274,10.375844920051051,288.7213189218974,10.32095436249771,318.14776441144454,0.8224,4,27,1,4,5000,100,71.0,10.0,15.0,0.35,0.35,0.3,0.1,3.6922,302.7211,7.4671,-1.3625
250,31,262,256,261,260,97.30575953331083,39.319206502675,97.94347181059041,43.41658669218482,0.7688,4,27,1,4,5000,100,71.0,10.0,15.0,0.35,0.35,0.3,0.1,4.0598,41.2664,-0.1376,-1.0203
250,28,337,55,342,41,293.3691131634821,176.47662734764623,293.0806172153438,191.31387822110554,0.6101,4,27,1,4,5000,100,71.0,10.0,15.0,0.35,0.35,0.3,0.1,3.3139,183.596,1.8304,4.2223
251,33,532,264,564,270,10.057308914963816,269.1356535281047,10.117994603859103,301.69189581425616,0.8575,3,27,1,4,5000,100,71.0,10.0,15.0,0.35,0.35,0.3,0.1,4.2614,284.4854,7.0360,-1.2505
251,29,551,269,580,274,10.375844920051051,288.7213189218974,10.32095436249771,318.14776441144454,0.8057,3,27,1,4,5000,100,71.0,10.0,15.0,0.35,0.35,0.3,0.1,3.6822,302.7211,7.4684,-1.3622
251,31,262,256,261,260,97.30575953331083,39.319206502675,97.94347181059041,43.41658669218482,0.7688,3,27,1,4,5000,100,71.0,10.0,15.0,0.35,0.35,0.3,0.1,3.9818,41.2664,-0.1376,-1.0217
