Frame_Number,Track_ID,Center_X,Center_Y,Right_X,Right_Y,Angle_A_deg,A_px,Angle_B_deg,C_px,Pair_Score,Pair_Count,Binary_Threshold,Blur_Size,Min_Area_px2,Max_Area_px2,Max_Width_px,Max_Radial_Gap_px,Max_Angle_Diff_deg,Max_Center_Offset_px,Weight_Angle,Weight_Area,Weight_Center,Min_Score_Threshold,Zprime_mm,Zdoubleprime,Z_mm,B_px,X_mm,Y_mm
0,1,378.0000,405.0000,390,425,59.44131292928861,218.3231549790356,59.40221579066578,241.6464359348178,0.8201,2,27,1,4,5000,100,71.0,10.0,15.0,0.35,0.35,0.3,0.1,1.0689,0.0507,1.0689,,378.0000,405.0000
0,2,195.3333,345.0000,187,358,119.0165843438658,146.37281168304446,119.56953133326778,162.1141573089778,0.5418,2,27,1,4,5000,100,71.0,10.0,15.0,0.35,0.35,0.3,0.1,1.1156,0.051,1.1156,,195.3333,345.0000
1,1,378.0000,405.0000,389,424,59.44131292928861,218.3231549790356,59.48609402047973,240.2769235694514,0.7919,3,27,1,4,5000,100,71.0,10.0,15.0,0.35,0.35,0.3,0.1,1.0619,0.0479,1.0619,,378.0000,405.0000
1,2,195.2500,345.0000,187,358,119.35775354279127,146.86047800548656,119.56953133326778,162.1141573089778,0.7014,3,27,1,4,5000,100,71.0,10.0,15.0,0.35,0.35,0.3,0.1,1.1050,0.0494,1.1050,,195.2500,345.0000
1,3,156.0000,199.0000,133,194,189.21102654081665,112.44998888394787,189.73944594549724,135.95955280891445,0.563,3,27,1,4,5000,100,71.0,10.0,15.0,0.35,0.35,0.3,0.1,2.0575,0.0946,2.0575,,156.0000,199.0000
2,1,378.0000,405.2000,390,424,59.44131292928861,218.3231549790356,59.281095735970815,240.7862122298534,0.7169,3,27,1,4,5000,100,71.0,10.0,15.0,0.35,0.35,0.3,0.1,1.0537,0.0489,1.0537,,378.0000,405.2000
2,2,195.2000,345.0000,186,359,119.35775354279127,146.86047800548656,119.70140954541058,163.47782724271815,0.6382,3,27,1,4,5000,100,71.0,10.0,15.0,0.35,0.35,0.3,0.1,1.1103,0.0535,1.1103,,195.2000,345.0000
2,3,156.0000,199.0000,133,194,189.21102654081665,112.44998888394787,189.73944594549724,135.95955280891445,0.5611,3,27,1,4,5000,100,71.0,10.0,15.0,0.35,0.35,0.3,0.1,2.0575,0.0946,2.0575,,156.0000,199.0000
3,1,378.0000,405.4000,389,424,59.44131292928861,218.3231549790356,59.48609402047973,240.2769235694514,0.7973,2,27,1,4,5000,100,71.0,10.0,15.0,0.35,0.35,0.3,0.1,1.0374,0.0479,1.0374,,378.0000,405.4000
3,2,195.0000,345.0000,187,358,119.35775354279127,146.86047800548656,119.56953133326778,162.1141573089778,0.7152,2,27,1,4,5000,100,71.0,10.0,15.0,0.35,0.35,0.3,0.1,1.1031,0.0494,1.1031,,195.0000,345.0000
4,1,378.0000,405.4000,390,424,59.57421619803874,219.18485349129398,59.281095735970815,240.7862122298534,0.5578,2,27,1,4,5000,100,71.0,10.0,15.0,0.35,0.35,0.3,0.1,1.0498,0.047,1.0498,,378.0000,405.4000
4,2,195.0000,345.0000,187,359,119.35775354279127,146.86047800548656,119.39605285494326,162.9846618550347,0.7587,2,27,1,4,5000,100,71.0,10.0,15.0,0.35,0.35,0.3,0.1,1.1031,0.052,1.1031,,195.0000,345.0000
5,1,378.0000,405.4000,390,424,59.57421619803874,219.18485349129398,59.281095735970815,240.7862122298534,0.5976,3,27,1,4,5000,100,71.0,10.0,15.0,0.35,0.35,0.3,0.1,1.0498,0.047,1.0498,,378.0000,405.4000
5,2,195.0000,345.0000,187,358,119.35775354279127,146.86047800548656,119.56953133326778,162.1141573089778,0.6971,3,27,1,4,5000,100,71.0,10.0,15.0,0.35,0.35,0.3,0.1,1.0965,0.0494,1.0965,,195.0000,345.0000
5,3,156.0000,199.0000,133,194,189.21102654081665,112.44998888394787,189.73944594549724,135.95955280891445,0.56,3,27,1,4,5000,100,71.0,10.0,15.0,0.35,0.35,0.3,0.1,2.0575,0.0946,2.0575,,156.0000,199.0000
6,1,378.0000,405.4000,390,425,59.44131292928861,218.3231549790356,59.40221579066578,241.6464359348178,0.8217,3,27,1,4,5000,100,71.0,10.0,15.0,0.35,0.35,0.3,0.1,1.0498,0.0507,1.0498,,378.0000,405.4000
6,2,195.0000,345.0000,187,358,119.35775354279127,146.86047800548656,119.56953133326778,162.1141573089778,0.7032,3,27,1,4,5000,100,71.0,10.0,15.0,0.35,0.35,0.3,0.1,1.1081,0.0494,1.1081,,195.0000,345.0000
6,3,156.0000,199.0000,133,194,189.21102654081665,112.44998888394787,189.73944594549724,135.95955280891445,0.5326,3,27,1,4,5000,100,71.0,10.0,15.0,0.35,0.35,0.3,0.1,2.0575,0.0946,2.0575,,156.0000,199.0000
7,1,378.0000,405.2000,390,424,59.44131292928861,218.3231549790356,59.281095735970815,240.7862122298534,0.7156,2,27,1,4,5000,100,71.0,10.0,15.0,0.35,0.35,0.3,0.1,1.0537,0.0489,1.0537,,378.0000,405.2000
7,2,195.0000,345.0000,187,359,119.35775354279127,146.86047800548656,119.39605285494326,162.9846618550347,0.7975,2,27,1,4,5000,100,71.0,10.0,15.0,0.35,0.35,0.3,0.1,1.1081,0.052,1.1081,,195.0000,345.0000
8,1,378.0000,405.0000,389,424,59.44131292928861,218.3231549790356,59.48609402047973,240.2769235694514,0.8089,2,27,1,4,5000,100,71.0,10.0,15.0,0.35,0.35,0.3,0.1,1.0654,0.0479,1.0654,,378.0000,405.0000
8,2,195.0000,345.0000,187,359,119.35775354279127,146.86047800548656,119.39605285494326,162.9846618550347,0.8177,2,27,1,4,5000,100,71.0,10.0,15.0,0.35,0.35,0.3,0.1,1.1147,0.052,1.1147,,195.0000,345.0000
9,1,378.0000,405.0000,389,424,59.44131292928861,218.3231549790356,59.48609402047973,240.2769235694514,0.7955,2,27,1,4,5000,100,71.0,10.0,15.0,0.35,0.35,0.3,0.1,1.0531,0.0479,1.0531,,378.0000,405.0000
9,2,195.0000,345.0000,187,359,119.35775354279127,146.86047800548656,119.39605285494326,162.9846618550347,0.8011,2,27,1,4,5000,100,71.0,10.0,15.0,0.35,0.35,0.3,0.1,1.1147,0.052,1.1147,,195.0000,345.0000
10,1,378.0000,405.0000,389,425,59.44131292928861,218.3231549790356,59.606737354447,241.1389640850271,0.7201,2,27,1,4,5000,100,71.0,10.0,15.0,0.35,0.35,0.3,0.1,1.0485,0.0497,1.0485,,378.0000,405.0000
10,2,195.0000,345.0000,186,358,119.35775354279127,146.86047800548656,119.87599269168943,162.60996279441184,0.5318,2,27,1,4,5000,100,71.0,10.0,15.0,0.35,0.35,0.3,0.1,1.1031,0.0509,1.1031,,195.0000,345.0000
11,1,378.0000,405.0000,389,424,59.44131292928861,218.3231549790356,59.48609402047973,240.2769235694514,0.7957,3,27,1,4,5000,100,71.0,10.0,15.0,0.35,0.35,0.3,0.1,1.0485,0.0479,1.0485,,378.0000,405.0000
11,2,195.0000,345.0000,187,358,119.35775354279127,146.86047800548656,119.56953133326778,162.1141573089778,0.715,3,27,1,4,5000,100,71.0,10.0,15.0,0.35,0.35,0.3,0.1,1.1097,0.0494,1.1097,,195.0000,345.0000
11,3,156.0000,199.0000,133,194,189.21102654081665,112.44998888394787,189.73944594549724,135.95955280891445,0.5423,3,27,1,4,5000,100,71.0,10.0,15.0,0.35,0.35,0.3,0.1,2.0418,0.0946,2.0418,,156.0000,199.0000
12,1,378.0000,405.0000,389,424,59.44131292928861,218.3231549790356,59.48609402047973,240.2769235694514,0.7852,3,27,1,4,5000,100,71.0,10.0,15.0,0.35,0.35,0.3,0.1,1.0563,0.0479,1.0563,,378.0000,405.0000
12,2,195.0000,345.0000,187,358,119.35775354279127,146.86047800548656,119.56953133326778,162.1141573089778,0.7122,3,27,1,4,5000,100,71.0,10.0,15.0,0.35,0.35,0.3,0.1,1.0981,0.0494,1.0981,,195.0000,345.0000
12,3,156.0000,199.0000,133,194,189.21102654081665,112.44998888394787,189.73944594549724,135.95955280891445,0.567,3,27,1,4,5000,100,71.0,10.0,15.0,0.35,0.35,0.3,0.1,2.0418,0.0946,2.0418,,156.0000,199.0000
13,1,378.0000,405.0000,389,424,59.44131292928861,218.3231549790356,59.48609402047973,240.2769235694514,0.7686,3,27,1,4,5000,100,71.0,10.0,15.0,0.35,0.35,0.3,0.1,1.0608,0.0479,1.0608,,378.0000,405.0000
13,2,195.0000,345.0000,186,359,119.35775354279127,146.86047800548656,119.70140954541058,163.47782724271815,0.6453,3,27,1,4,5000,100,71.0,10.0,15.0,0.35,0.35,0.3,0.1,1.0915,0.0535,1.0915,,195.0000,345.0000
13,3,156.0000,199.0000,134,194,189.21102654081665,112.44998888394787,189.81125686799604,134.97407158413796,0.5449,3,27,1,4,5000,100,71.0,10.0,15.0,0.35,0.35,0.3,0.1,2.0418,0.091,2.0418,,156.0000,199.0000
14,1,377.4000,406.0000,389,425,59.44131292928861,218.3231549790356,59.606737354447,241.1389640850271,0.7157,3,27,1,4,5000,100,71.0,10.0,15.0,0.35,0.35,0.3,0.1,1.0617,0.0497,1.0617,,377.4000,406.0000
14,2,194.4000,346.0000,187,358,119.35775354279127,146.86047800548656,119.56953133326778,162.1141573089778,0.7207,3,27,1,4,5000,100,71.0,10.0,15.0,0.35,0.35,0.3,0.1,1.1012,0.0494,1.1012,,194.4000,346.0000
14,3,158.0000,200.6000,133,194,189.21102654081665,112.44998888394787,189.73944594549724,135.95955280891445,0.5658,3,27,1,4,5000,100,71.0,10.0,15.0,0.35,0.35,0.3,0.1,1.9724,0.0946,1.9724,,158.0000,200.6000
15,1,376.2000,407.4000,390,425,59.44131292928861,218.3231549790356,59.40221579066578,241.6464359348178,0.8276,3,27,1,4,5000,100,71.0,10.0,15.0,0.35,0.35,0.3,0.1,1.0624,0.0507,1.0624,,376.2000,407.4000
15,2,193.0000,347.4000,187,358,119.35775354279127,146.86047800548656,119.56953133326778,162.1141573089778,0.705,3,27,1,4,5000,100,71.0,10.0,15.0,0.35,0.35,0.3,0.1,1.1060,0.0494,1.1060,,193.0000,347.4000
15,3,156.6000,202.0000,133,194,189.21102654081665,112.44998888394787,189.73944594549724,135.95955280891445,0.5655,3,27,1,4,5000,100,71.0,10.0,15.0,0.35,0.35,0.3,0.1,1.9515,0.0946,1.9515,,156.6000,202.0000
16,1,374.8000,409.2000,385,430,60.769256597841775,221.16283593768642,61.01395882732633,243.50154003619772,0.6393,3,27,1,4,5000,100,71.0,10.0,15.0,0.35,0.35,0.3,0.1,1.0542,0.0481,1.0542,,374.8000,409.2000
16,2,191.4000,349.0000,183,364,119.4190761517484,152.6892268629323,119.74488129694222,169.30741271426953,0.6246,3,27,1,4,5000,100,71.0,10.0,15.0,0.35,0.35,0.3,0.1,1.0909,0.0516,1.0909,,191.4000,349.0000
16,3,155.6000,206.4000,149,203,185.6544208226407,101.49384217774002,186.76617482255307,118.82760622010359,0.3855,3,27,1,4,5000,100,71.0,10.0,15.0,0.35,0.35,0.3,0.1,1.8359,0.0787,1.8359,,155.6000,206.4000
17,1,372.0000,412.8000,382,432,61.69924423399363,221.472345903501,61.85839876773828,243.82370680473218,0.7047,3,27,1,4,5000,100,71.0,10.0,15.0,0.35,0.35,0.3,0.1,1.0495,0.048,1.0495,,372.0000,412.8000
17,2,188.6000,352.4000,179,366,120.3355385115889,156.41611170208776,120.56626988955452,173.04623659588788,0.697,3,27,1,4,5000,100,71.0,10.0,15.0,0.35,0.35,0.3,0.1,1.0966,0.0505,1.0966,,188.6000,352.4000
17,3,155.5000,208.2500,126,201,185.32574062476772,118.51160280748886,186.4739559686723,141.90489773083945,0.379,3,27,1,4,5000,100,71.0,10.0,15.0,0.35,0.35,0.3,0.1,1.7805,0.0898,1.7805,,155.5000,208.2500
18,1,368.6000,417.0000,381,433,62.16958515751111,222.76669409945464,62.17590361574674,244.23758924457144,0.8292,2,27,1,4,5000,100,71.0,10.0,15.0,0.35,0.35,0.3,0.1,1.0468,0.046,1.0468,,368.6000,417.0000
18,2,185.2000,356.4000,178,367,120.46554491945989,157.78466338652817,120.68206863687206,174.4161689752415,0.7147,2,27,1,4,5000,100,71.0,10.0,15.0,0.35,0.35,0.3,0.1,1.1072,0.0501,1.1072,,185.2000,356.4000
19,1,365.2000,420.8000,374,444,64.78548323192804,227.69497139814047,64.76242093239473,250.95417908454922,0.804,2,27,1,4,5000,100,71.0,10.0,15.0,0.35,0.35,0.3,0.1,1.0508,0.0486,1.0508,,365.2000,420.8000
19,2,181.8000,360.2000,171,377,120.67232578233511,168.5852899869974,120.96375653207352,186.59046063504962,0.6171,2,27,1,4,5000,100,71.0,10.0,15.0,0.35,0.35,0.3,0.1,1.1114,0.0507,1.1114,,181.8000,360.2000
20,1,361.6000,425.0000,371,448,65.78365455843999,229.16587878652442,65.76194226683806,253.33179824096302,0.8156,3,27,1,4,5000,100,71.0,10.0,15.0,0.35,0.35,0.3,0.1,1.0531,0.0501,1.0531,,361.6000,425.0000
20,2,178.4000,364.2000,168,381,121.0206540104043,172.69916039170545,121.11763918672645,191.56461051039673,0.7803,3,27,1,4,5000,100,71.0,10.0,15.0,0.35,0.35,0.3,0.1,1.1206,0.0518,1.1206,,178.4000,364.2000
20,3,155.3333,211.3333,135,221,178.02506598911802,116.06894502837527,178.26429541107163,132.06059215375342,0.6191,3,27,1,4,5000,100,71.0,10.0,15.0,0.35,0.35,0.3,0.1,1.6881,0.0644,1.6881,,155.3333,211.3333
21,1,357.0000,429.6000,367,451,66.76879948445858,230.70543990118657,66.8605382367883,254.4720023892609,0.7467,2,27,1,4,5000,100,71.0,10.0,15.0,0.35,0.35,0.3,0.1,1.0678,0.049,1.0678,,357.0000,429.6000
21,2,173.8000,368.8000,165,386,121.18497465873838,177.67385851610248,121.11309358620342,197.39554199626699,0.7949,2,27,1,4,5000,100,71.0,10.0,15.0,0.35,0.35,0.3,0.1,1.1322,0.0526,1.1322,,173.8000,368.8000
22,1,352.2000,432.6000,363,455,68.06151953229354,232.86262044390037,68.03275659318712,256.632032295269,0.8015,2,27,1,4,5000,100,71.0,10.0,15.0,0.35,0.35,0.3,0.1,1.0620,0.0486,1.0620,,352.2000,432.6000
22,2,168.8000,372.0000,160,389,121.77220399744242,182.3211452355431,121.88545501166804,202.5660386145713,0.7613,2,27,1,4,5000,100,71.0,10.0,15.0,0.35,0.35,0.3,0.1,1.1314,0.0526,1.1314,,168.8000,372.0000
23,1,345.8000,436.0000,356,460,69.78721046111454,234.43762496664223,69.88448352676428,258.7856255668,0.7359,2,27,1,4,5000,100,71.0,10.0,15.0,0.35,0.35,0.3,0.1,1.0563,0.0494,1.0563,,345.8000,436.0000
23,2,162.4000,375.6000,153,394,122.93511558947458,189.44656238633627,122.78428086586914,210.535032714273,0.7114,2,27,1,4,5000,100,71.0,10.0,15.0,0.35,0.35,0.3,0.1,1.1291,0.0527,1.1291,,162.4000,375.6000
24,1,339.8000,439.0000,347,460,71.72074584687576,232.74449510138794,71.7775191012451,255.8300216940928,0.7488,2,27,1,4,5000,100,71.0,10.0,15.0,0.35,0.35,0.3,0.1,1.0547,0.0473,1.0547,,339.8000,439.0000
24,2,156.2000,378.6000,144,395,124.58397169242929,195.5556186868585,124.64490877985199,216.3631207022121,0.8161,2,27,1,4,5000,100,71.0,10.0,15.0,0.35,0.35,0.3,0.1,1.1214,0.0505,1.1214,,156.2000,378.6000
25,1,334.6000,441.2000,336,466,74.6591092359951,234.35016535091245,74.51149855709032,258.3834360016137,0.6778,2,27,1,4,5000,100,71.0,10.0,15.0,0.35,0.35,0.3,0.1,1.0426,0.0488,1.0426,,334.6000,441.2000
25,2,150.8000,381.0000,133,401,126.08889352557722,205.41908382621125,126.06438615741826,227.62249449472256,0.8239,2,27,1,4,5000,100,71.0,10.0,15.0,0.35,0.35,0.3,0.1,1.1136,0.0513,1.1136,,150.8000,381.0000
26,1,329.8000,443.4000,335,467,74.95867052681935,235.05318547086316,74.78367328797702,259.0829982843336,0.6547,2,27,1,4,5000,100,71.0,10.0,15.0,0.35,0.35,0.3,0.1,1.0428,0.0486,1.0428,,329.8000,443.4000
26,2,146.2000,383.6000,131,402,126.37264685593478,207.40781084616847,126.3209130749985,229.6105398277701,0.7836,2,27,1,4,5000,100,71.0,10.0,15.0,0.35,0.35,0.3,0.1,1.1050,0.0508,1.1050,,146.2000,383.6000
27,1,326.2000,446.4000,333,466,74.95867052681935,235.05318547086316,75.15454791791618,257.59852484049674,0.6506,2,27,1,4,5000,100,71.0,10.0,15.0,0.35,0.35,0.3,0.1,1.0247,0.0458,1.0247,,326.2000,446.4000
27,2,142.6000,386.8000,131,402,126.37264685593478,207.40781084616847,126.3209130749985,229.6105398277701,0.8138,2,27,1,4,5000,100,71.0,10.0,15.0,0.35,0.35,0.3,0.1,1.0951,0.0508,1.0951,,142.6000,386.8000
28,1,324.4000,448.6000,330,472,76.13897243697885,237.92856070678022,76.122470196792,262.6670896781704,0.8208,2,27,1,4,5000,100,71.0,10.0,15.0,0.35,0.35,0.3,0.1,0.9994,0.0494,0.9994,,324.4000,448.6000
28,2,140.8000,389.2000,127,407,126.22494425552034,213.21350801485352,126.3843518158359,236.00847442411893,0.7031,2,27,1,4,5000,100,71.0,10.0,15.0,0.35,0.35,0.3,0.1,1.0860,0.0507,1.0860,,140.8000,389.2000
29,1,322.4000,451.2000,328,474,76.88132820348773,242.32416305436814,76.64769570125726,264.14011433328335,0.6762,2,27,1,4,5000,100,71.0,10.0,15.0,0.35,0.35,0.3,0.1,0.9615,0.0431,0.9615,,322.4000,451.2000
29,2,138.8000,392.0000,125,412,126.08507304285213,219.02054698132775,126.06229918358973,241.22396232547047,0.8215,2,27,1,4,5000,100,71.0,10.0,15.0,0.35,0.35,0.3,0.1,1.0943,0.0482,1.0943,,138.8000,392.0000
30,1,320.2000,454.0000,326,475,77.3944226456154,242.85386552410483,77.11896857516952,264.66015944981217,0.6539,3,27,1,4,5000,100,71.0,10.0,15.0,0.35,0.35,0.3,0.1,0.9275,0.043,0.9275,,320.2000,454.0000
30,2,136.8000,394.8000,123,413,126.14204123637164,220.41778512633684,126.30449712257524,243.21184181696418,0.6992,3,27,1,4,5000,100,71.0,10.0,15.0,0.35,0.35,0.3,0.1,1.1026,0.0492,1.1026,,136.8000,394.8000
30,4,105.5000,253.0000,101,254,167.5095942820908,161.83015788165073,167.4346516200927,170.07351351694948,0.6441,3,27,1,4,5000,100,71.0,10.0,15.0,0.35,0.35,0.3,0.1,0.8539,0.0248,0.8539,,105.5000,253.0000
31,1,318.6000,456.0000,322,477,78.00310069207643,245.35892076710803,78.05582281155367,265.75364531836624,0.6807,3,27,1,4,5000,100,71.0,10.0,15.0,0.35,0.35,0.3,0.1,0.8777,0.0399,0.8777,,318.6000,456.0000
31,2,135.0000,396.8000,119,418,126.30869246411517,224.61077445216202,126.36489984594563,249.6096953245206,0.806,3,27,1,4,5000,100,71.0,10.0,15.0,0.35,0.35,0.3,0.1,1.0971,0.0527,1.0971,,135.0000,396.8000
31,4,105.5000,253.0000,83,257,167.36093755936992,169.09760495051373,167.7352262721076,188.29763673503712,0.5354,3,27,1,4,5000,100,71.0,10.0,15.0,0.35,0.35,0.3,0.1,0.8539,0.0537,0.8539,,105.5000,253.0000
32,1,317.5800,455.2000,321,477,78.2791885011905,246.13207836444238,78.26691584358777,265.5484889808262,0.7244,2,27,1,4,5000,100,71.0,10.0,15.0,0.35,0.35,0.3,0.1,0.8999,0.0379,0.8999,,317.5800,455.2000
32,2,131.2000,398.4000,119,418,126.30869246411517,224.61077445216202,126.36489984594563,249.6096953245206,0.7907,2,27,1,4,5000,100,71.0,10.0,15.0,0.35,0.35,0.3,0.1,1.1091,0.0527,1.1091,,131.2000,398.4000
33,1,315.9800,454.0000,320,477,78.50730648869003,245.93088459971838,78.47833242364322,265.34694269955327,0.6992,2,27,1,4,5000,100,71.0,10.0,15.0,0.35,0.35,0.3,0.1,0.9137,0.038,0.9137,,315.9800,454.0000
33,2,123.8000,400.2000,118,418,126.56648064363154,226.60317738284255,126.54930110639795,250.2039168358481,0.8118,2,27,1,4,5000,100,71.0,10.0,15.0,0.35,0.35,0.3,0.1,1.1136,0.0495,1.1136,,123.8000,400.2000
34,2,113.7000,401.7000,102,421,128.6598082540901,236.9155967850154,128.9667469937993,262.37568484903477,0.5346,1,27,1,4,5000,100,71.0,10.0,15.0,0.35,0.35,0.3,0.1,1.0986,0.051,1.0986,,113.7000,401.7000
35,2,100.5000,403.3000,81,425,131.7845160082518,252.1269521491108,131.8040619864041,279.03404810166086,0.7607,1,27,1,4,5000,100,71.0,10.0,15.0,0.35,0.35,0.3,0.1,1.0775,0.0507,1.0775,,100.5000,403.3000
36,2,86.7000,404.9000,61,425,134.54164354199958,265.1735280905694,134.72321094782225,292.7456233660889,0.6061,1,27,1,4,5000,100,71.0,10.0,15.0,0.35,0.35,0.3,0.1,1.0772,0.0494,1.0772,,86.7000,404.9000
37,2,75.7000,405.7000,48,425,136.47636850981308,274.4485379811669,136.4756773081494,302.03476621077914,0.8162,1,27,1,4,5000,100,71.0,10.0,15.0,0.35,0.35,0.3,0.1,1.0815,0.0479,1.0815,,75.7000,405.7000
38,2,69.5000,405.9000,42,427,137.0350344568599,278.7758956581433,136.97493401088198,307.77426793024785,0.7692,1,27,1,4,5000,100,71.0,10.0,15.0,0.35,0.35,0.3,0.1,1.0824,0.0494,1.0824,,69.5000,405.9000
39,2,66.6000,405.8000,42,427,137.04540848888723,277.3625785862253,136.97493401088198,307.77426793024785,0.7984,1,27,1,4,5000,100,71.0,10.0,15.0,0.35,0.35,0.3,0.1,1.0875,0.052,1.0875,,66.6000,405.8000
40,2,66.2500,405.7500,48,425,136.4840146756621,273.034796317246,136.4756773081494,302.03476621077914,0.8056,1,27,1,4,5000,100,71.0,10.0,15.0,0.35,0.35,0.3,0.1,1.0993,0.0504,1.0993,,66.2500,405.7500
41,2,67.3333,405.3333,69,418,134.52386874835815,255.27436220662662,134.56921278299137,282.14358046923553,0.763,1,27,1,4,5000,100,71.0,10.0,15.0,0.35,0.35,0.3,0.1,1.1075,0.05,1.1075,,67.3333,405.3333
42,1,317.3800,451.0000,301,475,82.31036509725475,239.1505801790997,82.49265333305034,260.23066690918654,0.7755,1,27,1,4,5000,100,71.0,10.0,15.0,0.35,0.35,0.3,0.1,0.9579,0.0422,0.9579,,317.3800,451.0000
43,1,319.9800,447.4000,322,472,77.7867234535606,236.34931774811622,77.82854179141253,260.86394921491166,0.7914,2,27,1,4,5000,100,71.0,10.0,15.0,0.35,0.35,0.3,0.1,1.0049,0.0493,1.0049,,319.9800,447.4000
43,5,141.3333,380.0000,120,402,128.36748538486154,214.27319011019554,128.47046400115275,236.29219199965115,0.7346,2,27,1,4,5000,100,71.0,10.0,15.0,0.35,0.35,0.3,0.1,1.0945,0.0489,1.0945,,141.3333,380.0000
44,1,324.7800,442.6000,330,466,75.54511006128176,232.35533133543547,75.80144597613683,256.8462575160479,0.6087,3,27,1,4,5000,100,71.0,10.0,15.0,0.35,0.35,0.3,0.1,1.0485,0.0501,1.0485,,324.7800,442.6000
44,5,145.5000,377.5000,129,396,127.43160297841057,204.00980368599937,127.63041642297489,226.01991062736045,0.6874,3,27,1,4,5000,100,71.0,10.0,15.0,0.35,0.35,0.3,0.1,1.1031,0.0512,1.1031,,145.5000,377.5000
44,6,114.0000,234.0000,95,236,173.6598082540901,153.9415473483361,173.6963722437105,173.04623659588788,0.7136,3,27,1,4,5000,100,71.0,10.0,15.0,0.35,0.35,0.3,0.1,1.2702,0.0584,1.2702,,114.0000,234.0000
45,1,331.8000,438.6000,336,463,74.22441919020092,231.7282891664287,74.33183957824751,255.49363984256047,0.7401,2,27,1,4,5000,100,71.0,10.0,15.0,0.35,0.35,0.3,0.1,1.0429,0.0488,1.0429,,331.8000,438.6000
45,5,150.2000,374.8000,134,393,127.04247477308287,199.20090361240835,127.07767834699935,220.60145058453264,0.7835,2,27,1,4,5000,100,71.0,10.0,15.0,0.35,0.35,0.3,0.1,1.0997,0.051,1.0997,,150.2000,374.8000
46,1,341.2000,433.4000,347,456,71.40677594566387,228.9497761518888,71.49316190550148,252.03372790164414,0.7493,2,27,1,4,5000,100,71.0,10.0,15.0,0.35,0.35,0.3,0.1,1.0526,0.048,1.0526,,341.2000,433.4000
46,5,158.8000,369.2000,145,386,125.46676720996999,187.85632808079689,125.82527270824947,208.4346420343797,0.5558,2,27,1,4,5000,100,71.0,10.0,15.0,0.35,0.35,0.3,0.1,1.1042,0.0519,1.1042,,158.8000,369.2000
47,1,349.0000,428.4000,360,450,68.15200858934797,228.40534144367115,68.24100040931752,250.87447060233131,0.7531,2,27,1,4,5000,100,71.0,10.0,15.0,0.35,0.35,0.3,0.1,1.0393,0.0469,1.0393,,349.0000,428.4000
47,5,166.6000,363.6000,158,379,123.69006752597979,176.67201249773547,123.93422419942286,195.25624189766637,0.6701,2,27,1,4,5000,100,71.0,10.0,15.0,0.35,0.35,0.3,0.1,1.1154,0.05,1.1154,,166.6000,363.6000
48,1,356.4000,423.0000,368,443,65.83038755527265,224.69757453074567,65.92000548976968,247.54191564258366,0.7594,3,27,1,4,5000,100,71.0,10.0,15.0,0.35,0.35,0.3,0.1,1.0334,0.0484,1.0334,,356.4000,423.0000
48,5,174.2000,358.0000,168,372,122.7352262721076,166.43316977093238,122.56676481190435,183.91846019364124,0.7318,3,27,1,4,5000,100,71.0,10.0,15.0,0.35,0.35,0.3,0.1,1.1051,0.0499,1.1051,,174.2000,358.0000
48,7,162.6667,201.3333,137,212,182.0273227005002,113.07077429645558,182.2025981617658,130.09611831257686,0.641,3,27,1,4,5000,100,71.0,10.0,15.0,0.35,0.35,0.3,0.1,2.6929,0.07,2.6929,,162.6667,201.3333
49,1,362.8000,417.2000,373,437,64.12661477371391,222.28135324403618,64.27438735663432,244.20483205702544,0.7036,2,27,1,4,5000,100,71.0,10.0,15.0,0.35,0.35,0.3,0.1,1.0435,0.047,1.0435,,362.8000,417.2000
49,5,180.2000,352.8000,172,366,122.38811485340091,158.68522300453813,122.52092819807237,176.70880000724355,0.7875,2,27,1,4,5000,100,71.0,10.0,15.0,0.35,0.35,0.3,0.1,1.0974,0.0537,1.0974,,180.2000,352.8000
50,1,367.4000,411.4000,376,433,62.96913974015701,220.03636063160107,63.223135445844754,241.9442084448396,0.6222,2,27,1,4,5000,100,71.0,10.0,15.0,0.35,0.35,0.3,0.1,1.0486,0.0474,1.0486,,367.4000,411.4000
50,5,184.6000,348.0000,176,361,122.04468071873421,154.5477272560163,122.29061186374423,170.3437700651245,0.7054,2,27,1,4,5000,100,71.0,10.0,15.0,0.35,0.35,0.3,0.1,1.1053,0.0486,1.1053,,184.6000,348.0000
51,5,187.8000,343.6000,179,357,121.88356387460854,149.56603892595405,122.15229514128235,165.3602128687551,0.7076,2,27,1,4,5000,100,71.0,10.0,15.0,0.35,0.35,0.3,0.1,1.1216,0.0502,1.1216,,187.8000,343.6000
51,7,162.2500,196.2500,129,192,189.3720927085791,104.39348638684312,190.26830579801023,140.24621207005913,0.8092,2,27,1,4,5000,100,71.0,10.0,15.0,0.35,0.35,0.3,0.1,2.5403,0.1466,2.5403,,162.2500,196.2500
52,1,371.4000,405.8000,383,425,60.81617695105656,215.3346233191495,60.85192815428696,238.15961034566715,0.8203,2,27,1,4,5000,100,71.0,10.0,15.0,0.35,0.35,0.3,0.1,1.0417,0.0503,1.0417,,371.4000,405.8000
52,5,190.8000,339.0000,182,353,121.71134586523797,144.5856147754679,122.0053832080835,160.37767924496225,0.7077,2,27,1,4,5000,100,71.0,10.0,15.0,0.35,0.35,0.3,0.1,1.1269,0.0518,1.1269,,190.8000,339.0000
53,1,374.6000,400.8000,385,419,59.45242825109298,212.49235280357738,59.70830389968275,233.9401632896754,0.6389,3,27,1,4,5000,100,71.0,10.0,15.0,0.35,0.35,0.3,0.1,1.0468,0.048,1.0468,,374.6000,400.8000
53,5,193.4000,334.6000,184,348,122.09259132873417,139.2838827718412,122.35784767211014,155.08062419270823,0.7014,3,27,1,4,5000,100,71.0,10.0,15.0,0.35,0.35,0.3,0.1,1.1376,0.0537,1.1376,,193.4000,334.6000
53,7,162.4000,192.8000,134,183,195.0049203828602,100.42410069301094,194.33992850134223,137.27709204379295,0.8566,3,27,1,4,5000,100,71.0,10.0,15.0,0.35,0.35,0.3,0.1,2.4425,0.155,2.4425,,162.4000,192.8000
54,1,377.4000,396.4000,389,412,57.675665848395894,209.45882650296693,57.968213208756495,230.0195643852931,0.5789,3,27,1,4,5000,100,71.0,10.0,15.0,0.35,0.35,0.3,0.1,1.0504,0.0468,1.0504,,377.4000,396.4000
54,5,195.6000,330.8000,189,341,122.23678655213024,131.2288078129189,122.1712171285446,146.4923206178399,0.8334,3,27,1,4,5000,100,71.0,10.0,15.0,0.35,0.35,0.3,0.1,1.1520,0.055,1.1520,,195.6000,330.8000
54,7,164.6000,185.8000,138,175,198.75865034784223,111.94641575325224,198.03428556712984,135.66502865514016,0.4989,3,27,1,4,5000,100,71.0,10.0,15.0,0.35,0.35,0.3,0.1,2.5684,0.0958,2.5684,,164.6000,185.8000
55,1,378.8000,393.2000,391,410,57.14909160744135,208.3122656014283,57.27978047964801,229.40139493908924,0.7148,3,27,1,4,5000,100,71.0,10.0,15.0,0.35,0.35,0.3,0.1,1.0440,0.0482,1.0440,,378.8000,393.2000
55,5,197.0000,327.6000,191,338,122.33493623495765,129.00387591076478,122.13289585998095,142.88806808127822,0.7621,3,27,1,4,5000,100,71.0,10.0,15.0,0.35,0.35,0.3,0.1,1.1598,0.0511,1.1598,,197.0000,327.6000
55,7,164.4000,181.0000,141,172,200.07152586453873,110.72488428533127,199.6538240580533,133.79461872586654,0.5782,3,27,1,4,5000,100,71.0,10.0,15.0,0.35,0.35,0.3,0.1,2.3318,0.0943,2.3318,,164.4000,181.0000
56,1,379.4000,391.0000,392,409,56.768288932020646,208.0192298803166,56.93419592505858,229.1047795223836,0.6852,3,27,1,4,5000,100,71.0,10.0,15.0,0.35,0.35,0.3,0.1,1.0429,0.0482,1.0429,,379.4000,391.0000
56,5,197.8000,325.4000,191,337,122.19573393471325,127.62444906835053,122.34744349944204,142.04224723651762,0.7954,3,27,1,4,5000,100,71.0,10.0,15.0,0.35,0.35,0.3,0.1,1.1459,0.0535,1.1459,,197.8000,325.4000
56,7,162.8000,178.0000,142,171,200.92450174492114,109.20164833920778,200.20361516832514,133.19534526401438,0.5247,3,27,1,4,5000,100,71.0,10.0,15.0,0.35,0.35,0.3,0.1,2.0610,0.099,2.0610,,162.8000,178.0000
57,5,197.6000,324.6000,190,336,122.81634341401261,127.3184982632139,122.90524292298791,141.7391971192161,0.8147,2,27,1,4,5000,100,71.0,10.0,15.0,0.35,0.35,0.3,0.1,1.1169,0.0536,1.1169,,197.6000,324.6000
57,7,163.0000,177.0000,141,170,201.51588470949514,111.7899816620434,200.45631376327802,134.48048185517482,0.4129,2,27,1,4,5000,100,71.0,10.0,15.0,0.35,0.35,0.3,0.1,2.0478,0.0921,2.0478,,163.0000,177.0000
58,1,377.8000,389.2000,390,407,56.92932217723833,205.25106577068,57.082255270639905,226.33824246026123,0.7105,3,27,1,4,5000,100,71.0,10.0,15.0,0.35,0.35,0.3,0.1,1.0461,0.0489,1.0461,,377.8000,389.2000
58,5,195.8000,323.6000,189,335,123.19293657840146,127.8632081562167,123.46537934635528,141.4496376806954,0.7009,3,27,1,4,5000,100,71.0,10.0,15.0,0.35,0.35,0.3,0.1,1.1110,0.0504,1.1110,,195.8000,323.6000
58,7,163.0000,176.5000,140,169,201.32946151527952,112.72089424769483,200.70422362934198,135.76818478568535,0.5175,3,27,1,4,5000,100,71.0,10.0,15.0,0.35,0.35,0.3,0.1,2.0469,0.0927,2.0469,,163.0000,176.5000
59,1,374.4000,386.8000,388,407,57.16387137342087,204.70710783946902,57.5092994431321,225.257630281418,0.5187,3,27,1,4,5000,100,71.0,10.0,15.0,0.35,0.35,0.3,0.1,1.0468,0.0478,1.0468,,374.4000,386.8000
59,5,192.0000,321.8000,189,335,123.56631873457331,128.41339493993607,123.46537934635528,141.4496376806954,0.7979,3,27,1,4,5000,100,71.0,10.0,15.0,0.35,0.35,0.3,0.1,1.1009,0.0483,1.1009,,192.0000,321.8000
59,7,162.3333,176.0000,140,169,201.32946151527952,112.72089424769483,200.70422362934198,135.76818478568535,0.5204,3,27,1,4,5000,100,71.0,10.0,15.0,0.35,0.35,0.3,0.1,2.0119,0.0927,2.0119,,162.3333,176.0000
60,1,370.0000,384.4000,381,402,58.240519915187214,197.5854245636555,58.35795101117063,217.30393461693234,0.7375,2,27,1,4,5000,100,71.0,10.0,15.0,0.35,0.35,0.3,0.1,1.0465,0.0475,1.0465,,370.0000,384.4000
60,5,187.8000,320.0000,181,332,126.86989764584402,130.0,126.79009856162929,143.60013927569847,0.7862,2,27,1,4,5000,100,71.0,10.0,15.0,0.35,0.35,0.3,0.1,1.0871,0.0497,1.0871,,187.8000,320.0000
61,1,365.8000,382.2000,372,397,59.503741720033496,189.16923639957952,59.743562836470744,208.38665984174708,0.6538,2,27,1,4,5000,100,71.0,10.0,15.0,0.35,0.35,0.3,0.1,1.0396,0.0483,1.0396,,365.8000,382.2000
61,5,183.6000,318.0000,171,327,131.30861401354872,131.79529581893277,131.11209043916693,146.0,0.7481,2,27,1,4,5000,100,71.0,10.0,15.0,0.35,0.35,0.3,0.1,1.0978,0.0511,1.0978,,183.6000,318.0000
62,1,358.4667,378.1333,369,395,60.407703640642026,186.30083198955393,60.185837262201325,205.15360099203718,0.6487,2,27,1,4,5000,100,71.0,10.0,15.0,0.35,0.35,0.3,0.1,1.0494,0.0482,1.0494,,358.4667,378.1333
62,5,178.6000,315.6000,167,325,132.56335175318986,133.05637902783917,132.7974018382342,147.18695594379278,0.7181,2,27,1,4,5000,100,71.0,10.0,15.0,0.35,0.35,0.3,0.1,1.1144,0.0504,1.1144,,178.6000,315.6000
63,1,350.8667,373.9333,367,394,60.52411099675425,184.93782739072068,60.534778615233314,203.2953516438583,0.8148,3,27,1,4,5000,100,71.0,10.0,15.0,0.35,0.35,0.3,0.1,1.0662,0.0473,1.0662,,350.8667,373.9333
63,5,173.2000,313.0000,166,325,133.172031755695,133.00375934536586,133.0817196748532,147.8681845428556,0.7919,3,27,1,4,5000,100,71.0,10.0,15.0,0.35,0.35,0.3,0.1,1.1297,0.0529,1.1297,,173.2000,313.0000
63,8,138.0000,166.0000,115,159,201.5713071912546,138.7155362603627,200.88580146069302,162.68988905276197,0.4267,3,27,1,4,5000,100,71.0,10.0,15.0,0.35,0.35,0.3,0.1,1.7292,0.0795,1.7292,,138.0000,166.0000
64,5,167.4000,310.2000,160,322,135.29997516230392,135.05924625881784,135.54051018713068,149.91330828182,0.6908,1,27,1,4,5000,100,71.0,10.0,15.0,0.35,0.35,0.3,0.1,1.1419,0.0521,1.1419,,167.4000,310.2000
65,1,343.0667,369.7333,351,386,63.28535182731951,171.283390905248,63.57072055815563,188.7246671741667,0.6405,2,27,1,4,5000,100,71.0,10.0,15.0,0.35,0.35,0.3,0.1,1.0741,0.0484,1.0741,,343.0667,369.7333
65,5,160.0000,306.6000,150,318,139.08561677997488,138.94603268895446,139.19766835716092,154.5639026422405,0.7773,2,27,1,4,5000,100,71.0,10.0,15.0,0.35,0.35,0.3,0.1,1.1400,0.0532,1.1400,,160.0000,306.6000
66,1,335.2667,365.1333,340,380,65.82089285331082,161.13658802394943,65.87464682645003,178.60011198204776,0.8045,2,27,1,4,5000,100,71.0,10.0,15.0,0.35,0.35,0.3,0.1,1.0839,0.0514,1.0839,,335.2667,365.1333
66,5,152.0000,302.6000,138,312,143.76758124455299,143.80890097626084,143.63080178854844,160.20611723651504,0.7511,2,27,1,4,5000,100,71.0,10.0,15.0,0.35,0.35,0.3,0.1,1.1244,0.0539,1.1244,,152.0000,302.6000
67,1,326.8667,359.9333,330,374,68.1290568347834,153.0130713370593,68.13569725733583,169.1685549976709,0.8151,3,27,1,4,5000,100,71.0,10.0,15.0,0.35,0.35,0.3,0.1,1.1051,0.0501,1.1051,,326.8667,359.9333
67,5,144.2000,298.4000,127,306,147.79230202714092,150.0966355385756,147.55529674078858,165.89454481688057,0.7006,3,27,1,4,5000,100,71.0,10.0,15.0,0.35,0.35,0.3,0.1,1.1203,0.05,1.1203,,144.2000,298.4000
67,9,100.6667,150.6667,75,141,200.86934779483386,171.2337583538947,201.59531044896767,206.49455198624491,0.4476,3,27,1,4,5000,100,71.0,10.0,15.0,0.35,0.35,0.3,0.1,2.0058,0.0933,2.0058,,100.6667,150.6667
68,1,321.6000,355.6000,325,371,69.12840293026787,148.7615541731129,69.36245301531218,164.5600194457937,0.685,2,27,1,4,5000,100,71.0,10.0,15.0,0.35,0.35,0.3,0.1,1.1089,0.0504,1.1089,,321.6000,355.6000
68,5,138.0000,294.6000,123,303,149.55357279071254,151.95394038984313,149.1534125878514,167.72596698186004,0.5849,2,27,1,4,5000,100,71.0,10.0,15.0,0.35,0.35,0.3,0.1,1.1053,0.0493,1.1053,,138.0000,294.6000
69,1,318.0000,351.6000,321,367,70.05097781644288,143.6175476743702,70.20112364547508,159.42396306703708,0.7367,3,27,1,4,5000,100,71.0,10.0,15.0,0.35,0.35,0.3,0.1,1.1110,0.0522,1.1110,,318.0000,351.6000
69,5,134.2000,291.4000,118,300,151.2707312155448,153.95129099815955,150.88013877707527,170.55790805471318,0.5926,3,27,1,4,5000,100,71.0,10.0,15.0,0.35,0.35,0.3,0.1,1.0901,0.0512,1.0901,,134.2000,291.4000
69,9,99.7500,148.2500,64,135,201.91822029191968,182.16750533506243,201.99579645728025,218.93606372637652,0.7281,3,27,1,4,5000,100,71.0,10.0,15.0,0.35,0.35,0.3,0.1,1.9864,0.0917,1.9864,,99.7500,148.2500
70,5,132.6000,288.6000,117,297,152.10272896905238,153.88307249337075,151.92751306414706,170.0,0.7504,2,27,1,4,5000,100,71.0,10.0,15.0,0.35,0.35,0.3,0.1,1.0937,0.0498,1.0937,,132.6000,288.6000
70,9,99.0000,146.2000,63,132,202.38013505195957,183.84776310850236,202.61986494804043,221.0,0.6201,2,27,1,4,5000,100,71.0,10.0,15.0,0.35,0.35,0.3,0.1,1.9708,0.0918,1.9708,,99.0000,146.2000
71,1,316.0000,348.0000,320,361,69.7343025290525,138.57849761056005,69.79358143704393,153.44380078712857,0.8063,2,27,1,4,5000,100,71.0,10.0,15.0,0.35,0.35,0.3,0.1,1.1100,0.0509,1.1100,,316.0000,348.0000
71,5,131.6000,285.8000,118,294,152.92791976200724,151.61134522191932,152.67105036199203,167.72000476985446,0.6991,2,27,1,4,5000,100,71.0,10.0,15.0,0.35,0.35,0.3,0.1,1.1004,0.0504,1.1004,,131.6000,285.8000
72,1,315.0000,346.0000,320,358,69.295776370658,135.76818478568535,69.39943592417514,150.63200191194434,0.7617,3,27,1,4,5000,100,71.0,10.0,15.0,0.35,0.35,0.3,0.1,1.1134,0.0519,1.1134,,315.0000,346.0000
72,5,131.2000,283.0000,118,291,153.94650468950906,150.26975743641833,153.58896936459433,166.3640586184408,0.6261,3,27,1,4,5000,100,71.0,10.0,15.0,0.35,0.35,0.3,0.1,1.0939,0.0508,1.0939,,131.2000,283.0000
72,9,96.6000,142.0000,64,126,204.08745230863227,186.2149295840696,204.14554196042164,222.46348014898985,0.7225,3,27,1,4,5000,100,71.0,10.0,15.0,0.35,0.35,0.3,0.1,1.9466,0.0887,1.9466,,96.6000,142.0000
73,1,314.6667,344.0000,319,354,69.2416757284536,132.60844618650805,69.2151389860315,146.53668482670133,0.8087,3,27,1,4,5000,100,71.0,10.0,15.0,0.35,0.35,0.3,0.1,1.1066,0.0499,1.1066,,314.6667,344.0000
73,5,130.6000,279.8000,117,288,155.14476286706355,149.88328792764054,154.67024589180056,165.9548131269473,0.5479,3,27,1,4,5000,100,71.0,10.0,15.0,0.35,0.35,0.3,0.1,1.0927,0.0509,1.0927,,130.6000,279.8000
73,9,95.6000,138.6000,63,123,204.79638483167486,188.36666371733614,204.73950886974814,224.61522655421203,0.7196,3,27,1,4,5000,100,71.0,10.0,15.0,0.35,0.35,0.3,0.1,1.9282,0.0878,1.9282,,95.6000,138.6000
74,5,129.4000,276.4000,116,284,156.34868667335783,149.56269588369955,156.07272661995057,165.19685227025363,0.6456,2,27,1,4,5000,100,71.0,10.0,15.0,0.35,0.35,0.3,0.1,1.0829,0.0497,1.0829,,129.4000,276.4000
74,9,94.8000,134.8000,62,119,205.4892005562867,190.5465822312224,205.55007465241349,227.2201575564985,0.6914,2,27,1,4,5000,100,71.0,10.0,15.0,0.35,0.35,0.3,0.1,1.9228,0.0878,1.9228,,94.8000,134.8000
75,5,127.6000,272.4000,114,280,158.05659382911506,149.85659811966906,157.61986494804043,165.46298679765212,0.5718,2,27,1,4,5000,100,71.0,10.0,15.0,0.35,0.35,0.3,0.1,1.0820,0.0495,1.0820,,127.6000,272.4000
75,9,94.6000,130.6000,60,115,206.03577496687663,193.65174928205528,206.2319399331566,230.76611536358627,0.6377,2,27,1,4,5000,100,71.0,10.0,15.0,0.35,0.35,0.3,0.1,1.7757,0.0874,1.7757,,94.6000,130.6000
76,5,125.2000,267.8000,112,275,159.75631185458593,150.28306624500314,159.48447512692354,165.4962235218677,0.65,2,27,1,4,5000,100,71.0,10.0,15.0,0.35,0.35,0.3,0.1,1.0736,0.0482,1.0736,,125.2000,267.8000
76,9,94.3000,124.5000,58,111,207.08948302560574,195.4405280385826,206.89307686514286,234.3437645852776,0.6558,2,27,1,4,5000,100,71.0,10.0,15.0,0.35,0.35,0.3,0.1,1.6514,0.0905,1.6514,,94.3000,124.5000
77,5,122.4000,262.6000,108,269,162.28420729362307,151.16877984557524,161.88997650009946,167.28717822953436,0.563,2,27,1,4,5000,100,71.0,10.0,15.0,0.35,0.35,0.3,0.1,1.0776,0.0506,1.0776,,122.4000,262.6000
77,9,93.9000,116.5000,76,109,209.5641381125332,196.596032513375,209.48577269807836,219.4196891803468,0.6647,2,27,1,4,5000,100,71.0,10.0,15.0,0.35,0.35,0.3,0.1,1.5460,0.0549,1.5460,,93.9000,116.5000
78,5,120.6000,256.4000,104,262,164.87599269168942,153.3101431738944,164.56657550477715,169.09760495051373,0.6407,1,27,1,4,5000,100,71.0,10.0,15.0,0.35,0.35,0.3,0.1,1.1263,0.049,1.1263,,120.6000,256.4000
79,5,119.4000,249.8000,100,255,167.31058786351602,154.7804897265802,167.18090583475623,171.26879458909028,0.7217,2,27,1,4,5000,100,71.0,10.0,15.0,0.35,0.35,0.3,0.1,1.1429,0.0506,1.1429,,119.4000,249.8000
79,9,94.1250,112.6250,77,99,211.8035368077815,210.62288574606512,211.84245725998517,223.6604569431083,0.6764,2,27,1,4,5000,100,71.0,10.0,15.0,0.35,0.35,0.3,0.1,1.4572,0.03,1.4572,,94.1250,112.6250
80,5,120.0000,243.2000,100,246,170.41216697518138,150.0966355385756,170.14867265719195,169.49926253526885,0.5725,1,27,1,4,5000,100,71.0,10.0,15.0,0.35,0.35,0.3,0.1,1.1419,0.0607,1.1419,,120.0000,243.2000
81,5,121.8000,236.2000,104,239,172.63525375501735,148.22280526288793,172.31327831853167,164.47796204963143,0.6411,2,27,1,4,5000,100,71.0,10.0,15.0,0.35,0.35,0.3,0.1,1.1513,0.052,1.1513,,121.8000,236.2000
81,9,94.5000,107.5000,69,79,215.03619581009283,212.5088233462319,214.87532834460217,241.3462243334252,0.5772,2,27,1,4,5000,100,71.0,10.0,15.0,0.35,0.35,0.3,0.1,1.2870,0.0635,1.2870,,94.5000,107.5000
82,5,124.4000,228.8000,111,231,174.73230287195577,141.59802258506295,174.87180895814717,156.62694531912445,0.7412,1,27,1,4,5000,100,71.0,10.0,15.0,0.35,0.35,0.3,0.1,1.1975,0.0504,1.1975,,124.4000,228.8000
83,5,126.2000,222.0000,113,222,177.93988897627688,139.0898989862312,178.14040066125446,154.0811474515945,0.6917,1,27,1,4,5000,100,71.0,10.0,15.0,0.35,0.35,0.3,0.1,1.1572,0.0511,1.1572,,126.2000,222.0000
84,5,127.8000,215.0000,111,214,181.24536426676835,138.03260484392808,181.10170611520635,156.02884348735012,0.8486,1,27,1,4,5000,100,71.0,10.0,15.0,0.35,0.35,0.3,0.1,1.1665,0.0612,1.1665,,127.8000,215.0000
85,5,128.4000,208.6000,113,206,183.7046274420771,139.29106216839614,184.08561677997488,154.39235732380018,0.628,1,27,1,4,5000,100,71.0,10.0,15.0,0.35,0.35,0.3,0.1,1.1695,0.0514,1.1695,,128.4000,208.6000
86,5,129.2000,202.4000,112,200,186.5662986207463,139.91783303067555,186.25903630512224,155.92947123619703,0.7222,1,27,1,4,5000,100,71.0,10.0,15.0,0.35,0.35,0.3,0.1,1.1736,0.0541,1.1736,,129.2000,202.4000
87,5,129.4000,197.0000,114,197,187.83926333180543,139.30183056945089,187.44741685019514,154.30165261590687,0.6295,1,27,1,4,5000,100,71.0,10.0,15.0,0.35,0.35,0.3,0.1,1.0772,0.0511,1.0772,,129.4000,197.0000
88,5,130.8000,191.6000,117,189,190.90126765303006,137.48090776540573,190.5735234185609,152.5909564816998,0.6812,1,27,1,4,5000,100,71.0,10.0,15.0,0.35,0.35,0.3,0.1,1.0870,0.0521,1.0870,,130.8000,191.6000
89,5,132.4000,186.4000,119,184,192.35155915003017,140.24621207005913,192.5697918076787,151.63442880823604,0.5703,1,27,1,4,5000,100,71.0,10.0,15.0,0.35,0.35,0.3,0.1,1.0701,0.039,1.0701,,132.4000,186.4000
90,5,134.0000,180.8000,120,177,195.25511870305778,136.82105101189657,195.2221332262684,152.34500319997372,0.8334,1,27,1,4,5000,100,71.0,10.0,15.0,0.35,0.35,0.3,0.1,1.0565,0.0537,1.0565,,134.0000,180.8000
91,5,135.4000,175.2000,122,171,197.7764056453584,137.56816492197603,197.60118136778559,152.12166183683374,0.706,1,27,1,4,5000,100,71.0,10.0,15.0,0.35,0.35,0.3,0.1,1.0375,0.0502,1.0375,,135.4000,175.2000
92,5,137.6000,169.2000,124,165,199.8768721946033,138.23530663329106,199.98310652189997,152.16109883935513,0.7599,1,27,1,4,5000,100,71.0,10.0,15.0,0.35,0.35,0.3,0.1,1.0800,0.048,1.0800,,137.6000,169.2000
93,5,139.4000,163.6000,126,158,202.87366519062672,138.92443989449805,202.7063708403059,152.84632805533798,0.7107,1,27,1,4,5000,100,71.0,10.0,15.0,0.35,0.35,0.3,0.1,1.0663,0.0477,1.0663,,139.4000,163.6000
94,5,141.8000,158.2000,128,151,205.4633450618716,139.5564401953561,205.3993095707768,153.87332452377834,0.796,1,27,1,4,5000,100,71.0,10.0,15.0,0.35,0.35,0.3,0.1,1.0692,0.0488,1.0692,,141.8000,158.2000
95,5,144.8000,152.6000,131,146,207.4890965298507,138.6542462386205,207.56720750091563,153.4177303964571,0.7848,1,27,1,4,5000,100,71.0,10.0,15.0,0.35,0.35,0.3,0.1,1.0896,0.0505,1.0896,,144.8000,152.6000
96,5,148.2000,147.6000,135,141,210.1065270411584,137.55726080436466,209.93151184050777,152.31546211727817,0.709,1,27,1,4,5000,100,71.0,10.0,15.0,0.35,0.35,0.3,0.1,1.1090,0.0509,1.1090,,148.2000,147.6000
97,5,152.2000,142.8000,139,134,213.11134196037202,137.2953021774598,212.9608878839777,152.55490814785344,0.7531,1,27,1,4,5000,100,71.0,10.0,15.0,0.35,0.35,0.3,0.1,1.1049,0.0526,1.1049,,152.2000,142.8000
98,5,156.6000,138.0000,144,129,215.4399035191137,136.24243098242192,215.58171758308083,151.23822268196622,0.7395,1,27,1,4,5000,100,71.0,10.0,15.0,0.35,0.35,0.3,0.1,1.1151,0.0522,1.1151,,156.6000,138.0000
99,5,161.2000,133.4000,150,125,218.39516450324604,135.2479205015737,218.17884763521565,148.8388390172404,0.7157,1,27,1,4,5000,100,71.0,10.0,15.0,0.35,0.35,0.3,0.1,1.1238,0.0478,1.1238,,161.2000,133.4000
100,5,166.2000,129.0000,154,120,221.06521794363056,133.9589489358587,220.6430249941537,148.92279879185725,0.6443,1,27,1,4,5000,100,71.0,10.0,15.0,0.35,0.35,0.3,0.1,1.1154,0.0529,1.1154,,166.2000,129.0000
101,5,171.6000,124.8000,160,115,223.78112476486868,132.9661611087573,223.6295489822004,147.82760229402356,0.7704,1,27,1,4,5000,100,71.0,10.0,15.0,0.35,0.35,0.3,0.1,1.1112,0.0529,1.1112,,171.6000,124.8000
102,5,177.2000,121.0000,167,110,227.1437608652234,132.32157798333574,226.93680038622105,146.4547711752676,0.7151,1,27,1,4,5000,100,71.0,10.0,15.0,0.35,0.35,0.3,0.1,1.1297,0.0507,1.1297,,177.2000,121.0000
103,5,182.8000,117.6000,173,107,229.9697407281103,130.59862173851607,229.48460600954462,144.69277798148738,0.6005,1,27,1,4,5000,100,71.0,10.0,15.0,0.35,0.35,0.3,0.1,1.1192,0.0512,1.1192,,182.8000,117.6000
104,5,188.8000,114.4000,180,103,232.86402479549955,129.20139318134306,232.6506509553594,143.40502083260543,0.7381,1,27,1,4,5000,100,71.0,10.0,15.0,0.35,0.35,0.3,0.1,1.1102,0.0521,1.1102,,188.8000,114.4000
105,5,194.6000,111.6000,186,101,235.1915018500277,127.88275880665071,235.07433273010275,141.4814475470194,0.7815,1,27,1,4,5000,100,71.0,10.0,15.0,0.35,0.35,0.3,0.1,1.0947,0.0505,1.0947,,194.6000,111.6000
106,5,200.4000,108.8000,193,98,238.5704343851615,126.57013865837392,238.12463724841095,140.13208055259867,0.5916,1,27,1,4,5000,100,71.0,10.0,15.0,0.35,0.35,0.3,0.1,1.0977,0.0509,1.0977,,200.4000,108.8000
107,5,206.0000,105.8000,200,95,241.20902492780797,126.65701717630967,241.2252753611782,139.18692467326088,0.8184,1,27,1,4,5000,100,71.0,10.0,15.0,0.35,0.35,0.3,0.1,1.1150,0.0471,1.1150,,206.0000,105.8000
108,5,211.6000,102.4000,205,91,244.2447292398329,126.57408897558773,243.79988515865267,140.42791745233566,0.5832,1,27,1,4,5000,100,71.0,10.0,15.0,0.35,0.35,0.3,0.1,1.1024,0.0519,1.1024,,211.6000,102.4000
109,5,217.2000,99.4000,211,85,247.03622694014544,128.15615474880636,247.01128319791934,143.38758663147937,0.8146,1,27,1,4,5000,100,71.0,10.0,15.0,0.35,0.35,0.3,0.1,1.1040,0.0561,1.1040,,217.2000,99.4000
110,5,225.0000,96.3333,217,83,249.75337992441177,130.034610777285,249.5377284765778,143.024473430249,0.7068,1,27,1,4,5000,100,71.0,10.0,15.0,0.35,0.35,0.3,0.1,1.1252,0.0476,1.1252,,225.0000,96.3333
111,5,233.2000,93.5333,224,81,252.831827564818,128.73616430514,252.4542712543037,142.63590010933433,0.651,1,27,1,4,5000,100,71.0,10.0,15.0,0.35,0.35,0.3,0.1,1.1276,0.0512,1.1276,,233.2000,93.5333
113,5,242.0000,90.9333,240,78,259.2157021324374,128.2653499585917,259.0074924197323,141.59802258506295,0.7098,1,27,1,4,5000,100,71.0,10.0,15.0,0.35,0.35,0.3,0.1,1.1053,0.0494,1.1053,,242.0000,90.9333
114,5,251.2000,88.5333,250,75,263.75808565258495,128.76334882255898,263.1731376615263,143.01398533010678,0.5612,1,27,1,4,5000,100,71.0,10.0,15.0,0.35,0.35,0.3,0.1,1.1143,0.0524,1.1143,,251.2000,88.5333
115,10,447.3333,156.0000,458,151,341.1685469219449,182.7840255602223,340.93742298546016,202.08166665979377,0.6974,2,27,1,4,5000,100,71.0,10.0,15.0,0.35,0.35,0.3,0.1,1.0810,0.0501,1.0810,,447.3333,156.0000
115,5,260.4000,85.9333,259,72,267.3775985394589,131.13733259449805,266.84205520356073,145.2205219657332,0.588,2,27,1,4,5000,100,71.0,10.0,15.0,0.35,0.35,0.3,0.1,1.1181,0.051,1.1181,,260.4000,85.9333
116,11,302.6667,450.0000,300,477,82.72499504211075,236.90715480964266,82.76652040250137,262.08586379276545,0.8228,3,27,1,4,5000,100,71.0,10.0,15.0,0.35,0.35,0.3,0.1,1.1220,0.0505,1.1220,,302.6667,450.0000
116,10,450.7500,155.2500,466,149,341.37533074625264,191.0026177831079,341.13426396006935,210.2974084481309,0.6674,3,27,1,4,5000,100,71.0,10.0,15.0,0.35,0.35,0.3,0.1,1.0901,0.0481,1.0901,,450.7500,155.2500
116,5,267.8000,83.6000,267,69,270.42757250683337,134.00373129133382,270.0,148.0,0.5972,3,27,1,4,5000,100,71.0,10.0,15.0,0.35,0.35,0.3,0.1,1.0996,0.0496,1.0996,,267.8000,83.6000
117,11,305.5000,449.2500,307,475,81.21688464388224,235.76471322061747,81.1870983622556,261.0823624835657,0.8296,3,27,1,4,5000,100,71.0,10.0,15.0,0.35,0.35,0.3,0.1,1.1193,0.051,1.1193,,305.5000,449.2500
117,10,453.8000,154.6000,474,147,341.3814114869582,197.327139542436,341.3163011646496,218.51544567833184,0.8006,3,27,1,4,5000,100,71.0,10.0,15.0,0.35,0.35,0.3,0.1,1.0993,0.051,1.0993,,453.8000,154.6000
117,5,274.8000,81.4000,275,66,273.3664606634298,136.23509092741122,273.03270261617695,151.21177202850313,0.6513,3,27,1,4,5000,100,71.0,10.0,15.0,0.35,0.35,0.3,0.1,1.0916,0.0521,1.0916,,274.8000,81.4000
118,11,308.4000,448.6000,313,474,79.93543179274815,234.61031520374377,79.8521816533568,261.0842775810141,0.7782,3,27,1,4,5000,100,71.0,10.0,15.0,0.35,0.35,0.3,0.1,1.1109,0.0534,1.1109,,308.4000,448.6000
118,10,460.4000,153.2000,482,146,341.7424369246103,204.2841158778626,341.72509483768397,226.4199637841151,0.8375,3,27,1,4,5000,100,71.0,10.0,15.0,0.35,0.35,0.3,0.1,1.0929,0.0514,1.0929,,460.4000,153.2000
118,5,281.4000,79.4000,282,65,276.20344790169185,138.81282361511128,275.63594069829344,152.73833834371774,0.4915,3,27,1,4,5000,100,71.0,10.0,15.0,0.35,0.35,0.3,0.1,1.0739,0.0478,1.0739,,281.4000,79.4000
119,11,314.4000,447.2000,318,472,78.45073817644065,234.75306174787156,78.69006752597979,260.049995193232,0.6502,3,27,1,4,5000,100,71.0,10.0,15.0,0.35,0.35,0.3,0.1,1.1083,0.0511,1.1083,,314.4000,447.2000
119,10,467.0000,152.0000,488,145,341.91124502753894,209.34660255184463,341.9548123723961,232.43278598338918,0.8089,3,27,1,4,5000,100,71.0,10.0,15.0,0.35,0.35,0.3,0.1,1.0967,0.0523,1.0967,,467.0000,152.0000
119,5,288.2000,77.8000,289,63,278.59122543222765,140.57738082636197,278.13010235415595,155.56349186104046,0.5469,3,27,1,4,5000,100,71.0,10.0,15.0,0.35,0.35,0.3,0.1,1.0740,0.0506,1.0740,,288.2000,77.8000
120,11,320.2000,446.0000,325,470,76.9688425373277,235.05318547086316,77.08810879240212,259.5630944491146,0.7464,3,27,1,4,5000,100,71.0,10.0,15.0,0.35,0.35,0.3,0.1,1.1030,0.0496,1.1030,,320.2000,446.0000
120,10,473.6000,151.2000,494,144,342.2351466993025,216.31458573105976,342.17294114691674,238.4491560060551,0.793,3,27,1,4,5000,100,71.0,10.0,15.0,0.35,0.35,0.3,0.1,1.0936,0.0487,1.0936,,473.6000,151.2000
120,5,295.0000,76.4000,296,62,280.8403054543306,143.56183336806478,280.5973351450236,157.68956845650888,0.7013,3,27,1,4,5000,100,71.0,10.0,15.0,0.35,0.35,0.3,0.1,1.0590,0.0469,1.0590,,295.0000,76.4000
121,11,326.2000,444.6000,333,469,75.25643716352927,235.762592452662,75.32360686254998,260.4995201531089,0.8082,3,27,1,4,5000,100,71.0,10.0,15.0,0.35,0.35,0.3,0.1,1.0824,0.0498,1.0824,,326.2000,444.6000
121,10,480.0000,150.0000,503,143,342.61549078054816,224.24317157942625,342.5906972530431,247.329739416836,0.8211,3,27,1,4,5000,100,71.0,10.0,15.0,0.35,0.35,0.3,0.1,1.0829,0.049,1.0829,,480.0000,150.0000
121,5,301.6000,74.8000,305,60,283.8462084118265,146.24978632463024,283.6061030542493,161.533278305122,0.6841,3,27,1,4,5000,100,71.0,10.0,15.0,0.35,0.35,0.3,0.1,1.0601,0.0497,1.0601,,301.6000,74.8000
122,11,332.2000,442.8000,338,468,74.0212732247026,236.1228493814184,74.20546151643516,260.84861510078986,0.6744,3,27,1,4,5000,100,71.0,10.0,15.0,0.35,0.35,0.3,0.1,1.0830,0.0498,1.0830,,332.2000,442.8000
122,10,486.8000,148.6000,510,142,343.06212416159207,229.97608571327584,342.8475782597882,254.31083343027288,0.6387,3,27,1,4,5000,100,71.0,10.0,15.0,0.35,0.35,0.3,0.1,1.0777,0.0502,1.0777,,486.8000,148.6000
122,5,308.4000,73.0000,312,59,286.36784560598676,149.04026301640775,285.8974897419251,164.28329190760695,0.5478,3,27,1,4,5000,100,71.0,10.0,15.0,0.35,0.35,0.3,0.1,1.0590,0.0486,1.0590,,308.4000,73.0000
123,11,338.4000,441.0000,345,464,72.41324435830184,234.98297810692586,72.47443162627712,259.02316498722655,0.8114,3,27,1,4,5000,100,71.0,10.0,15.0,0.35,0.35,0.3,0.1,1.0890,0.0487,1.0890,,338.4000,441.0000
123,10,493.6000,147.2000,516,139,342.7904424794521,236.5924766344019,342.60667785308794,260.93102536877444,0.6828,3,27,1,4,5000,100,71.0,10.0,15.0,0.35,0.35,0.3,0.1,1.0822,0.0489,1.0822,,493.6000,147.2000
123,5,317.2000,71.3333,319,56,288.1991650530454,153.68799562750502,287.89948983735746,169.1892431568863,0.6583,3,27,1,4,5000,100,71.0,10.0,15.0,0.35,0.35,0.3,0.1,1.0697,0.048,1.0697,,317.2000,71.3333
124,11,344.6000,439.4000,352,462,70.79083101214992,234.0299126180241,70.86635679409451,259.3260495977988,0.8174,3,27,1,4,5000,100,71.0,10.0,15.0,0.35,0.35,0.3,0.1,1.0943,0.0513,1.0943,,344.6000,439.4000
124,10,500.4000,146.0000,525,137,342.8281775709059,243.87086746883074,342.77251177354907,270.1184925176357,0.7815,3,27,1,4,5000,100,71.0,10.0,15.0,0.35,0.35,0.3,0.1,1.0940,0.0511,1.0940,,500.4000,146.0000
124,5,326.0000,69.7333,327,53,290.38615459958083,157.88920165736477,290.0952311919048,174.63103962354458,0.6965,3,27,1,4,5000,100,71.0,10.0,15.0,0.35,0.35,0.3,0.1,1.0663,0.0503,1.0663,,326.0000,69.7333
125,11,351.2000,437.8000,359,461,69.10223450116113,235.49097647256042,69.34108993669251,260.76809620810593,0.662,2,27,1,4,5000,100,71.0,10.0,15.0,0.35,0.35,0.3,0.1,1.1014,0.0509,1.1014,,351.2000,437.8000
125,10,507.6000,144.8000,532,136,343.08198714792195,250.85653270345583,343.0036838713407,277.1028689855087,0.7528,2,27,1,4,5000,100,71.0,10.0,15.0,0.35,0.35,0.3,0.1,1.0939,0.0497,1.0939,,507.6000,144.8000
126,11,357.6000,436.6000,367,461,67.52823366756111,238.07771840304585,67.71441235316725,263.69679558159214,0.707,3,27,1,4,5000,100,71.0,10.0,15.0,0.35,0.35,0.3,0.1,1.1155,0.0511,1.1155,,357.6000,436.6000
126,10,514.8000,144.0000,542,136,343.5979524014808,258.5207922005501,343.5879022736216,286.6810073932349,0.8345,3,27,1,4,5000,100,71.0,10.0,15.0,0.35,0.35,0.3,0.1,1.1019,0.0517,1.1019,,514.8000,144.0000
126,5,334.6000,67.9333,345,51,295.32975410819944,165.9548131269473,295.1678701497816,183.412104289766,0.7538,3,27,1,4,5000,100,71.0,10.0,15.0,0.35,0.35,0.3,0.1,1.0626,0.05,1.0626,,334.6000,67.9333
127,11,363.8000,435.8000,375,460,65.89202903715268,239.92707225321615,66.03751102542182,265.9191606484948,0.7159,3,27,1,4,5000,100,71.0,10.0,15.0,0.35,0.35,0.3,0.1,1.1170,0.0514,1.1170,,363.8000,435.8000
127,10,521.6000,143.6000,550,136,344.08416848216694,266.20480837129895,344.02786785299486,294.3637205907005,0.7828,3,27,1,4,5000,100,71.0,10.0,15.0,0.35,0.35,0.3,0.1,1.0970,0.0502,1.0970,,521.6000,143.6000
127,5,343.2000,66.7333,353,51,297.77428119943136,169.53170794869024,297.3874221570762,186.9545399288287,0.6114,3,27,1,4,5000,100,71.0,10.0,15.0,0.35,0.35,0.3,0.1,1.0680,0.0489,1.0680,,343.2000,66.7333
128,11,370.4000,435.0000,381,459,64.71033990036038,241.10785968109792,64.7760766026392,267.5070092539633,0.7949,3,27,1,4,5000,100,71.0,10.0,15.0,0.35,0.35,0.3,0.1,1.1098,0.0519,1.1098,,370.4000,435.0000
128,10,528.8000,143.2000,557,135,344.22805194314515,272.2498852157701,344.21129225772813,301.37020423392886,0.8327,3,27,1,4,5000,100,71.0,10.0,15.0,0.35,0.35,0.3,0.1,1.0980,0.0508,1.0980,,528.8000,143.2000
128,5,352.0000,65.5333,361,50,299.2143799802684,174.15223225672418,299.37404000611417,191.637678967368,0.7566,3,27,1,4,5000,100,71.0,10.0,15.0,0.35,0.35,0.3,0.1,1.0564,0.0478,1.0564,,352.0000,65.5333
129,11,378.6000,433.7000,386,458,63.5406604732907,242.39018131929353,63.720948674717086,268.77871939571406,0.7368,3,27,1,4,5000,100,71.0,10.0,15.0,0.35,0.35,0.3,0.1,1.1020,0.0516,1.1020,,378.6000,433.7000
129,10,537.6000,142.5000,562,135,344.5090975270656,277.0649743291274,344.4658722586777,306.18458485038076,0.7965,3,27,1,4,5000,100,71.0,10.0,15.0,0.35,0.35,0.3,0.1,1.0901,0.0499,1.0901,,537.6000,142.5000
129,5,361.0000,64.1000,367,49,300.90829112876736,177.15812146215595,300.7627195342389,195.50959055759898,0.7603,3,27,1,4,5000,100,71.0,10.0,15.0,0.35,0.35,0.3,0.1,1.0520,0.0492,1.0520,,361.0000,64.1000
130,11,387.6000,432.2000,395,456,61.55707137563666,245.65219315121126,61.82806290667524,271.1180554666177,0.5164,3,27,1,4,5000,100,71.0,10.0,15.0,0.35,0.35,0.3,0.1,1.0983,0.0493,1.0983,,387.6000,432.2000
130,10,547.3000,141.5000,572,134,344.79759129082385,286.0087411251621,344.77667695378545,316.0917588296158,0.8173,3,27,1,4,5000,100,71.0,10.0,15.0,0.35,0.35,0.3,0.1,1.0892,0.05,1.0892,,547.3000,141.5000
130,5,370.8000,62.4000,375,47,302.7352262721076,183.07648674802562,302.4275549957725,201.40506448448608,0.6212,3,27,1,4,5000,100,71.0,10.0,15.0,0.35,0.35,0.3,0.1,1.0555,0.0477,1.0555,,370.8000,62.4000
131,11,397.4000,430.6000,414,453,57.825674376476215,251.6445906432324,58.08199114967273,278.03776721877193,0.5566,3,27,1,4,5000,100,71.0,10.0,15.0,0.35,0.35,0.3,0.1,1.0955,0.0498,1.0955,,397.4000,430.6000
131,10,558.1000,140.5000,591,132,345.2756897768883,302.9488405655318,345.2999683658455,334.96417718914364,0.8074,3,27,1,4,5000,100,71.0,10.0,15.0,0.35,0.35,0.3,0.1,1.0854,0.0502,1.0854,,558.1000,140.5000
131,5,381.8000,60.8000,395,44,306.45897184681337,195.2050204272421,306.49716084414246,215.20455385516357,0.7887,3,27,1,4,5000,100,71.0,10.0,15.0,0.35,0.35,0.3,0.1,1.0678,0.0487,1.0678,,381.8000,60.8000
132,11,407.4000,429.4000,429,450,55.135749725544585,257.1575392633862,55.18992306246332,283.7833680820636,0.7919,3,27,1,4,5000,100,71.0,10.0,15.0,0.35,0.35,0.3,0.1,1.0844,0.0492,1.0844,,407.4000,429.4000
132,10,568.9000,139.7000,607,130,345.78880813070253,317.72314992773187,345.64698972764836,350.9544129940526,0.6622,3,27,1,4,5000,100,71.0,10.0,15.0,0.35,0.35,0.3,0.1,1.0823,0.0497,1.0823,,568.9000,139.7000
132,5,392.8000,59.2000,413,41,309.9117398024624,207.2920644887305,309.67724929223175,228.67444107289296,0.6484,3,27,1,4,5000,100,71.0,10.0,15.0,0.35,0.35,0.3,0.1,1.0698,0.049,1.0698,,392.8000,59.2000
133,11,416.2000,428.2000,435,450,54.102622488291914,259.2373429890069,54.207263765520764,287.2507615307573,0.6951,3,27,1,4,5000,100,71.0,10.0,15.0,0.35,0.35,0.3,0.1,1.0930,0.0513,1.0930,,416.2000,428.2000
133,10,578.9000,139.1000,616,129,345.96375653207355,325.7253444237952,345.8479296423241,359.9236030048599,0.6928,3,27,1,4,5000,100,71.0,10.0,15.0,0.35,0.35,0.3,0.1,1.0760,0.0499,1.0760,,578.9000,139.1000
133,5,403.2000,58.2000,422,40,311.18592516570965,212.60291625469299,311.2088343126348,235.27430798963155,0.8509,3,27,1,4,5000,100,71.0,10.0,15.0,0.35,0.35,0.3,0.1,1.0823,0.0506,1.0823,,403.2000,58.2000
134,11,423.0000,427.5000,441,450,53.17357410568763,263.60007587252323,53.24831906297723,290.80061898145954,0.7966,3,27,1,4,5000,100,71.0,10.0,15.0,0.35,0.35,0.3,0.1,1.0993,0.0491,1.0993,,423.0000,427.5000
134,10,586.5000,138.8000,621,130,346.34235749418787,330.3407331831786,346.1924809837987,364.5339490363003,0.6467,3,27,1,4,5000,100,71.0,10.0,15.0,0.35,0.35,0.3,0.1,1.0680,0.0492,1.0680,,586.5000,138.8000
134,5,411.2000,57.5000,428,40,312.3804512046053,216.60101569475614,312.28979689982543,239.26972228010797,0.7849,3,27,1,4,5000,100,71.0,10.0,15.0,0.35,0.35,0.3,0.1,1.0817,0.0497,1.0817,,411.2000,57.5000
135,11,428.4000,427.0000,445,450,52.52382043863863,264.6148144001012,52.62203577105253,293.21152774063984,0.7455,3,27,1,4,5000,100,71.0,10.0,15.0,0.35,0.35,0.3,0.1,1.1030,0.0513,1.1030,,428.4000,427.0000
135,10,590.2500,138.7500,626,130,346.5441570210763,335.2014319778482,346.3775730887166,369.39139134527755,0.6221,3,27,1,4,5000,100,71.0,10.0,15.0,0.35,0.35,0.3,0.1,1.0631,0.0485,1.0631,,590.2500,138.7500
135,5,417.6000,57.2000,434,41,313.5217273433111,219.27608168699112,313.4969570787165,242.62110378118388,0.8496,3,27,1,4,5000,100,71.0,10.0,15.0,0.35,0.35,0.3,0.1,1.0851,0.0505,1.0851,,417.6000,57.2000
136,11,432.6000,426.8000,450,450,51.674469047117576,267.686383665662,51.853635171650225,296.2735222729159,0.6781,3,27,1,4,5000,100,71.0,10.0,15.0,0.35,0.35,0.3,0.1,1.1021,0.0507,1.1021,,432.6000,426.8000
136,10,592.6667,139.0000,630,130,346.7014296695057,339.092907622675,346.5221772467587,373.28005572224185,0.6024,3,27,1,4,5000,100,71.0,10.0,15.0,0.35,0.35,0.3,0.1,1.0560,0.048,1.0560,,592.6667,139.0000
136,5,422.4000,57.0000,438,40,314.2747757009407,223.46364357541475,314.0122396003602,246.1097316239242,0.6496,3,27,1,4,5000,100,71.0,10.0,15.0,0.35,0.35,0.3,0.1,1.0811,0.0482,1.0811,,422.4000,57.0000
137,11,436.6000,426.4000,455,449,50.87519273029509,269.40861159213154,50.98059952476345,298.61011369342464,0.7297,2,27,1,4,5000,100,71.0,10.0,15.0,0.35,0.35,0.3,0.1,1.1074,0.0514,1.1074,,436.6000,426.4000
137,5,426.8000,56.8000,444,40,315.0,226.27416997969522,315.0,250.31580054003783,0.799,2,27,1,4,5000,100,71.0,10.0,15.0,0.35,0.35,0.3,0.1,1.0845,0.0504,1.0845,,426.8000,56.8000
138,11,441.2000,426.0000,458,449,50.383701676811754,271.31162894354526,50.53619771875756,300.50790339024365,0.6976,2,27,1,4,5000,100,71.0,10.0,15.0,0.35,0.35,0.3,0.1,1.1061,0.0511,1.1061,,441.2000,426.0000
138,5,431.6000,56.2000,448,39,315.5288690977894,229.8194943863553,315.4787836702953,253.86019774671254,0.8259,2,27,1,4,5000,100,71.0,10.0,15.0,0.35,0.35,0.3,0.1,1.0793,0.0497,1.0793,,431.6000,56.2000
139,11,447.0000,425.8000,464,448,49.57980559586796,274.5268657162719,49.54199568026674,303.5951251255527,0.8124,2,27,1,4,5000,100,71.0,10.0,15.0,0.35,0.35,0.3,0.1,1.1006,0.0503,1.1006,,447.0000,425.8000
139,5,437.4000,56.0000,453,39,316.2188752351313,232.69078194032525,316.2590452071753,257.4490240804964,0.8364,2,27,1,4,5000,100,71.0,10.0,15.0,0.35,0.35,0.3,0.1,1.0897,0.0505,1.0897,,437.4000,56.0000
140,11,454.4000,425.8000,470,448,48.50353164478446,277.7048793233565,48.69138598645128,307.52235691084314,0.6045,2,27,1,4,5000,100,71.0,10.0,15.0,0.35,0.35,0.3,0.1,1.1002,0.051,1.1002,,454.4000,425.8000
140,5,444.7000,55.9000,460,38,317.2091275953003,238.47222060441337,317.1552756207915,263.2299375071156,0.815,2,27,1,4,5000,100,71.0,10.0,15.0,0.35,0.35,0.3,0.1,1.0868,0.0493,1.0868,,444.7000,55.9000
141,12,38.0000,431.5000,4,455,137.7742773113008,321.40317359976393,137.8567013157759,354.7012827718558,0.7023,3,27,1,4,5000,100,71.0,10.0,15.0,0.35,0.35,0.3,0.1,1.0949,0.0492,1.0949,,38.0000,431.5000
141,11,462.6000,425.8000,482,448,46.98470311215357,285.84261403786525,47.05457288092569,315.5724956329369,0.7074,3,27,1,4,5000,100,71.0,10.0,15.0,0.35,0.35,0.3,0.1,1.1024,0.0494,1.1024,,462.6000,425.8000
141,5,453.5000,56.1000,471,38,318.9679181379869,245.246814454337,318.73463532954264,271.39823138701547,0.6381,3,27,1,4,5000,100,71.0,10.0,15.0,0.35,0.35,0.3,0.1,1.0835,0.0506,1.0835,,453.5000,56.1000
142,12,41.5000,431.1250,16,454,136.5622249168424,311.24267059643347,136.64328065449277,345.21008096520006,0.7409,3,27,1,4,5000,100,71.0,10.0,15.0,0.35,0.35,0.3,0.1,1.0984,0.0517,1.0984,,41.5000,431.1250
142,11,470.8000,425.8000,496,449,45.275458356135246,294.15982050579237,45.37285230411259,325.9831283977746,0.741,3,27,1,4,5000,100,71.0,10.0,15.0,0.35,0.35,0.3,0.1,1.1008,0.0513,1.1008,,470.8000,425.8000
142,5,462.5000,56.3000,487,40,321.0255750083667,255.9726547895302,321.18174143216737,282.36324123369883,0.6987,3,27,1,4,5000,100,71.0,10.0,15.0,0.35,0.35,0.3,0.1,1.0854,0.049,1.0854,,462.5000,56.3000
143,11,478.8000,426.0000,504,449,44.322776462446306,299.127063302537,44.38919393409791,331.6519259705874,0.752,3,27,1,4,5000,100,71.0,10.0,15.0,0.35,0.35,0.3,0.1,1.0983,0.0516,1.0983,,478.8000,426.0000
143,12,44.6000,430.7000,23,453,135.92617903539613,306.2172431461037,135.95484125387222,339.45839214843403,0.809,3,27,1,4,5000,100,71.0,10.0,15.0,0.35,0.35,0.3,0.1,1.1034,0.0515,1.1034,,44.6000,430.7000
143,5,471.3000,56.7000,496,40,322.4314079711725,262.41951146970763,322.29863939174027,289.4304752440558,0.7378,3,27,1,4,5000,100,71.0,10.0,15.0,0.35,0.35,0.3,0.1,1.0886,0.0489,1.0886,,471.3000,56.7000
144,11,485.8000,425.8000,508,449,43.661557078976266,302.72429700967183,43.90993700178701,334.5220471060166,0.5904,3,27,1,4,5000,100,71.0,10.0,15.0,0.35,0.35,0.3,0.1,1.1002,0.0499,1.1002,,485.8000,425.8000
144,12,51.6000,429.7000,29,453,135.2677353387022,302.6450065671,135.24175290926811,335.1715978420606,0.8208,3,27,1,4,5000,100,71.0,10.0,15.0,0.35,0.35,0.3,0.1,1.1133,0.051,1.1133,,51.6000,429.7000
144,5,479.3000,56.7000,503,40,323.0870875127531,266.4000750750645,323.13010235415595,295.0,0.8391,3,27,1,4,5000,100,71.0,10.0,15.0,0.35,0.35,0.3,0.1,1.0880,0.0509,1.0880,,479.3000,56.7000
145,11,491.4000,425.4000,514,449,43.01595116585526,306.360898288277,43.20635506473627,338.87018163302594,0.6645,3,27,1,4,5000,100,71.0,10.0,15.0,0.35,0.35,0.3,0.1,1.0919,0.0504,1.0919,,491.4000,425.4000
145,12,57.6000,428.6000,34,452,134.72845805431547,298.40241285887754,134.75514773195567,330.9289954053588,0.8021,3,27,1,4,5000,100,71.0,10.0,15.0,0.35,0.35,0.3,0.1,1.1215,0.0517,1.1215,,57.6000,428.6000
145,5,486.0000,56.4000,509,40,323.8483746448336,271.22131184698594,323.8180773147292,299.8216136305053,0.8339,3,27,1,4,5000,100,71.0,10.0,15.0,0.35,0.35,0.3,0.1,1.0972,0.0501,1.0972,,486.0000,56.4000
146,11,496.4000,424.8000,521,447,42.12454631601475,310.1032086257735,42.161212158994616,342.6601815209932,0.8223,3,27,1,4,5000,100,71.0,10.0,15.0,0.35,0.35,0.3,0.1,1.0856,0.0499,1.0856,,496.4000,424.8000
146,12,62.6000,427.6000,41,450,133.89297295431925,292.7968579066381,134.12627588803284,324.59975354272837,0.6051,3,27,1,4,5000,100,71.0,10.0,15.0,0.35,0.35,0.3,0.1,1.1178,0.0515,1.1178,,62.6000,427.6000
146,5,491.6000,55.8000,516,39,324.4141745054825,276.669477897364,324.44056156360546,306.08005488760614,0.8428,3,27,1,4,5000,100,71.0,10.0,15.0,0.35,0.35,0.3,0.1,1.1021,0.0505,1.1021,,491.6000,55.8000
147,11,501.2000,424.0000,526,446,41.37524666792608,313.16768671112925,41.48214560419822,345.71953951143695,0.6837,3,27,1,4,5000,100,71.0,10.0,15.0,0.35,0.35,0.3,0.1,1.0850,0.0494,1.0850,,501.2000,424.0000
147,12,67.4000,426.4000,46,449,133.59597278089572,288.5862089566998,133.60898511339366,320.41379495895615,0.8463,3,27,1,4,5000,100,71.0,10.0,15.0,0.35,0.35,0.3,0.1,1.1188,0.0523,1.1188,,67.4000,426.4000
147,5,497.0000,55.0000,522,37,324.8411317596344,281.3254343282882,324.7824070318073,312.1297807002722,0.802,3,27,1,4,5000,100,71.0,10.0,15.0,0.35,0.35,0.3,0.1,1.0955,0.0519,1.0955,,497.0000,55.0000
148,11,505.6000,423.2000,531,445,40.75886256544889,315.5265440497835,40.81508387488159,348.82660448996717,0.8266,3,27,1,4,5000,100,71.0,10.0,15.0,0.35,0.35,0.3,0.1,1.0808,0.0501,1.0808,,505.6000,423.2000
148,12,71.8000,425.2000,51,447,133.1523897340054,285.112258592997,133.2020681430995,315.52495939307244,0.7926,3,27,1,4,5000,100,71.0,10.0,15.0,0.35,0.35,0.3,0.1,1.1141,0.0506,1.1141,,71.8000,425.2000
148,5,501.8000,54.2000,528,37,325.3680170931289,286.81875810344064,325.40771131249005,317.05046916855366,0.8201,3,27,1,4,5000,100,71.0,10.0,15.0,0.35,0.35,0.3,0.1,1.0909,0.0501,1.0909,,501.8000,54.2000
149,11,510.0000,422.8000,535,444,40.151695231605125,317.9213739275798,40.265097203125045,351.2164574731657,0.7466,3,27,1,4,5000,100,71.0,10.0,15.0,0.35,0.35,0.3,0.1,1.0801,0.0498,1.0801,,510.0000,422.8000
149,12,76.0000,424.2000,55,446,132.69789170756337,281.6558183315232,132.7924122205935,312.06569821112987,0.7337,3,27,1,4,5000,100,71.0,10.0,15.0,0.35,0.35,0.3,0.1,1.1085,0.0512,1.1085,,76.0000,424.2000
149,5,506.6000,53.6000,532,36,325.6539025999385,290.6819567843866,325.66618675984483,320.9143187830671,0.8751,3,27,1,4,5000,100,71.0,10.0,15.0,0.35,0.35,0.3,0.1,1.0868,0.0494,1.0868,,506.6000,53.6000
150,11,514.4000,422.6000,538,444,39.80557109226519,320.22023671217283,39.95083353241714,353.5109616405126,0.6745,3,27,1,4,5000,100,71.0,10.0,15.0,0.35,0.35,0.3,0.1,1.0836,0.0494,1.0836,,514.4000,422.6000
150,12,80.4000,423.6000,59,445,132.38424512457814,278.89065957826557,132.37359436170925,308.6227470553653,0.8781,3,27,1,4,5000,100,71.0,10.0,15.0,0.35,0.35,0.3,0.1,1.0974,0.0506,1.0974,,80.4000,423.6000
150,5,511.6000,53.4000,535,36,325.9846997542658,293.1637767528587,325.96596537423875,323.39604202896487,0.8717,3,27,1,4,5000,100,71.0,10.0,15.0,0.35,0.35,0.3,0.1,1.0768,0.049,1.0768,,511.6000,53.4000
151,11,518.8000,422.6000,545,445,39.26463566667535,325.48425461149424,39.356681719466025,359.5385931996731,0.7179,3,27,1,4,5000,100,71.0,10.0,15.0,0.35,0.35,0.3,0.1,1.0857,0.0497,1.0857,,518.8000,422.6000
151,12,85.0000,423.2000,66,445,131.46044083145006,274.8817927764587,131.39872188277656,303.94900888142405,0.775,3,27,1,4,5000,100,71.0,10.0,15.0,0.35,0.35,0.3,0.1,1.1006,0.0502,1.1006,,85.0000,423.2000
151,5,516.4000,53.4000,542,36,326.6297195506639,298.1559994365366,326.64781436729663,329.2202909906982,0.8311,3,27,1,4,5000,100,71.0,10.0,15.0,0.35,0.35,0.3,0.1,1.0774,0.0495,1.0774,,516.4000,53.4000
152,11,523.0000,423.0000,551,445,38.71414278451933,329.3706119252293,38.75808565258495,364.1977484828812,0.829,3,27,1,4,5000,100,71.0,10.0,15.0,0.35,0.35,0.3,0.1,1.0885,0.0502,1.0885,,523.0000,423.0000
152,12,89.4000,423.2000,72,445,130.66993971541055,271.59712811441875,130.53915174148344,300.01499962501873,0.7139,3,27,1,4,5000,100,71.0,10.0,15.0,0.35,0.35,0.3,0.1,1.1021,0.0497,1.1021,,89.4000,423.2000
152,5,521.0000,53.6000,548,36,327.41264815311763,302.6450065671,327.2132765464394,334.24841061701403,0.6523,3,27,1,4,5000,100,71.0,10.0,15.0,0.35,0.35,0.3,0.1,1.0757,0.0496,1.0757,,521.0000,53.6000
153,11,527.8000,423.6000,555,446,38.283044819871556,332.50112781763613,38.48957511468989,367.947007054005,0.5224,3,27,1,4,5000,100,71.0,10.0,15.0,0.35,0.35,0.3,0.1,1.0895,0.0506,1.0895,,527.8000,423.6000
153,12,94.2000,423.6000,76,445,129.8602426210094,268.36542251191753,129.95355814031433,297.4306641891518,0.7683,3,27,1,4,5000,100,71.0,10.0,15.0,0.35,0.35,0.3,0.1,1.1035,0.0514,1.1035,,94.2000,423.6000
153,5,526.0000,54.2000,554,36,327.9154516892533,306.86967917994116,327.7619266829967,339.3081195609678,0.7076,3,27,1,4,5000,100,71.0,10.0,15.0,0.35,0.35,0.3,0.1,1.0822,0.0502,1.0822,,526.0000,54.2000
154,11,532.4000,424.2000,559,446,38.099671830722706,335.47727195743084,38.10519471472257,371.0862433451286,0.7952,3,27,1,4,5000,100,71.0,10.0,15.0,0.35,0.35,0.3,0.1,1.0944,0.0504,1.0944,,532.4000,424.2000
154,12,98.8000,424.2000,79,446,129.22906377842565,267.22649569232465,129.38465029331687,296.2853354454115,0.6774,3,27,1,4,5000,100,71.0,10.0,15.0,0.35,0.35,0.3,0.1,1.1097,0.0516,1.1097,,98.8000,424.2000
154,5,530.8000,55.0000,557,37,328.21052997837455,309.4155781469317,328.1725534233269,341.32096331752024,0.8322,3,27,1,4,5000,100,71.0,10.0,15.0,0.35,0.35,0.3,0.1,1.0862,0.049,1.0862,,530.8000,55.0000
155,11,536.6000,425.0000,565,447,37.609590790712296,340.82840257232084,37.66139366376376,376.4359175211632,0.7739,3,27,1,4,5000,100,71.0,10.0,15.0,0.35,0.35,0.3,0.1,1.0919,0.0496,1.0919,,536.6000,425.0000
155,12,103.2000,425.0000,85,447,128.2544203525172,264.8773300982929,128.3547217897256,293.2984827782101,0.7567,3,27,1,4,5000,100,71.0,10.0,15.0,0.35,0.35,0.3,0.1,1.1193,0.0509,1.1193,,103.2000,425.0000
155,5,535.2000,55.8000,563,38,329.00481408023245,312.64196775225173,328.83739922083237,345.9147293770533,0.6906,3,27,1,4,5000,100,71.0,10.0,15.0,0.35,0.35,0.3,0.1,1.0878,0.0505,1.0878,,535.2000,55.8000
156,11,540.6000,425.8000,571,449,37.23483398157467,345.4070062983668,37.34934904464059,382.4133888869478,0.8122,4,27,1,4,5000,100,71.0,10.0,15.0,0.35,0.35,0.3,0.1,1.0897,0.0508,1.0897,,540.6000,425.8000
156,12,107.0000,425.8000,91,449,127.26262722679373,262.60616900598507,127.18470645323312,291.20439557122074,0.7539,4,27,1,4,5000,100,71.0,10.0,15.0,0.35,0.35,0.3,0.1,1.1228,0.0516,1.1228,,107.0000,425.8000
156,13,148.0000,295.0000,134,304,146.7566741380356,142.28492541376264,146.80988295702826,158.927656498169,0.8229,4,27,1,4,5000,100,71.0,10.0,15.0,0.35,0.35,0.3,0.1,1.2012,0.0553,1.2012,,148.0000,295.0000
156,5,539.0000,56.6000,569,40,329.62626044903817,316.4316671889841,329.62574318038617,350.0471396826433,0.8841,4,27,1,4,5000,100,71.0,10.0,15.0,0.35,0.35,0.3,0.1,1.0858,0.0504,1.0858,,539.0000,56.6000
157,11,544.4000,426.4000,574,449,37.06724168582794,348.40206658399717,37.07835330434914,384.802546769119,0.8103,3,27,1,4,5000,100,71.0,10.0,15.0,0.35,0.35,0.3,0.1,1.0841,0.0496,1.0841,,544.4000,426.4000
157,12,110.6000,426.4000,95,450,126.43085812016236,261.00766272276377,126.43464802487392,289.60835623303416,0.8391,3,27,1,4,5000,100,71.0,10.0,15.0,0.35,0.35,0.3,0.1,1.1264,0.0519,1.1264,,110.6000,426.4000
157,5,542.6000,57.4000,573,41,330.1438649020787,319.3900436770063,330.0940628250366,353.0042492662093,0.8321,3,27,1,4,5000,100,71.0,10.0,15.0,0.35,0.35,0.3,0.1,1.0877,0.05,1.0877,,542.6000,57.4000
158,11,547.0000,426.8000,577,450,36.77190039902121,350.8005131125096,36.92899590184602,387.80020629184816,0.5888,3,27,1,4,5000,100,71.0,10.0,15.0,0.35,0.35,0.3,0.1,1.0863,0.0501,1.0863,,547.0000,426.8000
158,12,113.4000,426.8000,97,450,126.0760115563686,259.8249410660955,126.11500387427701,288.4250335875858,0.8536,3,27,1,4,5000,100,71.0,10.0,15.0,0.35,0.35,0.3,0.1,1.1332,0.0522,1.1332,,113.4000,426.8000
158,5,545.4000,57.8000,575,41,330.3215100748648,321.1261434389919,330.2551187030578,354.73934092513616,0.7994,3,27,1,4,5000,100,71.0,10.0,15.0,0.35,0.35,0.3,0.1,1.0826,0.0497,1.0826,,545.4000,57.8000
159,11,549.8000,428.0000,579,449,36.57724297435921,352.40459701882435,36.634113875967415,388.80329216713176,0.7483,3,27,1,4,5000,100,71.0,10.0,15.0,0.35,0.35,0.3,0.1,1.0820,0.0491,1.0820,,549.8000,428.0000
159,12,115.4000,427.2000,99,450,125.7179335822526,258.65227623200997,125.79273623447924,287.2507615307573,0.8018,3,27,1,4,5000,100,71.0,10.0,15.0,0.35,0.35,0.3,0.1,1.1262,0.0524,1.1262,,115.4000,427.2000
159,5,547.4000,58.0000,577,41,330.4972431068066,322.8652969893172,330.41460549925023,356.4772082475961,0.7848,3,27,1,4,5000,100,71.0,10.0,15.0,0.35,0.35,0.3,0.1,1.0773,0.0495,1.0773,,547.4000,58.0000
160,11,552.2000,429.4000,580,449,36.57724297435921,352.40459701882435,36.5463622886046,389.60621144945827,0.7917,3,27,1,4,5000,100,71.0,10.0,15.0,0.35,0.35,0.3,0.1,1.0850,0.0501,1.0850,,552.2000,429.4000
160,12,117.0000,427.6000,100,450,125.53767779197437,258.0697580112788,125.63061490351252,286.66705426330384,0.8105,3,27,1,4,5000,100,71.0,10.0,15.0,0.35,0.35,0.3,0.1,1.1286,0.0525,1.1286,,117.0000,427.6000
160,5,548.8000,58.2000,578,41,330.58440116690446,323.736003558455,330.4937668731676,357.3471701301131,0.7698,3,27,1,4,5000,100,71.0,10.0,15.0,0.35,0.35,0.3,0.1,1.0790,0.0493,1.0790,,548.8000,58.2000
161,12,118.6000,428.6000,102,450,125.22825264797915,258.3060200614767,125.30439007661758,285.50656735003486,0.8,2,27,1,4,5000,100,71.0,10.0,15.0,0.35,0.35,0.3,0.1,1.1246,0.05,1.1246,,118.6000,428.6000
161,5,550.2000,58.8000,579,41,330.6710914520095,324.6074552440224,330.57254359681025,358.21781083580976,0.7759,2,27,1,4,5000,100,71.0,10.0,15.0,0.35,0.35,0.3,0.1,1.0760,0.0492,1.0760,,550.2000,58.8000
162,12,120.0000,430.0000,103,452,124.7372931016058,257.97868128975307,124.91012234193799,286.56761854752534,0.703,2,27,1,4,5000,100,71.0,10.0,15.0,0.35,0.35,0.3,0.1,1.1146,0.0525,1.1146,,120.0000,430.0000
162,5,551.2000,59.6000,581,42,330.9111485771395,324.99230760127233,330.8679901394326,359.4732257067277,0.8449,2,27,1,4,5000,100,71.0,10.0,15.0,0.35,0.35,0.3,0.1,1.0821,0.0504,1.0821,,551.2000,59.6000
163,12,121.4000,432.0000,106,455,123.99645914825051,259.3260495977988,124.07719528013074,287.3412605248331,0.7671,2,27,1,4,5000,100,71.0,10.0,15.0,0.35,0.35,0.3,0.1,1.1066,0.0512,1.1066,,121.4000,432.0000
163,5,552.2000,60.8000,582,44,331.3895403340348,325.77906623968335,331.22412992667057,359.3800217040452,0.6204,2,27,1,4,5000,100,71.0,10.0,15.0,0.35,0.35,0.3,0.1,1.0782,0.049,1.0782,,552.2000,60.8000
164,11,552.8000,433.0667,586,455,36.6472055653347,360.20272070044115,36.72593870377202,398.0012562794243,0.697,3,27,1,4,5000,100,71.0,10.0,15.0,0.35,0.35,0.3,0.1,1.0843,0.0499,1.0843,,552.8000,433.0667
164,12,122.2000,435.4000,108,457,123.56803197140903,260.43233286210835,123.52447324857697,287.8906042232014,0.7923,3,27,1,4,5000,100,71.0,10.0,15.0,0.35,0.35,0.3,0.1,1.1055,0.0501,1.1055,,122.2000,435.4000
164,5,552.4000,63.0000,584,46,331.5441654676416,325.3013987058771,331.6561485072482,360.18051030004386,0.6887,3,27,1,4,5000,100,71.0,10.0,15.0,0.35,0.35,0.3,0.1,1.0833,0.0509,1.0833,,552.4000,63.0000
165,11,552.4000,437.8667,587,458,36.80662237668869,362.2002208723788,36.984317422873595,400.6007988010009,0.6055,3,27,1,4,5000,100,71.0,10.0,15.0,0.35,0.35,0.3,0.1,1.0871,0.0503,1.0871,,552.4000,437.8667
165,12,122.7500,437.0000,108,460,123.02386755579664,262.3909297212844,123.19756579221647,290.3962809679215,0.6175,3,27,1,4,5000,100,71.0,10.0,15.0,0.35,0.35,0.3,0.1,1.0965,0.0507,1.0965,,122.7500,437.0000
165,5,551.4000,66.2000,583,48,331.93787583840793,325.2352994371921,331.86167749617607,358.35317774508434,0.7894,3,27,1,4,5000,100,71.0,10.0,15.0,0.35,0.35,0.3,0.1,1.0882,0.0484,1.0882,,551.4000,66.2000
166,12,123.0000,438.6667,107,469,122.45492894200538,270.20177645604036,122.41230661835121,298.50293130889014,0.7992,2,27,1,4,5000,100,71.0,10.0,15.0,0.35,0.35,0.3,0.1,1.0907,0.0498,1.0907,,123.0000,438.6667
166,5,549.0000,70.0000,581,53,332.47477425625567,320.24990241996954,332.4222501095086,354.2485003496839,0.7651,2,27,1,4,5000,100,71.0,10.0,15.0,0.35,0.35,0.3,0.1,1.0863,0.0504,1.0863,,549.0000,70.0000
167,11,553.0000,440.5833,581,470,38.65980825409009,364.97808153367237,38.859521626367304,403.24310285484114,0.5282,2,27,1,4,5000,100,71.0,10.0,15.0,0.35,0.35,0.3,0.1,1.0863,0.0498,1.0863,,553.0000,440.5833
167,5,546.0000,75.0000,576,59,333.0257002148871,313.05750270517393,332.9181194691249,347.0518693221519,0.7467,2,27,1,4,5000,100,71.0,10.0,15.0,0.35,0.35,0.3,0.1,1.0862,0.0515,1.0862,,546.0000,75.0000
168,11,552.0000,443.4444,577,476,39.78550954563647,365.6733515037704,39.87821229519923,403.95668084585503,0.6819,2,27,1,4,5000,100,71.0,10.0,15.0,0.35,0.35,0.3,0.1,1.0872,0.0497,1.0872,,552.0000,443.4444
168,5,542.8000,80.6000,569,66,333.434948822922,306.3413129174712,333.434948822922,337.64626460246825,0.8619,2,27,1,4,5000,100,71.0,10.0,15.0,0.35,0.35,0.3,0.1,1.0921,0.0486,1.0921,,542.8000,80.6000
169,5,540.4000,85.8000,567,73,334.3727424128665,300.56779601281306,334.3589941756947,332.77019097268914,0.8338,1,27,1,4,5000,100,71.0,10.0,15.0,0.35,0.35,0.3,0.1,1.0870,0.0508,1.0870,,540.4000,85.8000
170,5,539.4000,90.8000,566,78,335.23826822556714,298.43927355493946,335.0670870839842,329.73019273339224,0.6826,1,27,1,4,5000,100,71.0,10.0,15.0,0.35,0.35,0.3,0.1,1.0832,0.0498,1.0832,,539.4000,90.8000
171,5,539.6000,96.0000,567,82,335.84236266726214,298.10736320996836,335.77225468204585,328.97568299191965,0.7865,1,27,1,4,5000,100,71.0,10.0,15.0,0.35,0.35,0.3,0.1,1.0928,0.0492,1.0928,,539.6000,96.0000
172,5,540.6000,101.0000,570,87,336.8771641088194,297.9345565724124,336.77859157457004,329.7104790570054,0.7372,1,27,1,4,5000,100,71.0,10.0,15.0,0.35,0.35,0.3,0.1,1.0849,0.0506,1.0849,,540.6000,101.0000
173,5,541.8000,106.4000,571,93,338.0192054406892,296.5569085352759,337.8097111038775,328.3169200635264,0.6028,1,27,1,4,5000,100,71.0,10.0,15.0,0.35,0.35,0.3,0.1,1.0862,0.0508,1.0862,,541.8000,106.4000
174,5,542.4000,113.6000,571,100,339.17144420979315,295.29815441346733,338.94986041416706,325.7376244771242,0.6231,1,27,1,4,5000,100,71.0,10.0,15.0,0.35,0.35,0.3,0.1,1.0919,0.049,1.0919,,542.4000,113.6000
175,5,542.6000,121.0000,573,108,340.5166985917806,293.82477771624366,340.39363567804855,324.8338036596561,0.7057,1,27,1,4,5000,100,71.0,10.0,15.0,0.35,0.35,0.3,0.1,1.0840,0.0501,1.0840,,542.6000,121.0000
176,5,542.8000,127.8000,571,121,342.63411288367774,288.1336495447902,342.4744316262771,318.7977415227404,0.6786,1,27,1,4,5000,100,71.0,10.0,15.0,0.35,0.35,0.3,0.1,1.0799,0.0505,1.0799,,542.8000,127.8000
177,14,158.0000,397.3333,143,407,122.98852161363456,203.86760409638407,123.1297354684121,226.88322987827902,0.721,2,27,1,4,5000,100,71.0,10.0,15.0,0.35,0.35,0.3,0.1,1.1223,0.0534,1.1223,,158.0000,397.3333
177,5,543.2000,134.8000,570,128,343.7798063043972,286.40006983239374,343.6309370702088,315.8005699804863,0.7263,2,27,1,4,5000,100,71.0,10.0,15.0,0.35,0.35,0.3,0.1,1.0835,0.0488,1.0835,,543.2000,134.8000
178,5,543.6000,141.6000,572,132,344.4116680928941,286.5397005652096,344.42745640318975,316.62280397975127,0.8337,1,27,1,4,5000,100,71.0,10.0,15.0,0.35,0.35,0.3,0.1,1.0809,0.0499,1.0809,,543.6000,141.6000
179,14,156.5000,405.7500,147,418,120.68517308959512,211.6317556511782,120.83783194468725,234.09613409879285,0.7022,2,27,1,4,5000,100,71.0,10.0,15.0,0.35,0.35,0.3,0.1,1.1219,0.0504,1.1219,,156.5000,405.7500
179,5,544.4000,147.4000,574,139,345.8668094511371,286.67751917442007,345.74440163321464,316.75384764829613,0.7417,2,27,1,4,5000,100,71.0,10.0,15.0,0.35,0.35,0.3,0.1,1.0707,0.0498,1.0707,,544.4000,147.4000
180,14,153.0000,414.2000,147,425,119.87599269168943,216.81328372588243,119.98163936884934,240.13329631685815,0.789,2,27,1,4,5000,100,71.0,10.0,15.0,0.35,0.35,0.3,0.1,1.1249,0.051,1.1249,,153.0000,414.2000
180,5,544.8000,152.8000,575,146,347.08039727822734,286.24639735724185,347.01897006566924,316.07752213657966,0.8525,2,27,1,4,5000,100,71.0,10.0,15.0,0.35,0.35,0.3,0.1,1.0753,0.0495,1.0753,,544.8000,152.8000
181,5,544.6000,158.8000,574,153,348.45330945407267,284.76305940202286,348.2242584432148,313.6000637755037,0.6437,1,27,1,4,5000,100,71.0,10.0,15.0,0.35,0.35,0.3,0.1,1.0694,0.0482,1.0694,,544.6000,158.8000
182,5,543.2000,164.8000,573,158,349.1681853250253,282.0248216026384,349.0866965424691,311.6360056219435,0.7925,1,27,1,4,5000,100,71.0,10.0,15.0,0.35,0.35,0.3,0.1,1.0721,0.0499,1.0721,,543.2000,164.8000
183,5,539.8000,171.4000,570,165,350.3013382622899,278.9874549150911,350.2619248325185,307.4296667532267,0.8242,2,27,1,4,5000,100,71.0,10.0,15.0,0.35,0.35,0.3,0.1,1.0762,0.0485,1.0762,,539.8000,171.4000
183,15,513.3333,25.6667,554,6,323.72727769517275,326.2177187094533,323.6769853815742,356.21622646926124,0.686,2,27,1,4,5000,100,71.0,10.0,15.0,0.35,0.35,0.3,0.1,0.9484,0.044,0.9484,,513.3333,25.6667
184,14,148.8000,427.0000,139,454,118.25283625152029,242.94237999986746,118.37278964748162,269.3566409056959,0.6694,3,27,1,4,5000,100,71.0,10.0,15.0,0.35,0.35,0.3,0.1,1.1156,0.0516,1.1156,,148.8000,427.0000
184,5,535.0000,177.8000,567,174,351.603682723362,273.93612394133055,351.8431613997617,303.0659994126692,0.6375,3,27,1,4,5000,100,71.0,10.0,15.0,0.35,0.35,0.3,0.1,1.0848,0.0505,1.0848,,535.0000,177.8000
184,15,506.0000,30.5000,532,4,321.1386496341517,310.787708894673,321.20859854708544,339.9911763560931,0.6281,3,27,1,4,5000,100,71.0,10.0,15.0,0.35,0.35,0.3,0.1,0.9445,0.0449,0.9445,,506.0000,30.5000
185,5,529.0000,185.2000,557,184,353.252101342541,263.8275952208184,353.50806042252935,291.8715470887836,0.6103,2,27,1,4,5000,100,71.0,10.0,15.0,0.35,0.35,0.3,0.1,1.0776,0.0505,1.0776,,529.0000,185.2000
185,15,500.6000,35.2000,521,14,321.519801751657,298.9180489699476,321.36771133049547,325.1538097577822,0.5276,2,27,1,4,5000,100,71.0,10.0,15.0,0.35,0.35,0.3,0.1,0.9439,0.042,0.9439,,500.6000,35.2000
186,14,146.2500,434.0000,124,473,118.99138700868036,264.09278672466615,119.1874526376191,293.2319900692965,0.6363,2,27,1,4,5000,100,71.0,10.0,15.0,0.35,0.35,0.3,0.1,1.1205,0.0523,1.1205,,146.2500,434.0000
186,5,522.6000,193.0000,549,190,354.4006606634794,256.2225595063791,354.53090502988806,283.28960446864266,0.7446,2,27,1,4,5000,100,71.0,10.0,15.0,0.35,0.35,0.3,0.1,1.0875,0.0502,1.0875,,522.6000,193.0000
187,14,142.0000,443.6667,120,477,119.32301479633271,269.53478439711637,119.4831499054389,298.6787571957537,0.6959,1,27,1,4,5000,100,71.0,10.0,15.0,0.35,0.35,0.3,0.1,1.1242,0.0513,1.1242,,142.0000,443.6667
188,5,516.4000,200.4000,539,199,356.2937107027877,247.51767613647314,356.21388796461844,272.5949375905576,0.7927,2,27,1,4,5000,100,71.0,10.0,15.0,0.35,0.35,0.3,0.1,1.0833,0.0482,1.0833,,516.4000,200.4000
188,15,490.8000,44.0000,503,29,321.59871578734993,276.89889851713025,321.45881637871867,301.72835465033774,0.5629,2,27,1,4,5000,100,71.0,10.0,15.0,0.35,0.35,0.3,0.1,0.9515,0.0429,0.9515,,490.8000,44.0000
189,5,511.2000,206.4000,536,208,358.11440022922034,243.13165157996193,358.08375562750365,269.15051551130273,0.8496,2,27,1,4,5000,100,71.0,10.0,15.0,0.35,0.35,0.3,0.1,1.0825,0.0508,1.0825,,511.2000,206.4000
189,15,483.2000,53.8000,498,39,322.4444713041685,267.41914665932205,322.3834917962566,291.62475889402805,0.6826,2,27,1,4,5000,100,71.0,10.0,15.0,0.35,0.35,0.3,0.1,0.9627,0.0433,0.9627,,483.2000,53.8000
190,5,506.6000,211.6000,532,214,359.2838400545296,240.01874926763534,359.351396241109,265.01698058803703,0.7989,1,27,1,4,5000,100,71.0,10.0,15.0,0.35,0.35,0.3,0.1,1.0782,0.0495,1.0782,,506.6000,211.6000
191,5,502.8000,215.2000,528,216,359.7572227262332,236.00211863455803,359.78047701474037,261.0019157017818,0.8459,2,27,1,4,5000,100,71.0,10.0,15.0,0.35,0.35,0.3,0.1,1.0774,0.0503,1.0774,,502.8000,215.2000
191,15,476.6000,62.8000,501,53,325.15198397076307,260.7623439072444,324.97512672045866,285.74814085134483,0.5496,2,27,1,4,5000,100,71.0,10.0,15.0,0.35,0.35,0.3,0.1,1.0321,0.0457,1.0321,,476.6000,62.8000
192,5,498.8000,217.6000,523,218,0.24696303742624987,232.0021551624036,0.22381050036853808,256.0019531175495,0.8589,1,27,1,4,5000,100,71.0,10.0,15.0,0.35,0.35,0.3,0.1,1.0785,0.0492,1.0785,,498.8000,217.6000
193,5,494.4000,219.2000,518,219,0.5025816667210311,228.00877176108818,0.4565304140990488,251.00796800101784,0.8264,2,27,1,4,5000,100,71.0,10.0,15.0,0.35,0.35,0.3,0.1,1.0812,0.048,1.0812,,494.4000,219.2000
193,15,474.7500,67.2500,491,56,324.40922140811017,250.8625121455974,324.2933085993971,275.8568469333324,0.6269,2,27,1,4,5000,100,71.0,10.0,15.0,0.35,0.35,0.3,0.1,1.0569,0.0475,1.0569,,474.7500,67.2500
194,5,489.4000,220.8000,514,221,1.0276167864416665,223.03587155433092,0.9277857744616792,247.0323865407125,0.786,2,27,1,4,5000,100,71.0,10.0,15.0,0.35,0.35,0.3,0.1,1.0778,0.051,1.0778,,489.4000,220.8000
194,15,473.3333,71.6667,493,59,324.9506266879516,245.52392958732148,325.0420236355295,275.7535131235865,0.5897,2,27,1,4,5000,100,71.0,10.0,15.0,0.35,0.35,0.3,0.1,1.0954,0.058,1.0954,,473.3333,71.6667
195,5,484.2000,222.0000,508,223,1.31389302449794,218.05733191066977,1.4261563355944804,241.07467722678797,0.7753,1,27,1,4,5000,100,71.0,10.0,15.0,0.35,0.35,0.3,0.1,1.0844,0.0501,1.0844,,484.2000,222.0000
196,5,479.6000,223.0000,500,224,1.9001109655768573,211.11608181282637,1.7208148336728648,233.10512649875378,0.7252,1,27,1,4,5000,100,71.0,10.0,15.0,0.35,0.35,0.3,0.1,1.0971,0.0495,1.0971,,479.6000,223.0000
197,5,475.8000,223.6000,495,225,1.9461951170307557,206.11889772653063,2.009553813021139,228.1403077055872,0.8272,1,27,1,4,5000,100,71.0,10.0,15.0,0.35,0.35,0.3,0.1,1.0590,0.0507,1.0590,,475.8000,223.6000
198,5,472.8000,224.0000,494,225,1.9556813975228868,205.11947737842937,2.018399166793103,227.14092541856036,0.846,2,27,1,4,5000,100,71.0,10.0,15.0,0.35,0.35,0.3,0.1,1.0453,0.0509,1.0453,,472.8000,224.0000
198,16,443.3333,75.6667,463,62,321.97022303327225,227.24656213021134,321.66247710659627,249.88197213884797,0.4914,2,27,1,4,5000,100,71.0,10.0,15.0,0.35,0.35,0.3,0.1,0.9869,0.0474,0.9869,,443.3333,75.6667
199,5,471.0000,224.0000,489,225,1.9652605719205243,204.12006270820123,2.063819728456962,222.14409737825582,0.81,1,27,1,4,5000,100,71.0,10.0,15.0,0.35,0.35,0.3,0.1,1.0349,0.0423,1.0349,,471.0000,224.0000
200,17,617.6667,290.0000,638,295,11.774733901567489,362.63066610533645,11.873090649843114,379.11080174534726,0.6854,2,27,1,4,5000,100,71.0,10.0,15.0,0.35,0.35,0.3,0.1,0.5156,0.0222,0.5156,,617.6667,290.0000
200,5,469.4000,223.8000,490,225,1.9749340108819766,203.1206537996567,2.054572880925691,223.14345161801185,0.8327,2,27,1,4,5000,100,71.0,10.0,15.0,0.35,0.35,0.3,0.1,1.0137,0.047,1.0137,,469.4000,223.8000
201,17,615.7500,289.5000,638,295,11.80706342159856,361.6517662061116,11.873090649843114,379.11080174534726,0.6636,3,27,1,4,5000,100,71.0,10.0,15.0,0.35,0.35,0.3,0.1,0.5563,0.0236,0.5563,,615.7500,289.5000
201,5,467.4000,223.6000,489,224,1.9847031121535643,202.12125073826354,1.8060252976012394,222.11033294288674,0.7593,3,27,1,4,5000,100,71.0,10.0,15.0,0.35,0.35,0.3,0.1,1.0041,0.0471,1.0041,,467.4000,223.6000
201,16,441.5000,75.0000,459,62,321.3005132345846,225.51496624392803,321.08635134558284,246.75696545386515,0.5654,3,27,1,4,5000,100,71.0,10.0,15.0,0.35,0.35,0.3,0.1,0.9727,0.045,0.9727,,441.5000,75.0000
202,5,465.4000,223.2000,484,224,1.7357045889283889,198.09088823063013,1.8476102659945959,217.1128738697915,0.7809,2,27,1,4,5000,100,71.0,10.0,15.0,0.35,0.35,0.3,0.1,1.0132,0.0458,1.0132,,465.4000,223.2000
202,16,440.4000,75.6000,457,61,320.5852979743429,225.22211259110415,320.61220322932485,245.8373446000424,0.706,2,27,1,4,5000,100,71.0,10.0,15.0,0.35,0.35,0.3,0.1,1.0310,0.0438,1.0310,,440.4000,75.6000
203,5,463.0000,222.8000,482,223,1.7623910236605125,195.0922858546693,1.598537092675968,215.08370463612533,0.7624,2,27,1,4,5000,100,71.0,10.0,15.0,0.35,0.35,0.3,0.1,1.0251,0.0487,1.0251,,463.0000,222.8000
203,16,437.8000,75.8000,451,60,319.5666456053986,222.02927734873165,319.5271710130673,241.8780684559888,0.7208,2,27,1,4,5000,100,71.0,10.0,15.0,0.35,0.35,0.3,0.1,1.0857,0.0428,1.0857,,437.8000,75.8000
204,5,460.6000,222.2000,479,223,1.4763685098130983,194.06442229321684,1.6211459136534114,212.08488866489287,0.7666,2,27,1,4,5000,100,71.0,10.0,15.0,0.35,0.35,0.3,0.1,1.0274,0.0444,1.0274,,460.6000,222.2000
204,16,435.4000,75.2000,457,61,320.56320882074397,218.81956036881164,320.61220322932485,245.8373446000424,0.6345,2,27,1,4,5000,100,71.0,10.0,15.0,0.35,0.35,0.3,0.1,1.0785,0.0581,1.0785,,435.4000,75.2000
205,5,458.8000,221.8000,478,222,1.4995470379776346,191.06543381784158,1.357465844530609,211.05923339195564,0.7664,2,27,1,4,5000,100,71.0,10.0,15.0,0.35,0.35,0.3,0.1,1.0260,0.0497,1.0260,,458.8000,221.8000
205,16,433.2000,74.8000,454,60,320.05889804398845,216.510969698997,319.9841149825787,244.1679749680535,0.6102,2,27,1,4,5000,100,71.0,10.0,15.0,0.35,0.35,0.3,0.1,1.0706,0.06,1.0706,,433.2000,74.8000
206,17,612.4000,288.6000,628,291,11.694892724975062,350.27132340515686,11.584364657219275,368.506444991129,0.5181,3,27,1,4,5000,100,71.0,10.0,15.0,0.35,0.35,0.3,0.1,0.5909,0.0254,0.5909,,612.4000,288.6000
206,5,457.2000,221.4000,476,222,1.2060487792199577,190.04210059878838,1.3704510177996057,209.0598000573042,0.7655,3,27,1,4,5000,100,71.0,10.0,15.0,0.35,0.35,0.3,0.1,1.0030,0.0477,1.0030,,457.2000,221.4000
206,16,431.4000,74.6000,445,59,318.7152891054288,218.24756585125985,318.4064437549947,238.00840321299583,0.4507,3,27,1,4,5000,100,71.0,10.0,15.0,0.35,0.35,0.3,0.1,1.0756,0.0433,1.0756,,431.4000,74.6000
207,17,607.6000,287.4000,632,293,11.694892724975062,350.27132340515686,11.762020247197398,372.8283787481849,0.5412,3,27,1,4,5000,100,71.0,10.0,15.0,0.35,0.35,0.3,0.1,0.6582,0.0312,0.6582,,607.6000,287.4000
207,5,455.0000,221.0000,474,222,1.2124280899449285,189.04232330353963,1.3836869673685084,207.06037766796427,0.744,3,27,1,4,5000,100,71.0,10.0,15.0,0.35,0.35,0.3,0.1,1.0248,0.0455,1.0248,,455.0000,221.0000
207,16,428.8000,73.4000,444,59,318.34465031826585,218.16049138191818,318.2461336869928,237.26145915424192,0.6605,3,27,1,4,5000,100,71.0,10.0,15.0,0.35,0.35,0.3,0.1,1.0094,0.0419,1.0094,,428.8000,73.4000
208,5,452.6000,220.4000,471,221,1.2253913023741119,187.04277585621958,1.123302714075429,204.0392119177096,0.8071,2,27,1,4,5000,100,71.0,10.0,15.0,0.35,0.35,0.3,0.1,1.0169,0.0435,1.0169,,452.6000,220.4000
208,16,427.0000,72.0000,442,59,317.81555668421123,215.92822881689185,317.9224726680249,235.77319610167734,0.6443,2,27,1,4,5000,100,71.0,10.0,15.0,0.35,0.35,0.3,0.1,0.9338,0.0439,0.9338,,427.0000,72.0000
209,5,449.6000,220.0000,469,221,0.9391909457355799,183.02458851203573,1.1344216309770068,202.03960007879644,0.7559,2,27,1,4,5000,100,71.0,10.0,15.0,0.35,0.35,0.3,0.1,1.0558,0.0494,1.0558,,449.6000,220.0000
209,16,424.0000,71.4000,437,59,317.09293430528817,212.9812198293549,317.0952525646238,232.08619088605855,0.7314,2,27,1,4,5000,100,71.0,10.0,15.0,0.35,0.35,0.3,0.1,0.9352,0.0429,0.9352,,424.0000,71.4000
210,5,447.0000,219.6000,464,220,0.6401496695235357,179.0111728356641,0.8724571229020331,197.02284131541703,0.7355,2,27,1,4,5000,100,71.0,10.0,15.0,0.35,0.35,0.3,0.1,1.0695,0.0479,1.0695,,447.0000,219.6000
210,16,420.4000,70.8000,438,58,317.0791317219048,214.39449619801343,317.0825652797309,233.49946466748057,0.738,2,27,1,4,5000,100,71.0,10.0,15.0,0.35,0.35,0.3,0.1,0.9308,0.0427,0.9308,,420.4000,70.8000
211,17,602.6000,286.0000,622,290,11.5751888173962,338.89231327960215,11.619971544820624,362.42792386900874,0.5864,3,27,1,4,5000,100,71.0,10.0,15.0,0.35,0.35,0.3,0.1,0.6971,0.0336,0.6971,,602.6000,286.0000
211,5,444.6000,219.2000,463,219,0.6547804022677002,175.0114281982751,0.5846305207051778,196.01020381602586,0.8688,3,27,1,4,5000,100,71.0,10.0,15.0,0.35,0.35,0.3,0.1,1.0706,0.0566,1.0706,,444.6000,219.2000
211,16,411.5538,68.8154,430,57,315.3871277541509,209.3083849252103,315.5321436413075,228.40534144367115,0.5936,3,27,1,4,5000,100,71.0,10.0,15.0,0.35,0.35,0.3,0.1,0.9211,0.0436,0.9211,,411.5538,68.8154
212,17,599.8000,285.2000,624,290,11.609211247003968,337.91271062213684,11.556629677233852,364.3871567440323,0.6017,2,27,1,4,5000,100,71.0,10.0,15.0,0.35,0.35,0.3,0.1,0.7281,0.0377,0.7281,,599.8000,285.2000
212,5,442.8000,219.0000,461,219,0.6510603802294862,176.0113632695344,0.590657214646671,194.0103090044444,0.8536,2,27,1,4,5000,100,71.0,10.0,15.0,0.35,0.35,0.3,0.1,1.0470,0.0486,1.0470,,442.8000,219.0000
213,5,441.6000,219.0000,458,219,0.6547804022677002,175.0114281982751,0.5999338802539502,191.01047091717248,0.8331,1,27,1,4,5000,100,71.0,10.0,15.0,0.35,0.35,0.3,0.1,1.0308,0.0437,1.0308,,441.6000,219.0000
214,17,600.4000,285.2000,618,289,11.51073461747316,335.75288531895,11.592175410291071,358.3085262730989,0.5266,2,27,1,4,5000,100,71.0,10.0,15.0,0.35,0.35,0.3,0.1,0.7439,0.0325,0.7439,,600.4000,285.2000
214,5,441.0000,218.8000,457,219,0.658543177563603,174.01149387324966,0.6030911943805325,190.01052602421794,0.8365,2,27,1,4,5000,100,71.0,10.0,15.0,0.35,0.35,0.3,0.1,0.9781,0.044,0.9781,,441.0000,218.8000
215,17,601.0000,284.8000,618,289,11.51073461747316,335.75288531895,11.592175410291071,358.3085262730989,0.5193,2,27,1,4,5000,100,71.0,10.0,15.0,0.35,0.35,0.3,0.1,0.7729,0.0325,0.7729,,601.0000,284.8000
215,5,439.4000,218.4000,456,218,0.662349447372199,173.0115603073968,0.3031494437141273,189.0026454841307,0.6269,2,27,1,4,5000,100,71.0,10.0,15.0,0.35,0.35,0.3,0.1,0.9642,0.0442,0.9642,,439.4000,218.4000
216,5,434.3200,217.0400,455,219,0.33311124392136665,172.00290695217916,0.6095065766751959,188.01063799689632,0.644,2,27,1,4,5000,100,71.0,10.0,15.0,0.35,0.35,0.3,0.1,0.9849,0.0445,0.9849,,434.3200,217.0400
216,16,401.7538,66.4154,424,56,314.41337429248944,207.19314660480447,314.2793363774823,224.8777445635739,0.6325,2,27,1,4,5000,100,71.0,10.0,15.0,0.35,0.35,0.3,0.1,0.9169,0.0409,0.9169,,401.7538,66.4154
217,17,600.2000,283.8000,638,293,11.59624992169887,353.20956951928696,11.576974567107733,378.7043701886737,0.6326,2,27,1,4,5000,100,71.0,10.0,15.0,0.35,0.35,0.3,0.1,0.8175,0.0348,0.8175,,600.2000,283.8000
217,5,428.5200,215.4400,451,218,0.0,168.0,0.3113870402748284,184.00271737123884,0.6361,2,27,1,4,5000,100,71.0,10.0,15.0,0.35,0.35,0.3,0.1,1.0079,0.0455,1.0079,,428.5200,215.4400
218,17,603.2000,283.4000,630,289,11.145384449922256,341.4395993437199,11.218842281268826,370.07161469099464,0.8829,1,27,1,4,5000,100,71.0,10.0,15.0,0.35,0.35,0.3,0.1,0.7750,0.0402,0.7750,,603.2000,283.4000
219,17,602.4000,282.4000,627,286,10.905022045234448,333.0135132393279,10.850104629797377,366.5528611264684,0.7747,1,27,1,4,5000,100,71.0,10.0,15.0,0.35,0.35,0.3,0.1,0.8551,0.0479,0.8551,,602.4000,282.4000
220,17,602.0000,281.2000,627,285,10.700084462859904,350.08713201144656,10.696510735778114,366.3659372812926,0.6513,1,27,1,4,5000,100,71.0,10.0,15.0,0.35,0.35,0.3,0.1,0.8083,0.0227,0.8083,,602.0000,281.2000
221,18,570.0000,273.3333,611,281,10.619655276155134,309.2975913258944,10.53918372862823,349.9028436580646,0.9223,3,27,1,4,5000,100,71.0,10.0,15.0,0.35,0.35,0.3,0.1,1.3066,0.0616,1.3066,,570.0000,273.3333
221,17,600.0000,280.4000,627,285,10.800499133782317,330.8609980036934,10.696510735778114,366.3659372812926,0.7507,3,27,1,4,5000,100,71.0,10.0,15.0,0.35,0.35,0.3,0.1,0.8489,0.0509,0.8489,,600.0000,280.4000
221,5,422.9200,213.6400,427,210,357.23614262908745,145.16886718577092,357.4949071327586,160.15305179733542,0.7244,3,27,1,4,5000,100,71.0,10.0,15.0,0.35,0.35,0.3,0.1,1.0157,0.0491,1.0157,,422.9200,213.6400
222,17,599.4000,280.0000,628,285,10.700084462859904,350.08713201144656,10.667561435152889,367.3486082728503,0.5725,2,27,1,4,5000,100,71.0,10.0,15.0,0.35,0.35,0.3,0.1,0.8520,0.0241,0.8520,,599.4000,280.0000
222,5,416.9200,212.0400,427,210,357.6304919357447,145.1240848377691,357.4949071327586,160.15305179733542,0.7956,2,27,1,4,5000,100,71.0,10.0,15.0,0.35,0.35,0.3,0.1,1.0268,0.0492,1.0268,,416.9200,212.0400
223,17,595.2000,279.2000,626,285,10.800499133782317,330.8609980036934,10.725615742888088,365.3833603217311,0.7635,1,27,1,4,5000,100,71.0,10.0,15.0,0.35,0.35,0.3,0.1,0.9643,0.0496,0.9643,,595.2000,279.2000
224,18,569.2500,273.0000,608,281,10.471161762203232,308.13146544940844,10.62979971293176,346.95388742598055,0.772,3,27,1,4,5000,100,71.0,10.0,15.0,0.35,0.35,0.3,0.1,1.3052,0.0593,1.3052,,569.2500,273.0000
224,17,594.8000,279.0000,624,285,10.662357544762912,329.6922807710244,10.7842978675626,363.4184915493432,0.7048,3,27,1,4,5000,100,71.0,10.0,15.0,0.35,0.35,0.3,0.1,0.9539,0.0487,0.9539,,594.8000,279.0000
224,5,412.4000,210.8000,426,210,357.23614262908745,145.16886718577092,357.47917209228984,159.15401345866212,0.7916,3,27,1,4,5000,100,71.0,10.0,15.0,0.35,0.35,0.3,0.1,1.0364,0.046,1.0364,,412.4000,210.8000
225,17,594.0000,278.8000,623,284,10.69460766408409,328.70959827787203,10.658519628012494,362.2499137335991,0.8302,2,27,1,4,5000,100,71.0,10.0,15.0,0.35,0.35,0.3,0.1,0.9433,0.0485,0.9433,,594.0000,278.8000
225,5,411.0000,210.3333,423,209,357.1778447001882,142.1724305201258,357.06432655357884,156.20499351813308,0.8256,2,27,1,4,5000,100,71.0,10.0,15.0,0.35,0.35,0.3,0.1,1.0306,0.047,1.0306,,411.0000,210.3333
226,18,569.0000,273.0000,607,281,10.505063869917349,307.14817271147814,10.660348294535334,345.9710970586994,0.7826,3,27,1,4,5000,100,71.0,10.0,15.0,0.35,0.35,0.3,0.1,1.2510,0.0594,1.2510,,569.0000,273.0000
226,17,593.2000,278.4000,623,284,10.69460766408409,328.70959827787203,10.658519628012494,362.2499137335991,0.809,3,27,1,4,5000,100,71.0,10.0,15.0,0.35,0.35,0.3,0.1,0.9412,0.0485,0.9412,,593.2000,278.4000
226,16,390.3538,64.0154,396,48,307.0515961261083,189.20095137181525,307.35498672832927,212.60761980700502,0.4752,3,27,1,4,5000,100,71.0,10.0,15.0,0.35,0.35,0.3,0.1,0.9110,0.0583,0.9110,,390.3538,64.0154
227,17,591.6000,278.0000,622,284,10.660348294535334,345.9710970586994,10.687852907031857,361.2672141227321,0.5798,1,27,1,4,5000,100,71.0,10.0,15.0,0.35,0.35,0.3,0.1,0.9272,0.0216,0.9272,,591.6000,278.0000
228,18,566.6000,272.4000,605,280,10.388857815469612,305.0,10.55823406025535,343.8211744497421,0.7469,2,27,1,4,5000,100,71.0,10.0,15.0,0.35,0.35,0.3,0.1,1.2027,0.0598,1.2027,,566.6000,272.4000
228,17,589.0000,277.4000,621,284,10.587321318237134,326.5593361090753,10.717346195151125,360.2846097184835,0.6926,2,27,1,4,5000,100,71.0,10.0,15.0,0.35,0.35,0.3,0.1,0.9345,0.0491,0.9345,,589.0000,277.4000
229,17,588.7500,277.2500,613,282,10.575859542652957,321.4607285501605,10.63965031268877,352.05255289516083,0.7585,2,27,1,4,5000,100,71.0,10.0,15.0,0.35,0.35,0.3,0.1,0.9043,0.0454,0.9043,,588.7500,277.2500
229,16,377.6205,62.2154,383,46,304.2755514625288,189.99473676920633,304.15150006925035,206.6325240614362,0.6232,2,27,1,4,5000,100,71.0,10.0,15.0,0.35,0.35,0.3,0.1,0.9534,0.0419,0.9534,,377.6205,62.2154
230,17,582.6667,276.0000,610,280,10.597335145023564,315.37913691301776,10.407711312490058,348.7377237982722,0.6232,2,27,1,4,5000,100,71.0,10.0,15.0,0.35,0.35,0.3,0.1,1.0490,0.0502,1.0490,,582.6667,276.0000
230,16,364.2205,60.8154,375,45,302.33018573505035,186.98663053812163,302.1249984403875,203.09603639657766,0.5611,2,27,1,4,5000,100,71.0,10.0,15.0,0.35,0.35,0.3,0.1,1.0337,0.0413,1.0337,,364.2205,60.8154
231,18,563.8000,271.8000,598,279,10.53918372862823,306.16498820080653,10.609203656513111,336.7565886512096,0.7679,1,27,1,4,5000,100,71.0,10.0,15.0,0.35,0.35,0.3,0.1,1.1601,0.0476,1.1601,,563.8000,271.8000
232,18,560.4000,271.0000,590,277,10.477423596004869,296.95117443781896,10.523233898289845,328.5254936835192,0.7931,2,27,1,4,5000,100,71.0,10.0,15.0,0.35,0.35,0.3,0.1,1.0984,0.0505,1.0984,,560.4000,271.0000
232,16,355.6667,59.4000,360,43,297.5906972530431,174.88853593074649,298.1237353832888,197.29419656948858,0.3644,2,27,1,4,5000,100,71.0,10.0,15.0,0.35,0.35,0.3,0.1,1.0264,0.0602,1.0264,,355.6667,59.4000
233,18,560.0000,270.8000,586,276,10.392054589416698,293.8196725884773,10.478613119527298,324.4102341172362,0.7526,2,27,1,4,5000,100,71.0,10.0,15.0,0.35,0.35,0.3,0.1,0.9453,0.0495,0.9453,,560.0000,270.8000
233,16,348.6667,59.6000,356,43,296.7127203849381,173.5194513592064,297.0894830256058,195.4405280385826,0.452,2,27,1,4,5000,100,71.0,10.0,15.0,0.35,0.35,0.3,0.1,1.1049,0.0594,1.1049,,348.6667,59.6000
234,18,558.0000,270.2000,579,274,10.340225148748292,289.70502239346837,10.353320043929445,317.16399543453855,0.8264,2,27,1,4,5000,100,71.0,10.0,15.0,0.35,0.35,0.3,0.1,0.8439,0.0452,0.8439,,558.0000,270.2000
234,16,342.6667,58.8000,345,41,294.25715038568967,177.6879286839711,293.90205041101086,192.50974001333023,0.4376,2,27,1,4,5000,100,71.0,10.0,15.0,0.35,0.35,0.3,0.1,1.1007,0.04,1.1007,,342.6667,58.8000
235,18,556.4000,269.8000,580,274,10.27100372047908,302.8530997034701,10.32095436249771,318.14776441144454,0.5527,2,27,1,4,5000,100,71.0,10.0,15.0,0.35,0.35,0.3,0.1,0.7283,0.0246,0.7283,,556.4000,269.8000
235,16,339.6000,57.6000,348,41,294.77514056883194,171.81385275931623,294.7131768804659,193.7446773462435,0.6363,2,27,1,4,5000,100,71.0,10.0,15.0,0.35,0.35,0.3,0.1,1.0440,0.06,1.0440,,339.6000,57.6000
236,18,555.4000,269.5000,565,271,10.41170822769202,287.7377278008569,10.27100372047908,302.8530997034701,0.3777,2,27,1,4,5000,100,71.0,10.0,15.0,0.35,0.35,0.3,0.1,0.6712,0.0256,0.6712,,555.4000,269.5000
236,16,338.4000,57.2000,342,41,293.3691131634821,176.47662734764623,293.0806172153438,191.31387822110554,0.5072,2,27,1,4,5000,100,71.0,10.0,15.0,0.35,0.35,0.3,0.1,1.0351,0.0403,1.0351,,338.4000,57.2000
237,18,557.0667,269.7667,565,271,10.375844920051051,288.7213189218974,10.27100372047908,302.8530997034701,0.4384,2,27,1,4,5000,100,71.0,10.0,15.0,0.35,0.35,0.3,0.1,0.6161,0.0239,0.6161,,557.0667,269.7667
237,16,338.0000,58.2000,342,41,293.3691131634821,176.47662734764623,293.0806172153438,191.31387822110554,0.504,2,27,1,4,5000,100,71.0,10.0,15.0,0.35,0.35,0.3,0.1,1.1157,0.0403,1.1157,,338.0000,58.2000
238,18,554.2667,269.3667,580,274,10.27100372047908,302.8530997034701,10.32095436249771,318.14776441144454,0.5486,1,27,1,4,5000,100,71.0,10.0,15.0,0.35,0.35,0.3,0.1,0.7198,0.0246,0.7198,,554.2667,269.3667
239,19,532.0000,264.0000,565,271,10.057308914963816,269.1356535281047,10.27100372047908,302.8530997034701,0.754,2,27,1,4,5000,100,71.0,10.0,15.0,0.35,0.35,0.3,0.1,1.4570,0.0589,1.4570,,532.0000,264.0000
239,18,552.6667,269.1667,580,274,10.180522281805295,288.54289109246827,10.32095436249771,318.14776441144454,0.6926,2,27,1,4,5000,100,71.0,10.0,15.0,0.35,0.35,0.3,0.1,0.8326,0.0488,0.8326,,552.6667,269.1667
240,19,532.0000,264.0000,580,274,10.057308914963816,269.1356535281047,10.32095436249771,318.14776441144454,0.4899,1,27,1,4,5000,100,71.0,10.0,15.0,0.35,0.35,0.3,0.1,1.4116,0.0835,1.4116,,532.0000,264.0000
241,18,552.4667,269.1667,580,274,10.375844920051051,288.7213189218974,10.32095436249771,318.14776441144454,0.7913,1,27,1,4,5000,100,71.0,10.0,15.0,0.35,0.35,0.3,0.1,0.9470,0.0485,0.9470,,552.4667,269.1667
242,18,552.4667,269.2667,580,274,10.41170822769202,287.7377278008569,10.32095436249771,318.14776441144454,0.7374,2,27,1,4,5000,100,71.0,10.0,15.0,0.35,0.35,0.3,0.1,0.9998,0.0502,0.9998,,552.4667,269.2667
242,16,337.6000,57.0000,348,41,294.6361296498905,172.72232050317064,294.7131768804659,193.7446773462435,0.6195,2,27,1,4,5000,100,71.0,10.0,15.0,0.35,0.35,0.3,0.1,1.0302,0.0574,1.0302,,337.6000,57.0000
243,19,532.0000,264.0000,565,270,10.057308914963816,269.1356535281047,10.084739651516104,302.67639485100256,0.9369,3,27,1,4,5000,100,71.0,10.0,15.0,0.35,0.35,0.3,0.1,1.3843,0.0587,1.3843,,532.0000,264.0000
243,18,550.4000,269.0000,580,274,10.41170822769202,287.7377278008569,10.32095436249771,318.14776441144454,0.7543,3,27,1,4,5000,100,71.0,10.0,15.0,0.35,0.35,0.3,0.1,1.0764,0.0502,1.0764,,550.4000,269.0000
243,16,337.8000,58.0000,348,41,294.33387656904677,172.30786401090347,294.7131768804659,193.7446773462435,0.4481,3,27,1,4,5000,100,71.0,10.0,15.0,0.35,0.35,0.3,0.1,1.1095,0.0586,1.1095,,337.8000,58.0000
244,18,550.2000,268.8000,580,274,10.375844920051051,288.7213189218974,10.32095436249771,318.14776441144454,0.8075,1,27,1,4,5000,100,71.0,10.0,15.0,0.35,0.35,0.3,0.1,1.0851,0.0485,1.0851,,550.2000,268.8000
245,19,532.0000,264.0000,565,270,10.057308914963816,269.1356535281047,10.084739651516104,302.67639485100256,0.9408,3,27,1,4,5000,100,71.0,10.0,15.0,0.35,0.35,0.3,0.1,1.3830,0.0587,1.3830,,532.0000,264.0000
245,18,550.2000,268.8000,580,274,10.41170822769202,287.7377278008569,10.32095436249771,318.14776441144454,0.7294,3,27,1,4,5000,100,71.0,10.0,15.0,0.35,0.35,0.3,0.1,1.0851,0.0502,1.0851,,550.2000,268.8000
245,16,337.8000,58.0000,342,41,293.3691131634821,176.47662734764623,293.0806172153438,191.31387822110554,0.4976,3,27,1,4,5000,100,71.0,10.0,15.0,0.35,0.35,0.3,0.1,1.1095,0.0403,1.1095,,337.8000,58.0000
246,19,532.0000,264.0000,565,270,10.057308914963816,269.1356535281047,10.084739651516104,302.67639485100256,0.8883,3,27,1,4,5000,100,71.0,10.0,15.0,0.35,0.35,0.3,0.1,1.2752,0.0587,1.2752,,532.0000,264.0000
246,18,550.4000,268.8000,580,274,10.21573957402295,287.5586896617802,10.32095436249771,318.14776441144454,0.7206,3,27,1,4,5000,100,71.0,10.0,15.0,0.35,0.35,0.3,0.1,1.0777,0.0505,1.0777,,550.4000,268.8000
246,16,337.4000,57.0000,348,41,294.33387656904677,172.30786401090347,294.7131768804659,193.7446773462435,0.4466,3,27,1,4,5000,100,71.0,10.0,15.0,0.35,0.35,0.3,0.1,1.0354,0.0586,1.0354,,337.4000,57.0000
247,19,532.0000,264.0000,565,270,10.057308914963816,269.1356535281047,10.084739651516104,302.67639485100256,0.9758,3,27,1,4,5000,100,71.0,10.0,15.0,0.35,0.35,0.3,0.1,1.2752,0.0587,1.2752,,532.0000,264.0000
247,18,550.4000,268.8000,580,274,10.41170822769202,287.7377278008569,10.32095436249771,318.14776441144454,0.7459,3,27,1,4,5000,100,71.0,10.0,15.0,0.35,0.35,0.3,0.1,1.0777,0.0502,1.0777,,550.4000,268.8000
247,16,337.2000,56.0000,342,41,293.3691131634821,176.47662734764623,293.0806172153438,191.31387822110554,0.511,3,27,1,4,5000,100,71.0,10.0,15.0,0.35,0.35,0.3,0.1,0.9562,0.0403,0.9562,,337.2000,56.0000
248,18,550.6000,268.8000,580,274,10.375844920051051,288.7213189218974,10.32095436249771,318.14776441144454,0.7972,2,27,1,4,5000,100,71.0,10.0,15.0,0.35,0.35,0.3,0.1,1.0703,0.0485,1.0703,,550.6000,268.8000
248,16,337.2000,56.0000,342,41,293.3691131634821,176.47662734764623,293.0806172153438,191.31387822110554,0.5183,2,27,1,4,5000,100,71.0,10.0,15.0,0.35,0.35,0.3,0.1,0.9562,0.0403,0.9562,,337.2000,56.0000
249,18,550.8000,269.0000,580,274,10.375844920051051,288.7213189218974,10.32095436249771,318.14776441144454,0.7884,2,27,1,4,5000,100,71.0,10.0,15.0,0.35,0.35,0.3,0.1,1.0615,0.0485,1.0615,,550.8000,269.0000
249,16,337.0000,55.0000,342,41,293.3691131634821,176.47662734764623,293.0806172153438,191.31387822110554,0.5143,2,27,1,4,5000,100,71.0,10.0,15.0,0.35,0.35,0.3,0.1,0.8770,0.0403,0.8770,,337.0000,55.0000
250,18,551.0000,269.0000,580,274,10.375844920051051,288.7213189218974,10.32095436249771,318.14776441144454,0.7977,2,27,1,4,5000,100,71.0,10.0,15.0,0.35,0.35,0.3,0.1,1.0541,0.0485,1.0541,,551.0000,269.0000
250,16,337.0000,55.0000,342,41,293.3691131634821,176.47662734764623,293.0806172153438,191.31387822110554,0.5013,2,27,1,4,5000,100,71.0,10.0,15.0,0.35,0.35,0.3,0.1,0.8770,0.0403,0.8770,,337.0000,55.0000
251,18,551.0000,269.0000,580,274,10.375844920051051,288.7213189218974,10.32095436249771,318.14776441144454,0.7894,1,27,1,4,5000,100,71.0,10.0,15.0,0.35,0.35,0.3,0.1,1.0541,0.0485,1.0541,,551.0000,269.0000
