Frame_Number,Track_ID,Center_X,Center_Y,Right_X,Right_Y,Angle_A_deg,A_px,Angle_B_deg,C_px,Pair_Score,Pair_Count,Binary_Threshold,Blur_Size,Min_Area_px2,Max_Area_px2,Max_Width_px,Max_Radial_Gap_px,Max_Angle_Diff_deg,Max_Center_Offset_px,Weight_Angle,Weight_Area,Weight_Center,Min_Score_Threshold,Zprime_mm,Zdoubleprime,Z_mm,B_px,X_mm,Y_mm,B_mm
0,1,378,405,390,425,59.44131292928861,218.3231549790356,59.40221579066578,241.6464359348178,0.8201,2,27,1,4,5000,100,71.0,10.0,15.0,0.35,0.35,0.3,0.1,1.1024,0.0507,3.9940,229.3935,2.9267,-4.9569,5.7564
0,2,196,345,187,358,119.0165843438658,146.37281168304446,119.56953133326778,162.1141573089778,0.5418,2,27,1,4,5000,100,71.0,10.0,15.0,0.35,0.35,0.3,0.1,1.1093,0.051,4.0194,153.8419,-1.8726,-3.3759,3.8605
1,1,378,405,389,424,59.44131292928861,218.3231549790356,59.48609402047973,240.2769235694514,0.7919,3,27,1,4,5000,100,71.0,10.0,15.0,0.35,0.35,0.3,0.1,1.0407,0.0479,3.7693,228.7746,2.9188,-4.9435,5.7409
1,2,195,345,187,358,119.35775354279127,146.86047800548656,119.56953133326778,162.1141573089778,0.7014,3,27,1,4,5000,100,71.0,10.0,15.0,0.35,0.35,0.3,0.1,1.0733,0.0494,3.8880,154.1108,-1.8960,-3.3706,3.8673
1,3,156,199,133,194,189.21102654081665,112.44998888394787,189.73944594549724,135.95955280891445,0.563,3,27,1,4,5000,100,71.0,10.0,15.0,0.35,0.35,0.3,0.1,2.0575,0.0946,7.4751,123.0923,-3.0491,0.4944,3.0889
2,1,378,405,390,424,59.44131292928861,218.3231549790356,59.281095735970815,240.7862122298534,0.7169,3,27,1,4,5000,100,71.0,10.0,15.0,0.35,0.35,0.3,0.1,1.0637,0.0489,3.8530,229.0052,2.9217,-4.9485,5.7467
2,2,195,345,186,359,119.35775354279127,146.86047800548656,119.70140954541058,163.47782724271815,0.6382,3,27,1,4,5000,100,71.0,10.0,15.0,0.35,0.35,0.3,0.1,1.1641,0.0535,4.2190,154.7243,-1.9035,-3.3840,3.8827
2,3,156,199,133,194,189.21102654081665,112.44998888394787,189.73944594549724,135.95955280891445,0.5611,3,27,1,4,5000,100,71.0,10.0,15.0,0.35,0.35,0.3,0.1,2.0575,0.0946,7.4751,123.0923,-3.0491,0.4944,3.0889
3,1,378,405,389,424,59.44131292928861,218.3231549790356,59.48609402047973,240.2769235694514,0.7973,2,27,1,4,5000,100,71.0,10.0,15.0,0.35,0.35,0.3,0.1,1.0407,0.0479,3.7693,228.7746,2.9188,-4.9435,5.7409
3,2,195,345,187,358,119.35775354279127,146.86047800548656,119.56953133326778,162.1141573089778,0.7152,2,27,1,4,5000,100,71.0,10.0,15.0,0.35,0.35,0.3,0.1,1.0733,0.0494,3.8880,154.1108,-1.8960,-3.3706,3.8673
4,1,378,406,390,424,59.57421619803874,219.18485349129398,59.281095735970815,240.7862122298534,0.5578,2,27,1,4,5000,100,71.0,10.0,15.0,0.35,0.35,0.3,0.1,1.021,0.047,3.6973,229.4783,2.9163,-4.9655,5.7586
4,2,195,345,187,359,119.35775354279127,146.86047800548656,119.39605285494326,162.9846618550347,0.7587,2,27,1,4,5000,100,71.0,10.0,15.0,0.35,0.35,0.3,0.1,1.1313,0.052,4.0996,154.5030,-1.9008,-3.3792,3.8771
5,1,378,406,390,424,59.57421619803874,219.18485349129398,59.281095735970815,240.7862122298534,0.5976,3,27,1,4,5000,100,71.0,10.0,15.0,0.35,0.35,0.3,0.1,1.021,0.047,3.6973,229.4783,2.9163,-4.9655,5.7586
5,2,195,345,187,358,119.35775354279127,146.86047800548656,119.56953133326778,162.1141573089778,0.6971,3,27,1,4,5000,100,71.0,10.0,15.0,0.35,0.35,0.3,0.1,1.0733,0.0494,3.8880,154.1108,-1.8960,-3.3706,3.8673
5,3,156,199,133,194,189.21102654081665,112.44998888394787,189.73944594549724,135.95955280891445,0.56,3,27,1,4,5000,100,71.0,10.0,15.0,0.35,0.35,0.3,0.1,2.0575,0.0946,7.4751,123.0923,-3.0491,0.4944,3.0889
6,1,378,405,390,425,59.44131292928861,218.3231549790356,59.40221579066578,241.6464359348178,0.8217,3,27,1,4,5000,100,71.0,10.0,15.0,0.35,0.35,0.3,0.1,1.1024,0.0507,3.9940,229.3935,2.9267,-4.9569,5.7564
6,2,195,345,187,358,119.35775354279127,146.86047800548656,119.56953133326778,162.1141573089778,0.7032,3,27,1,4,5000,100,71.0,10.0,15.0,0.35,0.35,0.3,0.1,1.0733,0.0494,3.8880,154.1108,-1.8960,-3.3706,3.8673
6,3,156,199,133,194,189.21102654081665,112.44998888394787,189.73944594549724,135.95955280891445,0.5326,3,27,1,4,5000,100,71.0,10.0,15.0,0.35,0.35,0.3,0.1,2.0575,0.0946,7.4751,123.0923,-3.0491,0.4944,3.0889
7,1,378,405,390,424,59.44131292928861,218.3231549790356,59.281095735970815,240.7862122298534,0.7156,2,27,1,4,5000,100,71.0,10.0,15.0,0.35,0.35,0.3,0.1,1.0637,0.0489,3.8530,229.0052,2.9217,-4.9485,5.7467
7,2,195,345,187,359,119.35775354279127,146.86047800548656,119.39605285494326,162.9846618550347,0.7975,2,27,1,4,5000,100,71.0,10.0,15.0,0.35,0.35,0.3,0.1,1.1313,0.052,4.0996,154.5030,-1.9008,-3.3792,3.8771
8,1,378,405,389,424,59.44131292928861,218.3231549790356,59.48609402047973,240.2769235694514,0.8089,2,27,1,4,5000,100,71.0,10.0,15.0,0.35,0.35,0.3,0.1,1.0407,0.0479,3.7693,228.7746,2.9188,-4.9435,5.7409
8,2,195,345,187,359,119.35775354279127,146.86047800548656,119.39605285494326,162.9846618550347,0.8177,2,27,1,4,5000,100,71.0,10.0,15.0,0.35,0.35,0.3,0.1,1.1313,0.052,4.0996,154.5030,-1.9008,-3.3792,3.8771
9,1,378,405,389,424,59.44131292928861,218.3231549790356,59.48609402047973,240.2769235694514,0.7955,2,27,1,4,5000,100,71.0,10.0,15.0,0.35,0.35,0.3,0.1,1.0407,0.0479,3.7693,228.7746,2.9188,-4.9435,5.7409
9,2,195,345,187,359,119.35775354279127,146.86047800548656,119.39605285494326,162.9846618550347,0.8011,2,27,1,4,5000,100,71.0,10.0,15.0,0.35,0.35,0.3,0.1,1.1313,0.052,4.0996,154.5030,-1.9008,-3.3792,3.8771
10,1,378,405,389,425,59.44131292928861,218.3231549790356,59.606737354447,241.1389640850271,0.7201,2,27,1,4,5000,100,71.0,10.0,15.0,0.35,0.35,0.3,0.1,1.0796,0.0497,3.9109,229.1646,2.9238,-4.9520,5.7507
10,2,195,345,186,358,119.35775354279127,146.86047800548656,119.87599269168943,162.60996279441184,0.5318,2,27,1,4,5000,100,71.0,10.0,15.0,0.35,0.35,0.3,0.1,1.1064,0.0509,4.0087,154.3345,-1.8987,-3.3755,3.8729
11,1,378,405,389,424,59.44131292928861,218.3231549790356,59.48609402047973,240.2769235694514,0.7957,3,27,1,4,5000,100,71.0,10.0,15.0,0.35,0.35,0.3,0.1,1.0407,0.0479,3.7693,228.7746,2.9188,-4.9435,5.7409
11,2,195,345,187,358,119.35775354279127,146.86047800548656,119.56953133326778,162.1141573089778,0.715,3,27,1,4,5000,100,71.0,10.0,15.0,0.35,0.35,0.3,0.1,1.0733,0.0494,3.8880,154.1108,-1.8960,-3.3706,3.8673
11,3,156,199,133,194,189.21102654081665,112.44998888394787,189.73944594549724,135.95955280891445,0.5423,3,27,1,4,5000,100,71.0,10.0,15.0,0.35,0.35,0.3,0.1,2.0575,0.0946,7.4751,123.0923,-3.0491,0.4944,3.0889
12,1,378,405,389,424,59.44131292928861,218.3231549790356,59.48609402047973,240.2769235694514,0.7852,3,27,1,4,5000,100,71.0,10.0,15.0,0.35,0.35,0.3,0.1,1.0407,0.0479,3.7693,228.7746,2.9188,-4.9435,5.7409
12,2,195,345,187,358,119.35775354279127,146.86047800548656,119.56953133326778,162.1141573089778,0.7122,3,27,1,4,5000,100,71.0,10.0,15.0,0.35,0.35,0.3,0.1,1.0733,0.0494,3.8880,154.1108,-1.8960,-3.3706,3.8673
12,3,156,199,133,194,189.21102654081665,112.44998888394787,189.73944594549724,135.95955280891445,0.567,3,27,1,4,5000,100,71.0,10.0,15.0,0.35,0.35,0.3,0.1,2.0575,0.0946,7.4751,123.0923,-3.0491,0.4944,3.0889
13,1,378,405,389,424,59.44131292928861,218.3231549790356,59.48609402047973,240.2769235694514,0.7686,3,27,1,4,5000,100,71.0,10.0,15.0,0.35,0.35,0.3,0.1,1.0407,0.0479,3.7693,228.7746,2.9188,-4.9435,5.7409
13,2,195,345,186,359,119.35775354279127,146.86047800548656,119.70140954541058,163.47782724271815,0.6453,3,27,1,4,5000,100,71.0,10.0,15.0,0.35,0.35,0.3,0.1,1.1641,0.0535,4.2190,154.7243,-1.9035,-3.3840,3.8827
13,3,156,199,134,194,189.21102654081665,112.44998888394787,189.81125686799604,134.97407158413796,0.5449,3,27,1,4,5000,100,71.0,10.0,15.0,0.35,0.35,0.3,0.1,1.9791,0.091,7.1894,122.6868,-3.0390,0.4928,3.0787
14,1,378,405,389,425,59.44131292928861,218.3231549790356,59.606737354447,241.1389640850271,0.7157,3,27,1,4,5000,100,71.0,10.0,15.0,0.35,0.35,0.3,0.1,1.0796,0.0497,3.9109,229.1646,2.9238,-4.9520,5.7507
14,2,195,345,187,358,119.35775354279127,146.86047800548656,119.56953133326778,162.1141573089778,0.7207,3,27,1,4,5000,100,71.0,10.0,15.0,0.35,0.35,0.3,0.1,1.0733,0.0494,3.8880,154.1108,-1.8960,-3.3706,3.8673
14,3,156,199,133,194,189.21102654081665,112.44998888394787,189.73944594549724,135.95955280891445,0.5658,3,27,1,4,5000,100,71.0,10.0,15.0,0.35,0.35,0.3,0.1,2.0575,0.0946,7.4751,123.0923,-3.0491,0.4944,3.0889
15,1,378,405,390,425,59.44131292928861,218.3231549790356,59.40221579066578,241.6464359348178,0.8276,3,27,1,4,5000,100,71.0,10.0,15.0,0.35,0.35,0.3,0.1,1.1024,0.0507,3.9940,229.3935,2.9267,-4.9569,5.7564
15,2,195,345,187,358,119.35775354279127,146.86047800548656,119.56953133326778,162.1141573089778,0.705,3,27,1,4,5000,100,71.0,10.0,15.0,0.35,0.35,0.3,0.1,1.0733,0.0494,3.8880,154.1108,-1.8960,-3.3706,3.8673
15,3,156,199,133,194,189.21102654081665,112.44998888394787,189.73944594549724,135.95955280891445,0.5655,3,27,1,4,5000,100,71.0,10.0,15.0,0.35,0.35,0.3,0.1,2.0575,0.0946,7.4751,123.0923,-3.0491,0.4944,3.0889
16,1,375,410,385,430,60.769256597841775,221.16283593768642,61.01395882732633,243.50154003619772,0.6393,3,27,1,4,5000,100,71.0,10.0,15.0,0.35,0.35,0.3,0.1,1.0451,0.0481,3.7855,231.7952,2.8405,-5.0760,5.8167
16,2,192,350,183,364,119.4190761517484,152.6892268629323,119.74488129694222,169.30741271426953,0.6246,3,27,1,4,5000,100,71.0,10.0,15.0,0.35,0.35,0.3,0.1,1.122,0.0516,4.0656,160.5695,-1.9792,-3.5098,4.0293
16,3,166,207,149,203,185.6544208226407,101.49384217774002,186.76617482255307,118.82760622010359,0.3855,3,27,1,4,5000,100,71.0,10.0,15.0,0.35,0.35,0.3,0.1,1.7104,0.0787,6.2101,109.4789,-2.7339,0.2707,2.7473
17,1,372,412,382,432,61.69924423399363,221.472345903501,61.85839876773828,243.82370680473218,0.7047,3,27,1,4,5000,100,71.0,10.0,15.0,0.35,0.35,0.3,0.1,1.0443,0.048,3.7825,232.1112,2.7615,-5.1284,5.8246
17,2,188,352,179,366,120.3355385115889,156.41611170208776,120.56626988955452,173.04623659588788,0.697,3,27,1,4,5000,100,71.0,10.0,15.0,0.35,0.35,0.3,0.1,1.0974,0.0505,3.9758,164.3115,-2.0825,-3.5587,4.1232
17,3,149,206,126,201,185.32574062476772,118.51160280748886,186.4739559686723,141.90489773083945,0.379,3,27,1,4,5000,100,71.0,10.0,15.0,0.35,0.35,0.3,0.1,1.9529,0.0898,7.0940,129.1575,-3.2271,0.3008,3.2411
18,1,371,414,381,433,62.16958515751111,222.76669409945464,62.17590361574674,244.23758924457144,0.8292,2,27,1,4,5000,100,71.0,10.0,15.0,0.35,0.35,0.3,0.1,0.9995,0.046,3.6191,233.0086,2.7298,-5.1708,5.8471
18,2,187,353,178,367,120.46554491945989,157.78466338652817,120.68206863687206,174.4161689752415,0.7147,2,27,1,4,5000,100,71.0,10.0,15.0,0.35,0.35,0.3,0.1,1.0884,0.0501,3.9431,165.6841,-2.1080,-3.5837,4.1577
19,1,364,423,374,444,64.78548323192804,227.69497139814047,64.76242093239473,250.95417908454922,0.804,2,27,1,4,5000,100,71.0,10.0,15.0,0.35,0.35,0.3,0.1,1.0564,0.0486,3.8266,238.7595,2.5524,-5.4206,5.9915
19,2,181,362,171,377,120.67232578233511,168.5852899869974,120.96375653207352,186.59046063504962,0.6171,2,27,1,4,5000,100,71.0,10.0,15.0,0.35,0.35,0.3,0.1,1.1021,0.0507,3.9930,177.1315,-2.2675,-3.8231,4.4450
20,1,361,426,371,448,65.78365455843999,229.16587878652442,65.76194226683806,253.33179824096302,0.8156,3,27,1,4,5000,100,71.0,10.0,15.0,0.35,0.35,0.3,0.1,1.0888,0.0501,3.9447,240.6437,2.4770,-5.5073,6.0387
20,2,178,365,168,381,121.0206540104043,172.69916039170545,121.11763918672645,191.56461051039673,0.7803,3,27,1,4,5000,100,71.0,10.0,15.0,0.35,0.35,0.3,0.1,1.1259,0.0518,4.0799,181.6434,-2.3490,-3.9063,4.5582
20,3,151,221,135,221,178.02506598911802,116.06894502837527,178.26429541107163,132.06059215375342,0.6191,3,27,1,4,5000,100,71.0,10.0,15.0,0.35,0.35,0.3,0.1,1.4011,0.0644,5.0829,123.5494,-3.0985,-0.1068,3.1004
21,1,358,429,367,451,66.76879948445858,230.70543990118657,66.8605382367883,254.4720023892609,0.7467,2,27,1,4,5000,100,71.0,10.0,15.0,0.35,0.35,0.3,0.1,1.0649,0.049,3.8576,242.0066,2.3954,-5.5805,6.0729
21,2,175,369,165,386,121.18497465873838,177.67385851610248,121.11309358620342,197.39554199626699,0.7949,2,27,1,4,5000,100,71.0,10.0,15.0,0.35,0.35,0.3,0.1,1.1431,0.0526,4.1425,187.0162,-2.4300,-4.0149,4.6930
22,1,354,433,363,455,68.06151953229354,232.86262044390037,68.03275659318712,256.632032295269,0.8015,2,27,1,4,5000,100,71.0,10.0,15.0,0.35,0.35,0.3,0.1,1.0557,0.0486,3.8238,244.1702,2.2892,-5.6835,6.1272
22,2,171,372,160,389,121.77220399744242,182.3211452355431,121.88545501166804,202.5660386145713,0.7613,2,27,1,4,5000,100,71.0,10.0,15.0,0.35,0.35,0.3,0.1,1.1435,0.0526,4.1440,191.9112,-2.5357,-4.0942,4.8158
23,1,348,437,356,460,69.78721046111454,234.43762496664223,69.88448352676428,258.7856255668,0.7359,2,27,1,4,5000,100,71.0,10.0,15.0,0.35,0.35,0.3,0.1,1.0732,0.0494,3.8877,246.0107,2.1330,-5.7932,6.1734
23,2,164,376,153,394,122.93511558947458,189.44656238633627,122.78428086586914,210.535032714273,0.7114,2,27,1,4,5000,100,71.0,10.0,15.0,0.35,0.35,0.3,0.1,1.1462,0.0527,4.1538,199.4349,-2.7210,-4.2003,5.0046
24,1,340,438,347,460,71.72074584687576,232.74449510138794,71.7775191012451,255.8300216940928,0.7488,2,27,1,4,5000,100,71.0,10.0,15.0,0.35,0.35,0.3,0.1,1.0272,0.0473,3.7202,243.7419,1.9184,-5.8078,6.1165
24,2,156,378,144,395,124.58397169242929,195.5556186868585,124.64490877985199,216.3631207022121,0.8161,2,27,1,4,5000,100,71.0,10.0,15.0,0.35,0.35,0.3,0.1,1.0982,0.0505,3.9787,205.4338,-2.9261,-4.2442,5.1552
25,1,329,443,336,466,74.6591092359951,234.35016535091245,74.51149855709032,258.3834360016137,0.6778,2,27,1,4,5000,100,71.0,10.0,15.0,0.35,0.35,0.3,0.1,1.0604,0.0488,3.8410,245.7807,1.6317,-5.9479,6.1676
25,2,146,383,133,401,126.08889352557722,205.41908382621125,126.06438615741826,227.62249449472256,0.8239,2,27,1,4,5000,100,71.0,10.0,15.0,0.35,0.35,0.3,0.1,1.1147,0.0513,4.0389,215.9516,-3.1921,-4.3792,5.4191
26,1,328,444,335,467,74.95867052681935,235.05318547086316,74.78367328797702,259.0829982843336,0.6547,2,27,1,4,5000,100,71.0,10.0,15.0,0.35,0.35,0.3,0.1,1.0572,0.0486,3.8295,246.4838,1.6052,-5.9734,6.1853
26,2,144,384,131,402,126.37264685593478,207.40781084616847,126.3209130749985,229.6105398277701,0.7836,2,27,1,4,5000,100,71.0,10.0,15.0,0.35,0.35,0.3,0.1,1.1045,0.0508,4.0018,217.9452,-3.2434,-4.4036,5.4691
27,1,328,444,333,466,74.95867052681935,235.05318547086316,75.15454791791618,257.59852484049674,0.6506,2,27,1,4,5000,100,71.0,10.0,15.0,0.35,0.35,0.3,0.1,0.9949,0.0458,3.6023,245.8100,1.6008,-5.9570,6.1684
27,2,144,384,131,402,126.37264685593478,207.40781084616847,126.3209130749985,229.6105398277701,0.8138,2,27,1,4,5000,100,71.0,10.0,15.0,0.35,0.35,0.3,0.1,1.1045,0.0508,4.0018,217.9452,-3.2434,-4.4036,5.4691
28,1,324,448,330,472,76.13897243697885,237.92856070678022,76.122470196792,262.6670896781704,0.8208,2,27,1,4,5000,100,71.0,10.0,15.0,0.35,0.35,0.3,0.1,1.0744,0.0494,3.8919,249.6866,1.5010,-6.0832,6.2657
28,2,141,389,127,407,126.22494425552034,213.21350801485352,126.3843518158359,236.00847442411893,0.7031,2,27,1,4,5000,100,71.0,10.0,15.0,0.35,0.35,0.3,0.1,1.1032,0.0507,3.9969,224.0326,-3.3223,-4.5352,5.6219
29,1,322,453,328,474,76.88132820348773,242.32416305436814,76.64769570125726,264.14011433328335,0.6762,2,27,1,4,5000,100,71.0,10.0,15.0,0.35,0.35,0.3,0.1,0.9365,0.0431,3.3893,252.7623,1.4396,-6.1773,6.3428
29,2,138,394,125,412,126.08507304285213,219.02054698132775,126.06229918358973,241.22396232547047,0.8215,2,27,1,4,5000,100,71.0,10.0,15.0,0.35,0.35,0.3,0.1,1.0488,0.0482,3.7988,229.5867,-3.3933,-4.6559,5.7613
30,1,320,454,326,475,77.3944226456154,242.85386552410483,77.11896857516952,264.66015944981217,0.6539,3,27,1,4,5000,100,71.0,10.0,15.0,0.35,0.35,0.3,0.1,0.9341,0.043,3.3807,253.2885,1.3871,-6.2028,6.3560
30,2,137,395,123,413,126.14204123637164,220.41778512633684,126.30449712257524,243.21184181696418,0.6992,3,27,1,4,5000,100,71.0,10.0,15.0,0.35,0.35,0.3,0.1,1.0688,0.0492,3.8718,231.2545,-3.4226,-4.6864,5.8031
30,4,109,252,101,254,167.5095942820908,161.83015788165073,167.4346516200927,170.07351351694948,0.6441,3,27,1,4,5000,100,71.0,10.0,15.0,0.35,0.35,0.3,0.1,0.5399,0.0248,1.9442,165.8495,-4.0633,-0.9001,4.1618
31,1,318,457,322,477,78.00310069207643,245.35892076710803,78.05582281155367,265.75364531836624,0.6807,3,27,1,4,5000,100,71.0,10.0,15.0,0.35,0.35,0.3,0.1,0.8675,0.0399,3.1379,255.1494,1.3309,-6.2629,6.4027
31,2,134,398,119,418,126.30869246411517,224.61077445216202,126.36489984594563,249.6096953245206,0.806,3,27,1,4,5000,100,71.0,10.0,15.0,0.35,0.35,0.3,0.1,1.146,0.0527,4.1532,236.4513,-3.5135,-4.7815,5.9335
31,4,102,254,83,257,167.36093755936992,169.09760495051373,167.7352262721076,188.29763673503712,0.5354,3,27,1,4,5000,100,71.0,10.0,15.0,0.35,0.35,0.3,0.1,1.1679,0.0537,4.2329,178.1819,-4.3630,-0.9784,4.4713
32,1,317,458,321,477,78.2791885011905,246.13207836444238,78.26691584358777,265.5484889808262,0.7244,2,27,1,4,5000,100,71.0,10.0,15.0,0.35,0.35,0.3,0.1,0.825,0.0379,2.9829,255.4719,1.3023,-6.2772,6.4108
32,2,134,398,119,418,126.30869246411517,224.61077445216202,126.36489984594563,249.6096953245206,0.7907,2,27,1,4,5000,100,71.0,10.0,15.0,0.35,0.35,0.3,0.1,1.146,0.0527,4.1532,236.4513,-3.5135,-4.7815,5.9335
33,1,316,458,320,477,78.50730648869003,245.93088459971838,78.47833242364322,265.34694269955327,0.6992,2,27,1,4,5000,100,71.0,10.0,15.0,0.35,0.35,0.3,0.1,0.8256,0.038,2.9852,255.2702,1.2763,-6.2773,6.4058
33,2,132,399,118,418,126.56648064363154,226.60317738284255,126.54930110639795,250.2039168358481,0.8118,2,27,1,4,5000,100,71.0,10.0,15.0,0.35,0.35,0.3,0.1,1.0761,0.0495,3.8982,237.8195,-3.5554,-4.7932,5.9679
34,2,119,402,102,421,128.6598082540901,236.9155967850154,128.9667469937993,262.37568484903477,0.5346,1,27,1,4,5000,100,71.0,10.0,15.0,0.35,0.35,0.3,0.1,1.1086,0.051,4.0166,248.9965,-3.9033,-4.8791,6.2483
35,2,99,405,81,425,131.7845160082518,252.1269521491108,131.8040619864041,279.03404810166086,0.7607,1,27,1,4,5000,100,71.0,10.0,15.0,0.35,0.35,0.3,0.1,1.1013,0.0507,3.9901,264.8990,-4.4294,-4.9567,6.6474
36,2,81,406,61,425,134.54164354199958,265.1735280905694,134.72321094782225,292.7456233660889,0.6061,1,27,1,4,5000,100,71.0,10.0,15.0,0.35,0.35,0.3,0.1,1.0744,0.0494,3.8920,278.2783,-4.8982,-4.9772,6.9831
37,2,68,406,48,425,136.47636850981308,274.4485379811669,136.4756773081494,302.03476621077914,0.8162,1,27,1,4,5000,100,71.0,10.0,15.0,0.35,0.35,0.3,0.1,1.0403,0.0479,3.7679,287.5816,-5.2327,-4.9697,7.2166
38,2,63,407,42,427,137.0350344568599,278.7758956581433,136.97493401088198,307.77426793024785,0.7692,1,27,1,4,5000,100,71.0,10.0,15.0,0.35,0.35,0.3,0.1,1.0748,0.0494,3.8935,292.5583,-5.3723,-5.0036,7.3415
39,2,64,406,42,427,137.04540848888723,277.3625785862253,136.97493401088198,307.77426793024785,0.7984,1,27,1,4,5000,100,71.0,10.0,15.0,0.35,0.35,0.3,0.1,1.1299,0.052,4.0944,291.7781,-5.3589,-4.9893,7.3219
40,2,69,405,48,425,136.4840146756621,273.034796317246,136.4756773081494,302.03476621077914,0.8056,1,27,1,4,5000,100,71.0,10.0,15.0,0.35,0.35,0.3,0.1,1.0963,0.0504,3.9720,286.8036,-5.2192,-4.9556,7.1971
41,2,88,399,69,418,134.52386874835815,255.27436220662662,134.56921278299137,282.14358046923553,0.763,1,27,1,4,5000,100,71.0,10.0,15.0,0.35,0.35,0.3,0.1,1.0869,0.05,3.9378,268.0373,-4.7164,-4.7955,6.7262
42,1,299,454,301,475,82.31036509725475,239.1505801790997,82.49265333305034,260.23066690918654,0.7755,1,27,1,4,5000,100,71.0,10.0,15.0,0.35,0.35,0.3,0.1,0.9177,0.0422,3.3210,249.2457,0.8369,-6.1984,6.2546
43,1,317,448,322,472,77.7867234535606,236.34931774811622,77.82854179141253,260.86394921491166,0.7914,2,27,1,4,5000,100,71.0,10.0,15.0,0.35,0.35,0.3,0.1,1.0719,0.0493,3.8829,248.0023,1.3166,-6.0825,6.2234
43,5,134,385,120,402,128.36748538486154,214.27319011019554,128.47046400115275,236.29219199965115,0.7346,2,27,1,4,5000,100,71.0,10.0,15.0,0.35,0.35,0.3,0.1,1.0624,0.0489,3.8484,224.7447,-3.5006,-4.4218,5.6398
44,1,325,442,330,466,75.54511006128176,232.35533133543547,75.80144597613683,256.8462575160479,0.6087,3,27,1,4,5000,100,71.0,10.0,15.0,0.35,0.35,0.3,0.1,1.0884,0.0501,3.9430,243.9877,1.5283,-5.9288,6.1227
44,5,143,379,129,396,127.43160297841057,204.00980368599937,127.63041642297489,226.01991062736045,0.6874,3,27,1,4,5000,100,71.0,10.0,15.0,0.35,0.35,0.3,0.1,1.1127,0.0512,4.0317,214.4516,-3.2709,-4.2733,5.3815
44,6,114,234,95,236,173.6598082540901,153.9415473483361,173.6963722437105,173.04623659588788,0.7136,3,27,1,4,5000,100,71.0,10.0,15.0,0.35,0.35,0.3,0.1,1.2702,0.0584,4.6057,162.9358,-4.0637,-0.4515,4.0887
45,1,330,440,336,463,74.22441919020092,231.7282891664287,74.33183957824751,255.49363984256047,0.7401,2,27,1,4,5000,100,71.0,10.0,15.0,0.35,0.35,0.3,0.1,1.0604,0.0488,3.8411,243.0314,1.6580,-5.8689,6.0987
45,5,147,376,134,393,127.04247477308287,199.20090361240835,127.07767834699935,220.60145058453264,0.7835,2,27,1,4,5000,100,71.0,10.0,15.0,0.35,0.35,0.3,0.1,1.1083,0.051,4.0155,209.3557,-3.1648,-4.1934,5.2536
46,1,340,434,347,456,71.40677594566387,228.9497761518888,71.49316190550148,252.03372790164414,0.7493,2,27,1,4,5000,100,71.0,10.0,15.0,0.35,0.35,0.3,0.1,1.0434,0.048,3.7790,239.9378,1.9198,-5.7068,6.0210
46,5,158,370,145,386,125.46676720996999,187.85632808079689,125.82527270824947,208.4346420343797,0.5558,2,27,1,4,5000,100,71.0,10.0,15.0,0.35,0.35,0.3,0.1,1.1289,0.0519,4.0907,197.6112,-2.8773,-4.0388,4.9589
47,1,352,429,360,450,68.15200858934797,228.40534144367115,68.24100040931752,250.87447060233131,0.7531,2,27,1,4,5000,100,71.0,10.0,15.0,0.35,0.35,0.3,0.1,1.0192,0.0469,3.6909,239.1132,2.2330,-5.5694,6.0003
47,5,169,364,158,379,123.69006752597979,176.67201249773547,123.93422419942286,195.25624189766637,0.6701,2,27,1,4,5000,100,71.0,10.0,15.0,0.35,0.35,0.3,0.1,1.0863,0.05,3.9354,185.4998,-2.5821,-3.8732,4.6550
48,1,359,422,368,443,65.83038755527265,224.69757453074567,65.92000548976968,247.54191564258366,0.7594,3,27,1,4,5000,100,71.0,10.0,15.0,0.35,0.35,0.3,0.1,1.0517,0.0484,3.8092,235.5672,2.4203,-5.3931,5.9113
48,5,177,357,168,372,122.7352262721076,166.43316977093238,122.56676481190435,183.91846019364124,0.7318,3,27,1,4,5000,100,71.0,10.0,15.0,0.35,0.35,0.3,0.1,1.085,0.0499,3.9307,174.7395,-2.3712,-3.6885,4.3849
48,7,154,213,137,212,182.0273227005002,113.07077429645558,182.2025981617658,130.09611831257686,0.641,3,27,1,4,5000,100,71.0,10.0,15.0,0.35,0.35,0.3,0.1,1.5221,0.07,5.5239,120.9874,-3.0342,0.1074,3.0361
49,1,364,417,373,437,64.12661477371391,222.28135324403618,64.27438735663432,244.20483205702544,0.7036,2,27,1,4,5000,100,71.0,10.0,15.0,0.35,0.35,0.3,0.1,1.0217,0.047,3.7001,232.7279,2.5485,-5.2547,5.8401
49,5,182,351,172,366,122.38811485340091,158.68522300453813,122.52092819807237,176.70880000724355,0.7875,2,27,1,4,5000,100,71.0,10.0,15.0,0.35,0.35,0.3,0.1,1.1683,0.0537,4.2342,167.2127,-2.2476,-3.5433,4.1961
50,1,367,413,376,433,62.96913974015701,220.03636063160107,63.223135445844754,241.9442084448396,0.6222,2,27,1,4,5000,100,71.0,10.0,15.0,0.35,0.35,0.3,0.1,1.0309,0.0474,3.7337,230.4708,2.6284,-5.1517,5.7835
50,5,185,348,176,361,122.04468071873421,154.5477272560163,122.29061186374423,170.3437700651245,0.7054,2,27,1,4,5000,100,71.0,10.0,15.0,0.35,0.35,0.3,0.1,1.057,0.0486,3.8286,162.0618,-2.1578,-3.4472,4.0668
51,5,188,344,179,357,121.88356387460854,149.56603892595405,122.15229514128235,165.3602128687551,0.7076,2,27,1,4,5000,100,71.0,10.0,15.0,0.35,0.35,0.3,0.1,1.0903,0.0502,3.9501,157.0671,-2.0819,-3.3468,3.9415
51,7,164,200,129,192,189.3720927085791,104.39348638684312,190.26830579801023,140.24621207005913,0.8092,2,27,1,4,5000,100,71.0,10.0,15.0,0.35,0.35,0.3,0.1,3.1861,0.1466,11.5885,119.6927,-2.9635,0.4891,3.0036
52,1,372,405,383,425,60.81617695105656,215.3346233191495,60.85192815428696,238.15961034566715,0.8203,2,27,1,4,5000,100,71.0,10.0,15.0,0.35,0.35,0.3,0.1,1.0942,0.0503,3.9643,226.1727,2.7675,-4.9551,5.6756
52,5,191,340,182,353,121.71134586523797,144.5856147754679,122.0053832080835,160.37767924496225,0.7077,2,27,1,4,5000,100,71.0,10.0,15.0,0.35,0.35,0.3,0.1,1.1258,0.0518,4.0793,152.0728,-2.0059,-3.2464,3.8161
53,1,375,400,385,419,59.45242825109298,212.49235280357738,59.70830389968275,233.9401632896754,0.6389,3,27,1,4,5000,100,71.0,10.0,15.0,0.35,0.35,0.3,0.1,1.0444,0.048,3.7829,222.7011,2.8404,-4.8128,5.5885
53,5,193,335,184,348,122.09259132873417,139.2838827718412,122.35784767211014,155.08062419270823,0.7014,3,27,1,4,5000,100,71.0,10.0,15.0,0.35,0.35,0.3,0.1,1.1667,0.0537,4.2283,146.7584,-1.9566,-3.1200,3.6828
53,7,170,191,134,183,195.0049203828602,100.42410069301094,194.33992850134223,137.27709204379295,0.8566,3,27,1,4,5000,100,71.0,10.0,15.0,0.35,0.35,0.3,0.1,3.3706,0.155,12.2609,115.9938,-2.8115,0.7536,2.9108
54,1,379,394,389,412,57.675665848395894,209.45882650296693,57.968213208756495,230.0195643852931,0.5789,3,27,1,4,5000,100,71.0,10.0,15.0,0.35,0.35,0.3,0.1,1.0171,0.0468,3.6832,219.2582,2.9420,-4.6495,5.5021
54,5,197,328,189,341,122.23678655213024,131.2288078129189,122.1712171285446,146.4923206178399,0.8334,3,27,1,4,5000,100,71.0,10.0,15.0,0.35,0.35,0.3,0.1,1.1948,0.055,4.3310,138.4411,-1.8531,-2.9385,3.4741
54,7,161,181,138,175,198.75865034784223,111.94641575325224,198.03428556712984,135.66502865514016,0.4989,3,27,1,4,5000,100,71.0,10.0,15.0,0.35,0.35,0.3,0.1,2.0825,0.0958,7.5662,122.6697,-2.9148,0.9899,3.0783
55,1,380,392,391,410,57.14909160744135,208.3122656014283,57.27978047964801,229.40139493908924,0.7148,3,27,1,4,5000,100,71.0,10.0,15.0,0.35,0.35,0.3,0.1,1.0474,0.0482,3.7938,218.3488,2.9723,-4.6030,5.4793
55,5,198,326,191,338,122.33493623495765,129.00387591076478,122.13289585998095,142.88806808127822,0.7621,3,27,1,4,5000,100,71.0,10.0,15.0,0.35,0.35,0.3,0.1,1.1102,0.0511,4.0224,135.5915,-1.8199,-2.8749,3.4025
55,7,163,179,141,172,200.07152586453873,110.72488428533127,199.6538240580533,133.79461872586654,0.5782,3,27,1,4,5000,100,71.0,10.0,15.0,0.35,0.35,0.3,0.1,2.0511,0.0943,7.4519,121.1715,-2.8560,1.0435,3.0407
56,1,381,391,392,409,56.768288932020646,208.0192298803166,56.93419592505858,229.1047795223836,0.6852,3,27,1,4,5000,100,71.0,10.0,15.0,0.35,0.35,0.3,0.1,1.0487,0.0482,3.7983,218.0535,2.9987,-4.5770,5.4719
56,5,199,325,191,337,122.19573393471325,127.62444906835053,122.34744349944204,142.04224723651762,0.7954,3,27,1,4,5000,100,71.0,10.0,15.0,0.35,0.35,0.3,0.1,1.1623,0.0535,4.2126,134.4479,-1.7976,-2.8551,3.3739
56,7,165,178,142,171,200.92450174492114,109.20164833920778,200.20361516832514,133.19534526401438,0.5247,3,27,1,4,5000,100,71.0,10.0,15.0,0.35,0.35,0.3,0.1,2.1519,0.099,7.8194,120.0110,-2.8130,1.0755,3.0116
57,5,198,324,190,336,122.81634341401261,127.3184982632139,122.90524292298791,141.7391971192161,0.8147,2,27,1,4,5000,100,71.0,10.0,15.0,0.35,0.35,0.3,0.1,1.1652,0.0536,4.2230,134.1424,-1.8243,-2.8290,3.3662
57,7,163,176,141,170,201.51588470949514,111.7899816620434,200.45631376327802,134.48048185517482,0.4129,2,27,1,4,5000,100,71.0,10.0,15.0,0.35,0.35,0.3,0.1,2.003,0.0921,7.2767,122.0899,-2.8502,1.1237,3.0637
58,1,379,389,390,407,56.92932217723833,205.25106577068,57.082255270639905,226.33824246026123,0.7105,3,27,1,4,5000,100,71.0,10.0,15.0,0.35,0.35,0.3,0.1,1.0622,0.0489,3.8476,215.2795,2.9479,-4.5271,5.4022
58,5,197,324,189,335,123.19293657840146,127.8632081562167,123.46537934635528,141.4496376806954,0.7009,3,27,1,4,5000,100,71.0,10.0,15.0,0.35,0.35,0.3,0.1,1.0968,0.0504,3.9735,134.3137,-1.8452,-2.8205,3.3705
58,7,162,176,140,169,201.32946151527952,112.72089424769483,200.70422362934198,135.76818478568535,0.5175,3,27,1,4,5000,100,71.0,10.0,15.0,0.35,0.35,0.3,0.1,2.0164,0.0927,7.3253,123.1757,-2.8793,1.1243,3.0910
59,1,378,389,388,407,57.16387137342087,204.70710783946902,57.5092994431321,225.257630281418,0.5187,3,27,1,4,5000,100,71.0,10.0,15.0,0.35,0.35,0.3,0.1,1.0391,0.0478,3.7634,214.4913,2.9186,-4.5225,5.3825
59,5,196,324,189,335,123.56631873457331,128.41339493993607,123.46537934635528,141.4496376806954,0.7979,3,27,1,4,5000,100,71.0,10.0,15.0,0.35,0.35,0.3,0.1,1.0502,0.0483,3.8039,134.6166,-1.8677,-2.8148,3.3781
59,7,162,176,140,169,201.32946151527952,112.72089424769483,200.70422362934198,135.76818478568535,0.5204,3,27,1,4,5000,100,71.0,10.0,15.0,0.35,0.35,0.3,0.1,2.0164,0.0927,7.3253,123.1757,-2.8793,1.1243,3.0910
60,1,371,385,381,402,58.240519915187214,197.5854245636555,58.35795101117063,217.30393461693234,0.7375,2,27,1,4,5000,100,71.0,10.0,15.0,0.35,0.35,0.3,0.1,1.0332,0.0475,3.7421,206.9761,2.7338,-4.4162,5.1939
60,5,189,321,181,332,126.86989764584402,130.0,126.79009856162929,143.60013927569847,0.7862,2,27,1,4,5000,100,71.0,10.0,15.0,0.35,0.35,0.3,0.1,1.0807,0.0497,3.9149,136.4621,-2.0546,-2.7395,3.4244
61,1,363,380,372,397,59.503741720033496,189.16923639957952,59.743562836470744,208.38665984174708,0.6538,2,27,1,4,5000,100,71.0,10.0,15.0,0.35,0.35,0.3,0.1,1.0509,0.0483,3.8064,198.3135,2.5255,-4.2881,4.9765
61,5,180,316,171,327,131.30861401354872,131.79529581893277,131.11209043916693,146.0,0.7481,2,27,1,4,5000,100,71.0,10.0,15.0,0.35,0.35,0.3,0.1,1.1116,0.0511,4.0278,138.5345,-2.2948,-2.6113,3.4764
62,1,359,379,369,395,60.407703640642026,186.30083198955393,60.185837262201325,205.15360099203718,0.6487,2,27,1,4,5000,100,71.0,10.0,15.0,0.35,0.35,0.3,0.1,1.047,0.0482,3.7923,195.2732,2.4198,-4.2610,4.9002
62,5,177,315,167,325,132.56335175318986,133.05637902783917,132.7974018382342,147.18695594379278,0.7181,2,27,1,4,5000,100,71.0,10.0,15.0,0.35,0.35,0.3,0.1,1.0962,0.0504,3.9715,139.7654,-2.3723,-2.5832,3.5073
63,1,358,378,367,394,60.52411099675425,184.93782739072068,60.534778615233314,203.2953516438583,0.8148,3,27,1,4,5000,100,71.0,10.0,15.0,0.35,0.35,0.3,0.1,1.028,0.0473,3.7229,193.6826,2.3915,-4.2312,4.8603
63,5,176,314,166,325,133.172031755695,133.00375934536586,133.0817196748532,147.8681845428556,0.7919,3,27,1,4,5000,100,71.0,10.0,15.0,0.35,0.35,0.3,0.1,1.1505,0.0529,4.1696,140.0426,-2.4044,-2.5629,3.5142
63,8,138,166,115,159,201.5713071912546,138.7155362603627,200.88580146069302,162.68988905276197,0.4267,3,27,1,4,5000,100,71.0,10.0,15.0,0.35,0.35,0.3,0.1,1.7292,0.0795,6.2788,149.7492,-3.4946,1.3816,3.7578
64,5,171,312,160,322,135.29997516230392,135.05924625881784,135.54051018713068,149.91330828182,0.6908,1,27,1,4,5000,100,71.0,10.0,15.0,0.35,0.35,0.3,0.1,1.1332,0.0521,4.1063,142.0991,-2.5346,-2.5082,3.5659
65,1,344,370,351,386,63.28535182731951,171.283390905248,63.57072055815563,188.7246671741667,0.6405,2,27,1,4,5000,100,71.0,10.0,15.0,0.35,0.35,0.3,0.1,1.0532,0.0484,3.8149,179.5815,2.0259,-4.0254,4.5064
65,5,162,308,150,318,139.08561677997488,138.94603268895446,139.19766835716092,154.5639026422405,0.7773,2,27,1,4,5000,100,71.0,10.0,15.0,0.35,0.35,0.3,0.1,1.1568,0.0532,4.1924,146.3394,-2.7751,-2.4051,3.6723
66,1,333,364,340,380,65.82089285331082,161.13658802394943,65.87464682645003,178.60011198204776,0.8045,2,27,1,4,5000,100,71.0,10.0,15.0,0.35,0.35,0.3,0.1,1.1175,0.0514,4.0492,169.4195,1.7413,-3.8785,4.2514
66,5,151,302,138,312,143.76758124455299,143.80890097626084,143.63080178854844,160.20611723651504,0.7511,2,27,1,4,5000,100,71.0,10.0,15.0,0.35,0.35,0.3,0.1,1.1726,0.0539,4.2498,151.5653,-3.0679,-2.2480,3.8034
67,1,324,359,330,374,68.1290568347834,153.0130713370593,68.13569725733583,169.1685549976709,0.8151,3,27,1,4,5000,100,71.0,10.0,15.0,0.35,0.35,0.3,0.1,1.0901,0.0501,3.9494,160.6858,1.5021,-3.7420,4.0323
67,5,140,297,127,306,147.79230202714092,150.0966355385756,147.55529674078858,165.89454481688057,0.7006,3,27,1,4,5000,100,71.0,10.0,15.0,0.35,0.35,0.3,0.1,1.0869,0.05,3.9376,157.6007,-3.3463,-2.1079,3.9548
67,9,107,156,75,141,200.86934779483386,171.2337583538947,201.59531044896767,206.49455198624491,0.4476,3,27,1,4,5000,100,71.0,10.0,15.0,0.35,0.35,0.3,0.1,2.0294,0.0933,7.3729,187.2184,-4.3899,1.6736,4.6981
68,1,320,356,325,371,69.12840293026787,148.7615541731129,69.36245301531218,164.5600194457937,0.685,2,27,1,4,5000,100,71.0,10.0,15.0,0.35,0.35,0.3,0.1,1.0962,0.0504,3.9715,156.2625,1.3970,-3.6640,3.9213
68,5,136,294,123,303,149.55357279071254,151.95394038984313,149.1534125878514,167.72596698186004,0.5849,2,27,1,4,5000,100,71.0,10.0,15.0,0.35,0.35,0.3,0.1,1.0726,0.0493,3.8855,159.4509,-3.4495,-2.0276,4.0013
69,1,316,352,321,367,70.05097781644288,143.6175476743702,70.20112364547508,159.42396306703708,0.7367,3,27,1,4,5000,100,71.0,10.0,15.0,0.35,0.35,0.3,0.1,1.1339,0.0522,4.1091,151.1085,1.2937,-3.5644,3.7919
69,5,132,291,118,300,151.2707312155448,153.95129099815955,150.88013877707527,170.55790805471318,0.5926,3,27,1,4,5000,100,71.0,10.0,15.0,0.35,0.35,0.3,0.1,1.1125,0.0512,4.0311,161.8297,-3.5611,-1.9520,4.0610
69,9,98,149,64,135,201.91822029191968,182.16750533506243,201.99579645728025,218.93606372637652,0.7281,3,27,1,4,5000,100,71.0,10.0,15.0,0.35,0.35,0.3,0.1,1.9929,0.0917,7.2396,198.8665,-4.6297,1.8628,4.9904
70,5,131,289,117,297,152.10272896905238,153.88307249337075,151.92751306414706,170.0,0.7504,2,27,1,4,5000,100,71.0,10.0,15.0,0.35,0.35,0.3,0.1,1.0818,0.0498,3.9191,161.5405,-3.5826,-1.8967,4.0537
70,9,97,147,63,132,202.38013505195957,183.84776310850236,202.61986494804043,221.0,0.6201,2,27,1,4,5000,100,71.0,10.0,15.0,0.35,0.35,0.3,0.1,1.995,0.0918,7.2476,200.7192,-4.6575,1.9178,5.0369
71,1,315,347,320,361,69.7343025290525,138.57849761056005,69.79358143704393,153.44380078712857,0.8063,2,27,1,4,5000,100,71.0,10.0,15.0,0.35,0.35,0.3,0.1,1.1067,0.0509,4.0097,145.6328,1.2658,-3.4283,3.6545
71,5,132,286,118,294,152.92791976200724,151.61134522191932,152.67105036199203,167.72000476985446,0.6991,2,27,1,4,5000,100,71.0,10.0,15.0,0.35,0.35,0.3,0.1,1.0967,0.0504,3.9733,159.2594,-3.5586,-1.8188,3.9965
72,1,315,344,320,358,69.295776370658,135.76818478568535,69.39943592417514,150.63200191194434,0.7617,3,27,1,4,5000,100,71.0,10.0,15.0,0.35,0.35,0.3,0.1,1.1283,0.0519,4.0885,142.8144,1.2670,-3.3523,3.5838
72,5,132,283,118,291,153.94650468950906,150.26975743641833,153.58896936459433,166.3640586184408,0.6261,3,27,1,4,5000,100,71.0,10.0,15.0,0.35,0.35,0.3,0.1,1.105,0.0508,4.0037,157.9079,-3.5599,-1.7404,3.9626
72,9,97,141,64,126,204.08745230863227,186.2149295840696,204.14554196042164,222.46348014898985,0.7225,3,27,1,4,5000,100,71.0,10.0,15.0,0.35,0.35,0.3,0.1,1.9283,0.0887,7.0042,202.7316,-4.6444,2.0763,5.0874
73,1,314,341,319,354,69.2416757284536,132.60844618650805,69.2151389860315,146.53668482670133,0.8087,3,27,1,4,5000,100,71.0,10.0,15.0,0.35,0.35,0.3,0.1,1.0847,0.0499,3.9298,139.2251,1.2383,-3.2669,3.4937
73,5,131,280,117,288,155.14476286706355,149.88328792764054,154.67024589180056,165.9548131269473,0.5479,3,27,1,4,5000,100,71.0,10.0,15.0,0.35,0.35,0.3,0.1,1.1062,0.0509,4.0082,157.5101,-3.5865,-1.6614,3.9526
73,9,96,138,63,123,204.79638483167486,188.36666371733614,204.73950886974814,224.61522655421203,0.7196,3,27,1,4,5000,100,71.0,10.0,15.0,0.35,0.35,0.3,0.1,1.9082,0.0878,6.9310,204.9001,-4.6677,2.1564,5.1418
74,5,130,277,116,284,156.34868667335783,149.56269588369955,156.07272661995057,165.19685227025363,0.6456,2,27,1,4,5000,100,71.0,10.0,15.0,0.35,0.35,0.3,0.1,1.0798,0.0497,3.9119,156.9915,-3.6087,-1.5804,3.9396
74,9,95,135,62,119,205.4892005562867,190.5465822312224,205.55007465241349,227.2201575564985,0.6914,2,27,1,4,5000,100,71.0,10.0,15.0,0.35,0.35,0.3,0.1,1.9084,0.0878,6.9319,207.2737,-4.6951,2.2384,5.2013
75,5,128,273,114,280,158.05659382911506,149.85659811966906,157.61986494804043,165.46298679765212,0.5718,2,27,1,4,5000,100,71.0,10.0,15.0,0.35,0.35,0.3,0.1,1.076,0.0495,3.8979,157.2736,-3.6607,-1.4748,3.9466
75,9,93,132,60,115,206.03577496687663,193.65174928205528,206.2319399331566,230.76611536358627,0.6377,2,27,1,4,5000,100,71.0,10.0,15.0,0.35,0.35,0.3,0.1,1.9011,0.0874,6.9052,210.5861,-4.7482,2.3195,5.2845
76,5,126,269,112,275,159.75631185458593,150.28306624500314,159.48447512692354,165.4962235218677,0.65,2,27,1,4,5000,100,71.0,10.0,15.0,0.35,0.35,0.3,0.1,1.0474,0.0482,3.7935,157.5232,-3.7087,-1.3678,3.9529
76,9,93,128,58,111,207.08948302560574,195.4405280385826,206.89307686514286,234.3437645852776,0.6558,2,27,1,4,5000,100,71.0,10.0,15.0,0.35,0.35,0.3,0.1,1.9679,0.0905,7.1485,213.1314,-4.7616,2.4355,5.3483
77,5,123,263,108,269,162.28420729362307,151.16877984557524,161.88997650009946,167.28717822953436,0.563,2,27,1,4,5000,100,71.0,10.0,15.0,0.35,0.35,0.3,0.1,1.1004,0.0506,3.9867,158.8201,-3.7964,-1.2128,3.9854
77,9,96,120,76,109,209.5641381125332,196.596032513375,209.48577269807836,219.4196891803468,0.6647,2,27,1,4,5000,100,71.0,10.0,15.0,0.35,0.35,0.3,0.1,1.1927,0.0549,4.3233,207.3818,-4.5265,2.5677,5.2041
78,5,119,257,104,262,164.87599269168942,153.3101431738944,164.56657550477715,169.09760495051373,0.6407,1,27,1,4,5000,100,71.0,10.0,15.0,0.35,0.35,0.3,0.1,1.0646,0.049,3.8562,160.8173,-3.8958,-1.0529,4.0356
79,5,116,251,100,255,167.31058786351602,154.7804897265802,167.18090583475623,171.26879458909028,0.7217,2,27,1,4,5000,100,71.0,10.0,15.0,0.35,0.35,0.3,0.1,1.0994,0.0506,3.9832,162.6077,-3.9808,-0.8963,4.0805
79,9,88,106,77,99,211.8035368077815,210.62288574606512,211.84245725998517,223.6604569431083,0.6764,2,27,1,4,5000,100,71.0,10.0,15.0,0.35,0.35,0.3,0.1,0.6527,0.03,2.3549,216.9460,-4.6267,2.8691,5.4441
80,5,119,242,100,246,170.41216697518138,150.0966355385756,170.14867265719195,169.49926253526885,0.5725,1,27,1,4,5000,100,71.0,10.0,15.0,0.35,0.35,0.3,0.1,1.3198,0.0607,4.7866,159.2090,-3.9394,-0.6654,3.9952
81,5,120,236,104,239,172.63525375501735,148.22280526288793,172.31327831853167,164.47796204963143,0.6411,2,27,1,4,5000,100,71.0,10.0,15.0,0.35,0.35,0.3,0.1,1.1301,0.052,4.0951,155.9279,-3.8806,-0.5016,3.9129
81,9,93,95,69,79,215.03619581009283,212.5088233462319,214.87532834460217,241.3462243334252,0.5772,2,27,1,4,5000,100,71.0,10.0,15.0,0.35,0.35,0.3,0.1,1.3813,0.0635,5.0108,226.0114,-4.6438,3.2560,5.6716
82,5,126,230,111,231,174.73230287195577,141.59802258506295,174.87180895814717,156.62694531912445,0.7412,1,27,1,4,5000,100,71.0,10.0,15.0,0.35,0.35,0.3,0.1,1.0956,0.0504,3.9693,148.7338,-3.7166,-0.3427,3.7323
83,5,128,222,113,222,177.93988897627688,139.0898989862312,178.14040066125446,154.0811474515945,0.6917,1,27,1,4,5000,100,71.0,10.0,15.0,0.35,0.35,0.3,0.1,1.1117,0.0511,4.0279,146.2022,-3.6664,-0.1319,3.6688
84,5,129,214,111,214,181.24536426676835,138.03260484392808,181.10170611520635,156.02884348735012,0.8486,1,27,1,4,5000,100,71.0,10.0,15.0,0.35,0.35,0.3,0.1,1.3305,0.0612,4.8254,146.4800,-3.6749,0.0799,3.6758
85,5,128,208,113,206,183.7046274420771,139.29106216839614,184.08561677997488,154.39235732380018,0.628,1,27,1,4,5000,100,71.0,10.0,15.0,0.35,0.35,0.3,0.1,1.1179,0.0514,4.0505,146.4535,-3.6674,0.2375,3.6751
86,5,128,201,112,200,186.5662986207463,139.91783303067555,186.25903630512224,155.92947123619703,0.7222,1,27,1,4,5000,100,71.0,10.0,15.0,0.35,0.35,0.3,0.1,1.1766,0.0541,4.2646,147.4904,-3.6769,0.4232,3.7011
87,5,129,198,114,197,187.83926333180543,139.30183056945089,187.44741685019514,154.30165261590687,0.6295,1,27,1,4,5000,100,71.0,10.0,15.0,0.35,0.35,0.3,0.1,1.1107,0.0511,4.0243,146.4186,-3.6399,0.5011,3.6742
88,5,132,191,117,189,190.90126765303006,137.48090776540573,190.5735234185609,152.5909564816998,0.6812,1,27,1,4,5000,100,71.0,10.0,15.0,0.35,0.35,0.3,0.1,1.1325,0.0521,4.1037,144.6424,-3.5642,0.6864,3.6297
89,5,130,187,119,184,192.35155915003017,140.24621207005913,192.5697918076787,151.63442880823604,0.5703,1,27,1,4,5000,100,71.0,10.0,15.0,0.35,0.35,0.3,0.1,0.8482,0.039,3.0677,145.7182,-3.5720,0.7822,3.6567
90,5,135,181,120,177,195.25511870305778,136.82105101189657,195.2221332262684,152.34500319997372,0.8334,1,27,1,4,5000,100,71.0,10.0,15.0,0.35,0.35,0.3,0.1,1.1671,0.0537,4.2300,144.1663,-3.4902,0.9519,3.6177
91,5,136,175,122,171,197.7764056453584,137.56816492197603,197.60118136778559,152.12166183683374,0.706,1,27,1,4,5000,100,71.0,10.0,15.0,0.35,0.35,0.3,0.1,1.0922,0.0502,3.9569,144.4793,-3.4525,1.1069,3.6256
92,5,137,170,124,165,199.8768721946033,138.23530663329106,199.98310652189997,152.16109883935513,0.7599,1,27,1,4,5000,100,71.0,10.0,15.0,0.35,0.35,0.3,0.1,1.0425,0.048,3.7759,144.8643,-3.4187,1.2360,3.6352
93,5,139,163,126,158,202.87366519062672,138.92443989449805,202.7063708403059,152.84632805533798,0.7107,1,27,1,4,5000,100,71.0,10.0,15.0,0.35,0.35,0.3,0.1,1.0373,0.0477,3.7570,145.5532,-3.3653,1.4197,3.6525
94,5,141,157,128,151,205.4633450618716,139.5564401953561,205.3993095707768,153.87332452377834,0.796,1,27,1,4,5000,100,71.0,10.0,15.0,0.35,0.35,0.3,0.1,1.0607,0.0488,3.8423,146.3656,-3.3161,1.5791,3.6729
95,5,144,153,131,146,207.4890965298507,138.6542462386205,207.56720750091563,153.4177303964571,0.7848,1,27,1,4,5000,100,71.0,10.0,15.0,0.35,0.35,0.3,0.1,1.0989,0.0505,3.9814,145.6629,-3.2426,1.6872,3.6553
96,5,148,148,135,141,210.1065270411584,137.55726080436466,209.93151184050777,152.31546211727817,0.709,1,27,1,4,5000,100,71.0,10.0,15.0,0.35,0.35,0.3,0.1,1.1068,0.0509,4.0103,144.5607,-3.1382,1.8196,3.6276
97,5,152,142,139,134,213.11134196037202,137.2953021774598,212.9608878839777,152.55490814785344,0.7531,1,27,1,4,5000,100,71.0,10.0,15.0,0.35,0.35,0.3,0.1,1.1445,0.0526,4.1477,144.5234,-3.0378,1.9811,3.6267
98,5,156,138,144,129,215.4399035191137,136.24243098242192,215.58171758308083,151.23822268196622,0.7395,1,27,1,4,5000,100,71.0,10.0,15.0,0.35,0.35,0.3,0.1,1.134,0.0522,4.1094,143.3492,-2.9307,2.0858,3.5972
99,5,161,133,150,125,218.39516450324604,135.2479205015737,218.17884763521565,148.8388390172404,0.7157,1,27,1,4,5000,100,71.0,10.0,15.0,0.35,0.35,0.3,0.1,1.0401,0.0478,3.7669,141.7183,-2.7872,2.2087,3.5563
100,5,166,129,154,120,221.06521794363056,133.9589489358587,220.6430249941537,148.92279879185725,0.6443,1,27,1,4,5000,100,71.0,10.0,15.0,0.35,0.35,0.3,0.1,1.15,0.0529,4.1676,141.0451,-2.6686,2.3251,3.5394
101,5,171,125,160,115,223.78112476486868,132.9661611087573,223.6295489822004,147.82760229402356,0.7704,1,27,1,4,5000,100,71.0,10.0,15.0,0.35,0.35,0.3,0.1,1.1506,0.0529,4.1699,140.0036,-2.5365,2.4308,3.5133
102,5,177,120,167,110,227.1437608652234,132.32157798333574,226.93680038622105,146.4547711752676,0.7151,1,27,1,4,5000,100,71.0,10.0,15.0,0.35,0.35,0.3,0.1,1.1022,0.0507,3.9933,139.0299,-2.3730,2.5575,3.4888
103,5,183,117,173,107,229.9697407281103,130.59862173851607,229.48460600954462,144.69277798148738,0.6005,1,27,1,4,5000,100,71.0,10.0,15.0,0.35,0.35,0.3,0.1,1.113,0.0512,4.0329,137.2849,-2.2158,2.6379,3.4450
104,5,189,114,180,103,232.86402479549955,129.20139318134306,232.6506509553594,143.40502083260543,0.7381,1,27,1,4,5000,100,71.0,10.0,15.0,0.35,0.35,0.3,0.1,1.1327,0.0521,4.1046,135.9332,-2.0593,2.7194,3.4111
105,5,194,112,186,101,235.1915018500277,127.88275880665071,235.07433273010275,141.4814475470194,0.7815,1,27,1,4,5000,100,71.0,10.0,15.0,0.35,0.35,0.3,0.1,1.0975,0.0505,3.9764,134.3388,-1.9244,2.7679,3.3711
106,5,201,109,193,98,238.5704343851615,126.57013865837392,238.12463724841095,140.13208055259867,0.5916,1,27,1,4,5000,100,71.0,10.0,15.0,0.35,0.35,0.3,0.1,1.1055,0.0509,4.0054,133.0063,-1.7404,2.8480,3.3377
107,5,206,106,200,95,241.20902492780797,126.65701717630967,241.2252753611782,139.18692467326088,0.8184,1,27,1,4,5000,100,71.0,10.0,15.0,0.35,0.35,0.3,0.1,1.0247,0.0471,3.7108,132.6267,-1.6029,2.9167,3.3281
108,5,212,103,205,91,244.2447292398329,126.57408897558773,243.79988515865267,140.42791745233566,0.5832,1,27,1,4,5000,100,71.0,10.0,15.0,0.35,0.35,0.3,0.1,1.128,0.0519,4.0875,133.1416,-1.4518,3.0092,3.3411
109,5,217,99,211,85,247.03622694014544,128.15615474880636,247.01128319791934,143.38758663147937,0.8146,1,27,1,4,5000,100,71.0,10.0,15.0,0.35,0.35,0.3,0.1,1.2194,0.0561,4.4207,135.3447,-1.3251,3.1272,3.3964
110,5,222,95,217,83,249.75337992441177,130.034610777285,249.5377284765778,143.024473430249,0.7068,1,27,1,4,5000,100,71.0,10.0,15.0,0.35,0.35,0.3,0.1,1.0342,0.0476,3.7456,136.2206,-1.1830,3.2071,3.4183
111,5,229,94,224,81,252.831827564818,128.73616430514,252.4542712543037,142.63590010933433,0.651,1,27,1,4,5000,100,71.0,10.0,15.0,0.35,0.35,0.3,0.1,1.1135,0.0512,4.0347,135.3301,-1.0024,3.2447,3.3960
113,5,243,91,240,78,259.2157021324374,128.2653499585917,259.0074924197323,141.59802258506295,0.7098,1,27,1,4,5000,100,71.0,10.0,15.0,0.35,0.35,0.3,0.1,1.0741,0.0494,3.8909,134.6023,-0.6320,3.3181,3.3777
114,5,253,89,250,75,263.75808565258495,128.76334882255898,263.1731376615263,143.01398533010678,0.5612,1,27,1,4,5000,100,71.0,10.0,15.0,0.35,0.35,0.3,0.1,1.1399,0.0524,4.1309,135.5151,-0.3697,3.3805,3.4006
115,10,440,158,458,151,341.1685469219449,182.7840255602223,340.93742298546016,202.08166665979377,0.6974,2,27,1,4,5000,100,71.0,10.0,15.0,0.35,0.35,0.3,0.1,1.0901,0.0501,3.9492,191.9490,4.5590,1.5548,4.8168
115,5,261,86,259,72,267.3775985394589,131.13733259449805,266.84205520356073,145.2205219657332,0.588,2,27,1,4,5000,100,71.0,10.0,15.0,0.35,0.35,0.3,0.1,1.1079,0.051,4.0141,137.8201,-0.1582,3.4548,3.4585
116,11,297,452,300,477,82.72499504211075,236.90715480964266,82.76652040250137,262.08586379276545,0.8228,3,27,1,4,5000,100,71.0,10.0,15.0,0.35,0.35,0.3,0.1,1.097,0.0505,3.9744,248.8613,0.7908,-6.1947,6.2450
116,10,448,156,466,149,341.37533074625264,191.0026177831079,341.13426396006935,210.2974084481309,0.6674,3,27,1,4,5000,100,71.0,10.0,15.0,0.35,0.35,0.3,0.1,1.0453,0.0481,3.7859,200.1862,4.7604,1.6043,5.0235
116,5,268,83,267,69,270.42757250683337,134.00373129133382,270.0,148.0,0.5972,3,27,1,4,5000,100,71.0,10.0,15.0,0.35,0.35,0.3,0.1,1.079,0.0496,3.9088,140.6545,0.0263,3.5295,3.5296
117,11,303,450,307,475,81.21688464388224,235.76471322061747,81.1870983622556,261.0823624835657,0.8296,3,27,1,4,5000,100,71.0,10.0,15.0,0.35,0.35,0.3,0.1,1.1078,0.051,4.0138,247.7785,0.9494,-6.1449,6.2178
117,10,454,154,474,147,341.3814114869582,197.327139542436,341.3163011646496,218.51544567833184,0.8006,3,27,1,4,5000,100,71.0,10.0,15.0,0.35,0.35,0.3,0.1,1.1077,0.051,4.0135,207.3815,4.9317,1.6615,5.2041
117,5,275,81,275,66,273.3664606634298,136.23509092741122,273.03270261617695,151.21177202850313,0.6513,3,27,1,4,5000,100,71.0,10.0,15.0,0.35,0.35,0.3,0.1,1.1327,0.0521,4.1046,143.3333,0.2112,3.5906,3.5968
118,11,308,448,313,474,79.93543179274815,234.61031520374377,79.8521816533568,261.0842775810141,0.7782,3,27,1,4,5000,100,71.0,10.0,15.0,0.35,0.35,0.3,0.1,1.1611,0.0534,4.2080,247.1403,1.0838,-6.1063,6.2018
118,10,461,153,482,146,341.7424369246103,204.2841158778626,341.72509483768397,226.4199637841151,0.8375,3,27,1,4,5000,100,71.0,10.0,15.0,0.35,0.35,0.3,0.1,1.1173,0.0514,4.0485,214.7832,5.1185,1.6886,5.3898
118,5,282,79,282,65,276.20344790169185,138.81282361511128,275.63594069829344,152.73833834371774,0.4915,3,27,1,4,5000,100,71.0,10.0,15.0,0.35,0.35,0.3,0.1,1.0384,0.0478,3.7608,145.4430,0.3944,3.6284,3.6498
119,11,314,447,318,472,78.45073817644065,234.75306174787156,78.69006752597979,260.049995193232,0.6502,3,27,1,4,5000,100,71.0,10.0,15.0,0.35,0.35,0.3,0.1,1.1115,0.0511,4.0272,246.7549,1.2397,-6.0667,6.1921
119,10,466,152,488,145,341.91124502753894,209.34660255184463,341.9548123723961,232.43278598338918,0.8089,3,27,1,4,5000,100,71.0,10.0,15.0,0.35,0.35,0.3,0.1,1.1361,0.0523,4.1169,220.2865,5.2547,1.7164,5.5279
119,5,288,78,289,63,278.59122543222765,140.57738082636197,278.13010235415595,155.56349186104046,0.5469,3,27,1,4,5000,100,71.0,10.0,15.0,0.35,0.35,0.3,0.1,1.1001,0.0506,3.9859,147.6913,0.5536,3.6646,3.7062
120,11,320,446,325,470,76.9688425373277,235.05318547086316,77.08810879240212,259.5630944491146,0.7464,3,27,1,4,5000,100,71.0,10.0,15.0,0.35,0.35,0.3,0.1,1.0773,0.0496,3.9026,246.7009,1.3959,-6.0313,6.1907
120,10,473,151,494,144,342.2351466993025,216.31458573105976,342.17294114691674,238.4491560060551,0.793,3,27,1,4,5000,100,71.0,10.0,15.0,0.35,0.35,0.3,0.1,1.0581,0.0487,3.8328,226.8432,5.4210,1.7368,5.6924
120,5,294,76,296,62,280.8403054543306,143.56183336806478,280.5973351450236,157.68956845650888,0.7013,3,27,1,4,5000,100,71.0,10.0,15.0,0.35,0.35,0.3,0.1,1.0195,0.0469,3.6921,150.2944,0.7093,3.7042,3.7715
121,11,327,445,333,469,75.25643716352927,235.762592452662,75.32360686254998,260.4995201531089,0.8082,3,27,1,4,5000,100,71.0,10.0,15.0,0.35,0.35,0.3,0.1,1.0837,0.0498,3.9258,247.5145,1.5807,-6.0066,6.2112
121,10,481,150,503,143,342.61549078054816,224.24317157942625,342.5906972530431,247.329739416836,0.8211,3,27,1,4,5000,100,71.0,10.0,15.0,0.35,0.35,0.3,0.1,1.0643,0.049,3.8553,235.2213,5.6330,1.7636,5.9027
121,5,302,75,305,60,283.8462084118265,146.24978632463024,283.6061030542493,161.533278305122,0.6841,3,27,1,4,5000,100,71.0,10.0,15.0,0.35,0.35,0.3,0.1,1.0795,0.0497,3.9108,153.5121,0.9219,3.7403,3.8522
122,11,332,444,338,468,74.0212732247026,236.1228493814184,74.20546151643516,260.84861510078986,0.6744,3,27,1,4,5000,100,71.0,10.0,15.0,0.35,0.35,0.3,0.1,1.0816,0.0498,3.9184,247.8706,1.7123,-5.9798,6.2201
122,10,487,150,510,142,343.06212416159207,229.97608571327584,342.8475782597882,254.31083343027288,0.6387,3,27,1,4,5000,100,71.0,10.0,15.0,0.35,0.35,0.3,0.1,1.0924,0.0502,3.9577,241.5321,5.7981,1.7658,6.0610
122,5,309,74,312,59,286.36784560598676,149.04026301640775,285.8974897419251,164.28329190760695,0.5478,3,27,1,4,5000,100,71.0,10.0,15.0,0.35,0.35,0.3,0.1,1.0576,0.0486,3.8310,156.2910,1.1052,3.7630,3.9220
123,11,338,441,345,464,72.41324435830184,234.98297810692586,72.47443162627712,259.02316498722655,0.8114,3,27,1,4,5000,100,71.0,10.0,15.0,0.35,0.35,0.3,0.1,1.0579,0.0487,3.8321,246.4181,1.8684,-5.8946,6.1836
123,10,493,147,516,139,342.7904424794521,236.5924766344019,342.60667785308794,260.93102536877444,0.6828,3,27,1,4,5000,100,71.0,10.0,15.0,0.35,0.35,0.3,0.1,1.0635,0.0489,3.8524,248.1664,5.9487,1.8425,6.2275
123,5,315,71,319,56,288.1991650530454,153.68799562750502,287.89948983735746,169.1892431568863,0.6583,3,27,1,4,5000,100,71.0,10.0,15.0,0.35,0.35,0.3,0.1,1.0437,0.048,3.7803,161.0665,1.2623,3.8396,4.0418
124,11,344,438,352,462,70.79083101214992,234.0299126180241,70.86635679409451,259.3260495977988,0.8174,3,27,1,4,5000,100,71.0,10.0,15.0,0.35,0.35,0.3,0.1,1.1147,0.0513,4.0389,246.0295,2.0313,-5.8301,6.1739
124,10,500,145,525,137,342.8281775709059,243.87086746883074,342.77251177354907,270.1184925176357,0.7815,3,27,1,4,5000,100,71.0,10.0,15.0,0.35,0.35,0.3,0.1,1.1102,0.0511,4.0225,256.3245,6.1455,1.8990,6.4322
124,5,322,69,327,53,290.38615459958083,157.88920165736477,290.0952311919048,174.63103962354458,0.6965,3,27,1,4,5000,100,71.0,10.0,15.0,0.35,0.35,0.3,0.1,1.0946,0.0503,3.9656,165.8387,1.4497,3.9009,4.1616
125,11,351,437,359,461,69.10223450116113,235.49097647256042,69.34108993669251,260.76809620810593,0.662,2,27,1,4,5000,100,71.0,10.0,15.0,0.35,0.35,0.3,0.1,1.1073,0.0509,4.0121,247.4858,2.2153,-5.8019,6.2104
125,10,507,144,532,136,343.08198714792195,250.85653270345583,343.0036838713407,277.1028689855087,0.7528,2,27,1,4,5000,100,71.0,10.0,15.0,0.35,0.35,0.3,0.1,1.0808,0.0497,3.9153,263.3273,6.3220,1.9229,6.6080
126,11,358,437,367,461,67.52823366756111,238.07771840304585,67.71441235316725,263.69679558159214,0.707,3,27,1,4,5000,100,71.0,10.0,15.0,0.35,0.35,0.3,0.1,1.11,0.0511,4.0218,250.2332,2.4002,-5.8026,6.2794
126,10,515,144,542,136,343.5979524014808,258.5207922005501,343.5879022736216,286.6810073932349,0.8345,3,27,1,4,5000,100,71.0,10.0,15.0,0.35,0.35,0.3,0.1,1.1229,0.0517,4.0688,271.8736,6.5448,1.9265,6.8224
126,5,338,67,345,51,295.32975410819944,165.9548131269473,295.1678701497816,183.412104289766,0.7538,3,27,1,4,5000,100,71.0,10.0,15.0,0.35,0.35,0.3,0.1,1.0863,0.05,3.9355,174.2473,1.8707,3.9522,4.3726
127,11,365,436,375,460,65.89202903715268,239.92707225321615,66.03751102542182,265.9191606484948,0.7159,3,27,1,4,5000,100,71.0,10.0,15.0,0.35,0.35,0.3,0.1,1.1171,0.0514,4.0476,252.2553,2.5856,-5.7780,6.3301
127,10,523,144,550,136,344.08416848216694,266.20480837129895,344.02786785299486,294.3637205907005,0.7828,3,27,1,4,5000,100,71.0,10.0,15.0,0.35,0.35,0.3,0.1,1.0921,0.0502,3.9565,279.5770,6.7468,1.9239,7.0157
127,5,346,67,353,51,297.77428119943136,169.53170794869024,297.3874221570762,186.9545399288287,0.6114,3,27,1,4,5000,100,71.0,10.0,15.0,0.35,0.35,0.3,0.1,1.0625,0.0489,3.8488,177.8174,2.0793,3.9481,4.4622
128,11,370,435,381,459,64.71033990036038,241.10785968109792,64.7760766026392,267.5070092539633,0.7949,3,27,1,4,5000,100,71.0,10.0,15.0,0.35,0.35,0.3,0.1,1.1284,0.0519,4.0889,253.6223,2.7188,-5.7545,6.3644
128,10,529,143,557,135,344.22805194314515,272.2498852157701,344.21129225772813,301.37020423392886,0.8327,3,27,1,4,5000,100,71.0,10.0,15.0,0.35,0.35,0.3,0.1,1.1036,0.0508,3.9987,286.0709,6.9084,1.9512,7.1787
128,5,352,65,361,50,299.2143799802684,174.15223225672418,299.37404000611417,191.637678967368,0.7566,3,27,1,4,5000,100,71.0,10.0,15.0,0.35,0.35,0.3,0.1,1.0392,0.0478,3.7638,182.4770,2.2350,3.9966,4.5791
129,11,375,434,386,458,63.5406604732907,242.39018131929353,63.720948674717086,268.77871939571406,0.7368,3,27,1,4,5000,100,71.0,10.0,15.0,0.35,0.35,0.3,0.1,1.1223,0.0516,4.0667,254.9033,2.8501,-5.7265,6.3966
129,10,534,143,562,135,344.5090975270656,277.0649743291274,344.4658722586777,306.18458485038076,0.7965,3,27,1,4,5000,100,71.0,10.0,15.0,0.35,0.35,0.3,0.1,1.0854,0.0499,3.9322,290.8979,7.0346,1.9497,7.2998
129,5,358,65,367,49,300.90829112876736,177.15812146215595,300.7627195342389,195.50959055759898,0.7603,3,27,1,4,5000,100,71.0,10.0,15.0,0.35,0.35,0.3,0.1,1.0706,0.0492,3.8781,185.8820,2.3960,4.0021,4.6645
130,11,384,433,395,456,61.55707137563666,245.65219315121126,61.82806290667524,271.1180554666177,0.5164,3,27,1,4,5000,100,71.0,10.0,15.0,0.35,0.35,0.3,0.1,1.0713,0.0493,3.8809,257.7577,3.0807,-5.6874,6.4682
130,10,543,142,572,134,344.79759129082385,286.0087411251621,344.77667695378545,316.0917588296158,0.8173,3,27,1,4,5000,100,71.0,10.0,15.0,0.35,0.35,0.3,0.1,1.0862,0.05,3.9351,300.2987,7.2720,1.9761,7.5357
130,5,366,63,375,47,302.7352262721076,183.07648674802562,302.4275549957725,201.40506448448608,0.6212,3,27,1,4,5000,100,71.0,10.0,15.0,0.35,0.35,0.3,0.1,1.0364,0.0477,3.7535,191.8039,2.6027,4.0487,4.8131
131,11,401,430,414,453,57.825674376476215,251.6445906432324,58.08199114967273,278.03776721877193,0.5566,3,27,1,4,5000,100,71.0,10.0,15.0,0.35,0.35,0.3,0.1,1.0833,0.0498,3.9244,264.1836,3.5302,-5.6114,6.6295
131,10,560,140,591,132,345.2756897768883,302.9488405655318,345.2999683658455,334.96417718914364,0.8074,3,27,1,4,5000,100,71.0,10.0,15.0,0.35,0.35,0.3,0.1,1.0911,0.0502,3.9529,318.1531,7.7216,2.0292,7.9838
131,5,383,60,395,44,306.45897184681337,195.2050204272421,306.49716084414246,215.20455385516357,0.7887,3,27,1,4,5000,100,71.0,10.0,15.0,0.35,0.35,0.3,0.1,1.0594,0.0487,3.8374,204.7175,3.0528,4.1318,5.1372
132,11,414,428,429,450,55.135749725544585,257.1575392633862,55.18992306246332,283.7833680820636,0.7919,3,27,1,4,5000,100,71.0,10.0,15.0,0.35,0.35,0.3,0.1,1.0701,0.0492,3.8763,269.8152,3.8704,-5.5555,6.7708
132,10,575,139,607,130,345.78880813070253,317.72314992773187,345.64698972764836,350.9544129940526,0.6622,3,27,1,4,5000,100,71.0,10.0,15.0,0.35,0.35,0.3,0.1,1.0804,0.0497,3.9140,333.5130,8.1131,2.0546,8.3692
132,5,400,58,413,41,309.9117398024624,207.2920644887305,309.67724929223175,228.67444107289296,0.6484,3,27,1,4,5000,100,71.0,10.0,15.0,0.35,0.35,0.3,0.1,1.0663,0.049,3.8624,217.4589,3.5012,4.1857,5.4569
133,11,419,427,435,450,54.102622488291914,259.2373429890069,54.207263765520764,287.2507615307573,0.6951,3,27,1,4,5000,100,71.0,10.0,15.0,0.35,0.35,0.3,0.1,1.1144,0.0513,4.0379,272.5261,4.0098,-5.5399,6.8388
133,10,583,138,616,129,345.96375653207355,325.7253444237952,345.8479296423241,359.9236030048599,0.6928,3,27,1,4,5000,100,71.0,10.0,15.0,0.35,0.35,0.3,0.1,1.0843,0.0499,3.9283,341.9716,8.3252,2.0813,8.5815
133,5,407,57,422,40,311.18592516570965,212.60291625469299,311.2088343126348,235.27430798963155,0.8509,3,27,1,4,5000,100,71.0,10.0,15.0,0.35,0.35,0.3,0.1,1.1005,0.0506,3.9871,223.3648,3.6910,4.2183,5.6051
134,11,425,428,441,450,53.17357410568763,263.60007587252323,53.24831906297723,290.80061898145954,0.7966,3,27,1,4,5000,100,71.0,10.0,15.0,0.35,0.35,0.3,0.1,1.0666,0.0491,3.8638,276.5331,4.1594,-5.5546,6.9393
134,10,588,139,621,130,346.34235749418787,330.3407331831786,346.1924809837987,364.5339490363003,0.6467,3,27,1,4,5000,100,71.0,10.0,15.0,0.35,0.35,0.3,0.1,1.0698,0.0492,3.8752,346.5961,8.4516,2.0537,8.6975
134,5,413,57,428,40,312.3804512046053,216.60101569475614,312.28979689982543,239.26972228010797,0.7849,3,27,1,4,5000,100,71.0,10.0,15.0,0.35,0.35,0.3,0.1,1.081,0.0497,3.9163,227.3718,3.8459,4.2147,5.7057
135,11,428,427,445,450,52.52382043863863,264.6148144001012,52.62203577105253,293.21152774063984,0.7455,3,27,1,4,5000,100,71.0,10.0,15.0,0.35,0.35,0.3,0.1,1.1145,0.0513,4.0382,278.1802,4.2473,-5.5399,6.9807
135,10,593,139,626,130,346.5441570210763,335.2014319778482,346.3775730887166,369.39139134527755,0.6221,3,27,1,4,5000,100,71.0,10.0,15.0,0.35,0.35,0.3,0.1,1.0549,0.0485,3.8211,351.4669,8.5776,2.0523,8.8197
135,5,418,58,434,41,313.5217273433111,219.27608168699112,313.4969570787165,242.62110378118388,0.8496,3,27,1,4,5000,100,71.0,10.0,15.0,0.35,0.35,0.3,0.1,1.0988,0.0505,3.9809,230.3586,3.9807,4.1916,5.7806
136,11,433,427,450,450,51.674469047117576,267.686383665662,51.853635171650225,296.2735222729159,0.6781,3,27,1,4,5000,100,71.0,10.0,15.0,0.35,0.35,0.3,0.1,1.102,0.0507,3.9927,281.2554,4.3768,-5.5369,7.0579
136,10,597,139,630,130,346.7014296695057,339.092907622675,346.5221772467587,373.28005572224185,0.6024,3,27,1,4,5000,100,71.0,10.0,15.0,0.35,0.35,0.3,0.1,1.0433,0.048,3.7788,355.3662,8.6785,2.0513,8.9176
136,5,423,57,438,40,314.2747757009407,223.46364357541475,314.0122396003602,246.1097316239242,0.6496,3,27,1,4,5000,100,71.0,10.0,15.0,0.35,0.35,0.3,0.1,1.0485,0.0482,3.7975,234.2406,4.1035,4.2087,5.8781
137,11,437,426,455,449,50.87519273029509,269.40861159213154,50.98059952476345,298.61011369342464,0.7297,2,27,1,4,5000,100,71.0,10.0,15.0,0.35,0.35,0.3,0.1,1.1176,0.0514,4.0497,283.2587,4.4853,-5.5143,7.1081
137,5,427,57,444,40,315.0,226.27416997969522,315.0,250.31580054003783,0.799,2,27,1,4,5000,100,71.0,10.0,15.0,0.35,0.35,0.3,0.1,1.0967,0.0504,3.9733,237.6886,4.2176,4.2176,5.9646
138,11,440,426,458,449,50.383701676811754,271.31162894354526,50.53619771875756,300.50790339024365,0.6976,2,27,1,4,5000,100,71.0,10.0,15.0,0.35,0.35,0.3,0.1,1.11,0.0511,4.0219,285.1644,4.5629,-5.5125,7.1559
138,5,431,56,448,39,315.5288690977894,229.8194943863553,315.4787836702953,253.86019774671254,0.8259,2,27,1,4,5000,100,71.0,10.0,15.0,0.35,0.35,0.3,0.1,1.0806,0.0497,3.9145,241.2424,4.3200,4.2410,6.0538
139,11,445,426,464,448,49.57980559586796,274.5268657162719,49.54199568026674,303.5951251255527,0.8124,2,27,1,4,5000,100,71.0,10.0,15.0,0.35,0.35,0.3,0.1,1.0931,0.0503,3.9602,288.3302,4.6913,-5.5084,7.2354
139,5,435,56,453,39,316.2188752351313,232.69078194032525,316.2590452071753,257.4490240804964,0.8364,2,27,1,4,5000,100,71.0,10.0,15.0,0.35,0.35,0.3,0.1,1.0981,0.0505,3.9786,244.4446,4.4288,4.2442,6.1341
140,11,451,425,470,448,48.50353164478446,277.7048793233565,48.69138598645128,307.52235691084314,0.6045,2,27,1,4,5000,100,71.0,10.0,15.0,0.35,0.35,0.3,0.1,1.1077,0.051,4.0133,291.8540,4.8526,-5.4855,7.3238
140,5,442,55,460,38,317.2091275953003,238.47222060441337,317.1552756207915,263.2299375071156,0.815,2,27,1,4,5000,100,71.0,10.0,15.0,0.35,0.35,0.3,0.1,1.0728,0.0493,3.8863,250.2402,4.6082,4.2659,6.2796
141,12,29,433,4,455,137.7742773113008,321.40317359976393,137.8567013157759,354.7012827718558,0.7023,3,27,1,4,5000,100,71.0,10.0,15.0,0.35,0.35,0.3,0.1,1.0707,0.0492,3.8786,337.2323,-6.2665,-5.6873,8.4625
141,11,462,426,482,448,46.98470311215357,285.84261403786525,47.05457288092569,315.5724956329369,0.7074,3,27,1,4,5000,100,71.0,10.0,15.0,0.35,0.35,0.3,0.1,1.0747,0.0494,3.8931,299.9727,5.1352,-5.5039,7.5275
141,5,452,56,471,38,318.9679181379869,245.246814454337,318.73463532954264,271.39823138701547,0.6381,3,27,1,4,5000,100,71.0,10.0,15.0,0.35,0.35,0.3,0.1,1.1004,0.0506,3.9870,257.6607,4.8774,4.2447,6.4658
142,12,41,431,16,454,136.5622249168424,311.24267059643347,136.64328065449277,345.21008096520006,0.7409,3,27,1,4,5000,100,71.0,10.0,15.0,0.35,0.35,0.3,0.1,1.1249,0.0517,4.0762,327.3476,-5.9647,-5.6480,8.2145
142,11,474,426,496,449,45.275458356135246,294.15982050579237,45.37285230411259,325.9831283977746,0.741,3,27,1,4,5000,100,71.0,10.0,15.0,0.35,0.35,0.3,0.1,1.1156,0.0513,4.0423,309.2550,5.4610,-5.5138,7.7605
142,5,466,56,487,40,321.0255750083667,255.9726547895302,321.18174143216737,282.36324123369883,0.6987,3,27,1,4,5000,100,71.0,10.0,15.0,0.35,0.35,0.3,0.1,1.0657,0.049,3.8606,268.5211,5.2385,4.2382,6.7383
143,11,481,426,504,449,44.322776462446306,299.127063302537,44.38919393409791,331.6519259705874,0.752,3,27,1,4,5000,100,71.0,10.0,15.0,0.35,0.35,0.3,0.1,1.121,0.0516,4.0619,314.5510,5.6470,-5.5151,7.8934
143,12,47,430,23,453,135.92617903539613,306.2172431461037,135.95484125387222,339.45839214843403,0.809,3,27,1,4,5000,100,71.0,10.0,15.0,0.35,0.35,0.3,0.1,1.1192,0.0515,4.0555,321.9821,-5.8049,-5.6202,8.0799
143,5,475,57,496,40,322.4314079711725,262.41951146970763,322.29863939174027,289.4304752440558,0.7378,3,27,1,4,5000,100,71.0,10.0,15.0,0.35,0.35,0.3,0.1,1.0641,0.0489,3.8545,275.2640,5.4751,4.2116,6.9075
144,11,486,426,508,449,43.661557078976266,302.72429700967183,43.90993700178701,334.5220471060166,0.5904,3,27,1,4,5000,100,71.0,10.0,15.0,0.35,0.35,0.3,0.1,1.0848,0.0499,3.9300,317.8298,5.7698,-5.5064,7.9757
144,12,52,430,29,453,135.2677353387022,302.6450065671,135.24175290926811,335.1715978420606,0.8208,3,27,1,4,5000,100,71.0,10.0,15.0,0.35,0.35,0.3,0.1,1.1087,0.051,4.0170,318.0789,-5.6704,-5.6176,7.9819
144,5,480,57,503,40,323.0870875127531,266.4000750750645,323.13010235415595,295.0,0.8391,3,27,1,4,5000,100,71.0,10.0,15.0,0.35,0.35,0.3,0.1,1.1075,0.0509,4.0128,279.9715,5.6173,4.2196,7.0256
145,11,491,426,514,449,43.01595116585526,306.360898288277,43.20635506473627,338.87018163302594,0.6645,3,27,1,4,5000,100,71.0,10.0,15.0,0.35,0.35,0.3,0.1,1.0953,0.0504,3.9684,321.7966,5.9043,-5.5089,8.0752
145,12,57,429,34,452,134.72845805431547,298.40241285887754,134.75514773195567,330.9289954053588,0.8021,3,27,1,4,5000,100,71.0,10.0,15.0,0.35,0.35,0.3,0.1,1.1236,0.0517,4.0715,313.8251,-5.5421,-5.5949,7.8752
145,5,486,57,509,40,323.8483746448336,271.22131184698594,323.8180773147292,299.8216136305053,0.8339,3,27,1,4,5000,100,71.0,10.0,15.0,0.35,0.35,0.3,0.1,1.0888,0.0501,3.9447,284.8052,5.7709,4.2161,7.1469
146,11,497,425,521,447,42.12454631601475,310.1032086257735,42.161212158994616,342.6601815209932,0.8223,3,27,1,4,5000,100,71.0,10.0,15.0,0.35,0.35,0.3,0.1,1.0843,0.0499,3.9282,325.5698,6.0595,-5.4799,8.1699
146,12,64,428,41,450,133.89297295431925,292.7968579066381,134.12627588803284,324.59975354272837,0.6051,3,27,1,4,5000,100,71.0,10.0,15.0,0.35,0.35,0.3,0.1,1.1199,0.0515,4.0578,307.8792,-5.3565,-5.5676,7.7260
146,5,492,56,516,39,324.4141745054825,276.669477897364,324.44056156360546,306.08005488760614,0.8428,3,27,1,4,5000,100,71.0,10.0,15.0,0.35,0.35,0.3,0.1,1.0972,0.0505,3.9751,290.6326,5.9311,4.2441,7.2932
147,11,502,424,526,446,41.37524666792608,313.16768671112925,41.48214560419822,345.71953951143695,0.6837,3,27,1,4,5000,100,71.0,10.0,15.0,0.35,0.35,0.3,0.1,1.074,0.0494,3.8908,328.6395,6.1885,-5.4511,8.2469
147,12,68,426,46,449,133.59597278089572,288.5862089566998,133.60898511339366,320.41379495895615,0.8463,3,27,1,4,5000,100,71.0,10.0,15.0,0.35,0.35,0.3,0.1,1.1362,0.0523,4.1172,303.6683,-5.2547,-5.5188,7.6203
147,5,497,55,522,37,324.8411317596344,281.3254343282882,324.7824070318073,312.1297807002722,0.802,3,27,1,4,5000,100,71.0,10.0,15.0,0.35,0.35,0.3,0.1,1.1285,0.0519,4.0891,295.9281,6.0712,4.2763,7.4261
148,11,506,423,531,445,40.75886256544889,315.5265440497835,40.81508387488159,348.82660448996717,0.8266,3,27,1,4,5000,100,71.0,10.0,15.0,0.35,0.35,0.3,0.1,1.0897,0.0501,3.9478,331.3420,6.2981,-5.4285,8.3147
148,12,72,425,51,447,133.1523897340054,285.112258592997,133.2020681430995,315.52495939307244,0.7926,3,27,1,4,5000,100,71.0,10.0,15.0,0.35,0.35,0.3,0.1,1.1008,0.0506,3.9882,299.5486,-5.1411,-5.4839,7.5169
148,5,503,54,528,37,325.3680170931289,286.81875810344064,325.40771131249005,317.05046916855366,0.8201,3,27,1,4,5000,100,71.0,10.0,15.0,0.35,0.35,0.3,0.1,1.0884,0.0501,3.9430,301.1779,6.2187,4.2951,7.5578
149,11,510,422,535,444,40.151695231605125,317.9213739275798,40.265097203125045,351.2164574731657,0.7466,3,27,1,4,5000,100,71.0,10.0,15.0,0.35,0.35,0.3,0.1,1.0817,0.0498,3.9188,333.7406,6.4013,-5.4003,8.3749
149,12,76,424,55,446,132.69789170756337,281.6558183315232,132.7924122205935,312.06569821112987,0.7337,3,27,1,4,5000,100,71.0,10.0,15.0,0.35,0.35,0.3,0.1,1.1135,0.0512,4.0346,296.0820,-5.0385,-5.4605,7.4299
149,5,507,53,532,36,325.6539025999385,290.6819567843866,325.66618675984483,320.9143187830671,0.8751,3,27,1,4,5000,100,71.0,10.0,15.0,0.35,0.35,0.3,0.1,1.0746,0.0494,3.8930,305.0509,6.3203,4.3189,7.6550
150,11,513,422,538,444,39.80557109226519,320.22023671217283,39.95083353241714,353.5109616405126,0.6745,3,27,1,4,5000,100,71.0,10.0,15.0,0.35,0.35,0.3,0.1,1.0742,0.0494,3.8915,336.0431,6.4782,-5.3985,8.4327
150,12,79,423,59,445,132.38424512457814,278.89065957826557,132.37359436170925,308.6227470553653,0.8781,3,27,1,4,5000,100,71.0,10.0,15.0,0.35,0.35,0.3,0.1,1.1002,0.0506,3.9861,293.0044,-4.9564,-5.4310,7.3527
150,5,510,53,535,36,325.9846997542658,293.1637767528587,325.96596537423875,323.39604202896487,0.8717,3,27,1,4,5000,100,71.0,10.0,15.0,0.35,0.35,0.3,0.1,1.066,0.049,3.8614,307.5387,6.3969,4.3172,7.7174
151,11,519,423,545,445,39.26463566667535,325.48425461149424,39.356681719466025,359.5385931996731,0.7179,3,27,1,4,5000,100,71.0,10.0,15.0,0.35,0.35,0.3,0.1,1.0808,0.0497,3.9152,341.6650,6.6381,-5.4264,8.5738
151,12,85,423,66,445,131.46044083145006,274.8817927764587,131.39872188277656,303.94900888142405,0.775,3,27,1,4,5000,100,71.0,10.0,15.0,0.35,0.35,0.3,0.1,1.0917,0.0502,3.9552,288.6856,-4.7965,-5.4290,7.2443
151,5,516,53,542,36,326.6297195506639,298.1559994365366,326.64781436729663,329.2202909906982,0.8311,3,27,1,4,5000,100,71.0,10.0,15.0,0.35,0.35,0.3,0.1,1.0764,0.0495,3.8995,312.9191,6.5578,4.3192,7.8524
152,11,524,423,551,445,38.71414278451933,329.3706119252293,38.75808565258495,364.1977484828812,0.829,3,27,1,4,5000,100,71.0,10.0,15.0,0.35,0.35,0.3,0.1,1.0917,0.0502,3.9550,345.9098,6.7730,-5.4290,8.6803
152,12,90,423,72,445,130.66993971541055,271.59712811441875,130.53915174148344,300.01499962501873,0.7139,3,27,1,4,5000,100,71.0,10.0,15.0,0.35,0.35,0.3,0.1,1.0808,0.0497,3.9155,285.0997,-4.6625,-5.4264,7.1543
152,5,522,54,548,36,327.41264815311763,302.6450065671,327.2132765464394,334.24841061701403,0.6523,3,27,1,4,5000,100,71.0,10.0,15.0,0.35,0.35,0.3,0.1,1.0788,0.0496,3.9080,317.6626,6.7165,4.2933,7.9715
153,11,528,423,555,446,38.283044819871556,332.50112781763613,38.48957511468989,367.947007054005,0.5224,3,27,1,4,5000,100,71.0,10.0,15.0,0.35,0.35,0.3,0.1,1.1001,0.0506,3.9859,349.3272,6.8810,-5.4310,8.7661
153,12,95,423,76,445,129.8602426210094,268.36542251191753,129.95355814031433,297.4306641891518,0.7683,3,27,1,4,5000,100,71.0,10.0,15.0,0.35,0.35,0.3,0.1,1.1168,0.0514,4.0466,282.1515,-4.5379,-5.4349,7.0803
153,5,527,54,554,36,327.9154516892533,306.86967917994116,327.7619266829967,339.3081195609678,0.7076,3,27,1,4,5000,100,71.0,10.0,15.0,0.35,0.35,0.3,0.1,1.0914,0.0502,3.9539,322.2747,6.8520,4.2957,8.0872
154,11,531,424,559,446,38.099671830722706,335.47727195743084,38.10519471472257,371.0862433451286,0.7952,3,27,1,4,5000,100,71.0,10.0,15.0,0.35,0.35,0.3,0.1,1.0956,0.0504,3.9695,352.3845,6.9587,-5.4563,8.8428
154,12,98,424,79,446,129.22906377842565,267.22649569232465,129.38465029331687,296.2853354454115,0.6774,3,27,1,4,5000,100,71.0,10.0,15.0,0.35,0.35,0.3,0.1,1.1211,0.0516,4.0622,281.0067,-4.4596,-5.4623,7.0516
154,5,530,54,557,37,328.21052997837455,309.4155781469317,328.1725534233269,341.32096331752024,0.8322,3,27,1,4,5000,100,71.0,10.0,15.0,0.35,0.35,0.3,0.1,1.0659,0.049,3.8611,324.5861,6.9233,4.2909,8.1452
155,11,537,425,565,447,37.609590790712296,340.82840257232084,37.66139366376376,376.4359175211632,0.7739,3,27,1,4,5000,100,71.0,10.0,15.0,0.35,0.35,0.3,0.1,1.0792,0.0496,3.9098,357.7483,7.1118,-5.4787,8.9774
155,12,103,425,85,447,128.2544203525172,264.8773300982929,128.3547217897256,293.2984827782101,0.7567,3,27,1,4,5000,100,71.0,10.0,15.0,0.35,0.35,0.3,0.1,1.107,0.0509,4.0107,278.3643,-4.3250,-5.4853,6.9853
155,5,535,56,563,38,329.00481408023245,312.64196775225173,328.83739922083237,345.9147293770533,0.6906,3,27,1,4,5000,100,71.0,10.0,15.0,0.35,0.35,0.3,0.1,1.0984,0.0505,3.9795,328.4378,7.0650,4.2443,8.2419
156,11,542,426,571,449,37.23483398157467,345.4070062983668,37.34934904464059,382.4133888869478,0.8122,4,27,1,4,5000,100,71.0,10.0,15.0,0.35,0.35,0.3,0.1,1.1054,0.0508,4.0050,362.9694,7.2518,-5.5113,9.1084
156,12,108,426,91,449,127.26262722679373,262.60616900598507,127.18470645323312,291.20439557122074,0.7539,4,27,1,4,5000,100,71.0,10.0,15.0,0.35,0.35,0.3,0.1,1.1226,0.0516,4.0679,276.1669,-4.1960,-5.5155,6.9302
156,13,148,295,134,304,146.7566741380356,142.28492541376264,146.80988295702826,158.927656498169,0.8229,4,27,1,4,5000,100,71.0,10.0,15.0,0.35,0.35,0.3,0.1,1.2012,0.0553,4.3542,150.1465,-3.1512,-2.0655,3.7678
156,5,540,57,569,40,329.62626044903817,316.4316671889841,329.62574318038617,350.0471396826433,0.8841,4,27,1,4,5000,100,71.0,10.0,15.0,0.35,0.35,0.3,0.1,1.0965,0.0504,3.9727,332.3917,7.1962,4.2176,8.3411
157,11,545,427,574,449,37.06724168582794,348.40206658399717,37.07835330434914,384.802546769119,0.8103,3,27,1,4,5000,100,71.0,10.0,15.0,0.35,0.35,0.3,0.1,1.0793,0.0496,3.9099,365.6987,7.3225,-5.5314,9.1769
157,12,112,427,95,450,126.43085812016236,261.00766272276377,126.43464802487392,289.60835623303416,0.8391,3,27,1,4,5000,100,71.0,10.0,15.0,0.35,0.35,0.3,0.1,1.1292,0.0519,4.0920,274.5652,-4.0916,-5.5435,6.8900
157,5,544,58,573,41,330.1438649020787,319.3900436770063,330.0940628250366,353.0042492662093,0.8321,3,27,1,4,5000,100,71.0,10.0,15.0,0.35,0.35,0.3,0.1,1.0868,0.05,3.9374,335.3569,7.2986,4.1894,8.4155
158,11,548,427,577,450,36.77190039902121,350.8005131125096,36.92899590184602,387.80020629184816,0.5888,3,27,1,4,5000,100,71.0,10.0,15.0,0.35,0.35,0.3,0.1,1.0891,0.0501,3.9455,368.3736,7.4047,-5.5337,9.2440
158,12,114,427,97,450,126.0760115563686,259.8249410660955,126.11500387427701,288.4250335875858,0.8536,3,27,1,4,5000,100,71.0,10.0,15.0,0.35,0.35,0.3,0.1,1.1341,0.0522,4.1096,273.3790,-4.0397,-5.5447,6.8602
158,5,546,58,575,41,330.3215100748648,321.1261434389919,330.2551187030578,354.73934092513616,0.7994,3,27,1,4,5000,100,71.0,10.0,15.0,0.35,0.35,0.3,0.1,1.0812,0.0497,3.9169,337.0969,7.3495,4.1884,8.4591
159,11,550,427,579,449,36.57724297435921,352.40459701882435,36.634113875967415,388.80329216713176,0.7483,3,27,1,4,5000,100,71.0,10.0,15.0,0.35,0.35,0.3,0.1,1.0676,0.0491,3.8673,369.7102,7.4504,-5.5285,9.2775
159,12,116,427,99,450,125.7179335822526,258.65227623200997,125.79273623447924,287.2507615307573,0.8018,3,27,1,4,5000,100,71.0,10.0,15.0,0.35,0.35,0.3,0.1,1.1389,0.0524,4.1272,272.2024,-3.9877,-5.5458,6.8307
159,5,548,58,577,41,330.4972431068066,322.8652969893172,330.41460549925023,356.4772082475961,0.7848,3,27,1,4,5000,100,71.0,10.0,15.0,0.35,0.35,0.3,0.1,1.0756,0.0495,3.8966,338.8397,7.4003,4.1874,8.5029
160,11,550,427,580,449,36.57724297435921,352.40459701882435,36.5463622886046,389.60621144945827,0.7917,3,27,1,4,5000,100,71.0,10.0,15.0,0.35,0.35,0.3,0.1,1.09,0.0501,3.9488,370.0728,7.4577,-5.5340,9.2866
160,12,117,427,100,450,125.53767779197437,258.0697580112788,125.63061490351252,286.66705426330384,0.8105,3,27,1,4,5000,100,71.0,10.0,15.0,0.35,0.35,0.3,0.1,1.1413,0.0525,4.1359,271.6178,-3.9617,-5.5464,6.8160
160,5,549,58,578,41,330.58440116690446,323.736003558455,330.4937668731676,357.3471701301131,0.7698,3,27,1,4,5000,100,71.0,10.0,15.0,0.35,0.35,0.3,0.1,1.0729,0.0493,3.8865,339.7122,7.4258,4.1869,8.5248
161,12,118,428,102,450,125.22825264797915,258.3060200614767,125.30439007661758,285.50656735003486,0.8,2,27,1,4,5000,100,71.0,10.0,15.0,0.35,0.35,0.3,0.1,1.0874,0.05,3.9395,271.2260,-3.9260,-5.5597,6.8062
161,5,550,58,579,41,330.6710914520095,324.6074552440224,330.57254359681025,358.21781083580976,0.7759,2,27,1,4,5000,100,71.0,10.0,15.0,0.35,0.35,0.3,0.1,1.0701,0.0492,3.8764,340.5854,7.4512,4.1864,8.5467
162,12,120,429,103,452,124.7372931016058,257.97868128975307,124.91012234193799,286.56761854752534,0.703,2,27,1,4,5000,100,71.0,10.0,15.0,0.35,0.35,0.3,0.1,1.1414,0.0525,4.1361,271.5227,-3.8825,-5.5992,6.8136
162,5,551,59,581,42,330.9111485771395,324.99230760127233,330.8679901394326,359.4732257067277,0.8449,2,27,1,4,5000,100,71.0,10.0,15.0,0.35,0.35,0.3,0.1,1.0952,0.0504,3.9678,341.3643,7.4857,4.1646,8.5662
163,12,122,432,106,455,123.99645914825051,259.3260495977988,124.07719528013074,287.3412605248331,0.7671,2,27,1,4,5000,100,71.0,10.0,15.0,0.35,0.35,0.3,0.1,1.1141,0.0512,4.0368,272.6158,-3.8251,-5.6717,6.8410
163,5,553,61,582,44,331.3895403340348,325.77906623968335,331.22412992667057,359.3800217040452,0.6204,2,27,1,4,5000,100,71.0,10.0,15.0,0.35,0.35,0.3,0.1,1.0662,0.049,3.8620,341.7556,7.5289,4.1067,8.5761
164,11,556,432,586,455,36.6472055653347,360.20272070044115,36.72593870377202,398.0012562794243,0.697,3,27,1,4,5000,100,71.0,10.0,15.0,0.35,0.35,0.3,0.1,1.0838,0.0499,3.9263,378.1598,7.6137,-5.6642,9.4896
164,12,123,434,108,457,123.56803197140903,260.43233286210835,123.52447324857697,287.8906042232014,0.7923,3,27,1,4,5000,100,71.0,10.0,15.0,0.35,0.35,0.3,0.1,1.0887,0.0501,3.9441,273.4740,-3.7945,-5.7181,6.8626
164,5,553,62,584,46,331.5441654676416,325.3013987058771,331.6561485072482,360.18051030004386,0.6887,3,27,1,4,5000,100,71.0,10.0,15.0,0.35,0.35,0.3,0.1,1.1062,0.0509,4.0079,341.8536,7.5421,4.0875,8.5785
165,11,557,434,587,458,36.80662237668869,362.2002208723788,36.984317422873595,400.6007988010009,0.6055,3,27,1,4,5000,100,71.0,10.0,15.0,0.35,0.35,0.3,0.1,1.0944,0.0503,3.9651,380.4339,7.6436,-5.7196,9.5466
165,12,124,437,108,460,123.02386755579664,262.3909297212844,123.19756579221647,290.3962809679215,0.6175,3,27,1,4,5000,100,71.0,10.0,15.0,0.35,0.35,0.3,0.1,1.1014,0.0507,3.9905,275.6842,-3.7703,-5.8004,6.9180
165,5,554,64,583,48,331.93787583840793,325.2352994371921,331.86167749617607,358.35317774508434,0.7894,3,27,1,4,5000,100,71.0,10.0,15.0,0.35,0.35,0.3,0.1,1.0532,0.0484,3.8150,340.9920,7.5509,4.0254,8.5569
166,12,122,445,107,469,122.45492894200538,270.20177645604036,122.41230661835121,298.50293130889014,0.7992,2,27,1,4,5000,100,71.0,10.0,15.0,0.35,0.35,0.3,0.1,1.0819,0.0498,3.9193,283.6482,-3.8197,-6.0062,7.1179
166,5,551,69,581,53,332.47477425625567,320.24990241996954,332.4222501095086,354.2485003496839,0.7651,2,27,1,4,5000,100,71.0,10.0,15.0,0.35,0.35,0.3,0.1,1.0958,0.0504,3.9702,336.3923,7.4860,3.9011,8.4415
167,11,552,445,581,470,38.65980825409009,364.97808153367237,38.859521626367304,403.24310285484114,0.5282,2,27,1,4,5000,100,71.0,10.0,15.0,0.35,0.35,0.3,0.1,1.0829,0.0498,3.9229,383.1576,7.5081,-6.0064,9.6150
167,5,546,75,576,59,333.0257002148871,313.05750270517393,332.9181194691249,347.0518693221519,0.7467,2,27,1,4,5000,100,71.0,10.0,15.0,0.35,0.35,0.3,0.1,1.1196,0.0515,4.0567,329.1794,7.3618,3.7469,8.2605
168,11,548,451,577,476,39.78550954563647,365.6733515037704,39.87821229519923,403.95668084585503,0.6819,2,27,1,4,5000,100,71.0,10.0,15.0,0.35,0.35,0.3,0.1,1.0814,0.0497,3.9176,383.8629,7.4022,-6.1641,9.6327
168,5,541,80,569,66,333.434948822922,306.3413129174712,333.434948822922,337.64626460246825,0.8619,2,27,1,4,5000,100,71.0,10.0,15.0,0.35,0.35,0.3,0.1,1.0568,0.0486,3.8280,321.2329,7.2100,3.6050,8.0611
169,5,538,87,567,73,334.3727424128665,300.56779601281306,334.3589941756947,332.77019097268914,0.8338,1,27,1,4,5000,100,71.0,10.0,15.0,0.35,0.35,0.3,0.1,1.1054,0.0508,4.0050,315.8503,7.1463,3.4281,7.9260
170,5,538,92,566,78,335.23826822556714,298.43927355493946,335.0670870839842,329.73019273339224,0.6826,1,27,1,4,5000,100,71.0,10.0,15.0,0.35,0.35,0.3,0.1,1.0829,0.0498,3.9232,313.3054,7.1393,3.2930,7.8621
171,5,539,95,567,82,335.84236266726214,298.10736320996836,335.77225468204585,328.97568299191965,0.7865,1,27,1,4,5000,100,71.0,10.0,15.0,0.35,0.35,0.3,0.1,1.0702,0.0492,3.8766,312.7818,7.1616,3.2122,7.8490
172,5,541,100,570,87,336.8771641088194,297.9345565724124,336.77859157457004,329.7104790570054,0.7372,1,27,1,4,5000,100,71.0,10.0,15.0,0.35,0.35,0.3,0.1,1.1006,0.0506,3.9877,313.0182,7.2239,3.0847,7.8549
173,5,542,106,571,93,338.0192054406892,296.5569085352759,337.8097111038775,328.3169200635264,0.6028,1,27,1,4,5000,100,71.0,10.0,15.0,0.35,0.35,0.3,0.1,1.105,0.0508,4.0035,311.6298,7.2516,2.9270,7.8201
174,5,543,112,571,100,339.17144420979315,295.29815441346733,338.94986041416706,325.7376244771242,0.6231,1,27,1,4,5000,100,71.0,10.0,15.0,0.35,0.35,0.3,0.1,1.0656,0.049,3.8599,309.7719,7.2654,2.7640,7.7734
175,5,544,119,573,108,340.5166985917806,293.82477771624366,340.39363567804855,324.8338036596561,0.7057,1,27,1,4,5000,100,71.0,10.0,15.0,0.35,0.35,0.3,0.1,1.0897,0.0501,3.9478,308.5522,7.2995,2.5825,7.7428
176,5,542,131,571,121,342.63411288367774,288.1336495447902,342.4744316262771,318.7977415227404,0.6786,1,27,1,4,5000,100,71.0,10.0,15.0,0.35,0.35,0.3,0.1,1.0984,0.0505,3.9795,302.6911,7.2495,2.2671,7.5958
177,14,156,388,143,407,122.98852161363456,203.86760409638407,123.1297354684121,226.88322987827902,0.721,2,27,1,4,5000,100,71.0,10.0,15.0,0.35,0.35,0.3,0.1,1.1616,0.0534,4.2099,214.7605,-2.9343,-4.5204,5.3892
177,5,542,137,570,128,343.7798063043972,286.40006983239374,343.6309370702088,315.8005699804863,0.7263,2,27,1,4,5000,100,71.0,10.0,15.0,0.35,0.35,0.3,0.1,1.0614,0.0488,3.8447,300.3826,7.2378,2.1055,7.5378
178,5,543,140,572,132,344.4116680928941,286.5397005652096,344.42745640318975,316.62280397975127,0.8337,1,27,1,4,5000,100,71.0,10.0,15.0,0.35,0.35,0.3,0.1,1.0843,0.0499,3.9282,300.8310,7.2714,2.0286,7.5491
179,14,159,399,147,418,120.68517308959512,211.6317556511782,120.83783194468725,234.09613409879285,0.7022,2,27,1,4,5000,100,71.0,10.0,15.0,0.35,0.35,0.3,0.1,1.0957,0.0504,3.9696,222.2979,-2.8468,-4.7973,5.5784
179,5,545,147,574,139,345.8668094511371,286.67751917442007,345.74440163321464,316.75384764829613,0.7417,2,27,1,4,5000,100,71.0,10.0,15.0,0.35,0.35,0.3,0.1,1.0836,0.0498,3.9255,300.9661,7.3239,1.8441,7.5525
180,14,159,405,147,425,119.87599269168943,216.81328372588243,119.98163936884934,240.13329631685815,0.789,2,27,1,4,5000,100,71.0,10.0,15.0,0.35,0.35,0.3,0.1,1.1095,0.051,4.0200,227.8782,-2.8485,-4.9585,5.7184
180,5,546,153,575,146,347.08039727822734,286.24639735724185,347.01897006566924,316.07752213657966,0.8525,2,27,1,4,5000,100,71.0,10.0,15.0,0.35,0.35,0.3,0.1,1.0767,0.0495,3.9005,300.4232,7.3480,1.6856,7.5389
181,5,546,160,574,153,348.45330945407267,284.76305940202286,348.2242584432148,313.6000637755037,0.6437,1,27,1,4,5000,100,71.0,10.0,15.0,0.35,0.35,0.3,0.1,1.0477,0.0482,3.7948,298.4867,7.3387,1.4993,7.4903
182,5,544,164,573,158,349.1681853250253,282.0248216026384,349.0866965424691,311.6360056219435,0.7925,1,27,1,4,5000,100,71.0,10.0,15.0,0.35,0.35,0.3,0.1,1.0844,0.0499,3.9284,296.0919,7.2978,1.3963,7.4302
183,5,542,170,570,165,350.3013382622899,278.9874549150911,350.2619248325185,307.4296667532267,0.8242,2,27,1,4,5000,100,71.0,10.0,15.0,0.35,0.35,0.3,0.1,1.0544,0.0485,3.8193,292.5188,7.2356,1.2366,7.3405
183,15,530,24,554,6,323.72727769517275,326.2177187094533,323.6769853815742,356.21622646926124,0.686,2,27,1,4,5000,100,71.0,10.0,15.0,0.35,0.35,0.3,0.1,0.9556,0.044,3.4593,340.5576,6.8899,5.0561,8.5460
184,14,152,431,139,454,118.25283625152029,242.94237999986746,118.37278964748162,269.3566409056959,0.6694,3,27,1,4,5000,100,71.0,10.0,15.0,0.35,0.35,0.3,0.1,1.1209,0.0516,4.0616,255.4685,-3.0346,-5.6470,6.4108
184,5,538,177,567,174,351.603682723362,273.93612394133055,351.8431613997617,303.0659994126692,0.6375,3,27,1,4,5000,100,71.0,10.0,15.0,0.35,0.35,0.3,0.1,1.0975,0.0505,3.9764,287.7658,7.1438,1.0544,7.2212
184,15,509,22,532,4,321.1386496341517,310.787708894673,321.20859854708544,339.9911763560931,0.6281,3,27,1,4,5000,100,71.0,10.0,15.0,0.35,0.35,0.3,0.1,0.9756,0.0449,3.5319,324.7342,6.3453,5.1129,8.1489
185,5,529,186,557,184,353.252101342541,263.8275952208184,353.50806042252935,291.8715470887836,0.6103,2,27,1,4,5000,100,71.0,10.0,15.0,0.35,0.35,0.3,0.1,1.0971,0.0505,3.9749,277.1419,6.9065,0.8172,6.9546
185,15,501,31,521,14,321.519801751657,298.9180489699476,321.36771133049547,325.1538097577822,0.5276,2,27,1,4,5000,100,71.0,10.0,15.0,0.35,0.35,0.3,0.1,0.9139,0.042,3.3073,311.4845,6.1189,4.8637,7.8164
186,14,139,448,124,473,118.99138700868036,264.09278672466615,119.1874526376191,293.2319900692965,0.6363,2,27,1,4,5000,100,71.0,10.0,15.0,0.35,0.35,0.3,0.1,1.1367,0.0523,4.1190,277.9006,-3.3800,-6.0998,6.9737
186,5,522,192,549,190,354.4006606634794,256.2225595063791,354.53090502988806,283.28960446864266,0.7446,2,27,1,4,5000,100,71.0,10.0,15.0,0.35,0.35,0.3,0.1,1.0907,0.0502,3.9514,269.0771,6.7200,0.6588,6.7522
187,14,135,452,120,477,119.32301479633271,269.53478439711637,119.4831499054389,298.6787571957537,0.6959,1,27,1,4,5000,100,71.0,10.0,15.0,0.35,0.35,0.3,0.1,1.1151,0.0513,4.0403,283.3594,-3.4823,-6.1996,7.1106
188,5,514,201,539,199,356.2937107027877,247.51767613647314,356.21388796461844,272.5949375905576,0.7927,2,27,1,4,5000,100,71.0,10.0,15.0,0.35,0.35,0.3,0.1,1.0482,0.0482,3.7966,259.4518,6.4971,0.4209,6.5107
188,15,484,45,503,29,321.59871578734993,276.89889851713025,321.45881637871867,301.72835465033774,0.5629,2,27,1,4,5000,100,71.0,10.0,15.0,0.35,0.35,0.3,0.1,0.9329,0.0429,3.3763,288.7809,5.6791,4.5014,7.2467
189,5,510,209,536,208,358.11440022922034,243.13165157996193,358.08375562750365,269.15051551130273,0.8496,2,27,1,4,5000,100,71.0,10.0,15.0,0.35,0.35,0.3,0.1,1.1042,0.0508,4.0006,255.4803,6.4076,0.2109,6.4110
189,15,479,54,498,39,322.4444713041685,267.41914665932205,322.3834917962566,291.62475889402805,0.6826,2,27,1,4,5000,100,71.0,10.0,15.0,0.35,0.35,0.3,0.1,0.9413,0.0433,3.4070,278.9979,5.5503,4.2674,7.0012
190,5,507,214,532,214,359.2838400545296,240.01874926763534,359.351396241109,265.01698058803703,0.7989,1,27,1,4,5000,100,71.0,10.0,15.0,0.35,0.35,0.3,0.1,1.0761,0.0495,3.8982,251.8992,6.3207,0.0790,6.3212
191,5,503,216,528,216,359.7572227262332,236.00211863455803,359.78047701474037,261.0019157017818,0.8459,2,27,1,4,5000,100,71.0,10.0,15.0,0.35,0.35,0.3,0.1,1.0935,0.0503,3.9619,247.8733,6.2201,0.0264,6.2202
191,15,481,68,501,53,325.15198397076307,260.7623439072444,324.97512672045866,285.74814085134483,0.5496,2,27,1,4,5000,100,71.0,10.0,15.0,0.35,0.35,0.3,0.1,0.9939,0.0457,3.5988,272.6841,5.6157,3.9100,6.8428
192,5,499,218,523,218,0.24696303742624987,232.0021551624036,0.22381050036853808,256.0019531175495,0.8589,1,27,1,4,5000,100,71.0,10.0,15.0,0.35,0.35,0.3,0.1,1.0692,0.0492,3.8730,243.4119,6.1081,-0.0263,6.1082
193,5,495,219,518,219,0.5025816667210311,228.00877176108818,0.4565304140990488,251.00796800101784,0.8264,2,27,1,4,5000,100,71.0,10.0,15.0,0.35,0.35,0.3,0.1,1.0438,0.048,3.7806,238.9562,5.9962,-0.0526,5.9964
193,15,471,71,491,56,324.40922140811017,250.8625121455974,324.2933085993971,275.8568469333324,0.6269,2,27,1,4,5000,100,71.0,10.0,15.0,0.35,0.35,0.3,0.1,1.0316,0.0475,3.7362,262.7667,5.3621,3.8376,6.5939
194,5,490,221,514,221,1.0276167864416665,223.03587155433092,0.9277857744616792,247.0323865407125,0.786,2,27,1,4,5000,100,71.0,10.0,15.0,0.35,0.35,0.3,0.1,1.1098,0.051,4.0211,234.4216,5.8817,-0.1055,5.8826
194,15,468,76,493,59,324.9506266879516,245.52392958732148,325.0420236355295,275.7535131235865,0.5897,2,27,1,4,5000,100,71.0,10.0,15.0,0.35,0.35,0.3,0.1,1.2607,0.058,4.5712,259.7622,5.3364,3.7435,6.5185
195,5,485,222,508,223,1.31389302449794,218.05733191066977,1.4261563355944804,241.07467722678797,0.7753,1,27,1,4,5000,100,71.0,10.0,15.0,0.35,0.35,0.3,0.1,1.0899,0.0501,3.9485,228.9890,5.7448,-0.1318,5.7463
196,5,478,224,500,224,1.9001109655768573,211.11608181282637,1.7208148336728648,233.10512649875378,0.7252,1,27,1,4,5000,100,71.0,10.0,15.0,0.35,0.35,0.3,0.1,1.0761,0.0495,3.8984,221.5664,5.5570,-0.1844,5.5600
197,5,473,224,495,225,1.9461951170307557,206.11889772653063,2.009553813021139,228.1403077055872,0.8272,1,27,1,4,5000,100,71.0,10.0,15.0,0.35,0.35,0.3,0.1,1.1024,0.0507,3.9943,216.5712,5.4315,-0.1846,5.4347
198,5,472,224,494,225,1.9556813975228868,205.11947737842937,2.018399166793103,227.14092541856036,0.846,2,27,1,4,5000,100,71.0,10.0,15.0,0.35,0.35,0.3,0.1,1.1075,0.0509,4.0129,215.5693,5.4064,-0.1846,5.4095
198,16,446,77,463,62,321.97022303327225,227.24656213021134,321.66247710659627,249.88197213884797,0.4914,2,27,1,4,5000,100,71.0,10.0,15.0,0.35,0.35,0.3,0.1,1.0314,0.0474,3.7352,238.0273,4.7049,3.6798,5.9731
199,5,471,224,489,225,1.9652605719205243,204.12006270820123,2.063819728456962,222.14409737825582,0.81,1,27,1,4,5000,100,71.0,10.0,15.0,0.35,0.35,0.3,0.1,0.9192,0.0423,3.3266,212.7510,5.3357,-0.1831,5.3388
200,17,622,291,638,295,11.774733901567489,362.63066610533645,11.873090649843114,379.11080174534726,0.6854,2,27,1,4,5000,100,71.0,10.0,15.0,0.35,0.35,0.3,0.1,0.483,0.0222,1.7367,370.6877,9.1063,-1.8982,9.3021
200,5,470,224,490,225,1.9749340108819766,203.1206537996567,2.054572880925691,223.14345161801185,0.8327,2,27,1,4,5000,100,71.0,10.0,15.0,0.35,0.35,0.3,0.1,1.0212,0.047,3.6981,212.6618,5.3334,-0.1839,5.3366
201,17,621,291,638,295,11.80706342159856,361.6517662061116,11.873090649843114,379.11080174534726,0.6636,3,27,1,4,5000,100,71.0,10.0,15.0,0.35,0.35,0.3,0.1,0.5124,0.0236,1.8437,370.1755,9.0927,-1.9007,9.2892
201,5,469,224,489,224,1.9847031121535643,202.12125073826354,1.8060252976012394,222.11033294288674,0.7593,3,27,1,4,5000,100,71.0,10.0,15.0,0.35,0.35,0.3,0.1,1.0244,0.0471,3.7097,211.6449,5.3079,-0.1839,5.3110
201,16,443,76,459,62,321.3005132345846,225.51496624392803,321.08635134558284,246.75696545386515,0.5654,3,27,1,4,5000,100,71.0,10.0,15.0,0.35,0.35,0.3,0.1,0.9778,0.045,3.5401,235.6583,4.6152,3.6974,5.9136
202,5,465,223,484,224,1.7357045889283889,198.09088823063013,1.8476102659945959,217.1128738697915,0.7809,2,27,1,4,5000,100,71.0,10.0,15.0,0.35,0.35,0.3,0.1,0.996,0.0458,3.6063,207.1661,5.1963,-0.1575,5.1986
202,16,441,74,457,61,320.5852979743429,225.22211259110415,320.61220322932485,245.8373446000424,0.706,2,27,1,4,5000,100,71.0,10.0,15.0,0.35,0.35,0.3,0.1,0.9514,0.0438,3.4439,235.0786,4.5575,3.7455,5.8991
203,5,462,223,482,223,1.7623910236605125,195.0922858546693,1.598537092675968,215.08370463612533,0.7624,2,27,1,4,5000,100,71.0,10.0,15.0,0.35,0.35,0.3,0.1,1.0596,0.0487,3.8381,204.6008,5.1318,-0.1579,5.1343
203,16,436,73,451,60,319.5666456053986,222.02927734873165,319.5271710130673,241.8780684559888,0.7208,2,27,1,4,5000,100,71.0,10.0,15.0,0.35,0.35,0.3,0.1,0.9302,0.0428,3.3664,231.5290,4.4224,3.7682,5.8100
204,5,461,222,479,223,1.4763685098130983,194.06442229321684,1.6211459136534114,212.08488866489287,0.7666,2,27,1,4,5000,100,71.0,10.0,15.0,0.35,0.35,0.3,0.1,0.9646,0.0444,3.4918,202.6749,5.0843,-0.1310,5.0859
204,16,436,78,457,61,320.56320882074397,218.81956036881164,320.61220322932485,245.8373446000424,0.6345,2,27,1,4,5000,100,71.0,10.0,15.0,0.35,0.35,0.3,0.1,1.2641,0.0581,4.5834,231.5430,4.4875,3.6909,5.8104
205,5,458,222,478,222,1.4995470379776346,191.06543381784158,1.357465844530609,211.05923339195564,0.7664,2,27,1,4,5000,100,71.0,10.0,15.0,0.35,0.35,0.3,0.1,1.0809,0.0497,3.9159,200.5653,5.0313,-0.1317,5.0330
205,16,433,78,454,60,320.05889804398845,216.510969698997,319.9841149825787,244.1679749680535,0.6102,2,27,1,4,5000,100,71.0,10.0,15.0,0.35,0.35,0.3,0.1,1.3052,0.06,4.7332,229.5093,4.4157,3.6975,5.7593
206,17,610,288,628,291,11.694892724975062,350.27132340515686,11.584364657219275,368.506444991129,0.5181,3,27,1,4,5000,100,71.0,10.0,15.0,0.35,0.35,0.3,0.1,0.5515,0.0254,1.9864,359.1576,8.8256,-1.8269,9.0127
206,5,457,221,476,222,1.2060487792199577,190.04210059878838,1.3704510177996057,209.0598000573042,0.7655,3,27,1,4,5000,100,71.0,10.0,15.0,0.35,0.35,0.3,0.1,1.0359,0.0477,3.7519,199.0978,4.9951,-0.1052,4.9962
206,16,431,73,445,59,318.7152891054288,218.24756585125985,318.4064437549947,238.00840321299583,0.4507,3,27,1,4,5000,100,71.0,10.0,15.0,0.35,0.35,0.3,0.1,0.9416,0.0433,3.4080,227.7001,4.2937,3.7701,5.7139
207,17,610,288,632,293,11.694892724975062,350.27132340515686,11.762020247197398,372.8283787481849,0.5412,3,27,1,4,5000,100,71.0,10.0,15.0,0.35,0.35,0.3,0.1,0.6782,0.0312,2.4480,361.1980,8.8758,-1.8373,9.0639
207,5,456,221,474,222,1.2124280899449285,189.04232330353963,1.3836869673685084,207.06037766796427,0.744,3,27,1,4,5000,100,71.0,10.0,15.0,0.35,0.35,0.3,0.1,0.9889,0.0455,3.5805,197.6415,4.9585,-0.1049,4.9596
207,16,430,72,444,59,318.34465031826585,218.16049138191818,318.2461336869928,237.26145915424192,0.6605,3,27,1,4,5000,100,71.0,10.0,15.0,0.35,0.35,0.3,0.1,0.9118,0.0419,3.2995,227.3104,4.2619,3.7913,5.7042
208,5,454,221,471,221,1.2253913023741119,187.04277585621958,1.123302714075429,204.0392119177096,0.8071,2,27,1,4,5000,100,71.0,10.0,15.0,0.35,0.35,0.3,0.1,0.9448,0.0435,3.4198,195.1717,4.8965,-0.1047,4.8977
208,16,427,72,442,59,317.81555668421123,215.92822881689185,317.9224726680249,235.77319610167734,0.6443,2,27,1,4,5000,100,71.0,10.0,15.0,0.35,0.35,0.3,0.1,0.9551,0.0439,3.4573,225.4148,4.1915,3.7985,5.6566
209,5,450,220,469,221,0.9391909457355799,183.02458851203573,1.1344216309770068,202.03960007879644,0.7559,2,27,1,4,5000,100,71.0,10.0,15.0,0.35,0.35,0.3,0.1,1.0736,0.0494,3.8890,192.0626,4.8190,-0.0790,4.8196
209,16,423,72,437,59,317.09293430528817,212.9812198293549,317.0952525646238,232.08619088605855,0.7314,2,27,1,4,5000,100,71.0,10.0,15.0,0.35,0.35,0.3,0.1,0.9332,0.0429,3.3775,222.1237,4.0827,3.7948,5.5740
210,5,446,219,464,220,0.6401496695235357,179.0111728356641,0.8724571229020331,197.02284131541703,0.7355,2,27,1,4,5000,100,71.0,10.0,15.0,0.35,0.35,0.3,0.1,1.0413,0.0479,3.7715,187.5856,4.7070,-0.0526,4.7073
210,16,424,71,438,58,317.0791317219048,214.39449619801343,317.0825652797309,233.49946466748057,0.738,2,27,1,4,5000,100,71.0,10.0,15.0,0.35,0.35,0.3,0.1,0.9273,0.0427,3.3560,223.5395,4.1078,3.8200,5.6095
211,17,599,285,622,290,11.5751888173962,338.89231327960215,11.619971544820624,362.42792386900874,0.5864,3,27,1,4,5000,100,71.0,10.0,15.0,0.35,0.35,0.3,0.1,0.7296,0.0336,2.6353,350.2652,8.6108,-1.7637,8.7896
211,5,442,219,463,219,0.6547804022677002,175.0114281982751,0.5846305207051778,196.01020381602586,0.8688,3,27,1,4,5000,100,71.0,10.0,15.0,0.35,0.35,0.3,0.1,1.2304,0.0566,4.4607,184.9166,4.6400,-0.0530,4.6403
211,16,416,70,430,57,315.3871277541509,209.3083849252103,315.5321436413075,228.40534144367115,0.5936,3,27,1,4,5000,100,71.0,10.0,15.0,0.35,0.35,0.3,0.1,0.9485,0.0436,3.4332,218.4403,3.9022,3.8498,5.4816
212,17,598,285,624,290,11.609211247003968,337.91271062213684,11.556629677233852,364.3871567440323,0.6017,2,27,1,4,5000,100,71.0,10.0,15.0,0.35,0.35,0.3,0.1,0.8195,0.0377,2.9632,350.6509,8.6193,-1.7707,8.7993
212,5,443,219,461,219,0.6510603802294862,176.0113632695344,0.590657214646671,194.0103090044444,0.8536,2,27,1,4,5000,100,71.0,10.0,15.0,0.35,0.35,0.3,0.1,1.0575,0.0486,3.8305,184.5731,4.6314,-0.0526,4.6317
213,5,442,219,458,219,0.6547804022677002,175.0114281982751,0.5999338802539502,191.01047091717248,0.8331,1,27,1,4,5000,100,71.0,10.0,15.0,0.35,0.35,0.3,0.1,0.9503,0.0437,3.4397,182.6613,4.5834,-0.0524,4.5837
214,17,596,284,618,289,11.51073461747316,335.75288531895,11.592175410291071,358.3085262730989,0.5266,2,27,1,4,5000,100,71.0,10.0,15.0,0.35,0.35,0.3,0.1,0.7065,0.0325,2.5512,346.6642,8.5243,-1.7359,8.6992
214,5,441,219,457,219,0.658543177563603,174.01149387324966,0.6030911943805325,190.01052602421794,0.8365,2,27,1,4,5000,100,71.0,10.0,15.0,0.35,0.35,0.3,0.1,0.9555,0.044,3.4587,181.6594,4.5583,-0.0524,4.5586
215,17,596,284,618,289,11.51073461747316,335.75288531895,11.592175410291071,358.3085262730989,0.5193,2,27,1,4,5000,100,71.0,10.0,15.0,0.35,0.35,0.3,0.1,0.7065,0.0325,2.5512,346.6642,8.5243,-1.7359,8.6992
215,5,440,219,456,218,0.662349447372199,173.0115603073968,0.3031494437141273,189.0026454841307,0.6269,2,27,1,4,5000,100,71.0,10.0,15.0,0.35,0.35,0.3,0.1,0.9603,0.0442,3.4763,180.6539,4.5330,-0.0524,4.5333
216,5,439,218,455,219,0.33311124392136665,172.00290695217916,0.6095065766751959,188.01063799689632,0.644,2,27,1,4,5000,100,71.0,10.0,15.0,0.35,0.35,0.3,0.1,0.9667,0.0445,3.4994,179.6509,4.5081,-0.0262,4.5082
216,16,412,69,424,56,314.41337429248944,207.19314660480447,314.2793363774823,224.8777445635739,0.6325,2,27,1,4,5000,100,71.0,10.0,15.0,0.35,0.35,0.3,0.1,0.8898,0.0409,3.2193,215.6735,3.7876,3.8659,5.4121
217,17,613,288,638,293,11.59624992169887,353.20956951928696,11.576974567107733,378.7043701886737,0.6326,2,27,1,4,5000,100,71.0,10.0,15.0,0.35,0.35,0.3,0.1,0.7573,0.0348,2.7362,365.5129,8.9850,-1.8437,9.1722
217,5,435,217,451,218,0.0,168.0,0.3113870402748284,184.00271737123884,0.6361,2,27,1,4,5000,100,71.0,10.0,15.0,0.35,0.35,0.3,0.1,0.9883,0.0455,3.5784,175.6376,4.4075,-0.0000,4.4075
218,17,602,283,630,289,11.145384449922256,341.4395993437199,11.218842281268826,370.07161469099464,0.8829,1,27,1,4,5000,100,71.0,10.0,15.0,0.35,0.35,0.3,0.1,0.8748,0.0402,3.1648,355.1795,8.7448,-1.7229,8.9129
219,17,594,280,627,286,10.905022045234448,333.0135132393279,10.850104629797377,366.5528611264684,0.7747,1,27,1,4,5000,100,71.0,10.0,15.0,0.35,0.35,0.3,0.1,1.0423,0.0479,3.7750,348.9792,8.5992,-1.6567,8.7573
220,17,611,282,627,285,10.700084462859904,350.08713201144656,10.696510735778114,366.3659372812926,0.6513,1,27,1,4,5000,100,71.0,10.0,15.0,0.35,0.35,0.3,0.1,0.494,0.0227,1.7766,358.0416,8.8285,-1.6682,8.9847
221,18,571,274,611,281,10.619655276155134,309.2975913258944,10.53918372862823,349.9028436580646,0.9223,3,27,1,4,5000,100,71.0,10.0,15.0,0.35,0.35,0.3,0.1,1.3391,0.0616,4.8570,328.3496,8.0985,-1.5185,8.2396
221,17,592,279,627,285,10.800499133782317,330.8609980036934,10.696510735778114,366.3659372812926,0.7507,3,27,1,4,5000,100,71.0,10.0,15.0,0.35,0.35,0.3,0.1,1.1071,0.0509,4.0111,347.7095,8.5709,-1.6351,8.7255
221,5,412,210,427,210,357.23614262908745,145.16886718577092,357.4949071327586,160.15305179733542,0.7244,3,27,1,4,5000,100,71.0,10.0,15.0,0.35,0.35,0.3,0.1,1.0669,0.0491,3.8648,152.2933,3.8172,0.1843,3.8217
222,17,611,282,628,285,10.700084462859904,350.08713201144656,10.667561435152889,367.3486082728503,0.5725,2,27,1,4,5000,100,71.0,10.0,15.0,0.35,0.35,0.3,0.1,0.5231,0.0241,1.8826,358.5102,8.8401,-1.6704,8.9965
222,5,412,211,427,210,357.6304919357447,145.1240848377691,357.4949071327586,160.15305179733542,0.7956,2,27,1,4,5000,100,71.0,10.0,15.0,0.35,0.35,0.3,0.1,1.0703,0.0492,3.8770,152.2686,3.8178,0.1580,3.8210
223,17,592,279,626,285,10.800499133782317,330.8609980036934,10.725615742888088,365.3833603217311,0.7635,1,27,1,4,5000,100,71.0,10.0,15.0,0.35,0.35,0.3,0.1,1.0779,0.0496,3.9050,347.2663,8.5600,-1.6330,8.7143
224,18,570,273,608,281,10.471161762203232,308.13146544940844,10.62979971293176,346.95388742598055,0.772,3,27,1,4,5000,100,71.0,10.0,15.0,0.35,0.35,0.3,0.1,1.2884,0.0593,4.6720,326.3923,8.0541,-1.4886,8.1905
224,17,591,278,624,285,10.662357544762912,329.6922807710244,10.7842978675626,363.4184915493432,0.7048,3,27,1,4,5000,100,71.0,10.0,15.0,0.35,0.35,0.3,0.1,1.0579,0.0487,3.8318,345.7348,8.5261,-1.6052,8.6759
224,5,412,210,426,210,357.23614262908745,145.16886718577092,357.47917209228984,159.15401345866212,0.7916,3,27,1,4,5000,100,71.0,10.0,15.0,0.35,0.35,0.3,0.1,0.9991,0.046,3.6175,151.8401,3.8059,0.1837,3.8103
225,17,590,278,623,284,10.69460766408409,328.70959827787203,10.658519628012494,362.2499137335991,0.8302,2,27,1,4,5000,100,71.0,10.0,15.0,0.35,0.35,0.3,0.1,1.0553,0.0485,3.8225,344.6657,8.4988,-1.6050,8.6491
225,5,409,210,423,209,357.1778447001882,142.1724305201258,357.06432655357884,156.20499351813308,0.8256,2,27,1,4,5000,100,71.0,10.0,15.0,0.35,0.35,0.3,0.1,1.0224,0.047,3.7026,148.8587,3.7309,0.1839,3.7355
226,18,569,273,607,281,10.505063869917349,307.14817271147814,10.660348294535334,345.9710970586994,0.7826,3,27,1,4,5000,100,71.0,10.0,15.0,0.35,0.35,0.3,0.1,1.2923,0.0594,4.6862,325.4058,8.0289,-1.4888,8.1658
226,17,590,278,623,284,10.69460766408409,328.70959827787203,10.658519628012494,362.2499137335991,0.809,3,27,1,4,5000,100,71.0,10.0,15.0,0.35,0.35,0.3,0.1,1.0553,0.0485,3.8225,344.6657,8.4988,-1.6050,8.6491
226,16,381,66,396,48,307.0515961261083,189.20095137181525,307.35498672832927,212.60761980700502,0.4752,3,27,1,4,5000,100,71.0,10.0,15.0,0.35,0.35,0.3,0.1,1.2664,0.0583,4.5920,200.2225,3.0274,4.0099,5.0244
227,17,607,281,622,284,10.660348294535334,345.9710970586994,10.687852907031857,361.2672141227321,0.5798,1,27,1,4,5000,100,71.0,10.0,15.0,0.35,0.35,0.3,0.1,0.4702,0.0216,1.6899,353.4537,8.7165,-1.6408,8.8696
228,18,567,272,605,280,10.388857815469612,305.0,10.55823406025535,343.8211744497421,0.7469,2,27,1,4,5000,100,71.0,10.0,15.0,0.35,0.35,0.3,0.1,1.3008,0.0598,4.7172,323.2492,7.9787,-1.4628,8.1116
228,17,588,277,621,284,10.587321318237134,326.5593361090753,10.717346195151125,360.2846097184835,0.6926,2,27,1,4,5000,100,71.0,10.0,15.0,0.35,0.35,0.3,0.1,1.0675,0.0491,3.8668,342.5940,8.4507,-1.5796,8.5971
229,17,583,276,613,282,10.575859542652957,321.4607285501605,10.63965031268877,352.05255289516083,0.7585,2,27,1,4,5000,100,71.0,10.0,15.0,0.35,0.35,0.3,0.1,0.9875,0.0454,3.5752,336.0619,8.2899,-1.5478,8.4332
229,16,374,60,383,46,304.2755514625288,189.99473676920633,304.15150006925035,206.6325240614362,0.6232,2,27,1,4,5000,100,71.0,10.0,15.0,0.35,0.35,0.3,0.1,0.912,0.0419,3.3000,197.9647,2.7977,4.1050,4.9677
230,17,577,275,610,280,10.597335145023564,315.37913691301776,10.407711312490058,348.7377237982722,0.6232,2,27,1,4,5000,100,71.0,10.0,15.0,0.35,0.35,0.3,0.1,1.092,0.0502,3.9562,331.2206,8.1699,-1.5286,8.3117
230,16,367,59,375,45,302.33018573505035,186.98663053812163,302.1249984403875,203.09603639657766,0.5611,2,27,1,4,5000,100,71.0,10.0,15.0,0.35,0.35,0.3,0.1,0.8978,0.0413,3.2485,194.7087,2.6130,4.1286,4.8860
231,18,568,273,598,279,10.53918372862823,306.16498820080653,10.609203656513111,336.7565886512096,0.7679,1,27,1,4,5000,100,71.0,10.0,15.0,0.35,0.35,0.3,0.1,1.0344,0.0476,3.7464,320.7330,7.9127,-1.4721,8.0485
232,18,559,271,590,277,10.477423596004869,296.95117443781896,10.523233898289845,328.5254936835192,0.7931,2,27,1,4,5000,100,71.0,10.0,15.0,0.35,0.35,0.3,0.1,1.0974,0.0505,3.9761,311.9414,7.6974,-1.4235,7.8279
232,16,348,62,360,43,297.5906972530431,174.88853593074649,298.1237353832888,197.29419656948858,0.3644,2,27,1,4,5000,100,71.0,10.0,15.0,0.35,0.35,0.3,0.1,1.3088,0.0602,4.7463,185.4169,2.1550,4.1237,4.6529
233,18,556,270,586,276,10.392054589416698,293.8196725884773,10.478613119527298,324.4102341172362,0.7526,2,27,1,4,5000,100,71.0,10.0,15.0,0.35,0.35,0.3,0.1,1.0757,0.0495,3.8969,308.3581,7.6110,-1.3958,7.7380
233,16,345,62,356,43,296.7127203849381,173.5194513592064,297.0894830256058,195.4405280385826,0.452,2,27,1,4,5000,100,71.0,10.0,15.0,0.35,0.35,0.3,0.1,1.2916,0.0594,4.6839,183.8288,2.0736,4.1207,4.6130
234,18,552,269,579,274,10.340225148748292,289.70502239346837,10.353320043929445,317.16399543453855,0.8264,2,27,1,4,5000,100,71.0,10.0,15.0,0.35,0.35,0.3,0.1,0.9837,0.0452,3.5614,302.8133,7.4754,-1.3639,7.5988
234,16,340,55,345,41,294.25715038568967,177.6879286839711,293.90205041101086,192.50974001333023,0.4376,2,27,1,4,5000,100,71.0,10.0,15.0,0.35,0.35,0.3,0.1,0.8704,0.04,3.1486,184.8021,1.9052,4.2280,4.6374
235,18,565,271,580,274,10.27100372047908,302.8530997034701,10.32095436249771,318.14776441144454,0.5527,2,27,1,4,5000,100,71.0,10.0,15.0,0.35,0.35,0.3,0.1,0.5354,0.0246,1.9277,310.3121,7.6622,-1.3885,7.7870
235,16,339,61,348,41,294.77514056883194,171.81385275931623,294.7131768804659,193.7446773462435,0.6363,2,27,1,4,5000,100,71.0,10.0,15.0,0.35,0.35,0.3,0.1,1.3042,0.06,4.7298,182.1214,1.9152,4.1495,4.5702
236,18,550,269,565,271,10.41170822769202,287.7377278008569,10.27100372047908,302.8530997034701,0.3777,2,27,1,4,5000,100,71.0,10.0,15.0,0.35,0.35,0.3,0.1,0.5564,0.0256,2.0041,295.1020,7.2834,-1.3383,7.4053
236,16,337,55,342,41,293.3691131634821,176.47662734764623,293.0806172153438,191.31387822110554,0.5072,2,27,1,4,5000,100,71.0,10.0,15.0,0.35,0.35,0.3,0.1,0.877,0.0403,3.1727,183.5960,1.8275,4.2292,4.6072
237,18,551,269,565,271,10.375844920051051,288.7213189218974,10.27100372047908,302.8530997034701,0.4384,2,27,1,4,5000,100,71.0,10.0,15.0,0.35,0.35,0.3,0.1,0.5193,0.0239,1.8690,295.6184,7.2970,-1.3361,7.4183
237,16,337,55,342,41,293.3691131634821,176.47662734764623,293.0806172153438,191.31387822110554,0.504,2,27,1,4,5000,100,71.0,10.0,15.0,0.35,0.35,0.3,0.1,0.877,0.0403,3.1727,183.5960,1.8275,4.2292,4.6072
238,18,565,271,580,274,10.27100372047908,302.8530997034701,10.32095436249771,318.14776441144454,0.5486,1,27,1,4,5000,100,71.0,10.0,15.0,0.35,0.35,0.3,0.1,0.5354,0.0246,1.9277,310.3121,7.6622,-1.3885,7.7870
239,19,532,264,565,271,10.057308914963816,269.1356535281047,10.27100372047908,302.8530997034701,0.754,2,27,1,4,5000,100,71.0,10.0,15.0,0.35,0.35,0.3,0.1,1.2815,0.0589,4.6470,285.0006,7.0419,-1.2489,7.1518
239,18,551,268,580,274,10.180522281805295,288.54289109246827,10.32095436249771,318.14776441144454,0.6926,2,27,1,4,5000,100,71.0,10.0,15.0,0.35,0.35,0.3,0.1,1.0609,0.0488,3.8427,302.6230,7.4745,-1.3423,7.5941
240,19,532,264,580,274,10.057308914963816,269.1356535281047,10.32095436249771,318.14776441144454,0.4899,1,27,1,4,5000,100,71.0,10.0,15.0,0.35,0.35,0.3,0.1,1.8143,0.0835,6.5889,291.5965,7.2049,-1.2779,7.3174
241,18,551,269,580,274,10.375844920051051,288.7213189218974,10.32095436249771,318.14776441144454,0.7913,1,27,1,4,5000,100,71.0,10.0,15.0,0.35,0.35,0.3,0.1,1.0541,0.0485,3.8183,302.7211,7.4723,-1.3682,7.5965
242,18,550,269,580,274,10.41170822769202,287.7377278008569,10.32095436249771,318.14776441144454,0.7374,2,27,1,4,5000,100,71.0,10.0,15.0,0.35,0.35,0.3,0.1,1.0912,0.0502,3.9531,302.1796,7.4581,-1.3704,7.5829
242,16,339,60,348,41,294.6361296498905,172.72232050317064,294.7131768804659,193.7446773462435,0.6195,2,27,1,4,5000,100,71.0,10.0,15.0,0.35,0.35,0.3,0.1,1.2471,0.0574,4.5216,182.6305,1.9104,4.1658,4.5829
243,19,532,264,565,270,10.057308914963816,269.1356535281047,10.084739651516104,302.67639485100256,0.9369,3,27,1,4,5000,100,71.0,10.0,15.0,0.35,0.35,0.3,0.1,1.2752,0.0587,4.6239,284.9223,7.0400,-1.2486,7.1499
243,18,550,269,580,274,10.41170822769202,287.7377278008569,10.32095436249771,318.14776441144454,0.7543,3,27,1,4,5000,100,71.0,10.0,15.0,0.35,0.35,0.3,0.1,1.0912,0.0502,3.9531,302.1796,7.4581,-1.3704,7.5829
243,16,338,60,348,41,294.33387656904677,172.30786401090347,294.7131768804659,193.7446773462435,0.4481,3,27,1,4,5000,100,71.0,10.0,15.0,0.35,0.35,0.3,0.1,1.2731,0.0586,4.6164,182.3986,1.8860,4.1705,4.5771
244,18,551,269,580,274,10.375844920051051,288.7213189218974,10.32095436249771,318.14776441144454,0.8075,1,27,1,4,5000,100,71.0,10.0,15.0,0.35,0.35,0.3,0.1,1.0541,0.0485,3.8183,302.7211,7.4723,-1.3682,7.5965
245,19,532,264,565,270,10.057308914963816,269.1356535281047,10.084739651516104,302.67639485100256,0.9408,3,27,1,4,5000,100,71.0,10.0,15.0,0.35,0.35,0.3,0.1,1.2752,0.0587,4.6239,284.9223,7.0400,-1.2486,7.1499
245,18,550,269,580,274,10.41170822769202,287.7377278008569,10.32095436249771,318.14776441144454,0.7294,3,27,1,4,5000,100,71.0,10.0,15.0,0.35,0.35,0.3,0.1,1.0912,0.0502,3.9531,302.1796,7.4581,-1.3704,7.5829
245,16,337,55,342,41,293.3691131634821,176.47662734764623,293.0806172153438,191.31387822110554,0.4976,3,27,1,4,5000,100,71.0,10.0,15.0,0.35,0.35,0.3,0.1,0.877,0.0403,3.1727,183.5960,1.8275,4.2292,4.6072
246,19,532,264,565,270,10.057308914963816,269.1356535281047,10.084739651516104,302.67639485100256,0.8883,3,27,1,4,5000,100,71.0,10.0,15.0,0.35,0.35,0.3,0.1,1.2752,0.0587,4.6239,284.9223,7.0400,-1.2486,7.1499
246,18,550,268,580,274,10.21573957402295,287.5586896617802,10.32095436249771,318.14776441144454,0.7206,3,27,1,4,5000,100,71.0,10.0,15.0,0.35,0.35,0.3,0.1,1.0979,0.0505,3.9777,302.0808,7.4603,-1.3444,7.5804
246,16,338,60,348,41,294.33387656904677,172.30786401090347,294.7131768804659,193.7446773462435,0.4466,3,27,1,4,5000,100,71.0,10.0,15.0,0.35,0.35,0.3,0.1,1.2731,0.0586,4.6164,182.3986,1.8860,4.1705,4.5771
247,19,532,264,565,270,10.057308914963816,269.1356535281047,10.084739651516104,302.67639485100256,0.9758,3,27,1,4,5000,100,71.0,10.0,15.0,0.35,0.35,0.3,0.1,1.2752,0.0587,4.6239,284.9223,7.0400,-1.2486,7.1499
247,18,550,269,580,274,10.41170822769202,287.7377278008569,10.32095436249771,318.14776441144454,0.7459,3,27,1,4,5000,100,71.0,10.0,15.0,0.35,0.35,0.3,0.1,1.0912,0.0502,3.9531,302.1796,7.4581,-1.3704,7.5829
247,16,337,55,342,41,293.3691131634821,176.47662734764623,293.0806172153438,191.31387822110554,0.511,3,27,1,4,5000,100,71.0,10.0,15.0,0.35,0.35,0.3,0.1,0.877,0.0403,3.1727,183.5960,1.8275,4.2292,4.6072
248,18,551,269,580,274,10.375844920051051,288.7213189218974,10.32095436249771,318.14776441144454,0.7972,2,27,1,4,5000,100,71.0,10.0,15.0,0.35,0.35,0.3,0.1,1.0541,0.0485,3.8183,302.7211,7.4723,-1.3682,7.5965
248,16,337,55,342,41,293.3691131634821,176.47662734764623,293.0806172153438,191.31387822110554,0.5183,2,27,1,4,5000,100,71.0,10.0,15.0,0.35,0.35,0.3,0.1,0.877,0.0403,3.1727,183.5960,1.8275,4.2292,4.6072
249,18,551,269,580,274,10.375844920051051,288.7213189218974,10.32095436249771,318.14776441144454,0.7884,2,27,1,4,5000,100,71.0,10.0,15.0,0.35,0.35,0.3,0.1,1.0541,0.0485,3.8183,302.7211,7.4723,-1.3682,7.5965
249,16,337,55,342,41,293.3691131634821,176.47662734764623,293.0806172153438,191.31387822110554,0.5143,2,27,1,4,5000,100,71.0,10.0,15.0,0.35,0.35,0.3,0.1,0.877,0.0403,3.1727,183.5960,1.8275,4.2292,4.6072
250,18,551,269,580,274,10.375844920051051,288.7213189218974,10.32095436249771,318.14776441144454,0.7977,2,27,1,4,5000,100,71.0,10.0,15.0,0.35,0.35,0.3,0.1,1.0541,0.0485,3.8183,302.7211,7.4723,-1.3682,7.5965
250,16,337,55,342,41,293.3691131634821,176.47662734764623,293.0806172153438,191.31387822110554,0.5013,2,27,1,4,5000,100,71.0,10.0,15.0,0.35,0.35,0.3,0.1,0.877,0.0403,3.1727,183.5960,1.8275,4.2292,4.6072
251,18,551,269,580,274,10.375844920051051,288.7213189218974,10.32095436249771,318.14776441144454,0.7894,1,27,1,4,5000,100,71.0,10.0,15.0,0.35,0.35,0.3,0.1,1.0541,0.0485,3.8183,302.7211,7.4723,-1.3682,7.5965
