Frame_Number,Track_ID,Center_X,Center_Y,Right_X,Right_Y,Angle_A_deg,A_px,Angle_B_deg,C_px,Pair_Score,Pair_Count,Binary_Threshold,Blur_Size,Min_Area_px2,Max_Area_px2,Max_Width_px,Max_Radial_Gap_px,Max_Angle_Diff_deg,Max_Center_Offset_px,Weight_Angle,Weight_Area,Weight_Center,Min_Score_Threshold,Zprime_mm,Zdoubleprime,Z_mm,B_px,X_mm,Y_mm,B_mm
0,1,387,311,406,325,40.724158887371054,151.74320413119,40.140385569027586,175.28548142958104,0.4351,2,20,3,4,5000,100,71.0,10.0,15.0,0.35,0.35,0.3,0.1,1.565,0.072,4.3857,162.6670,3.0936,-2.6632,4.0820
0,2,418,296,432,305,29.91364599153488,168.43990026119107,30.1672956103844,185.06485349736184,0.6719,2,20,3,4,5000,100,71.0,10.0,15.0,0.35,0.35,0.3,0.1,1.0224,0.047,2.8431,176.3614,3.8360,-2.2070,4.4256
1,1,387,311,406,325,40.724158887371054,151.74320413119,40.140385569027586,175.28548142958104,0.4334,2,20,3,4,5000,100,71.0,10.0,15.0,0.35,0.35,0.3,0.1,1.565,0.072,4.3857,162.6670,3.0936,-2.6632,4.0820
1,2,418,296,432,305,29.91364599153488,168.43990026119107,30.1672956103844,185.06485349736184,0.6728,2,20,3,4,5000,100,71.0,10.0,15.0,0.35,0.35,0.3,0.1,1.0224,0.047,2.8431,176.3614,3.8360,-2.2070,4.4256
2,2,418,296,432,305,29.91364599153488,168.43990026119107,30.1672956103844,185.06485349736184,0.6755,1,20,3,4,5000,100,71.0,10.0,15.0,0.35,0.35,0.3,0.1,1.0224,0.047,2.8431,176.3614,3.8360,-2.2070,4.4256
3,1,387,311,406,325,40.724158887371054,151.74320413119,40.140385569027586,175.28548142958104,0.4299,2,20,3,4,5000,100,71.0,10.0,15.0,0.35,0.35,0.3,0.1,1.565,0.072,4.3857,162.6670,3.0936,-2.6632,4.0820
3,2,418,296,432,305,29.91364599153488,168.43990026119107,30.1672956103844,185.06485349736184,0.6713,2,20,3,4,5000,100,71.0,10.0,15.0,0.35,0.35,0.3,0.1,1.0224,0.047,2.8431,176.3614,3.8360,-2.2070,4.4256
4,1,387,311,406,325,40.724158887371054,151.74320413119,40.140385569027586,175.28548142958104,0.4329,2,20,3,4,5000,100,71.0,10.0,15.0,0.35,0.35,0.3,0.1,1.565,0.072,4.3857,162.6670,3.0936,-2.6632,4.0820
4,2,418,296,432,305,29.91364599153488,168.43990026119107,30.1672956103844,185.06485349736184,0.6749,2,20,3,4,5000,100,71.0,10.0,15.0,0.35,0.35,0.3,0.1,1.0224,0.047,2.8431,176.3614,3.8360,-2.2070,4.4256
5,1,387,311,406,325,40.724158887371054,151.74320413119,40.140385569027586,175.28548142958104,0.4295,2,20,3,4,5000,100,71.0,10.0,15.0,0.35,0.35,0.3,0.1,1.565,0.072,4.3857,162.6670,3.0936,-2.6632,4.0820
5,2,418,296,432,305,29.91364599153488,168.43990026119107,30.1672956103844,185.06485349736184,0.6728,2,20,3,4,5000,100,71.0,10.0,15.0,0.35,0.35,0.3,0.1,1.0224,0.047,2.8431,176.3614,3.8360,-2.2070,4.4256
6,1,387,311,406,325,40.724158887371054,151.74320413119,40.140385569027586,175.28548142958104,0.4321,2,20,3,4,5000,100,71.0,10.0,15.0,0.35,0.35,0.3,0.1,1.565,0.072,4.3857,162.6670,3.0936,-2.6632,4.0820
6,2,418,296,432,305,29.91364599153488,168.43990026119107,30.1672956103844,185.06485349736184,0.6736,2,20,3,4,5000,100,71.0,10.0,15.0,0.35,0.35,0.3,0.1,1.0224,0.047,2.8431,176.3614,3.8360,-2.2070,4.4256
7,1,387,311,406,325,40.724158887371054,151.74320413119,40.140385569027586,175.28548142958104,0.4294,1,20,3,4,5000,100,71.0,10.0,15.0,0.35,0.35,0.3,0.1,1.565,0.072,4.3857,162.6670,3.0936,-2.6632,4.0820
8,1,387,311,406,325,40.724158887371054,151.74320413119,40.140385569027586,175.28548142958104,0.4309,2,20,3,4,5000,100,71.0,10.0,15.0,0.35,0.35,0.3,0.1,1.565,0.072,4.3857,162.6670,3.0936,-2.6632,4.0820
8,2,418,296,432,305,29.91364599153488,168.43990026119107,30.1672956103844,185.06485349736184,0.6793,2,20,3,4,5000,100,71.0,10.0,15.0,0.35,0.35,0.3,0.1,1.0224,0.047,2.8431,176.3614,3.8360,-2.2070,4.4256
9,1,387,311,406,325,40.724158887371054,151.74320413119,40.140385569027586,175.28548142958104,0.4325,1,20,3,4,5000,100,71.0,10.0,15.0,0.35,0.35,0.3,0.1,1.565,0.072,4.3857,162.6670,3.0936,-2.6632,4.0820
10,2,418,296,432,305,29.91364599153488,168.43990026119107,30.1672956103844,185.06485349736184,0.6741,1,20,3,4,5000,100,71.0,10.0,15.0,0.35,0.35,0.3,0.1,1.0224,0.047,2.8431,176.3614,3.8360,-2.2070,4.4256
11,1,387,311,406,325,40.724158887371054,151.74320413119,40.140385569027586,175.28548142958104,0.4328,1,20,3,4,5000,100,71.0,10.0,15.0,0.35,0.35,0.3,0.1,1.565,0.072,4.3857,162.6670,3.0936,-2.6632,4.0820
12,2,418,296,432,305,29.91364599153488,168.43990026119107,30.1672956103844,185.06485349736184,0.6702,1,20,3,4,5000,100,71.0,10.0,15.0,0.35,0.35,0.3,0.1,1.0224,0.047,2.8431,176.3614,3.8360,-2.2070,4.4256
13,2,419,295,433,304,29.450195830298412,168.81350656863924,29.74488129694222,185.43192821086663,0.6255,1,20,3,4,5000,100,71.0,10.0,15.0,0.35,0.35,0.3,0.1,1.0199,0.0469,2.8359,176.7329,3.8619,-2.1805,4.4350
14,2,421,293,435,302,28.529571560391414,169.59363195591985,28.90516317683592,186.19613314996636,0.5806,1,20,3,4,5000,100,71.0,10.0,15.0,0.35,0.35,0.3,0.1,1.0145,0.0467,2.8206,177.5075,3.9135,-2.1275,4.4544
15,2,417,301,431,311,31.54131539138498,170.13524032369074,31.90810693565316,187.3018953454556,0.592,1,20,3,4,5000,100,71.0,10.0,15.0,0.35,0.35,0.3,0.1,1.0441,0.048,2.9048,178.3063,3.8134,-2.3406,4.4744
16,1,384,318,402,332,43.42344994481627,154.20765220960988,42.70938995736147,176.91806012954132,0.3526,2,20,3,4,5000,100,71.0,10.0,15.0,0.35,0.35,0.3,0.1,1.491,0.0686,4.1754,164.7841,3.0033,-2.8424,4.1351
16,2,414,303,428,313,32.653579331273164,168.65645555388622,32.92046901338501,185.84133017173548,0.67,2,20,3,4,5000,100,71.0,10.0,15.0,0.35,0.35,0.3,0.1,1.0539,0.0485,2.9326,176.8324,3.7361,-2.3943,4.4374
18,1,383,320,402,336,44.21517539700812,154.8709139896837,43.64680804622031,179.655225362359,0.4391,2,20,3,4,5000,100,71.0,10.0,15.0,0.35,0.35,0.3,0.1,1.6107,0.0741,4.5154,166.3450,2.9918,-2.9110,4.1743
18,2,414,306,428,316,33.50343698241422,170.29386365926402,33.690067525979785,187.48866632412745,0.7076,2,20,3,4,5000,100,71.0,10.0,15.0,0.35,0.35,0.3,0.1,1.0448,0.0481,2.9068,178.4781,3.7346,-2.4722,4.4787
19,2,414,306,428,316,33.50343698241422,170.29386365926402,33.690067525979785,187.48866632412745,0.7153,1,20,3,4,5000,100,71.0,10.0,15.0,0.35,0.35,0.3,0.1,1.0448,0.0481,2.9068,178.4781,3.7346,-2.4722,4.4787
20,1,390,318,409,333,41.9335144988741,158.61904047118682,41.45131802609556,182.7840255602223,0.4688,2,20,3,4,5000,100,71.0,10.0,15.0,0.35,0.35,0.3,0.1,1.5388,0.0708,4.3111,169.8463,3.1707,-2.8483,4.2621
20,2,420,303,435,314,31.585897503866722,173.738308959193,32.03696852986359,192.28364465029262,0.5436,2,20,3,4,5000,100,71.0,10.0,15.0,0.35,0.35,0.3,0.1,1.1015,0.0507,3.0680,182.5412,3.9021,-2.3993,4.5807
21,1,396,314,423,333,39.44005273669047,160.5615146914104,38.706051811048916,193.49935400408964,0.4298,2,20,3,4,5000,100,71.0,10.0,15.0,0.35,0.35,0.3,0.1,2.0224,0.093,5.6860,175.4984,3.4011,-2.7977,4.4040
21,2,428,299,443,309,29.148071845713044,178.61970775925036,29.564138112533197,196.596032513375,0.5374,2,20,3,4,5000,100,71.0,10.0,15.0,0.35,0.35,0.3,0.1,1.0415,0.0479,2.8975,187.1773,4.1022,-2.2878,4.6970
22,1,417,319,432,329,36.42476736016478,180.20543831971332,36.17613805695952,198.2145302443794,0.6838,2,20,3,4,5000,100,71.0,10.0,15.0,0.35,0.35,0.3,0.1,1.0346,0.0476,2.8778,188.7815,3.8118,-2.8129,4.7373
22,2,436,295,452,304,26.843860555522724,183.8069639594757,27.072080237992765,202.14846029589245,0.6522,2,20,3,4,5000,100,71.0,10.0,15.0,0.35,0.35,0.3,0.1,1.0331,0.0475,2.8736,192.5419,4.3110,-2.1818,4.8317
23,1,426,314,442,324,33.51800864525191,184.71599822430107,33.377832036430426,203.57799488156869,0.76,2,20,3,4,5000,100,71.0,10.0,15.0,0.35,0.35,0.3,0.1,1.0561,0.0486,2.9388,193.6889,4.0522,-2.6839,4.8604
23,2,445,292,462,300,24.81713087242685,190.60167890131504,24.851585859712173,209.3895890439637,0.7842,2,20,3,4,5000,100,71.0,10.0,15.0,0.35,0.35,0.3,0.1,1.0211,0.047,2.8395,199.5544,4.5452,-2.1018,5.0076
24,1,434,311,451,321,31.429565614838516,189.85520798756087,31.338846293094495,209.57576195734086,0.7851,2,20,3,4,5000,100,71.0,10.0,15.0,0.35,0.35,0.3,0.1,1.0733,0.0494,2.9879,199.2287,4.2660,-2.6070,4.9995
24,2,454,288,471,296,22.6645574346961,197.2308292331602,22.885121291416414,216.00231480241132,0.6515,2,20,3,4,5000,100,71.0,10.0,15.0,0.35,0.35,0.3,0.1,0.9876,0.0454,2.7441,206.1902,4.7746,-1.9938,5.1742
25,1,441,308,457,318,29.598625636273756,194.36306233438492,29.81154302313208,213.21585306913744,0.676,2,20,3,4,5000,100,71.0,10.0,15.0,0.35,0.35,0.3,0.1,1.0056,0.0463,2.7953,203.3534,4.4371,-2.5205,5.1030
25,2,459,286,477,293,21.589791687713987,201.10942295178512,21.560063906565105,220.42232191862965,0.8139,2,20,3,4,5000,100,71.0,10.0,15.0,0.35,0.35,0.3,0.1,0.996,0.0458,2.7682,210.3235,4.9076,-1.9420,5.2779
26,1,446,306,463,315,28.37924308610794,197.76754030932378,28.336520917112065,217.00230413523263,0.8274,2,20,3,4,5000,100,71.0,10.0,15.0,0.35,0.35,0.3,0.1,1.0082,0.0464,2.8027,206.9389,4.5689,-2.4682,5.1929
26,2,464,283,483,291,20.293973727576844,204.70710783946902,20.526281180955344,225.30423875284725,0.6457,2,20,3,4,5000,100,71.0,10.0,15.0,0.35,0.35,0.3,0.1,1.0413,0.0479,2.8969,214.5124,5.0488,-1.8670,5.3830
27,1,454,304,472,313,26.81634684428694,203.93136100168604,26.793775628803157,224.0557966221807,0.8358,2,20,3,4,5000,100,71.0,10.0,15.0,0.35,0.35,0.3,0.1,1.0222,0.047,2.8427,213.5204,4.7819,-2.4172,5.3581
27,2,473,281,492,289,18.94650468950905,212.51352898109803,19.290046219188735,233.085821104588,0.5265,2,20,3,4,5000,100,71.0,10.0,15.0,0.35,0.35,0.3,0.1,1.0037,0.0462,2.7899,222.3248,5.2768,-1.8114,5.5790
28,1,464,303,482,312,25.35900239785803,212.47352776287215,25.463345061871614,232.59406699226014,0.7698,2,20,3,4,5000,100,71.0,10.0,15.0,0.35,0.35,0.3,0.1,0.9828,0.0452,2.7306,222.0790,5.0359,-2.3868,5.5729
28,2,483,280,503,287,17.86282738713119,221.68671588527806,17.98733465206146,242.87033577610913,0.7076,2,20,3,4,5000,100,71.0,10.0,15.0,0.35,0.35,0.3,0.1,0.9913,0.0456,2.7548,231.7955,5.5363,-1.7842,5.8167
29,1,470,300,489,309,23.962488974578186,216.6748716395143,24.08486337096684,237.6930794112441,0.7468,2,20,3,4,5000,100,71.0,10.0,15.0,0.35,0.35,0.3,0.1,1.0057,0.0463,2.7955,226.6978,5.1985,-2.3104,5.6888
29,2,488,277,509,284,16.747903058399967,225.5681715136247,16.898648694038226,247.69537742961614,0.6869,2,20,3,4,5000,100,71.0,10.0,15.0,0.35,0.35,0.3,0.1,1.0164,0.0468,2.8262,236.1145,5.6738,-1.7074,5.9251
30,1,476,298,495,306,22.858761879865654,221.38653978957257,22.856623019947538,242.00206610688264,0.842,2,20,3,4,5000,100,71.0,10.0,15.0,0.35,0.35,0.3,0.1,0.9672,0.0445,2.6861,231.2357,5.3469,-2.2541,5.8027
30,2,494,275,516,282,15.843082117687011,230.76611536358627,16.007404296099843,253.84247083575278,0.6759,2,20,3,4,5000,100,71.0,10.0,15.0,0.35,0.35,0.3,0.1,1.0352,0.0476,2.8796,241.7549,5.8362,-1.6562,6.0666
31,1,485,295,507,304,21.289438080651813,228.60008748904713,21.37981459711817,252.36679654819886,0.7849,2,20,3,4,5000,100,71.0,10.0,15.0,0.35,0.35,0.3,0.1,1.0743,0.0494,2.9906,239.8962,5.6092,-2.1857,6.0200
31,2,504,272,527,279,14.500166766552566,239.63305281200255,14.721440914978075,263.65507770570247,0.6118,2,20,3,4,5000,100,71.0,10.0,15.0,0.35,0.35,0.3,0.1,1.0377,0.0477,2.8865,251.0708,6.0997,-1.5775,6.3004
32,1,475,287,515,301,20.27716044768948,216.41164478835236,20.115516473235715,258.7856255668,0.6129,3,20,3,4,5000,100,71.0,10.0,15.0,0.35,0.35,0.3,0.1,1.9386,0.0892,5.4476,235.7094,5.5484,-2.0499,5.9149
32,2,513,270,535,276,13.531694851164147,247.88101984621574,13.676866051312288,270.675081970986,0.6726,3,20,3,4,5000,100,71.0,10.0,15.0,0.35,0.35,0.3,0.1,0.9556,0.044,2.6533,258.7771,6.3135,-1.5194,6.4938
32,3,335,100,342,88,299.3577535427913,128.50291825480073,299.4454287299256,142.3938200906205,0.8121,3,20,3,4,5000,100,71.0,10.0,15.0,0.35,0.35,0.3,0.1,1.1148,0.0513,3.1057,135.0922,1.6620,2.9547,3.3900
33,4,518,451,538,469,44.173108018727945,342.9825068425502,44.014127870455184,369.8715993422582,0.4123,3,20,3,4,5000,100,71.0,10.0,15.0,0.35,0.35,0.3,0.1,0.82,0.0377,2.2678,355.9199,6.4060,-6.2237,8.9315
33,1,500,290,522,298,18.88608736970929,240.97302753627844,18.98321705922621,264.37851652507624,0.767,3,20,3,4,5000,100,71.0,10.0,15.0,0.35,0.35,0.3,0.1,1.0069,0.0463,2.7990,252.1338,5.9864,-2.0480,6.3271
33,3,341,97,348,86,300.9637565320735,134.1118935814419,301.09731288577944,147.14618581533128,0.8125,3,20,3,4,5000,100,71.0,10.0,15.0,0.35,0.35,0.3,0.1,1.0075,0.0463,2.8007,140.3270,1.8117,3.0196,3.5214
34,1,508,287,531,295,17.630080218819145,247.63077353188558,17.76874885273887,271.97426348829407,0.7104,2,20,3,4,5000,100,71.0,10.0,15.0,0.35,0.35,0.3,0.1,1.0185,0.0468,2.8321,259.2323,6.1997,-1.9702,6.5052
34,3,350,94,358,83,303.4653793463553,141.4496376806954,303.69006752597977,155.03870484495155,0.745,2,20,3,4,5000,100,71.0,10.0,15.0,0.35,0.35,0.3,0.1,0.9964,0.0458,2.7693,147.9328,2.0471,3.0968,3.7122
35,1,513,285,536,293,16.85180015213771,251.81342299408902,17.056965576617063,276.14670014323906,0.6342,3,20,3,4,5000,100,71.0,10.0,15.0,0.35,0.35,0.3,0.1,1.002,0.0461,2.7851,263.4193,6.3264,-1.9163,6.6103
35,2,532,262,557,268,10.885527054658738,264.76404589747455,11.116497086349096,290.4496514027862,0.5763,3,20,3,4,5000,100,71.0,10.0,15.0,0.35,0.35,0.3,0.1,1.0057,0.0463,2.7958,277.0127,6.8263,-1.3128,6.9514
35,3,355,92,364,80,304.67031791098054,145.90750494748377,304.87532834460217,160.89748288895012,0.7544,3,20,3,4,5000,100,71.0,10.0,15.0,0.35,0.35,0.3,0.1,1.0622,0.0489,2.9562,153.0363,2.1846,3.1584,3.8403
36,1,517,283,542,291,16.161372506720426,255.08037948850554,16.309084929224376,281.3201023745015,0.7158,3,20,3,4,5000,100,71.0,10.0,15.0,0.35,0.35,0.3,0.1,1.0635,0.0489,2.9599,267.5584,6.4488,-1.8688,6.7141
36,2,516,257,562,266,10.44942815776925,248.114892741246,10.548065418142127,294.98474536829866,0.6037,3,20,3,4,5000,100,71.0,10.0,15.0,0.35,0.35,0.3,0.1,1.8762,0.0863,5.2702,269.5274,6.6514,-1.2267,6.7635
36,3,361,90,370,77,306.1110575215755,151.0132444522665,305.9768702871093,166.82026255823962,0.7862,3,20,3,4,5000,100,71.0,10.0,15.0,0.35,0.35,0.3,0.1,1.0812,0.0497,3.0103,158.5237,2.3444,3.2137,3.9780
37,1,523,282,547,289,15.582960379832224,260.5782032327339,15.642246457208728,285.57660968643773,0.7829,3,20,3,4,5000,100,71.0,10.0,15.0,0.35,0.35,0.3,0.1,0.9951,0.0458,2.7654,272.5053,6.5869,-1.8370,6.8383
37,2,542,259,568,265,9.874762207080384,274.0602123621742,10.151467294511995,300.70749907509787,0.5342,3,20,3,4,5000,100,71.0,10.0,15.0,0.35,0.35,0.3,0.1,1.0079,0.0464,2.8019,286.7661,7.0895,-1.2341,7.1961
37,3,366,89,375,76,307.38806240328506,154.80633061990713,307.1385745956389,170.60187572239644,0.7271,3,20,3,4,5000,100,71.0,10.0,15.0,0.35,0.35,0.3,0.1,1.0553,0.0485,2.9366,162.3207,2.4733,3.2364,4.0733
38,5,566,459,589,477,40.03482940664215,383.98567681620625,39.894346632492514,413.1755075025624,0.5187,4,20,3,4,5000,100,71.0,10.0,15.0,0.35,0.35,0.3,0.1,0.7961,0.0366,2.1997,398.0462,7.6478,-6.4252,9.9886
38,1,530,280,555,287,14.765423109928552,266.8107943843352,14.843172923028854,292.76953393411685,0.757,4,20,3,4,5000,100,71.0,10.0,15.0,0.35,0.35,0.3,0.1,1.0085,0.0464,2.8036,279.1881,6.7746,-1.7856,7.0060
38,2,549,257,576,262,9.227367194289329,280.6314308839977,9.340026172805315,308.084404019418,0.6983,4,20,3,4,5000,100,71.0,10.0,15.0,0.35,0.35,0.3,0.1,1.0138,0.0466,2.8186,293.7178,7.2752,-1.1819,7.3706
38,3,373,87,383,73,308.9382112112714,160.70469812671936,308.60950468535304,177.88198334851114,0.6711,4,20,3,4,5000,100,71.0,10.0,15.0,0.35,0.35,0.3,0.1,1.1029,0.0507,3.0720,168.8576,2.6631,3.2959,4.2373
39,1,516,273,563,285,14.036243467926479,251.5094431626773,14.082561792123508,300.0166662037294,0.6635,3,20,3,4,5000,100,71.0,10.0,15.0,0.35,0.35,0.3,0.1,1.9121,0.088,5.3722,273.6299,6.6615,-1.6654,6.8665
39,2,556,255,583,260,8.609671780773555,287.2368360778262,8.773848068331361,314.6823795511913,0.6371,3,20,3,4,5000,100,71.0,10.0,15.0,0.35,0.35,0.3,0.1,0.9913,0.0456,2.7546,300.3339,7.4517,-1.1282,7.5366
39,3,381,84,392,71,310.416470190883,168.12197952677099,310.39990433373674,185.15128949051368,0.8649,3,20,3,4,5000,100,71.0,10.0,15.0,0.35,0.35,0.3,0.1,1.048,0.0482,2.9158,176.2262,2.8671,3.3669,4.4222
40,1,521,271,568,282,13.33026485333698,255.89450951515158,13.305236506091088,304.16442921551493,0.6669,3,20,3,4,5000,100,71.0,10.0,15.0,0.35,0.35,0.3,0.1,1.8737,0.0862,5.2632,277.9493,6.7870,-1.6082,6.9749
40,2,561,253,588,258,8.074583205337621,291.8938163099726,8.282349417031316,319.3305497443049,0.5732,3,20,3,4,5000,100,71.0,10.0,15.0,0.35,0.35,0.3,0.1,0.9759,0.0449,2.7108,304.9964,7.5777,-1.0750,7.6536
40,3,386,82,397,68,311.248270929474,172.90459797240788,310.9597959815958,190.68560512005095,0.6781,3,20,3,4,5000,100,71.0,10.0,15.0,0.35,0.35,0.3,0.1,1.0632,0.0489,2.9590,181.3603,3.0006,3.4218,4.5511
41,5,583,451,617,476,37.54187240717684,392.2269751049767,37.42384510431092,434.42030339292387,0.7136,4,20,3,4,5000,100,71.0,10.0,15.0,0.35,0.35,0.3,0.1,1.1096,0.051,3.0911,412.2468,8.2026,-6.3036,10.3450
41,1,526,269,574,279,12.648173743776717,260.31711430484165,12.508718025713552,309.3428518650463,0.5991,4,20,3,4,5000,100,71.0,10.0,15.0,0.35,0.35,0.3,0.1,1.871,0.0861,5.2554,282.7204,6.9224,-1.5535,7.0946
41,2,544,247,595,254,7.332327174693871,274.2425933366296,7.408656504659614,325.7192042235152,0.6117,4,20,3,4,5000,100,71.0,10.0,15.0,0.35,0.35,0.3,0.1,1.8653,0.0858,5.2393,297.7726,7.4112,-0.9537,7.4723
41,3,392,79,404,65,312.0585350060889,179.13402803487674,311.92254460057563,197.56770991232347,0.7729,4,20,3,4,5000,100,71.0,10.0,15.0,0.35,0.35,0.3,0.1,1.0638,0.0489,2.9609,187.8998,3.1586,3.5008,4.7152
42,5,591,449,625,475,36.610381546574686,397.404076476324,36.687676335369375,440.20222625516107,0.7617,4,20,3,4,5000,100,71.0,10.0,15.0,0.35,0.35,0.3,0.1,1.1108,0.0511,3.0945,417.7097,8.4140,-6.2512,10.4821
42,1,533,267,582,277,11.899721136519467,266.73207531153804,11.842076115327766,316.7412192942371,0.6443,4,20,3,4,5000,100,71.0,10.0,15.0,0.35,0.35,0.3,0.1,1.8633,0.0857,5.2337,289.5935,7.1109,-1.4985,7.2671
42,2,574,248,603,252,6.79788250028634,304.138126514911,6.890548321938934,333.4081582685103,0.7199,4,20,3,4,5000,100,71.0,10.0,15.0,0.35,0.35,0.3,0.1,0.9981,0.0459,2.7740,318.1012,7.9263,-0.9449,7.9825
42,3,399,76,412,62,313.04007274087365,186.07794065928394,313.02506598911805,205.1828452868319,0.8609,4,20,3,4,5000,100,71.0,10.0,15.0,0.35,0.35,0.3,0.1,1.0615,0.0488,2.9544,195.1640,3.3426,3.5794,4.8975
43,5,597,447,632,472,35.86982351772131,401.06109260310956,35.83765295427829,444.07206622349037,0.8343,4,20,3,4,5000,100,71.0,10.0,15.0,0.35,0.35,0.3,0.1,1.1064,0.0509,3.0819,421.4721,8.5706,-6.1972,10.5765
43,1,562,268,590,274,10.929488002180381,295.357410606201,11.032473240897692,323.9876540857691,0.719,4,20,3,4,5000,100,71.0,10.0,15.0,0.35,0.35,0.3,0.1,1.005,0.0462,2.7936,309.0108,7.6137,-1.4702,7.7543
43,2,602,248,614,249,6.225829064425769,331.95782864695326,6.174650628492861,343.99563950724723,0.5141,4,20,3,4,5000,100,71.0,10.0,15.0,0.35,0.35,0.3,0.1,0.3872,0.0178,1.0373,337.8695,8.4285,-0.9195,8.4785
43,3,406,74,420,60,314.1574757392596,192.35384061671346,314.23610153907,212.1508896988179,0.8127,4,20,3,4,5000,100,71.0,10.0,15.0,0.35,0.35,0.3,0.1,1.064,0.0489,2.9613,201.7679,3.5272,3.6325,5.0632
44,5,603,446,635,470,35.25834870252557,405.36033353055154,35.40307558185328,445.34593295549473,0.746,4,20,3,4,5000,100,71.0,10.0,15.0,0.35,0.35,0.3,0.1,1.0218,0.047,2.8415,424.4134,8.6966,-6.1480,10.6503
44,1,567,266,596,272,10.37319809695906,299.90165054564136,10.491477012331599,329.50872522590356,0.6936,4,20,3,4,5000,100,71.0,10.0,15.0,0.35,0.35,0.3,0.1,1.0226,0.047,2.8438,314.0088,7.7510,-1.4188,7.8798
44,2,607,246,619,247,5.795249960517453,336.7209527190133,5.759633735663529,348.7606629194296,0.5646,4,20,3,4,5000,100,71.0,10.0,15.0,0.35,0.35,0.3,0.1,0.3818,0.0176,1.0221,342.6351,8.5542,-0.8682,8.5981
44,3,412,72,426,58,315.0,197.9898987322333,315.0,217.78888860545663,0.8736,4,20,3,4,5000,100,71.0,10.0,15.0,0.35,0.35,0.3,0.1,1.0352,0.0476,2.8796,207.4180,3.6805,3.6805,5.2050
45,1,574,264,603,269,9.769700050531238,306.44412214953644,9.770813389813943,335.87199942835366,0.8438,3,20,3,4,5000,100,71.0,10.0,15.0,0.35,0.35,0.3,0.1,0.996,0.0458,2.7681,320.4839,7.9256,-1.3647,8.0423
45,2,593,242,627,245,5.339236803737584,322.3988213377958,5.310824439871846,356.5305036038291,0.8494,3,20,3,4,5000,100,71.0,10.0,15.0,0.35,0.35,0.3,0.1,1.0929,0.0503,3.0436,338.6067,8.4602,-0.7907,8.4970
45,3,419,70,433,55,315.9911775750108,204.38444167793205,315.72066362251763,224.8777445635739,0.6406,3,20,3,4,5000,100,71.0,10.0,15.0,0.35,0.35,0.3,0.1,1.0379,0.0477,2.8871,214.1419,3.8649,3.7335,5.3737
46,1,580,261,609,266,9.03948280335512,311.8733717392365,9.103538297628235,341.29898915760066,0.7672,3,20,3,4,5000,100,71.0,10.0,15.0,0.35,0.35,0.3,0.1,0.9794,0.0451,2.7209,325.9234,8.0772,-1.2850,8.1788
46,2,599,239,620,240,4.72013693104356,328.11278548694196,4.60009566626328,349.12461958446875,0.4684,3,20,3,4,5000,100,71.0,10.0,15.0,0.35,0.35,0.3,0.1,0.6745,0.031,1.8541,338.2927,8.4604,-0.6986,8.4892
46,3,425,67,440,51,316.53777238469746,210.79373804740976,316.2188752351313,232.69078194032525,0.6157,3,20,3,4,5000,100,71.0,10.0,15.0,0.35,0.35,0.3,0.1,1.0734,0.0494,2.9881,221.2017,4.0290,3.8183,5.5509
47,6,560,256,605,262,8.686354581236651,291.3417237540823,8.539179087055514,336.7328317821118,0.6566,4,20,3,4,5000,100,71.0,10.0,15.0,0.35,0.35,0.3,0.1,1.5712,0.0723,4.4031,312.3971,7.7494,-1.1839,7.8393
47,1,584,258,617,263,8.38703237865949,315.37279527568637,8.408911732600714,348.7491935474547,0.8792,4,20,3,4,5000,100,71.0,10.0,15.0,0.35,0.35,0.3,0.1,1.0926,0.0503,3.0426,331.2223,8.2228,-1.2123,8.3117
47,2,603,236,635,239,4.147119310574953,331.86895003901765,4.253836436119192,364.00274724238005,0.723,4,20,3,4,5000,100,71.0,10.0,15.0,0.35,0.35,0.3,0.1,1.0039,0.0462,2.7905,347.1939,8.6897,-0.6301,8.7125
47,3,429,64,445,49,316.69020467432136,215.7614423385235,316.70472831900724,237.6930794112441,0.8687,4,20,3,4,5000,100,71.0,10.0,15.0,0.35,0.35,0.3,0.1,1.0515,0.0484,2.9258,226.1969,4.1303,3.8936,5.6762
48,1,589,257,619,262,8.079487721109253,320.17807545177106,8.19943968962578,350.5837988270422,0.6894,3,20,3,4,5000,100,71.0,10.0,15.0,0.35,0.35,0.3,0.1,0.9855,0.0453,2.7381,334.6918,8.3154,-1.1804,8.3988
48,2,607,235,637,237,3.927576626217461,335.78862398836566,3.9182488640673765,365.8551625985343,0.7427,3,20,3,4,5000,100,71.0,10.0,15.0,0.35,0.35,0.3,0.1,0.9316,0.0429,2.5850,350.1777,8.7668,-0.6019,8.7874
48,3,434,62,451,47,317.2025981617658,220.78043391568917,317.3305188679789,243.4460925954656,0.7618,3,20,3,4,5000,100,71.0,10.0,15.0,0.35,0.35,0.3,0.1,1.0614,0.0488,2.9541,231.5599,4.2637,3.9479,5.8108
49,1,598,257,628,261,7.859260549155644,329.0911727773931,7.8369742017995305,359.3563690822802,0.8419,4,20,3,4,5000,100,71.0,10.0,15.0,0.35,0.35,0.3,0.1,0.9557,0.044,2.6536,343.5585,8.5403,-1.1789,8.6213
49,2,616,234,638,235,3.6592815186608023,344.70277051396033,3.595826049534778,366.7219655270188,0.5467,4,20,3,4,5000,100,71.0,10.0,15.0,0.35,0.35,0.3,0.1,0.6729,0.031,1.8495,355.3716,8.8996,-0.5692,8.9177
49,7,18,215,2,215,179.32330965972068,254.01771591761076,179.3634064240365,270.0166661522951,0.643,4,20,3,4,5000,100,71.0,10.0,15.0,0.35,0.35,0.3,0.1,0.6637,0.0305,1.8235,261.7730,-6.5685,-0.0776,6.5690
49,3,443,62,461,46,318.74298829568716,227.46648104720836,318.7069399937191,251.54919995897424,0.8438,4,20,3,4,5000,100,71.0,10.0,15.0,0.35,0.35,0.3,0.1,1.093,0.0503,3.0438,238.9025,4.5068,3.9534,5.9950
50,6,578,253,625,259,7.631434317845496,308.7345137816632,7.584011381422129,356.11514991642804,0.7849,4,20,3,4,5000,100,71.0,10.0,15.0,0.35,0.35,0.3,0.1,1.5493,0.0713,4.3410,330.7365,8.2260,-1.1022,8.2995
50,1,603,255,635,259,7.401805401079558,333.7813655673426,7.377419031190949,366.0300534109187,0.7771,4,20,3,4,5000,100,71.0,10.0,15.0,0.35,0.35,0.3,0.1,1.0018,0.0461,2.7846,349.1627,8.6889,-1.1288,8.7619
50,7,7,214,1,214,179.5675872324623,265.0075470623431,179.5771605953295,271.0073799733136,0.9597,4,20,3,4,5000,100,71.0,10.0,15.0,0.35,0.35,0.3,0.1,0.2433,0.0112,0.6284,267.9739,-6.7244,-0.0507,6.7246
50,3,449,61,466,45,319.53226170870147,232.65854809140367,319.27731617324474,255.9785147234041,0.6223,4,20,3,4,5000,100,71.0,10.0,15.0,0.35,0.35,0.3,0.1,1.0375,0.0477,2.8861,243.7621,4.6536,3.9700,6.1170
51,6,582,252,630,259,7.3523793598923595,312.5699921617557,7.479296969763091,361.0720149776219,0.7346,5,20,3,4,5000,100,71.0,10.0,15.0,0.35,0.35,0.3,0.1,1.5653,0.072,4.3864,335.0749,8.3393,-1.0760,8.4084
51,1,607,255,637,258,7.3143884157023775,337.7484270873811,7.182968904506107,367.8872109764078,0.5511,5,20,3,4,5000,100,71.0,10.0,15.0,0.35,0.35,0.3,0.1,0.9285,0.0427,2.5763,352.1742,8.7656,-1.1251,8.8375
51,2,599,231,630,233,3.3253737005815474,327.55152266475574,3.357078678985558,358.6153928653928,0.7009,5,20,3,4,5000,100,71.0,10.0,15.0,0.35,0.35,0.3,0.1,0.9842,0.0453,2.7345,342.3803,8.5773,-0.4984,8.5917
51,7,28,213,7,213,179.76518254620638,244.00204917172314,179.78379053753764,265.0018867857359,0.9064,5,20,3,4,5000,100,71.0,10.0,15.0,0.35,0.35,0.3,0.1,0.8969,0.0413,2.4864,254.0688,-6.3756,-0.0261,6.3756
51,3,452,60,470,44,319.8207660780927,235.59286916203556,319.6858998395027,259.6690201005888,0.7472,5,20,3,4,5000,100,71.0,10.0,15.0,0.35,0.35,0.3,0.1,1.0568,0.0486,2.9410,247.0457,4.7365,3.9997,6.1994
52,6,586,252,634,258,7.259724046259812,316.53751752359466,7.241866858916207,364.91094804075146,0.8162,4,20,3,4,5000,100,71.0,10.0,15.0,0.35,0.35,0.3,0.1,1.5432,0.071,4.3238,339.0073,8.4389,-1.0750,8.5071
52,2,603,230,628,232,3.112716620339459,331.48906467634794,3.21548399174821,356.5613551690648,0.5211,4,20,3,4,5000,100,71.0,10.0,15.0,0.35,0.35,0.3,0.1,0.7922,0.0364,2.1887,343.5684,8.6088,-0.4682,8.6215
52,7,32,213,9,213,179.7612689669011,240.00208332429116,179.78214637490285,263.0019011338131,0.808,4,20,3,4,5000,100,71.0,10.0,15.0,0.35,0.35,0.3,0.1,0.9941,0.0457,2.7625,250.9762,-6.2980,-0.0262,6.2980
52,3,457,60,477,44,320.59273539700246,239.4347510283334,320.66496337848713,265.04527915056326,0.811,4,20,3,4,5000,100,71.0,10.0,15.0,0.35,0.35,0.3,0.1,1.1037,0.0508,3.0741,251.5899,4.8781,4.0079,6.3134
53,6,588,252,637,258,7.214262039206761,318.5215848258953,7.182968904506107,367.8872109764078,0.7945,4,20,3,4,5000,100,71.0,10.0,15.0,0.35,0.35,0.3,0.1,1.5635,0.0719,4.3814,341.4292,8.5000,-1.0760,8.5679
53,2,605,230,636,232,3.0940580589171116,333.4861316456803,3.144957464698022,364.5490364820623,0.672,4,20,3,4,5000,100,71.0,10.0,15.0,0.35,0.35,0.3,0.1,0.9674,0.0445,2.6869,348.3264,8.7282,-0.4718,8.7409
53,7,34,212,18,213,180.0,238.0,179.77442723036597,254.0019684963091,0.3999,4,20,3,4,5000,100,71.0,10.0,15.0,0.35,0.35,0.3,0.1,0.7071,0.0325,1.9467,245.7408,-6.1666,-0.0000,6.1666
53,3,460,60,480,44,321.0440921622411,241.76021178018522,321.0724564072077,267.37239947309445,0.8262,4,20,3,4,5000,100,71.0,10.0,15.0,0.35,0.35,0.3,0.1,1.0936,0.0503,3.0456,253.9221,4.9550,4.0062,6.3719
54,6,589,252,637,258,7.19174277003143,319.513692977312,7.182968904506107,367.8872109764078,0.8433,4,20,3,4,5000,100,71.0,10.0,15.0,0.35,0.35,0.3,0.1,1.5299,0.0704,4.2858,341.9984,8.5146,-1.0744,8.5821
54,2,606,230,630,232,3.0848123304975923,334.4846782739084,3.197557773850848,358.55822400274127,0.4967,4,20,3,4,5000,100,71.0,10.0,15.0,0.35,0.35,0.3,0.1,0.7552,0.0347,2.0834,346.1033,8.6726,-0.4674,8.6852
54,7,35,213,12,213,179.7582470907319,237.00210969525145,179.77963270387684,260.00192306981114,0.8177,4,20,3,4,5000,100,71.0,10.0,15.0,0.35,0.35,0.3,0.1,1.0061,0.0463,2.7967,247.9698,-6.2225,-0.0263,6.2226
54,3,461,60,481,44,321.19261762404756,242.53865671269807,321.2067131766363,268.1510768205118,0.8481,4,20,3,4,5000,100,71.0,10.0,15.0,0.35,0.35,0.3,0.1,1.0903,0.0502,3.0362,254.7026,4.9806,4.0056,6.3915
55,6,591,252,639,257,7.1471212010122835,321.49805598168086,6.990474343058991,369.74856321559923,0.6714,4,20,3,4,5000,100,71.0,10.0,15.0,0.35,0.35,0.3,0.1,1.5175,0.0698,4.2506,343.9393,8.5638,-1.0738,8.6308
55,2,608,230,634,232,3.0664855011258934,336.48179742743883,3.1622977521393887,362.55206522649956,0.5265,4,20,3,4,5000,100,71.0,10.0,15.0,0.35,0.35,0.3,0.1,0.8108,0.0373,2.2415,349.0308,8.7461,-0.4685,8.7586
55,7,37,213,14,213,179.75618964389594,235.00212764994276,179.77792444730653,258.00193797721755,0.7751,4,20,3,4,5000,100,71.0,10.0,15.0,0.35,0.35,0.3,0.1,1.0142,0.0467,2.8199,245.9655,-6.1722,-0.0263,6.1723
55,3,463,60,483,44,321.4868216996632,244.10038918445008,321.4728974252558,269.71281022598833,0.8747,4,20,3,4,5000,100,71.0,10.0,15.0,0.35,0.35,0.3,0.1,1.0837,0.0498,3.0173,256.2682,5.0319,4.0044,6.4308
56,2,612,230,636,231,3.030476845860595,340.47613719613304,2.9880020207201334,364.49554181087046,0.6236,3,20,3,4,5000,100,71.0,10.0,15.0,0.35,0.35,0.3,0.1,0.7407,0.0341,2.0423,352.0767,8.8227,-0.4671,8.8350
56,7,41,213,19,213,179.7519678718435,231.00216449202375,179.7735356476588,253.00197627686626,0.8042,3,20,3,4,5000,100,71.0,10.0,15.0,0.35,0.35,0.3,0.1,0.9882,0.0455,2.7458,241.5021,-6.0602,-0.0262,6.0603
56,3,466,60,487,44,321.921117638435,246.45486402179202,321.99609645827536,272.85344051340087,0.8046,3,20,3,4,5000,100,71.0,10.0,15.0,0.35,0.35,0.3,0.1,1.1051,0.0508,3.0783,258.9832,5.1157,4.0082,6.4990
57,6,600,251,627,254,6.780772473068567,330.31046002208285,6.747291144316347,357.4758733117523,0.6648,3,20,3,4,5000,100,71.0,10.0,15.0,0.35,0.35,0.3,0.1,0.8587,0.0395,2.3776,343.3567,8.5560,-1.0173,8.6162
57,7,48,213,25,213,179.74421696926075,224.0022321317357,179.76803454870182,247.00202428320299,0.7981,3,20,3,4,5000,100,71.0,10.0,15.0,0.35,0.35,0.3,0.1,1.0616,0.0488,2.9545,234.9406,-5.8956,-0.0263,5.8956
57,3,472,59,494,44,322.5840113814221,251.81143738917024,322.88313931672974,278.40258619488435,0.5858,3,20,3,4,5000,100,71.0,10.0,15.0,0.35,0.35,0.3,0.1,1.0903,0.0502,3.0361,264.4402,5.2705,4.0320,6.6359
58,1,607,252,633,254,6.809050179613405,337.37960815674677,6.636156373190705,363.4350010662154,0.4199,3,20,3,4,5000,100,71.0,10.0,15.0,0.35,0.35,0.3,0.1,0.8083,0.0372,2.2344,349.9230,8.7191,-1.0411,8.7810
58,7,55,212,33,212,180.0,217.0,180.0,239.0,0.831,3,20,3,4,5000,100,71.0,10.0,15.0,0.35,0.35,0.3,0.1,1.0489,0.0482,2.9183,227.4693,-5.7081,-0.0000,5.7081
58,3,480,59,502,43,323.66265816665197,258.2111539031573,323.6922012881975,285.41373477812874,0.8489,3,20,3,4,5000,100,71.0,10.0,15.0,0.35,0.35,0.3,0.1,1.0879,0.05,3.0292,271.1318,5.4808,4.0315,6.8038
59,7,67,213,46,212,179.72051060945526,205.00243900988104,180.0,226.0,0.6138,2,20,3,4,5000,100,71.0,10.0,15.0,0.35,0.35,0.3,0.1,1.0591,0.0487,2.9475,214.9897,-5.3949,-0.0263,5.3950
59,3,491,60,514,44,325.2368799769057,266.58019431308094,325.2310434445182,294.59803122220626,0.8774,2,20,3,4,5000,100,71.0,10.0,15.0,0.35,0.35,0.3,0.1,1.0854,0.0499,3.0222,279.8897,5.7700,4.0047,7.0236
60,7,78,214,58,214,179.40934278535332,194.0103090044444,179.46454101443547,214.00934559032697,0.7797,2,20,3,4,5000,100,71.0,10.0,15.0,0.35,0.35,0.3,0.1,1.0656,0.049,2.9659,203.5197,-5.1069,-0.0526,5.1071
60,3,502,62,527,46,326.88865803962796,274.5906043549196,326.9366616737092,304.27126055544585,0.8462,2,20,3,4,5000,100,71.0,10.0,15.0,0.35,0.35,0.3,0.1,1.1147,0.0513,3.1055,288.6700,6.0676,3.9571,7.2439
61,7,84,215,66,216,179.085783239551,188.0239346466295,178.88760038370222,206.03883129157958,0.6756,2,20,3,4,5000,100,71.0,10.0,15.0,0.35,0.35,0.3,0.1,0.9939,0.0457,2.7620,196.6196,-4.9334,-0.0787,4.9340
61,3,510,63,535,48,327.9513583784576,280.79351844371337,328.05340177079006,309.9435432461854,0.779,2,20,3,4,5000,100,71.0,10.0,15.0,0.35,0.35,0.3,0.1,1.0728,0.0493,2.9863,294.6493,6.2671,3.9235,7.3940
62,7,89,218,71,219,178.12212255271464,183.09833423600554,178.00543069875815,201.12185361118767,0.7368,2,20,3,4,5000,100,71.0,10.0,15.0,0.35,0.35,0.3,0.1,1.0198,0.0469,2.8357,191.6874,-4.8076,-0.1576,4.8102
62,3,515,66,540,51,329.0015817785596,283.4872131155125,329.00481408023245,312.64196775225173,0.8663,2,20,3,4,5000,100,71.0,10.0,15.0,0.35,0.35,0.3,0.1,1.0632,0.0489,2.9592,297.3517,6.3961,3.8429,7.4618
63,7,91,221,73,223,177.1533830841839,181.22361876973983,176.83611638111927,199.3037882229036,0.5834,2,20,3,4,5000,100,71.0,10.0,15.0,0.35,0.35,0.3,0.1,1.0329,0.0475,2.8731,189.8342,-4.7578,-0.2366,4.7637
63,3,517,69,542,54,329.7290244507099,283.6793965024601,329.6644614884111,312.8322234041755,0.7801,2,20,3,4,5000,100,71.0,10.0,15.0,0.35,0.35,0.3,0.1,1.0625,0.0489,2.9571,297.5434,6.4485,3.7638,7.4666
64,7,87,227,68,229,175.36453657309735,185.60711193270586,175.2363583092738,204.70710783946902,0.729,2,20,3,4,5000,100,71.0,10.0,15.0,0.35,0.35,0.3,0.1,1.0638,0.0489,2.9609,194.6898,-4.8696,-0.3948,4.8856
64,3,513,72,538,58,329.84714496964466,278.71311415145146,329.93141717813756,307.36297760140206,0.7985,2,20,3,4,5000,100,71.0,10.0,15.0,0.35,0.35,0.3,0.1,1.0627,0.0489,2.9578,292.3378,6.3433,3.6849,7.3360
65,7,90,232,84,233,173.72892255049888,183.09560344257315,173.6263606341225,189.16923639957952,0.7401,2,20,3,4,5000,100,71.0,10.0,15.0,0.35,0.35,0.3,0.1,0.3547,0.0163,0.9450,186.0829,-4.6416,-0.5101,4.6696
65,3,513,78,538,64,330.92521422528233,275.74807342935327,330.90883191130246,304.4010512465422,0.8456,2,20,3,4,5000,100,71.0,10.0,15.0,0.35,0.35,0.3,0.1,1.0737,0.0494,2.9890,289.3670,6.3464,3.5287,7.2614
66,7,84,234,65,236,173.32553095288245,189.2828571212935,173.38653951768526,208.38665984174708,0.7888,2,20,3,4,5000,100,71.0,10.0,15.0,0.35,0.35,0.3,0.1,1.0444,0.048,2.9056,198.3759,-4.9443,-0.5786,4.9781
66,3,509,78,534,65,330.51614550542325,272.2590678012396,330.7045809162198,300.42137074449283,0.6876,2,20,3,4,5000,100,71.0,10.0,15.0,0.35,0.35,0.3,0.1,1.0691,0.0492,2.9758,285.6478,6.2398,3.5280,7.1681
67,7,86,239,68,242,171.7405620201212,187.94946129212502,171.63411387596742,206.194083329275,0.7474,2,20,3,4,5000,100,71.0,10.0,15.0,0.35,0.35,0.3,0.1,1.0063,0.0463,2.7974,196.6495,-4.8836,-0.7089,4.9347
67,3,511,83,536,70,331.6420913556798,271.5916051721776,331.7251347787805,299.7665758552811,0.8038,2,20,3,4,5000,100,71.0,10.0,15.0,0.35,0.35,0.3,0.1,1.072,0.0493,2.9843,284.9844,6.2932,3.3968,7.1514
68,7,93,244,75,248,169.8642502744554,181.8378398463862,169.64397375073,200.26232796010336,0.6654,2,20,3,4,5000,100,71.0,10.0,15.0,0.35,0.35,0.3,0.1,1.0483,0.0482,2.9167,190.6059,-4.7084,-0.8417,4.7831
68,3,517,89,543,76,333.34148107628613,274.14229881577927,333.3504418347717,303.2111475523286,0.8807,2,20,3,4,5000,100,71.0,10.0,15.0,0.35,0.35,0.3,0.1,1.0946,0.0503,3.0483,287.9449,6.4576,3.2420,7.2257
69,7,102,252,85,256,166.75948008481282,174.64249196572982,166.75948008481282,192.1067411623028,0.8126,2,20,3,4,5000,100,71.0,10.0,15.0,0.35,0.35,0.3,0.1,1.0352,0.0476,2.8796,182.9588,-4.4691,-1.0516,4.5912
69,3,526,97,553,85,335.64107896468045,278.8207309365643,335.6790633440497,308.36666486505965,0.8571,2,20,3,4,5000,100,71.0,10.0,15.0,0.35,0.35,0.3,0.1,1.0939,0.0503,3.0464,292.8504,6.6946,3.0310,7.3488
70,7,110,258,94,263,164.14807184571305,168.40427548016706,164.0120998194016,185.16209115258988,0.7179,2,20,3,4,5000,100,71.0,10.0,15.0,0.35,0.35,0.3,0.1,1.0304,0.0474,2.8659,176.3861,-4.2579,-1.2090,4.4262
70,3,535,104,563,93,337.674672449511,284.31144894288025,337.75864338134926,314.391475711413,0.7933,2,20,3,4,5000,100,71.0,10.0,15.0,0.35,0.35,0.3,0.1,1.0923,0.0502,3.0417,298.5958,6.9313,2.8463,7.4930
71,7,115,263,98,268,162.00409070275964,165.07574019219177,162.15979569229648,182.78949641595932,0.7254,2,20,3,4,5000,100,71.0,10.0,15.0,0.35,0.35,0.3,0.1,1.107,0.0509,3.0837,173.4816,-4.1404,-1.3450,4.3534
71,3,540,109,568,99,338.9768165010395,287.1114766079545,339.1053061668159,316.8359196808342,0.74,2,20,3,4,5000,100,71.0,10.0,15.0,0.35,0.35,0.3,0.1,1.07,0.0492,2.9784,301.2422,7.0562,2.7119,7.5594
72,7,118,268,104,273,160.01689347810003,163.86579875007476,160.04428151593424,178.7316424139833,0.8204,2,20,3,4,5000,100,71.0,10.0,15.0,0.35,0.35,0.3,0.1,0.9433,0.0434,2.6183,170.9762,-4.0322,-1.4662,4.2905
72,3,544,114,572,104,340.1862067545043,289.1158937173811,340.2011236454751,318.84792613407416,0.8667,2,20,3,4,5000,100,71.0,10.0,15.0,0.35,0.35,0.3,0.1,1.0632,0.0489,2.9590,303.2549,7.1594,2.5795,7.6099
73,7,120,275,105,282,157.48727990979037,164.53874923555242,157.2584364679562,181.077331546497,0.6697,2,20,3,4,5000,100,71.0,10.0,15.0,0.35,0.35,0.3,0.1,1.0403,0.0479,2.8940,172.4123,-3.9968,-1.6566,4.3265
73,3,546,121,574,112,341.6278066607596,288.71612355391585,341.6789591373711,318.1257612957492,0.8216,2,20,3,4,5000,100,71.0,10.0,15.0,0.35,0.35,0.3,0.1,1.0536,0.0485,2.9318,302.7083,7.2090,2.3942,7.5962
74,7,121,280,106,287,155.75647941275474,165.60495161679194,155.68620351343455,182.15652609774924,0.7803,2,20,3,4,5000,100,71.0,10.0,15.0,0.35,0.35,0.3,0.1,1.0347,0.0476,2.8781,173.4869,-3.9696,-1.7876,4.3535
74,3,546,126,575,118,342.5745639596944,287.17938644686876,342.7644884656201,317.2459613612126,0.6649,2,20,3,4,5000,100,71.0,10.0,15.0,0.35,0.35,0.3,0.1,1.0814,0.0497,3.0109,301.4649,7.2178,2.2654,7.5650
75,7,120,286,105,294,154.04123073843937,169.0562036720333,153.84813237794958,186.04569331215382,0.6891,2,20,3,4,5000,100,71.0,10.0,15.0,0.35,0.35,0.3,0.1,1.0401,0.0478,2.8935,177.1445,-3.9968,-1.9458,4.4453
75,3,546,131,574,123,343.5312437463445,285.72189275587544,343.57964996494854,314.8412298286233,0.8342,2,20,3,4,5000,100,71.0,10.0,15.0,0.35,0.35,0.3,0.1,1.0541,0.0485,2.9332,299.5756,7.2092,2.1312,7.5176
76,7,120,292,105,301,152.24145939893998,171.7672844286711,151.94532337737914,189.2353032602532,0.6218,2,20,3,4,5000,100,71.0,10.0,15.0,0.35,0.35,0.3,0.1,1.0519,0.0484,2.9271,180.0787,-3.9989,-2.1047,4.5189
76,3,545,138,574,130,344.83371189167997,282.85155117128136,344.8091142067065,312.93449793846634,0.8655,2,20,3,4,5000,100,71.0,10.0,15.0,0.35,0.35,0.3,0.1,1.0977,0.0505,3.0572,297.1335,7.1966,1.9507,7.4563
77,7,116,304,100,314,149.47029410006587,181.10770276274835,149.33107335028507,199.96999774966244,0.7381,2,20,3,4,5000,100,71.0,10.0,15.0,0.35,0.35,0.3,0.1,1.0761,0.0495,2.9957,190.0720,-4.1084,-2.4229,4.7697
77,3,541,149,569,143,346.8188539283402,276.27884464793897,346.9208762199332,304.9098227345259,0.7791,2,20,3,4,5000,100,71.0,10.0,15.0,0.35,0.35,0.3,0.1,1.071,0.0493,2.9812,289.8891,7.0829,1.6588,7.2745
78,7,118,310,103,320,147.52880770915152,182.53766734567415,147.419255682975,200.5617112013158,0.7584,2,20,3,4,5000,100,71.0,10.0,15.0,0.35,0.35,0.3,0.1,1.0228,0.047,2.8443,191.1257,-4.0463,-2.5749,4.7961
78,3,543,155,571,149,348.1219976752414,276.92959394040935,348.10168482587505,305.56505035753025,0.8632,2,20,3,4,5000,100,71.0,10.0,15.0,0.35,0.35,0.3,0.1,1.0687,0.0492,2.9748,290.5435,7.1348,1.5007,7.2909
79,7,119,313,104,324,146.569972047902,183.3303030052588,146.30993247402023,201.9108714259834,0.6318,2,20,3,4,5000,100,71.0,10.0,15.0,0.35,0.35,0.3,0.1,1.0485,0.0482,2.9174,192.1725,-4.0246,-2.6567,4.8224
79,3,544,159,570,154,348.9739084145874,277.1154993860863,348.9861671096486,303.59183124715327,0.8326,2,20,3,4,5000,100,71.0,10.0,15.0,0.35,0.35,0.3,0.1,0.9912,0.0456,2.7544,289.7501,7.1368,1.3906,7.2710
80,3,547,161,573,157,349.4936022120908,279.6891131238397,349.64490877985196,305.9836596944353,0.6697,1,20,3,4,5000,100,71.0,10.0,15.0,0.35,0.35,0.3,0.1,0.976,0.0449,2.7113,292.2461,7.2107,1.3373,7.3337
81,7,124,322,110,333,143.3786725062156,184.40173534975207,143.24344697289433,202.20039564748632,0.7275,2,20,3,4,5000,100,71.0,10.0,15.0,0.35,0.35,0.3,0.1,1.0009,0.046,2.7819,192.8914,-3.8849,-2.8874,4.8404
81,3,549,167,578,163,350.77263280571066,280.6314308839977,350.90242053275875,309.8983704377937,0.7369,2,20,3,4,5000,100,71.0,10.0,15.0,0.35,0.35,0.3,0.1,1.0774,0.0496,2.9996,294.5397,7.2956,1.1852,7.3912
82,7,128,333,113,346,139.96041068756207,188.08774548066654,139.87690628664376,207.93508602446101,0.7934,2,20,3,4,5000,100,71.0,10.0,15.0,0.35,0.35,0.3,0.1,1.0895,0.0501,3.0340,197.5141,-3.7946,-3.1886,4.9564
82,3,571,176,582,175,353.1345591299549,301.1594262180747,353.19366964282415,312.200256245891,0.4942,2,20,3,4,5000,100,71.0,10.0,15.0,0.35,0.35,0.3,0.1,0.3913,0.018,1.0491,306.5805,7.6382,0.9196,7.6934
83,7,130,344,116,357,137.09015915371072,193.8762491900439,137.09293430528817,212.9812198293549,0.8407,2,20,3,4,5000,100,71.0,10.0,15.0,0.35,0.35,0.3,0.1,1.0209,0.047,2.8387,202.9802,-3.7307,-3.4680,5.0936
83,3,556,189,585,188,355.36995358920234,284.92981591964013,355.6152931249392,313.9187793044564,0.6234,2,20,3,4,5000,100,71.0,10.0,15.0,0.35,0.35,0.3,0.1,1.0524,0.0484,2.9284,298.7227,7.4717,0.6051,7.4962
84,7,130,352,116,367,135.40634623330902,199.40912717325654,135.18423016737506,219.91134577370036,0.654,2,20,3,4,5000,100,71.0,10.0,15.0,0.35,0.35,0.3,0.1,1.063,0.0489,2.9584,209.1590,-3.7376,-3.6849,5.2487
84,3,574,197,585,197,357.15651988616884,302.3722870899382,357.25629502377654,313.35921878891645,0.3774,2,20,3,4,5000,100,71.0,10.0,15.0,0.35,0.35,0.3,0.1,0.3879,0.0178,1.0394,307.7677,7.7136,0.3831,7.7232
85,7,130,356,116,372,134.59933674420785,202.23748416156684,134.27477570094075,223.46364357541475,0.5794,2,20,3,4,5000,100,71.0,10.0,15.0,0.35,0.35,0.3,0.1,1.084,0.0499,3.0182,212.3214,-3.7410,-3.7937,5.3280
85,3,555,203,582,202,358.1784866483989,283.14307337457507,358.1523897340054,310.16124838541646,0.8244,2,20,3,4,5000,100,71.0,10.0,15.0,0.35,0.35,0.3,0.1,0.99,0.0455,2.7510,296.0370,7.4250,0.2361,7.4288
86,7,129,359,114,375,134.2097634975708,205.08047201037937,134.10761454125947,227.00881040171106,0.7457,2,20,3,4,5000,100,71.0,10.0,15.0,0.35,0.35,0.3,0.1,1.1033,0.0507,3.0731,215.4882,-3.7706,-3.8760,5.4075
86,3,554,206,572,206,358.7811247648687,282.0638225650358,358.85423716182487,300.0599940011997,0.5805,2,20,3,4,5000,100,71.0,10.0,15.0,0.35,0.35,0.3,0.1,0.6721,0.0309,1.8472,290.7837,7.2953,0.1552,7.2970
87,3,549,211,576,212,359.7931569292227,277.0018050482704,0.0,304.0,0.5985,1,20,3,4,5000,100,71.0,10.0,15.0,0.35,0.35,0.3,0.1,1.0102,0.0465,2.8085,289.8736,7.2741,0.0263,7.2741
88,7,122,372,107,389,133.1523897340054,219.31712199461307,132.99044618697886,241.9793379609094,0.702,2,20,3,4,5000,100,71.0,10.0,15.0,0.35,0.35,0.3,0.1,1.068,0.0491,2.9728,230.0916,-3.9490,-4.2123,5.7739
88,3,547,217,573,218,1.0416266760099742,275.04545078950133,1.1419573267890228,301.0597947252339,0.7502,2,20,3,4,5000,100,71.0,10.0,15.0,0.35,0.35,0.3,0.1,0.9817,0.0452,2.7274,287.4653,7.2125,-0.1311,7.2137
89,7,119,387,103,405,131.16273788267236,232.4521456128121,131.20693571831134,256.5345980564805,0.7874,2,20,3,4,5000,100,71.0,10.0,15.0,0.35,0.35,0.3,0.1,1.0707,0.0492,2.9804,243.9003,-4.0285,-4.6077,6.1205
89,3,544,232,573,234,4.205357001708586,272.73430293969255,4.180298104695347,301.80291582421796,0.8515,2,20,3,4,5000,100,71.0,10.0,15.0,0.35,0.35,0.3,0.1,1.0999,0.0506,3.0635,286.5332,7.1709,-0.5273,7.1903
90,7,119,393,104,412,130.20796595306805,237.00210969525145,130.0302592718897,261.19724347703215,0.6658,2,20,3,4,5000,100,71.0,10.0,15.0,0.35,0.35,0.3,0.1,1.0558,0.0486,2.9381,248.5122,-4.0259,-4.7626,6.2362
90,3,544,240,571,243,5.877392606643136,273.4373785714016,5.919216371305521,300.60272786520085,0.7953,2,20,3,4,5000,100,71.0,10.0,15.0,0.35,0.35,0.3,0.1,1.0288,0.0473,2.8613,286.3773,7.1486,-0.7359,7.1864
91,7,120,395,106,414,129.7130591497647,237.89283301520456,129.41275603579567,261.457453517776,0.5423,3,20,3,4,5000,100,71.0,10.0,15.0,0.35,0.35,0.3,0.1,1.0259,0.0472,2.8531,249.1191,-3.9943,-4.8089,6.2514
91,8,525,240,563,244,6.315334576314071,254.54469155729805,6.275353094395495,292.7541630788536,0.7583,3,20,3,4,5000,100,71.0,10.0,15.0,0.35,0.35,0.3,0.1,1.5178,0.0698,4.2513,272.3156,6.7920,-0.7517,6.8335
91,3,545,242,575,245,6.271077449501146,274.6434051638597,6.215635899702656,304.7917321713304,0.8026,3,20,3,4,5000,100,71.0,10.0,15.0,0.35,0.35,0.3,0.1,1.1311,0.052,3.1522,288.9333,7.2071,-0.7920,7.2505
92,3,564,250,575,251,7.414630290974722,294.462221685567,7.334378801416705,305.4995908344232,0.457,1,20,3,4,5000,100,71.0,10.0,15.0,0.35,0.35,0.3,0.1,0.3999,0.0184,1.0736,299.8794,7.4623,-0.9711,7.5252
93,7,120,411,106,430,127.37328211739778,250.4096643502403,127.28810758734112,274.0072991728505,0.7448,2,20,3,4,5000,100,71.0,10.0,15.0,0.35,0.35,0.3,0.1,0.9783,0.045,2.7176,261.6776,-3.9859,-5.2184,6.5666
93,3,564,260,575,262,9.334998463138236,295.9189078109069,9.370305510616129,307.0977043222564,0.5856,2,20,3,4,5000,100,71.0,10.0,15.0,0.35,0.35,0.3,0.1,0.403,0.0185,1.0823,301.4047,7.4633,-1.2268,7.5635
94,7,119,421,105,441,126.20626964583077,259.01737393464555,126.1016869355374,283.425475213503,0.7067,2,20,3,4,5000,100,71.0,10.0,15.0,0.35,0.35,0.3,0.1,0.9782,0.045,2.7175,270.6723,-4.0122,-5.4807,6.7923
94,3,545,268,571,274,11.592175410291071,278.6844093235214,11.71471287809376,305.3604427557702,0.704,2,20,3,4,5000,100,71.0,10.0,15.0,0.35,0.35,0.3,0.1,0.993,0.0457,2.7594,291.4132,7.1636,-1.4695,7.3128
95,7,123,423,108,443,125.22825264797915,258.3060200614767,125.37310275973213,283.2966642938106,0.6893,2,20,3,4,5000,100,71.0,10.0,15.0,0.35,0.35,0.3,0.1,1.0031,0.0461,2.7883,270.2248,-3.9115,-5.5392,6.7810
95,3,526,266,575,277,12.002294898783708,259.6767220988435,12.107670256760349,309.8935301034857,0.5967,2,20,3,4,5000,100,71.0,10.0,15.0,0.35,0.35,0.3,0.1,1.9167,0.0882,5.3855,282.5714,6.9359,-1.4746,7.0909
96,7,126,429,112,451,123.93310224870017,261.5434954266689,123.80057033884978,287.6125866508627,0.6673,2,20,3,4,5000,100,71.0,10.0,15.0,0.35,0.35,0.3,0.1,1.032,0.0475,2.8705,273.9593,-3.8377,-5.7039,6.8748
96,3,530,272,579,284,13.091893064346847,264.8848806557294,13.198903231376045,315.32998588779975,0.5972,2,20,3,4,5000,100,71.0,10.0,15.0,0.35,0.35,0.3,0.1,1.8901,0.0869,5.3099,287.9145,7.0372,-1.6366,7.2250
97,7,127,435,113,458,123.03289762341504,265.9962405749375,122.87626175221061,292.91124935720717,0.6561,2,20,3,4,5000,100,71.0,10.0,15.0,0.35,0.35,0.3,0.1,1.0469,0.0482,2.9128,278.8057,-3.8139,-5.8655,6.9964
97,3,531,278,580,291,14.296204386029508,267.27700986055646,14.385870124553856,317.9701243827791,0.6105,2,20,3,4,5000,100,71.0,10.0,15.0,0.35,0.35,0.3,0.1,1.8831,0.0866,5.2899,290.4281,7.0623,-1.7997,7.2880
98,7,126,442,112,465,122.40667004389688,272.4261367783936,122.30971345253533,299.34762400927787,0.7051,2,20,3,4,5000,100,71.0,10.0,15.0,0.35,0.35,0.3,0.1,1.0236,0.0471,2.8466,285.2531,-3.8362,-6.0434,7.1582
98,3,552,289,579,297,15.376251248826188,290.3945591776816,15.47597138489838,318.54983911469805,0.7235,2,20,3,4,5000,100,71.0,10.0,15.0,0.35,0.35,0.3,0.1,1.0052,0.0462,2.7941,303.8213,7.3512,-2.0216,7.6241
99,7,123,449,108,473,122.15724595605556,279.94642344563005,122.14330263103473,308.24827655641485,0.8178,3,20,3,4,5000,100,71.0,10.0,15.0,0.35,0.35,0.3,0.1,1.0461,0.0481,2.9103,293.4165,-3.9189,-6.2335,7.3630
99,9,527,290,565,303,17.007946955407327,266.6627083039546,17.253759909595374,306.8061277093403,0.6004,3,20,3,4,5000,100,71.0,10.0,15.0,0.35,0.35,0.3,0.1,1.5218,0.07,4.2629,285.3294,6.8469,-2.0944,7.1601
99,3,548,296,577,305,16.927513064147043,288.4995667241114,16.957409111271133,318.86360720533787,0.8283,3,20,3,4,5000,100,71.0,10.0,15.0,0.35,0.35,0.3,0.1,1.0869,0.05,3.0263,302.9226,7.2722,-2.2133,7.6016
100,9,524,294,571,310,18.024723521238478,265.0056603169072,18.14703275636492,314.6505998723028,0.5895,1,20,3,4,5000,100,71.0,10.0,15.0,0.35,0.35,0.3,0.1,1.8619,0.0856,5.2297,287.7022,6.8653,-2.2340,7.2196
101,3,541,308,567,318,19.64032999812544,285.616876252087,19.764481005365106,313.4661066207956,0.6741,1,20,3,4,5000,100,71.0,10.0,15.0,0.35,0.35,0.3,0.1,1.0106,0.0465,2.8096,298.8942,7.0641,-2.5210,7.5005
102,3,517,307,563,325,21.194056481542287,262.77366686941826,21.221995418502825,312.1698255757593,0.6459,1,20,3,4,5000,100,71.0,10.0,15.0,0.35,0.35,0.3,0.1,1.8678,0.0859,5.2464,285.3498,6.6763,-2.5888,7.1606
103,3,534,322,559,333,22.774969548886443,284.1548873413934,22.86042373500087,311.46428366668306,0.7259,1,20,3,4,5000,100,71.0,10.0,15.0,0.35,0.35,0.3,0.1,0.9968,0.0459,2.7703,297.1835,6.8761,-2.8869,7.4576
104,3,531,327,556,339,23.94196021174719,283.38313287844073,24.093386415444577,311.1028768751585,0.6521,1,20,3,4,5000,100,71.0,10.0,15.0,0.35,0.35,0.3,0.1,1.0137,0.0466,2.8184,296.5967,6.8024,-3.0204,7.4428
105,3,509,322,529,331,24.89766543849197,261.283371074395,24.84578884315446,283.21370023358685,0.6169,1,20,3,4,5000,100,71.0,10.0,15.0,0.35,0.35,0.3,0.1,0.8756,0.0403,2.4258,271.8069,6.1868,-2.8715,6.8208
106,3,527,335,551,347,25.75047412731827,283.11481769769665,25.82099197418928,309.94515643900615,0.7294,1,20,3,4,5000,100,71.0,10.0,15.0,0.35,0.35,0.3,0.1,0.9835,0.0452,2.7326,295.9231,6.6885,-3.2262,7.4259
107,3,503,331,546,354,27.25532837494307,259.8499567057882,27.395366663336002,308.60978597575286,0.5757,1,20,3,4,5000,100,71.0,10.0,15.0,0.35,0.35,0.3,0.1,1.8648,0.0858,5.2378,282.1387,6.2940,-3.2423,7.0800
108,3,521,341,546,355,27.387422157076173,280.43180989324304,27.559957470857988,309.0711892105118,0.6358,1,20,3,4,5000,100,71.0,10.0,15.0,0.35,0.35,0.3,0.1,1.0562,0.0486,2.9391,294.0558,6.5520,-3.3944,7.3791
109,3,500,333,544,357,27.954970688696157,258.11818998280614,28.061552626918317,308.2352997305792,0.6011,1,20,3,4,5000,100,71.0,10.0,15.0,0.35,0.35,0.3,0.1,1.9238,0.0885,5.4056,280.9593,6.2278,-3.3051,7.0504
110,3,517,347,541,361,28.85566121971652,279.7320146139873,28.982215281607562,307.5093494513622,0.6818,1,20,3,4,5000,100,71.0,10.0,15.0,0.35,0.35,0.3,0.1,1.0283,0.0473,2.8600,292.9637,6.4389,-3.5479,7.3517
111,3,513,352,537,367,30.152855030355347,278.71311415145146,30.323606862549987,307.001628660175,0.6267,1,20,3,4,5000,100,71.0,10.0,15.0,0.35,0.35,0.3,0.1,1.05,0.0483,2.9215,292.1742,6.3398,-3.6829,7.3319
112,3,507,358,531,374,31.85171673492205,276.6604416970377,32.02526376922634,305.49140740780257,0.6286,1,20,3,4,5000,100,71.0,10.0,15.0,0.35,0.35,0.3,0.1,1.0767,0.0495,2.9974,290.3620,6.1892,-3.8452,7.2864
113,3,504,362,527,378,32.88475819754213,276.26798583983634,33.06333832629082,304.27126055544585,0.6273,1,20,3,4,5000,100,71.0,10.0,15.0,0.35,0.35,0.3,0.1,1.0487,0.0482,2.9178,289.5942,6.1027,-3.9457,7.2671
114,3,500,366,522,382,34.03661035367036,275.13632984395207,34.2157021324374,302.32432915661946,0.613,1,20,3,4,5000,100,71.0,10.0,15.0,0.35,0.35,0.3,0.1,1.0236,0.0471,2.8464,288.0903,5.9908,-4.0464,7.2294
115,3,493,370,515,387,35.56219459814305,271.67075661542964,35.760098179020886,299.4561737550255,0.603,1,20,3,4,5000,100,71.0,10.0,15.0,0.35,0.35,0.3,0.1,1.0577,0.0487,2.9433,284.8876,5.8156,-4.1578,7.1490
116,3,480,374,500,391,37.91310458992633,263.6436989575135,38.13502322497999,289.8706608127149,0.5872,1,20,3,4,5000,100,71.0,10.0,15.0,0.35,0.35,0.3,0.1,1.0301,0.0474,2.8650,276.1358,5.4669,-4.2579,6.9294
117,3,473,375,493,392,39.040160889286945,258.7856255668,39.1621145477107,285.02806879323305,0.6979,1,20,3,4,5000,100,71.0,10.0,15.0,0.35,0.35,0.3,0.1,1.0491,0.0483,2.9190,271.2737,5.2873,-4.2877,6.8074
118,3,472,376,491,393,39.351752626264734,258.6426105652354,39.57318750142718,284.1161734220704,0.5955,1,20,3,4,5000,100,71.0,10.0,15.0,0.35,0.35,0.3,0.1,1.0203,0.0469,2.8372,270.7816,5.2544,-4.3086,6.7950
119,3,471,376,491,393,39.492637970247095,257.87012234844116,39.57318750142718,284.1161734220704,0.7464,1,20,3,4,5000,100,71.0,10.0,15.0,0.35,0.35,0.3,0.1,1.0528,0.0484,2.9295,270.3577,5.2356,-4.3147,6.7844
120,3,469,377,488,394,39.948310656237574,256.9708154635464,40.117240436166945,282.4535360019414,0.6473,1,20,3,4,5000,100,71.0,10.0,15.0,0.35,0.35,0.3,0.1,1.027,0.0472,2.8562,269.1103,5.1771,-4.3361,6.7531
121,3,462,381,480,398,41.65225121686938,254.2852728728111,41.80406198640409,279.03404810166086,0.6611,1,20,3,4,5000,100,71.0,10.0,15.0,0.35,0.35,0.3,0.1,1.0088,0.0464,2.8046,266.0854,4.9891,-4.4377,6.6772
122,3,449,385,466,402,44.345219597732296,247.50353532828578,44.40319054877082,271.5437349673161,0.7614,1,20,3,4,5000,100,71.0,10.0,15.0,0.35,0.35,0.3,0.1,1.0069,0.0463,2.7991,258.9669,4.6474,-4.5424,6.4985
123,3,446,385,464,402,44.83488293688893,245.3670719554684,44.70002483769609,270.1184925176357,0.6867,1,20,3,4,5000,100,71.0,10.0,15.0,0.35,0.35,0.3,0.1,1.0439,0.048,2.9041,257.1486,4.5760,-4.5497,6.4529
124,3,438,387,455,405,46.51185434282675,241.2073796549351,46.523464791651826,265.9661632614194,0.7954,1,20,3,4,5000,100,71.0,10.0,15.0,0.35,0.35,0.3,0.1,1.0613,0.0488,2.9537,252.9824,4.3690,-4.6058,6.3484
125,3,433,387,449,406,47.38594403038881,237.7940285204824,47.62357789278356,262.6118809193522,0.6024,1,20,3,4,5000,100,71.0,10.0,15.0,0.35,0.35,0.3,0.1,1.0782,0.0496,3.0018,249.5875,4.2405,-4.6093,6.2632
126,3,433,387,449,405,47.38594403038881,237.7940285204824,47.47611267370871,261.87401551127596,0.7422,1,20,3,4,5000,100,71.0,10.0,15.0,0.35,0.35,0.3,0.1,1.0477,0.0482,2.9150,249.2538,4.2349,-4.6031,6.2548
127,3,431,387,447,405,47.7426113574816,236.4444966583067,47.800279168037946,260.5263902179585,0.7698,1,20,3,4,5000,100,71.0,10.0,15.0,0.35,0.35,0.3,0.1,1.0535,0.0485,2.9314,247.9020,4.1833,-4.6043,6.2209
128,3,430,387,446,406,47.9224726680249,235.77319610167734,48.110840653490776,260.5993092853471,0.6546,1,20,3,4,5000,100,71.0,10.0,15.0,0.35,0.35,0.3,0.1,1.0873,0.05,3.0277,247.5654,4.1632,-4.6111,6.2124
129,3,424,388,439,406,49.18491612511841,232.55106965997814,49.27731617324477,255.9785147234041,0.7404,1,20,3,4,5000,100,71.0,10.0,15.0,0.35,0.35,0.3,0.1,1.0425,0.048,2.9004,243.7031,3.9972,-4.6284,6.1155
130,3,419,390,433,409,50.448651441359864,230.85276693165278,50.74228327780413,254.42091109026396,0.5421,1,20,3,4,5000,100,71.0,10.0,15.0,0.35,0.35,0.3,0.1,1.0558,0.0486,2.9382,242.0645,3.8680,-4.6837,6.0744
131,3,403,394,416,414,54.25440686529586,224.24317157942625,54.51602020496817,248.07257002740147,0.5854,1,20,3,4,5000,100,71.0,10.0,15.0,0.35,0.35,0.3,0.1,1.0968,0.0505,3.0547,235.5567,3.4532,-4.7975,5.9111
132,3,399,396,412,415,55.38588712124751,223.57325421436258,55.40771131249006,246.59480935331953,0.8043,1,20,3,4,5000,100,71.0,10.0,15.0,0.35,0.35,0.3,0.1,1.0645,0.049,2.9628,234.5204,3.3430,-4.8434,5.8851
133,3,394,396,406,415,56.45389141609221,220.77137495608437,56.57125690829497,243.2385660210979,0.7173,1,20,3,4,5000,100,71.0,10.0,15.0,0.35,0.35,0.3,0.1,1.0526,0.0484,2.9291,231.4610,3.2097,-4.8409,5.8083
134,3,390,397,402,416,57.46872826995511,219.4288039433292,57.49247557736109,241.9008061168875,0.8023,1,20,3,4,5000,100,71.0,10.0,15.0,0.35,0.35,0.3,0.1,1.059,0.0487,2.9471,230.1175,3.1053,-4.8685,5.7746
135,3,386,397,398,416,58.35795101117063,217.30393461693234,58.29857033049428,239.774894432257,0.7749,1,20,3,4,5000,100,71.0,10.0,15.0,0.35,0.35,0.3,0.1,1.0688,0.0492,2.9750,227.9871,3.0014,-4.8706,5.7211
136,3,377,397,388,416,60.42216131873867,212.72047386182646,60.376251248826186,234.67424230196207,0.787,1,20,3,4,5000,100,71.0,10.0,15.0,0.35,0.35,0.3,0.1,1.0668,0.0491,2.9693,223.1587,2.7642,-4.8702,5.6000
137,3,370,395,380,415,61.83009896785003,207.5885353289049,61.98614264666424,229.94129685639334,0.7076,1,20,3,4,5000,100,71.0,10.0,15.0,0.35,0.35,0.3,0.1,1.1107,0.0511,3.0940,218.1939,2.5849,-4.8268,5.4754
138,3,364,397,373,416,63.55896546801962,206.6131651178114,63.66007842861577,227.6334773270399,0.7407,1,20,3,4,5000,100,71.0,10.0,15.0,0.35,0.35,0.3,0.1,1.0524,0.0484,2.9283,216.6146,2.4204,-4.8671,5.4357
139,3,361,398,370,417,64.42913587842881,206.196508214858,64.44992534758651,227.2201575564985,0.8128,1,20,3,4,5000,100,71.0,10.0,15.0,0.35,0.35,0.3,0.1,1.0545,0.0485,2.9345,216.1984,2.3417,-4.8939,5.4253
140,3,354,398,363,418,66.2092261342228,203.2732151563506,66.16667171626558,225.20435164534453,0.7855,1,20,3,4,5000,100,71.0,10.0,15.0,0.35,0.35,0.3,0.1,1.1127,0.0512,3.0999,213.6775,2.1630,-4.9064,5.3620
141,3,351,400,359,420,67.20723243230185,203.92400545301183,67.30194229325245,225.46174841866193,0.7597,1,20,3,4,5000,100,71.0,10.0,15.0,0.35,0.35,0.3,0.1,1.0905,0.0502,3.0366,214.1527,2.0819,-4.9543,5.3740
142,3,343,401,351,421,69.41073983949205,201.89601283829256,69.29388760258507,223.4323163734378,0.7153,1,20,3,4,5000,100,71.0,10.0,15.0,0.35,0.35,0.3,0.1,1.1008,0.0506,3.0660,212.1189,1.8719,-4.9829,5.3229
143,3,328,404,334,424,73.73979529168804,200.0,73.69829165569263,220.8800579500105,0.7773,1,20,3,4,5000,100,71.0,10.0,15.0,0.35,0.35,0.3,0.1,1.0785,0.0496,3.0027,209.9221,1.4750,-5.0571,5.2678
144,3,323,405,329,424,75.1980019165662,199.6246477767713,74.95089799423022,219.52904135899652,0.615,1,20,3,4,5000,100,71.0,10.0,15.0,0.35,0.35,0.3,0.1,1.0324,0.0475,2.8715,209.1042,1.3406,-5.0731,5.2473
145,3,319,406,324,425,76.38145833855894,199.6121238802894,76.28065473597837,219.25555865245468,0.7466,1,20,3,4,5000,100,71.0,10.0,15.0,0.35,0.35,0.3,0.1,1.0195,0.0469,2.8350,208.9732,1.2347,-5.0966,5.2440
146,3,315,406,319,426,77.5024672765595,198.70832896484234,77.61301323762892,219.10043359153812,0.737,1,20,3,4,5000,100,71.0,10.0,15.0,0.35,0.35,0.3,0.1,1.0611,0.0488,2.9530,208.4067,1.1317,-5.1059,5.2298
147,3,307,407,310,426,79.8244891569568,198.11612756158948,79.93093730111059,217.34764779035453,0.6997,1,20,3,4,5000,100,71.0,10.0,15.0,0.35,0.35,0.3,0.1,1.0063,0.0463,2.7974,207.2868,0.9189,-5.1199,5.2017
148,3,300,407,302,428,81.82876644005026,197.0,82.09283729704154,218.07338214463496,0.6105,1,20,3,4,5000,100,71.0,10.0,15.0,0.35,0.35,0.3,0.1,1.1037,0.0508,3.0744,207.0017,0.7383,-5.1418,5.1945
149,3,288,409,290,430,85.35672741688116,197.6486782146544,85.27986306895644,218.74185699129464,0.7532,1,20,3,4,5000,100,71.0,10.0,15.0,0.35,0.35,0.3,0.1,1.1013,0.0507,3.0674,207.6610,0.4218,-5.1940,5.2111
150,3,283,408,284,429,86.7877902398908,196.30843079195554,86.8347936111896,217.33154395991392,0.7731,1,20,3,4,5000,100,71.0,10.0,15.0,0.35,0.35,0.3,0.1,1.1049,0.0508,3.0777,206.2857,0.2901,-5.1684,5.1766
151,3,279,408,280,429,87.95459151111278,196.1249601657066,87.88866937442398,217.14741536569116,0.7669,1,20,3,4,5000,100,71.0,10.0,15.0,0.35,0.35,0.3,0.1,1.1059,0.0509,3.0804,206.1015,0.1846,-5.1686,5.1719
152,3,275,409,276,430,89.12754287709797,197.02284131541703,88.94881925045625,218.03669415949233,0.6865,1,20,3,4,5000,100,71.0,10.0,15.0,0.35,0.35,0.3,0.1,1.1007,0.0506,3.0656,206.9978,0.0791,-5.1938,5.1944
153,3,273,410,273,431,89.7106298365594,198.00252523642217,89.7383772543052,219.00228309312212,0.7916,1,20,3,4,5000,100,71.0,10.0,15.0,0.35,0.35,0.3,0.1,1.0948,0.0504,3.0489,207.9736,0.0264,-5.2188,5.2189
154,3,266,413,265,433,91.70981404414152,201.08953229842672,91.81419190902996,221.11083193728885,0.7194,1,20,3,4,5000,100,71.0,10.0,15.0,0.35,0.35,0.3,0.1,1.0309,0.0474,2.8674,210.6255,-0.1577,-5.2831,5.2855
155,3,258,416,256,437,93.92590770368398,204.47982785595258,94.06751956658016,225.5681715136247,0.6866,1,20,3,4,5000,100,71.0,10.0,15.0,0.35,0.35,0.3,0.1,1.0661,0.049,2.9673,214.5069,-0.3685,-5.3702,5.3829
156,3,254,415,251,436,95.0671617258532,203.79646709401024,95.35582504285519,224.98222151983475,0.5754,1,20,3,4,5000,100,71.0,10.0,15.0,0.35,0.35,0.3,0.1,1.0742,0.0494,2.9903,213.8660,-0.4740,-5.3458,5.3668
157,3,242,415,238,436,98.40650989736787,205.20477577288497,98.63080178854844,226.56566377101365,0.6327,1,20,3,4,5000,100,71.0,10.0,15.0,0.35,0.35,0.3,0.1,1.0755,0.0495,2.9942,215.3568,-0.7901,-5.3461,5.4042
158,3,234,417,230,439,100.50148500865131,208.4922060893404,100.4824383975599,230.85276693165278,0.8004,1,20,3,4,5000,100,71.0,10.0,15.0,0.35,0.35,0.3,0.1,1.1065,0.0509,3.0821,219.1035,-1.0021,-5.4061,5.4982
159,3,232,418,228,440,100.98865109649398,209.84756372185979,100.92280471986926,232.20680437919987,0.7626,1,20,3,4,5000,100,71.0,10.0,15.0,0.35,0.35,0.3,0.1,1.0996,0.0506,3.0626,220.4617,-1.0545,-5.4309,5.5323
160,3,227,418,221,440,102.32249663755256,210.85777196963835,102.60860679336623,233.63432966925043,0.5888,1,20,3,4,5000,100,71.0,10.0,15.0,0.35,0.35,0.3,0.1,1.114,0.0512,3.1035,221.6625,-1.1871,-5.4343,5.5624
162,3,209,422,202,444,106.69924423399362,219.24643668712156,106.78983037118475,242.33035303073365,0.7173,1,20,3,4,5000,100,71.0,10.0,15.0,0.35,0.35,0.3,0.1,1.0872,0.05,3.0274,230.2112,-1.6600,-5.5333,5.7769
163,3,204,423,197,445,107.86282738713119,221.68671588527806,107.84276547079301,244.77336456403913,0.7954,1,20,3,4,5000,100,71.0,10.0,15.0,0.35,0.35,0.3,0.1,1.076,0.0495,2.9954,232.6587,-1.7909,-5.5569,5.8384
164,3,191,428,182,450,110.55604521958347,230.68810112357335,110.71417484434872,254.44842306447882,0.6899,1,20,3,4,5000,100,71.0,10.0,15.0,0.35,0.35,0.3,0.1,1.0648,0.049,2.9635,241.9864,-2.1322,-5.6858,6.0724
165,3,181,433,171,456,112.38013505195958,239.00209204105306,112.48634749787955,264.0776400985134,0.7097,1,20,3,4,5000,100,71.0,10.0,15.0,0.35,0.35,0.3,0.1,1.0836,0.0498,3.0171,250.9149,-2.3974,-5.8222,6.2965
166,3,180,433,170,456,112.6014537084707,239.38462774372127,112.68652667423028,264.4617174564213,0.7303,1,20,3,4,5000,100,71.0,10.0,15.0,0.35,0.35,0.3,0.1,1.082,0.0498,3.0126,251.2991,-2.4236,-5.8218,6.3061
167,3,170,433,159,456,114.77514056883193,243.402958075698,114.84955063026173,268.895890634275,0.7235,1,20,3,4,5000,100,71.0,10.0,15.0,0.35,0.35,0.3,0.1,1.0818,0.0498,3.0120,255.5151,-2.6870,-5.8218,6.4119
168,3,149,434,136,457,118.98882252119154,253.7971631047124,119.03474421095984,280.2159881234474,0.7622,1,20,3,4,5000,100,71.0,10.0,15.0,0.35,0.35,0.3,0.1,1.0755,0.0495,2.9941,266.3531,-3.2393,-5.8465,6.6839
169,3,143,434,130,457,120.16006083808709,256.7586415293554,120.09623077508712,283.17662332897464,0.7375,1,20,3,4,5000,100,71.0,10.0,15.0,0.35,0.35,0.3,0.1,1.0637,0.0489,2.9605,269.3213,-3.3955,-5.8435,6.7584
170,3,139,433,125,456,121.03994768332407,257.93410011086166,121.06724066911896,284.8596145472362,0.7781,1,20,3,4,5000,100,71.0,10.0,15.0,0.35,0.35,0.3,0.1,1.0784,0.0496,3.0024,270.7290,-3.5031,-5.8209,6.7937
171,3,132,432,117,455,122.47119229084849,260.76809620810593,122.53217766378683,288.22560607968194,0.7518,1,20,3,4,5000,100,71.0,10.0,15.0,0.35,0.35,0.3,0.1,1.0873,0.05,3.0276,273.8102,-3.6889,-5.7968,6.8710
172,3,126,432,111,455,123.56969841837245,264.0378760708395,123.5265215015169,291.49614062625255,0.7714,1,20,3,4,5000,100,71.0,10.0,15.0,0.35,0.35,0.3,0.1,1.0745,0.0494,2.9913,277.0884,-3.8448,-5.7936,6.9533
173,3,122,432,108,455,124.28687697720898,266.27053911388697,124.01530024573417,293.1637767528587,0.5377,1,20,3,4,5000,100,71.0,10.0,15.0,0.35,0.35,0.3,0.1,1.0451,0.0481,2.9076,279.0707,-3.9451,-5.7861,7.0030
174,3,116,431,101,454,125.46336424154059,268.8810145770802,125.24546960214927,296.31908477180474,0.5745,1,20,3,4,5000,100,71.0,10.0,15.0,0.35,0.35,0.3,0.1,1.0554,0.0485,2.9369,281.9340,-4.1047,-5.7624,7.0749
175,3,108,431,92,454,126.82801477354307,273.60007309940545,126.6419315563,301.6023872584566,0.6122,1,20,3,4,5000,100,71.0,10.0,15.0,0.35,0.35,0.3,0.1,1.0584,0.0487,2.9453,286.9196,-4.3158,-5.7631,7.2000
176,3,104,431,87,454,127.49265333305034,276.0163038662753,127.39656758722025,304.6128690649822,0.7206,1,20,3,4,5000,100,71.0,10.0,15.0,0.35,0.35,0.3,0.1,1.0707,0.0493,2.9805,289.6104,-4.4234,-5.7663,7.2675
178,3,93,431,75,454,129.2609015019104,282.8462479864281,129.14729811790897,312.04647089816604,0.6903,1,20,3,4,5000,100,71.0,10.0,15.0,0.35,0.35,0.3,0.1,1.0671,0.0491,2.9702,296.7297,-4.7123,-5.7654,7.4462
179,3,88,430,70,453,130.16559369373672,285.27180021866866,129.96887295324828,314.45985435346114,0.5998,1,20,3,4,5000,100,71.0,10.0,15.0,0.35,0.35,0.3,0.1,1.0581,0.0487,2.9445,299.1556,-4.8420,-5.7368,7.5070
180,3,79,429,60,451,131.64992360249855,290.410054922346,131.5739648537367,319.4761336938958,0.7146,1,20,3,4,5000,100,71.0,10.0,15.0,0.35,0.35,0.3,0.1,1.0361,0.0477,2.8820,304.2505,-5.0740,-5.7049,7.6349
181,3,79,429,60,451,131.64992360249855,290.410054922346,131.5739648537367,319.4761336938958,0.7148,1,20,3,4,5000,100,71.0,10.0,15.0,0.35,0.35,0.3,0.1,1.0361,0.0477,2.8820,304.2505,-5.0740,-5.7049,7.6349
182,3,78,429,57,452,131.79700759349305,291.0755915565577,131.85504253530198,322.21886971436044,0.75,1,20,3,4,5000,100,71.0,10.0,15.0,0.35,0.35,0.3,0.1,1.104,0.0508,3.0750,305.8565,-5.1155,-5.7219,7.6752
183,3,77,429,56,451,131.94341955185055,291.74303762043746,132.10619294676104,322.1443775700579,0.6294,1,20,3,4,5000,100,71.0,10.0,15.0,0.35,0.35,0.3,0.1,1.0766,0.0495,2.9973,306.1909,-5.1357,-5.7151,7.6836
184,3,72,426,58,442,133.06319961377895,292.9095423505352,132.93618027154304,314.1591953134589,0.5056,1,20,3,4,5000,100,71.0,10.0,15.0,0.35,0.35,0.3,0.1,0.761,0.035,2.0999,303.1625,-5.1945,-5.5581,7.6076
185,3,69,423,47,446,133.89297295431925,292.7968579066381,133.87669728592456,324.6243983436858,0.8095,1,20,3,4,5000,100,71.0,10.0,15.0,0.35,0.35,0.3,0.1,1.1207,0.0515,3.1225,307.8903,-5.3567,-5.5678,7.7262
186,3,68,421,47,443,134.30638038121273,292.056501382866,134.24615166692922,322.4686031228467,0.7511,1,20,3,4,5000,100,71.0,10.0,15.0,0.35,0.35,0.3,0.1,1.0759,0.0495,2.9952,306.5100,-5.3725,-5.5042,7.6916
187,3,68,418,48,439,134.72051060945526,289.917229567337,134.61888070197887,318.912213626258,0.6967,1,20,3,4,5000,100,71.0,10.0,15.0,0.35,0.35,0.3,0.1,1.0353,0.0476,2.8799,303.7243,-5.3630,-5.4156,7.6217
189,3,72,408,52,429,135.57872556560778,280.0285699709942,135.39332869193643,309.01294471267704,0.6157,1,20,3,4,5000,100,71.0,10.0,15.0,0.35,0.35,0.3,0.1,1.0697,0.0492,2.9777,293.8077,-5.2658,-5.1605,7.3728
190,3,74,399,54,418,136.63657704161673,272.34720486907884,136.6211459136534,299.93332592427936,0.8029,1,20,3,4,5000,100,71.0,10.0,15.0,0.35,0.35,0.3,0.1,1.048,0.0482,2.9157,285.4754,-5.2081,-4.9188,7.1637
191,3,75,389,56,408,138.06102979941767,264.83579818446,137.7791668640721,291.67104758614624,0.5193,1,20,3,4,5000,100,71.0,10.0,15.0,0.35,0.35,0.3,0.1,1.0483,0.0482,2.9168,277.6064,-5.1819,-4.6558,6.9663
192,3,76,385,56,403,138.5666674644238,261.4287665885298,138.51498049656794,288.334874755032,0.7625,1,20,3,4,5000,100,71.0,10.0,15.0,0.35,0.35,0.3,0.1,1.064,0.0489,2.9613,274.2234,-5.1592,-4.5537,6.8814
193,3,75,380,56,398,139.54272460638293,258.90731932488893,139.26789330029084,285.04736448527285,0.5389,1,20,3,4,5000,100,71.0,10.0,15.0,0.35,0.35,0.3,0.1,1.0447,0.0481,2.9066,271.3493,-5.1811,-4.4184,6.8093
194,3,73,373,54,390,141.02557500836667,255.9726547895302,140.76788889791413,281.4391586115905,0.5452,1,20,3,4,5000,100,71.0,10.0,15.0,0.35,0.35,0.3,0.1,1.0302,0.0474,2.8653,268.1025,-5.2304,-4.2316,6.7278
195,3,66,363,43,379,143.75822199285767,255.41534801182172,143.8983130644626,283.425475213503,0.7306,1,20,3,4,5000,100,71.0,10.0,15.0,0.35,0.35,0.3,0.1,1.1301,0.052,3.1493,268.6924,-5.4381,-3.9862,6.7426
196,3,58,350,36,364,147.1836565859874,254.6369965264278,147.21571913413086,280.713376952364,0.7652,2,20,3,4,5000,100,71.0,10.0,15.0,0.35,0.35,0.3,0.1,1.0589,0.0487,2.9470,267.0401,-5.6317,-3.6317,6.7011
196,10,630,314,637,316,15.903111200471976,372.24722967404335,15.903922307360652,379.5273376187808,0.7479,2,20,3,4,5000,100,71.0,10.0,15.0,0.35,0.35,0.3,0.1,0.2105,0.0097,0.5351,375.8520,9.0707,-2.5844,9.4317
197,3,55,343,33,358,148.8811808437634,253.4758371127315,148.5801323843094,280.0660636349931,0.5325,2,20,3,4,5000,100,71.0,10.0,15.0,0.35,0.35,0.3,0.1,1.0835,0.0498,3.0167,266.1084,-5.7168,-3.4512,6.6778
197,10,603,300,635,310,14.888313346123995,342.49817517762045,15.108103962799035,375.99601061713406,0.6852,2,20,3,4,5000,100,71.0,10.0,15.0,0.35,0.35,0.3,0.1,1.0136,0.0466,2.8180,358.4662,8.6934,-2.3112,8.9954
198,3,55,338,34,351,149.85861444792468,250.92827660508888,149.71363555817226,275.6174885597792,0.6603,2,20,3,4,5000,100,71.0,10.0,15.0,0.35,0.35,0.3,0.1,1.0194,0.0469,2.8345,262.6941,-5.7008,-3.3101,6.5921
198,10,604,295,636,304,14.036243467926479,342.2177669262658,14.184294248270815,375.44640096823406,0.7642,2,20,3,4,5000,100,71.0,10.0,15.0,0.35,0.35,0.3,0.1,1.0066,0.0463,2.7982,358.0628,8.7170,-2.1792,8.9853
199,3,57,336,35,349,150.02605133976397,248.1954874690513,149.96955080279847,273.7480593538519,0.7549,2,20,3,4,5000,100,71.0,10.0,15.0,0.35,0.35,0.3,0.1,1.0643,0.049,2.9623,260.3463,-5.6594,-3.2640,6.5332
199,10,629,299,637,301,13.695876504409027,367.4479554984624,13.703347268385258,375.69402444010205,0.6675,2,20,3,4,5000,100,71.0,10.0,15.0,0.35,0.35,0.3,0.1,0.2412,0.0111,0.6224,371.5252,9.0580,-2.2074,9.3231
200,3,62,332,41,345,150.25511870305778,241.8677324489565,150.06848815949223,266.5520587052368,0.618,1,20,3,4,5000,100,71.0,10.0,15.0,0.35,0.35,0.3,0.1,1.0555,0.0486,2.9372,253.6107,-5.5256,-3.1575,6.3641
201,3,82,321,44,341,150.1577873479064,219.04565734111233,150.49927537650083,261.9637379485947,0.492,2,20,3,4,5000,100,71.0,10.0,15.0,0.35,0.35,0.3,0.1,1.9398,0.0892,5.4510,238.5900,-5.1933,-2.9793,5.9872
201,10,614,287,638,293,12.369061525925504,350.1271197722336,12.479071801927633,374.85597234137805,0.487,2,20,3,4,5000,100,71.0,10.0,15.0,0.35,0.35,0.3,0.1,0.7415,0.0341,2.0447,362.0698,8.8749,-1.9463,9.0858
202,10,614,284,638,290,11.888658039627975,349.4967811010568,12.030596096537868,374.2191871083042,0.4321,1,20,3,4,5000,100,71.0,10.0,15.0,0.35,0.35,0.3,0.1,0.7426,0.0342,2.0478,361.4357,8.8754,-1.8685,9.0699
203,10,615,281,638,286,11.37416538378452,349.87140494758927,11.430301581627544,373.4059453195677,0.5653,1,20,3,4,5000,100,71.0,10.0,15.0,0.35,0.35,0.3,0.1,0.7074,0.0325,1.9476,361.2558,8.8873,-1.7878,9.0654
204,3,73,306,53,316,154.7157386433258,220.0840748441377,154.5976186812292,242.4396832203837,0.728,1,20,3,4,5000,100,71.0,10.0,15.0,0.35,0.35,0.3,0.1,1.0508,0.0483,2.9238,230.7216,-5.2351,-2.4729,5.7898
205,11,258,456,256,476,93.28386228790636,244.40130932546168,93.46822925891715,264.48440407706465,0.6767,2,20,3,4,5000,100,71.0,10.0,15.0,0.35,0.35,0.3,0.1,0.858,0.0395,2.3757,254.0466,-0.3652,-6.3646,6.3751
205,3,74,295,54,304,157.25696265944964,214.6928037918365,157.11936282358232,236.61783533791362,0.6981,2,20,3,4,5000,100,71.0,10.0,15.0,0.35,0.35,0.3,0.1,1.0561,0.0486,2.9390,225.1228,-5.2100,-2.1840,5.6493
206,3,75,289,56,298,158.6513133266422,211.51359294381058,158.29011724012878,232.4908600354001,0.5102,1,20,3,4,5000,100,71.0,10.0,15.0,0.35,0.35,0.3,0.1,1.0271,0.0472,2.8565,221.5067,-5.1771,-2.0235,5.5585
207,11,261,446,260,470,92.6914100157784,234.2584043316269,92.66300076606714,258.2789190003706,0.7747,2,20,3,4,5000,100,71.0,10.0,15.0,0.35,0.35,0.3,0.1,1.0602,0.0488,2.9507,245.6829,-0.2895,-6.1584,6.1652
207,3,77,284,58,292,159.7343025290525,207.8677464158401,159.50265945199817,228.46443924602357,0.6222,2,20,3,4,5000,100,71.0,10.0,15.0,0.35,0.35,0.3,0.1,1.0262,0.0472,2.8540,217.6800,-5.1243,-1.8921,5.4625
208,11,261,440,260,464,92.76212831337881,228.26519664635694,92.72631099390628,252.28555249954366,0.7736,2,20,3,4,5000,100,71.0,10.0,15.0,0.35,0.35,0.3,0.1,1.0867,0.05,3.0258,239.6750,-0.2898,-6.0074,6.0144
208,3,78,279,58,286,160.94709292597477,205.24375751773792,160.92490150755444,226.43321311150447,0.7995,2,20,3,4,5000,100,71.0,10.0,15.0,0.35,0.35,0.3,0.1,1.0671,0.0491,2.9703,215.3184,-5.1072,-1.7638,5.4032
209,3,75,274,55,280,162.530126169623,206.52602741543257,162.60088425590735,227.40492518852795,0.7331,1,20,3,4,5000,100,71.0,10.0,15.0,0.35,0.35,0.3,0.1,1.046,0.0481,2.9103,216.4632,-5.1814,-1.6307,5.4319
210,3,69,267,49,273,164.84045381799808,210.3188056261256,164.70140954541057,231.19256043393784,0.683,1,20,3,4,5000,100,71.0,10.0,15.0,0.35,0.35,0.3,0.1,1.0278,0.0473,2.8585,220.2622,-5.3349,-1.4454,5.5273
211,3,68,261,48,266,166.49364458741763,209.80228788075692,166.44623590226834,230.41701326073994,0.7796,1,20,3,4,5000,100,71.0,10.0,15.0,0.35,0.35,0.3,0.1,1.018,0.0468,2.8307,219.6270,-5.3589,-1.2872,5.5113
212,12,237,437,235,459,98.84181456019168,227.705950734714,98.51942215741111,249.75588081164375,0.5773,4,20,3,4,5000,100,71.0,10.0,15.0,0.35,0.35,0.3,0.1,1.004,0.0462,2.7908,238.2218,-0.9189,-5.9069,5.9780
212,11,256,414,254,435,94.52882423693254,202.63267258761604,94.61476657788843,223.72527796384566,0.7398,4,20,3,4,5000,100,71.0,10.0,15.0,0.35,0.35,0.3,0.1,1.0755,0.0495,2.9941,212.6572,-0.4214,-5.3198,5.3364
212,3,72,253,53,257,168.41487377514494,204.15925156602626,168.3885135761115,223.5754906066405,0.7955,4,20,3,4,5000,100,71.0,10.0,15.0,0.35,0.35,0.3,0.1,0.9868,0.0454,2.7420,213.4267,-5.2466,-1.0756,5.3558
212,13,619,215,625,215,0.4953402194360778,347.0129680573912,0.48692124781311424,353.01274764518064,0.8386,4,20,3,4,5000,100,71.0,10.0,15.0,0.35,0.35,0.3,0.1,0.1863,0.0086,0.4663,349.9871,8.7823,-0.0759,8.7826
213,3,74,247,55,251,169.97551320405339,201.0696396774013,169.8113719915465,220.47675614449702,0.6767,2,20,3,4,5000,100,71.0,10.0,15.0,0.35,0.35,0.3,0.1,1.0009,0.046,2.7819,210.3265,-5.1974,-0.9187,5.2780
213,13,621,210,627,210,359.67166101822926,349.0057306119772,359.67721029104024,355.0056337581138,0.9181,2,20,3,4,5000,100,71.0,10.0,15.0,0.35,0.35,0.3,0.1,0.1853,0.0085,0.4633,351.9801,8.8325,0.0506,8.8326
214,12,243,426,241,448,97.71736975880282,215.95601403989656,97.48329690782255,238.0273093575609,0.6685,3,20,3,4,5000,100,71.0,10.0,15.0,0.35,0.35,0.3,0.1,1.0569,0.0486,2.9413,226.4551,-0.7631,-5.6312,5.6827
214,11,262,404,261,423,92.9814612199822,192.26024029944412,92.98428214359339,211.28653530218153,0.8145,3,20,3,4,5000,100,71.0,10.0,15.0,0.35,0.35,0.3,0.1,1.025,0.0471,2.8505,201.3249,-0.2628,-5.0452,5.0521
214,3,79,241,60,244,171.45471810469914,195.1665955024066,171.41637851988605,214.40149253211834,0.7872,3,20,3,4,5000,100,71.0,10.0,15.0,0.35,0.35,0.3,0.1,1.021,0.047,2.8391,204.3324,-5.0706,-0.7619,5.1275
215,12,246,422,244,443,97.05784664988109,211.60340261914504,96.91122711902469,232.69078194032525,0.7644,4,20,3,4,5000,100,71.0,10.0,15.0,0.35,0.35,0.3,0.1,1.0318,0.0475,2.8699,221.6467,-0.6834,-5.5199,5.5620
215,11,265,399,264,418,92.14376086522341,187.13097017864254,92.22396124038549,206.15528128088303,0.7633,4,20,3,4,5000,100,71.0,10.0,15.0,0.35,0.35,0.3,0.1,1.0516,0.0484,2.9262,196.1830,-0.1842,-4.9196,4.9230
215,3,82,236,63,239,172.80076636163236,191.5097908724251,172.63892232842207,210.7368026710095,0.662,4,20,3,4,5000,100,71.0,10.0,15.0,0.35,0.35,0.3,0.1,1.0392,0.0478,2.8907,200.6638,-4.9958,-0.6310,5.0355
215,13,629,201,635,201,358.2351422014879,357.169427583045,358.2642954110716,363.16662842282193,0.7145,4,20,3,4,5000,100,71.0,10.0,15.0,0.35,0.35,0.3,0.1,0.181,0.0083,0.4512,360.1431,9.0332,0.2783,9.0375
216,12,247,418,245,438,96.91953326270571,207.51144546747295,96.81278085935244,227.6071176391459,0.7892,3,20,3,4,5000,100,71.0,10.0,15.0,0.35,0.35,0.3,0.1,1.004,0.0462,2.7909,217.0952,-0.6563,-5.4081,5.4478
216,11,266,395,265,414,91.87787744728536,183.09833423600554,91.98470311215357,202.12125073826354,0.7487,3,20,3,4,5000,100,71.0,10.0,15.0,0.35,0.35,0.3,0.1,1.0736,0.0494,2.9886,192.1401,-0.1580,-4.8190,4.8216
216,3,83,232,64,234,173.95943481710273,190.05525512334563,173.96231747857712,209.16022566444127,0.7759,3,20,3,4,5000,100,71.0,10.0,15.0,0.35,0.35,0.3,0.1,1.0404,0.0479,2.8943,199.1506,-4.9698,-0.5259,4.9975
217,11,266,392,265,410,91.90915243299638,180.0999722376436,92.02476508156104,198.12369873389704,0.7493,2,20,3,4,5000,100,71.0,10.0,15.0,0.35,0.35,0.3,0.1,1.036,0.0477,2.8817,188.6824,-0.1577,-4.7322,4.7348
217,3,87,228,79,229,175.05698928138648,185.6906028855526,174.96621304379997,193.74725804511402,0.7292,2,20,3,4,5000,100,71.0,10.0,15.0,0.35,0.35,0.3,0.1,0.4616,0.0212,1.2489,189.6334,-4.7410,-0.4100,4.7587
218,11,266,386,266,404,91.97493401088198,174.1034175425629,91.78991060824607,192.09372712298546,0.6964,2,20,3,4,5000,100,71.0,10.0,15.0,0.35,0.35,0.3,0.1,1.068,0.0491,2.9728,182.6567,-0.1580,-4.5809,4.5836
218,3,85,223,65,224,176.63353933657018,187.32325002519042,176.68221883166518,207.3475343475297,0.7796,2,20,3,4,5000,100,71.0,10.0,15.0,0.35,0.35,0.3,0.1,1.103,0.0507,3.0723,196.8274,-4.9307,-0.2900,4.9392
219,12,245,402,243,421,98.08787997453801,191.9088325221119,97.89969161426524,211.00236965494014,0.749,3,20,3,4,5000,100,71.0,10.0,15.0,0.35,0.35,0.3,0.1,1.0302,0.0474,2.8654,201.0032,-0.7096,-4.9938,5.0440
219,11,265,379,263,397,92.40021446085665,167.14664220378464,92.78516642211434,185.21878954360974,0.5846,3,20,3,4,5000,100,71.0,10.0,15.0,0.35,0.35,0.3,0.1,1.115,0.0513,3.1064,175.7193,-0.1847,-4.4056,4.4095
219,3,82,217,63,217,178.49256424122504,190.06577808748213,178.6295489822004,209.0598000573042,0.7164,3,20,3,4,5000,100,71.0,10.0,15.0,0.35,0.35,0.3,0.1,1.0346,0.0476,2.8778,199.1108,-4.9948,-0.1314,4.9965
220,12,242,398,239,416,99.16234704572172,188.403821617291,99.18883607735876,206.65188119153427,0.8888,3,20,3,4,5000,100,71.0,10.0,15.0,0.35,0.35,0.3,0.1,1.0042,0.0462,2.7914,197.1064,-0.7876,-4.8831,4.9462
220,11,261,375,260,392,93.86073262488328,163.37074401495514,93.81407483429037,180.3995565404749,0.8106,3,20,3,4,5000,100,71.0,10.0,15.0,0.35,0.35,0.3,0.1,1.0769,0.0495,2.9980,171.4634,-0.2897,-4.2930,4.3027
220,3,95,212,79,212,180.0,177.0,180.0,193.0,0.6789,3,20,3,4,5000,100,71.0,10.0,15.0,0.35,0.35,0.3,0.1,0.9401,0.0432,2.6092,184.6541,-4.6337,-0.0000,4.6337
221,12,242,393,239,411,99.41098191754311,183.4693434882242,99.41562639154033,201.71762441591463,0.9068,3,20,3,4,5000,100,71.0,10.0,15.0,0.35,0.35,0.3,0.1,1.0299,0.0474,2.8645,192.1612,-0.7885,-4.7572,4.8221
221,11,261,370,259,387,93.98252057182903,158.38244852255568,94.2484545293613,175.4821928287882,0.681,3,20,3,4,5000,100,71.0,10.0,15.0,0.35,0.35,0.3,0.1,1.1135,0.0512,3.1020,166.4944,-0.2902,-4.1679,4.1780
221,3,95,208,78,207,181.2945995181643,177.04519197086375,181.47636850981308,194.06442229321684,0.5551,3,20,3,4,5000,100,71.0,10.0,15.0,0.35,0.35,0.3,0.1,0.997,0.0459,2.7709,185.1646,-4.6454,0.1050,4.6465
222,12,240,390,236,408,100.1915018500277,180.8535318980528,100.40771131249006,199.2786993132984,0.7361,3,20,3,4,5000,100,71.0,10.0,15.0,0.35,0.35,0.3,0.1,1.0537,0.0485,2.9322,189.6196,-0.8419,-4.6833,4.7583
222,11,258,367,257,384,95.16109803336025,155.63097378092831,94.9841149825787,172.6528308484978,0.7362,3,20,3,4,5000,100,71.0,10.0,15.0,0.35,0.35,0.3,0.1,1.1272,0.0519,3.1412,163.7006,-0.3695,-4.0913,4.1079
222,3,92,205,56,203,182.22704696741357,180.13605968822566,182.3859440303888,216.18741869035765,0.6003,3,20,3,4,5000,100,71.0,10.0,15.0,0.35,0.35,0.3,0.1,1.9776,0.091,5.5585,196.5220,-4.9278,0.1916,4.9315
223,12,236,381,233,404,102.02527960963533,172.7917822120022,101.4819913547481,195.92090240706835,0.6619,3,20,3,4,5000,100,71.0,10.0,15.0,0.35,0.35,0.3,0.1,1.3637,0.0627,3.8135,183.6309,-0.9601,-4.5069,4.6081
223,11,255,364,253,381,96.38156053259344,152.9477034806342,96.41460180733972,170.06469357276953,0.8187,3,20,3,4,5000,100,71.0,10.0,15.0,0.35,0.35,0.3,0.1,1.152,0.053,3.2117,161.0527,-0.4492,-4.0164,4.0415
223,3,90,203,72,202,182.83100167786526,182.22239159883728,182.86240522611175,200.24984394500785,0.6612,3,20,3,4,5000,100,71.0,10.0,15.0,0.35,0.35,0.3,0.1,1.0247,0.0471,2.8496,190.8113,-4.7824,0.2365,4.7882
224,12,239,376,236,399,101.37710217304094,167.28717822953436,100.8968907553255,190.4337155022713,0.7235,3,20,3,4,5000,100,71.0,10.0,15.0,0.35,0.35,0.3,0.1,1.4067,0.0647,3.9356,178.1116,-0.8817,-4.3817,4.4696
224,11,258,359,256,374,95.44033203100551,147.6651617681029,95.64054943215683,162.78820596099706,0.725,3,20,3,4,5000,100,71.0,10.0,15.0,0.35,0.35,0.3,0.1,1.059,0.0487,2.9472,154.8583,-0.3684,-3.8685,3.8860
224,3,91,197,74,196,184.73744334801012,181.62048342629197,184.6199234816604,198.6454127333425,0.5905,3,20,3,4,5000,100,71.0,10.0,15.0,0.35,0.35,0.3,0.1,0.9733,0.0448,2.7036,189.7518,-4.7454,0.3933,4.7617
225,11,259,354,257,369,95.23080717555321,142.59382875847047,95.4575534851046,157.71493271088823,0.7138,2,20,3,4,5000,100,71.0,10.0,15.0,0.35,0.35,0.3,0.1,1.0946,0.0504,3.0485,149.7737,-0.3426,-3.7428,3.7584
225,3,93,192,77,191,186.3753209748085,180.1138528820035,186.14662565964667,196.12750954417385,0.49,2,20,3,4,5000,100,71.0,10.0,15.0,0.35,0.35,0.3,0.1,0.9253,0.0426,2.5671,187.7799,-4.6830,0.5232,4.7122
226,11,261,349,259,363,94.59054318560602,137.44089638822936,94.920616036364,151.5585695366646,0.6763,2,20,3,4,5000,100,71.0,10.0,15.0,0.35,0.35,0.3,0.1,1.062,0.0489,2.9557,144.1549,-0.2895,-3.6058,3.6174
226,3,78,185,59,183,187.92325928337866,195.86985475054604,187.75316187455883,214.96511344867102,0.6732,2,20,3,4,5000,100,71.0,10.0,15.0,0.35,0.35,0.3,0.1,1.0105,0.0465,2.8092,204.9737,-5.0945,0.7090,5.1436
227,12,242,363,239,383,101.23694425934477,153.95129099815955,100.92280471986926,174.1551032843999,0.8304,2,20,3,4,5000,100,71.0,10.0,15.0,0.35,0.35,0.3,0.1,1.3387,0.0616,3.7422,163.4312,-0.7992,-4.0225,4.1012
227,3,95,184,79,182,188.98924854060155,179.20100446147057,188.8353732134495,195.3176899310454,0.5569,2,20,3,4,5000,100,71.0,10.0,15.0,0.35,0.35,0.3,0.1,0.9355,0.043,2.5962,186.9126,-4.6328,0.7329,4.6904
228,3,94,180,78,177,190.19150185002766,180.8535318980528,190.22685770634135,197.1319355152787,0.6491,1,20,3,4,5000,100,71.0,10.0,15.0,0.35,0.35,0.3,0.1,0.9363,0.0431,2.5982,188.6422,-4.6591,0.8376,4.7338
229,3,95,176,60,169,191.49656301758577,180.62391868188442,191.46576829876113,216.31689716709604,0.6515,1,20,3,4,5000,100,71.0,10.0,15.0,0.35,0.35,0.3,0.1,1.9549,0.0899,5.4939,196.8656,-4.8411,0.9846,4.9402
230,3,97,171,81,168,193.18576130218767,179.7386992275175,192.97270636104838,196.0025510038071,0.5045,1,20,3,4,5000,100,71.0,10.0,15.0,0.35,0.35,0.3,0.1,0.941,0.0433,2.6117,187.5186,-4.5816,1.0734,4.7056
231,3,96,167,80,163,194.3422260303936,181.66177363441105,194.31675911893322,198.15398053029367,0.6568,1,20,3,4,5000,100,71.0,10.0,15.0,0.35,0.35,0.3,0.1,0.944,0.0434,2.6202,189.5498,-4.6083,1.1783,4.7566
232,3,95,160,79,156,196.37201332953006,184.48035125725448,196.180373856987,200.9601950635996,0.5205,1,20,3,4,5000,100,71.0,10.0,15.0,0.35,0.35,0.3,0.1,0.9295,0.0428,2.5791,192.3680,-4.6316,1.3607,4.8273
233,3,76,150,56,143,197.55354482633985,205.5723716845238,197.71579270637693,226.75316976836288,0.7156,1,20,3,4,5000,100,71.0,10.0,15.0,0.35,0.35,0.3,0.1,1.0651,0.049,2.9645,215.6439,-5.1594,1.6321,5.4114
234,3,66,142,45,135,198.76806006684336,217.56838005555863,198.73729841489867,239.70398411373975,0.8038,1,20,3,4,5000,100,71.0,10.0,15.0,0.35,0.35,0.3,0.1,1.0524,0.0484,2.9284,228.1004,-5.4196,1.8416,5.7240
235,3,62,133,41,124,200.61582170234286,224.3680012836055,200.85445803957833,247.19425559668656,0.6231,1,20,3,4,5000,100,71.0,10.0,15.0,0.35,0.35,0.3,0.1,1.0523,0.0484,2.9282,235.2287,-5.5248,2.0784,5.9029
236,3,59,127,38,117,201.75501615275564,229.3338178289456,202.0963116296604,252.54900514553606,0.509,1,20,3,4,5000,100,71.0,10.0,15.0,0.35,0.35,0.3,0.1,1.0473,0.0482,2.9140,240.3822,-5.6025,2.2358,6.0322
237,3,62,118,41,108,204.11419853930695,230.07824755939012,204.23805773316195,253.33179824096302,0.7102,1,20,3,4,5000,100,71.0,10.0,15.0,0.35,0.35,0.3,0.1,1.0458,0.0481,2.9095,241.1457,-5.5233,2.4723,6.0513
238,3,63,113,40,103,205.34617594194668,231.26175645791503,205.16543275753767,256.3298656028985,0.6814,1,20,3,4,5000,100,71.0,10.0,15.0,0.35,0.35,0.3,0.1,1.1177,0.0514,3.1140,243.1514,-5.5143,2.6120,6.1017
239,14,245,273,227,297,113.87528085392752,66.70832032063167,117.89727103094764,96.17692030835673,0.4895,2,20,3,4,5000,100,71.0,10.0,15.0,0.35,0.35,0.3,0.1,3.9331,0.1809,11.1177,78.7769,-0.8001,-1.8077,1.9768
239,3,64,108,44,97,206.565051177078,232.55106965997814,206.7657360989894,255.3605294480727,0.6406,2,20,3,4,5000,100,71.0,10.0,15.0,0.35,0.35,0.3,0.1,1.0163,0.0467,2.8258,243.4226,-5.4636,2.7318,6.1085
240,3,66,103,46,91,207.88449035315088,233.0600780914655,208.16451770952668,256.3532718730151,0.5755,1,20,3,4,5000,100,71.0,10.0,15.0,0.35,0.35,0.3,0.1,1.0347,0.0476,2.8781,244.1524,-5.4154,2.8654,6.1268
241,3,67,101,46,89,208.43392410149025,233.1222855069845,208.55714475004442,257.30332294783915,0.7215,1,20,3,4,5000,100,71.0,10.0,15.0,0.35,0.35,0.3,0.1,1.0719,0.0493,2.9839,244.6167,-5.3979,2.9228,6.1384
243,3,70,98,50,85,209.4384896746715,231.94827009486403,209.77266780277213,255.75965279926388,0.5278,1,20,3,4,5000,100,71.0,10.0,15.0,0.35,0.35,0.3,0.1,1.0614,0.0488,2.9540,243.2727,-5.3165,3.0004,6.1047
244,3,74,98,54,85,209.93151184050777,228.47319317591726,210.22374342698456,252.29546171106605,0.5615,1,20,3,4,5000,100,71.0,10.0,15.0,0.35,0.35,0.3,0.1,1.0772,0.0496,2.9990,239.7941,-5.2148,3.0025,6.0174
245,3,83,100,64,88,210.65066795705286,219.69296757065302,210.80144597613682,242.15697388264496,0.7223,1,20,3,4,5000,100,71.0,10.0,15.0,0.35,0.35,0.3,0.1,1.0574,0.0486,2.9427,230.3787,-4.9735,2.9472,5.7811
246,3,93,101,75,89,211.8035368077815,210.62288574606512,211.97923269437533,232.24555969921147,0.7036,1,20,3,4,5000,100,71.0,10.0,15.0,0.35,0.35,0.3,0.1,1.0614,0.0488,2.9541,220.9064,-4.7112,2.9214,5.5434
247,3,98,101,80,89,212.535067157935,206.39040675380238,212.64464013491647,228.01973598791838,0.7468,1,20,3,4,5000,100,71.0,10.0,15.0,0.35,0.35,0.3,0.1,1.0824,0.0498,3.0138,216.6666,-4.5838,2.9241,5.4371
248,3,106,100,89,88,214.00749241973224,200.24984394500785,214.12139523351746,221.05429197371402,0.7523,1,20,3,4,5000,100,71.0,10.0,15.0,0.35,0.35,0.3,0.1,1.0735,0.0494,2.9885,210.1384,-4.3713,2.9493,5.2732
249,3,114,99,97,87,215.57196610596193,194.2498391247725,215.53767779197437,215.05813167606567,0.8171,1,20,3,4,5000,100,71.0,10.0,15.0,0.35,0.35,0.3,0.1,1.1052,0.0508,3.0785,204.1251,-4.1664,2.9798,5.1223
250,3,121,98,105,86,217.05159612610825,189.20095137181525,217.03422543478942,209.2008604188807,0.8372,1,20,3,4,5000,100,71.0,10.0,15.0,0.35,0.35,0.3,0.1,1.0914,0.0502,3.0391,198.6989,-3.9794,3.0043,4.9862
251,3,129,97,114,85,218.80609503284902,183.50476833041697,218.79223277833796,202.71408436514716,0.8273,1,20,3,4,5000,100,71.0,10.0,15.0,0.35,0.35,0.3,0.1,1.0813,0.0497,3.0105,192.6317,-3.7669,3.0294,4.8339
252,3,141,97,127,85,221.27868673525023,174.3158053648607,221.2138879646184,192.753728887407,0.7973,1,20,3,4,5000,100,71.0,10.0,15.0,0.35,0.35,0.3,0.1,1.092,0.0502,3.0410,183.0717,-3.4525,3.0308,4.5940
253,3,154,95,141,82,224.7561896438959,166.1715980545412,224.78047701474034,184.55622449540954,0.8384,1,20,3,4,5000,100,71.0,10.0,15.0,0.35,0.35,0.3,0.1,1.1396,0.0524,3.1762,174.8821,-3.1163,3.0899,4.3885
254,3,163,93,150,81,227.51136326716306,161.37533888422976,227.0373306968199,179.0111728356641,0.5586,1,20,3,4,5000,100,71.0,10.0,15.0,0.35,0.35,0.3,0.1,1.1264,0.0518,3.1387,169.7364,-2.8770,3.1409,4.2594
255,15,378,460,386,478,66.85719893270577,269.7035409482048,66.80140948635182,289.3993780228285,0.6514,2,20,3,4,5000,100,71.0,10.0,15.0,0.35,0.35,0.3,0.1,0.7658,0.0352,2.1138,279.2045,2.7537,-6.4426,7.0064
255,3,173,92,162,79,230.47736872882888,155.56670594957006,230.40694937047155,172.59490143106777,0.7971,2,20,3,4,5000,100,71.0,10.0,15.0,0.35,0.35,0.3,0.1,1.1281,0.0519,3.1435,163.6390,-2.6132,3.1675,4.1064
256,3,188,88,178,75,235.88552705465872,149.77316181479245,235.54475887500678,166.14752480852673,0.6534,1,20,3,4,5000,100,71.0,10.0,15.0,0.35,0.35,0.3,0.1,1.1268,0.0518,3.1399,157.5360,-2.2172,3.2729,3.9532
257,15,399,454,412,476,62.30980811508616,273.30020124398004,62.0628571734614,298.82436312991615,0.6914,2,20,3,4,5000,100,71.0,10.0,15.0,0.35,0.35,0.3,0.1,0.9699,0.0446,2.6938,285.4929,3.3291,-6.3437,7.1642
257,3,198,85,191,71,239.7716214921675,146.98639392814562,240.12400730831058,162.60996279441184,0.6505,2,20,3,4,5000,100,71.0,10.0,15.0,0.35,0.35,0.3,0.1,1.0971,0.0505,3.0555,154.4040,-1.9507,3.3478,3.8746
258,15,405,452,418,474,61.00624095363969,274.38841083398546,60.87117861145701,299.93332592427936,0.6859,2,20,3,4,5000,100,71.0,10.0,15.0,0.35,0.35,0.3,0.1,0.967,0.0445,2.6855,286.5928,3.4860,-6.2905,7.1918
258,3,202,83,195,69,241.51416391023304,146.76852523616907,241.69924423399362,162.4130536625674,0.7336,2,20,3,4,5000,100,71.0,10.0,15.0,0.35,0.35,0.3,0.1,1.1,0.0506,3.0638,154.1950,-1.8455,3.4009,3.8694
259,15,417,452,431,474,58.861027563021146,280.40149785619906,58.74768294428281,306.4718584144391,0.6968,2,20,3,4,5000,100,71.0,10.0,15.0,0.35,0.35,0.3,0.1,0.9657,0.0444,2.6821,292.8576,3.8003,-6.2901,7.3490
259,3,214,82,208,69,245.95577673063218,142.35167719419397,245.8889804974491,156.66843970627906,0.8132,2,20,3,4,5000,100,71.0,10.0,15.0,0.35,0.35,0.3,0.1,1.0409,0.0479,2.8957,149.1673,-1.5251,3.4184,3.7432
260,3,224,80,218,66,250.01689347810003,140.4563989286355,249.7024302277713,155.66630977832037,0.6781,1,20,3,4,5000,100,71.0,10.0,15.0,0.35,0.35,0.3,0.1,1.1166,0.0514,3.1110,147.6707,-1.2664,3.4826,3.7057
261,16,509,444,533,469,44.38919393409791,331.6519259705874,44.55757034196053,366.29223305988893,0.6234,3,20,3,4,5000,100,71.0,10.0,15.0,0.35,0.35,0.3,0.1,1.079,0.0496,3.0040,348.1124,6.2425,-6.1108,8.7356
261,15,431,449,446,472,56.142889858339316,285.3944638566067,56.20834431892651,312.85140242613585,0.7178,3,20,3,4,5000,100,71.0,10.0,15.0,0.35,0.35,0.3,0.1,0.9978,0.0459,2.7731,298.4929,4.1731,-6.2203,7.4904
261,3,230,79,225,65,252.47443162627712,139.47401191619892,252.26947198845806,154.33081351434652,0.7367,3,20,3,4,5000,100,71.0,10.0,15.0,0.35,0.35,0.3,0.1,1.0993,0.0506,3.0618,146.5268,-1.1072,3.5063,3.6770
262,15,444,447,461,471,53.799047404923435,291.2198482246703,53.880659150520245,320.62750973676606,0.7065,2,20,3,4,5000,100,71.0,10.0,15.0,0.35,0.35,0.3,0.1,1.0449,0.0481,2.9071,305.2170,4.5236,-6.1806,7.6591
262,3,243,77,239,63,257.8762617522106,138.07968713753664,257.5119142310515,152.6106156202772,0.6525,2,20,3,4,5000,100,71.0,10.0,15.0,0.35,0.35,0.3,0.1,1.0867,0.05,3.0260,144.9820,-0.7641,3.5570,3.6382
263,15,451,446,469,469,52.58555601267826,294.61330587738223,52.52850108396055,323.81785003300854,0.7333,2,20,3,4,5000,100,71.0,10.0,15.0,0.35,0.35,0.3,0.1,1.0266,0.0472,2.8552,308.5260,4.7040,-6.1493,7.7422
263,3,253,75,250,61,262.1042349057062,138.31124321616085,261.71059561097434,152.59423318068085,0.6302,2,20,3,4,5000,100,71.0,10.0,15.0,0.35,0.35,0.3,0.1,1.0674,0.0491,2.9710,145.1021,-0.5002,3.6067,3.6412
264,15,458,444,477,468,51.28000712569978,297.3550066839299,51.312908043442135,327.96493715029965,0.7501,3,20,3,4,5000,100,71.0,10.0,15.0,0.35,0.35,0.3,0.1,1.0642,0.049,2.9619,311.9108,4.8960,-6.1068,7.8271
264,17,406,263,426,269,20.836675364943535,143.37712509323097,20.31101843316152,164.21023110634732,0.4635,3,20,3,4,5000,100,71.0,10.0,15.0,0.35,0.35,0.3,0.1,1.4725,0.0677,4.1226,153.0882,3.5904,-1.3665,3.8416
264,3,260,74,258,60,265.0302592718897,138.52075656738234,264.7376046004049,152.64337522473747,0.6938,3,20,3,4,5000,100,71.0,10.0,15.0,0.35,0.35,0.3,0.1,1.0545,0.0485,2.9343,145.2396,-0.3157,3.6310,3.6447
265,3,271,74,270,59,269.5848204588551,138.00362314084367,269.2510782171762,153.0130713370593,0.6782,1,20,3,4,5000,100,71.0,10.0,15.0,0.35,0.35,0.3,0.1,1.1213,0.0516,3.1242,145.1213,-0.0264,3.6416,3.6417
266,18,559,440,589,464,38.46451023068756,366.54194848611803,38.48303818784568,404.9604919001359,0.8244,5,20,3,4,5000,100,71.0,10.0,15.0,0.35,0.35,0.3,0.1,1.0826,0.0498,3.0142,384.7947,7.5606,-6.0064,9.6561
266,15,480,444,500,467,48.12213046211571,311.58947350640716,48.19953970956257,342.06578314704325,0.7084,5,20,3,4,5000,100,71.0,10.0,15.0,0.35,0.35,0.3,0.1,1.0136,0.0466,2.8181,326.1172,5.4629,-6.0933,8.1836
266,17,427,262,451,269,17.87869659584134,162.8649747490233,17.663335144185996,187.85632808079689,0.5908,5,20,3,4,5000,100,71.0,10.0,15.0,0.35,0.35,0.3,0.1,1.5491,0.0713,4.3405,174.4702,4.1667,-1.3441,4.3782
266,19,461,242,479,246,9.019322431381683,191.36614120580475,9.327614510667603,209.77368757782756,0.5431,5,20,3,4,5000,100,71.0,10.0,15.0,0.35,0.35,0.3,0.1,0.9976,0.0459,2.7726,200.1476,4.9604,-0.7874,5.0225
266,3,283,73,284,59,274.5247684728342,139.43457247038842,274.4846060095446,153.46986674914396,0.8206,5,20,3,4,5000,100,71.0,10.0,15.0,0.35,0.35,0.3,0.1,1.0417,0.0479,2.8981,146.1160,0.2893,3.6552,3.6666
267,15,486,443,506,466,47.18776366321584,314.8920449932008,47.346874292487286,345.35778549208936,0.6101,4,20,3,4,5000,100,71.0,10.0,15.0,0.35,0.35,0.3,0.1,1.0031,0.0461,2.7884,329.4220,5.6179,-6.0642,8.2666
267,17,432,261,457,267,17.027207335047944,167.3349933516597,16.557071375636653,193.00259065618783,0.4699,4,20,3,4,5000,100,71.0,10.0,15.0,0.35,0.35,0.3,0.1,1.5486,0.0712,4.3390,179.2546,4.3011,-1.3172,4.4982
267,19,466,241,484,245,8.501879411481449,196.1555505204989,8.847678420524602,214.55302374937528,0.5305,4,20,3,4,5000,100,71.0,10.0,15.0,0.35,0.35,0.3,0.1,0.9738,0.0448,2.7050,204.9422,5.0863,-0.7603,5.1428
267,3,289,72,290,58,276.92344891481054,141.0283659410404,276.66665989090137,155.04837954651444,0.712,4,20,3,4,5000,100,71.0,10.0,15.0,0.35,0.35,0.3,0.1,1.0294,0.0474,2.8631,147.7064,0.4468,3.6795,3.7066
268,15,493,442,515,465,46.14322301905743,318.9686504971923,46.15500036804478,350.7962371519968,0.7969,3,20,3,4,5000,100,71.0,10.0,15.0,0.35,0.35,0.3,0.1,1.0331,0.0475,2.8735,334.1262,5.8093,-6.0459,8.3846
268,17,439,260,465,266,16.03598203811398,173.761330565808,15.631234391322202,200.4120754844877,0.4837,3,20,3,4,5000,100,71.0,10.0,15.0,0.35,0.35,0.3,0.1,1.5484,0.0712,4.3386,186.1376,4.4892,-1.2903,4.6710
268,3,295,71,297,56,279.264523985133,142.86357128393507,279.1046008654022,157.99050604387594,0.7626,3,20,3,4,5000,100,71.0,10.0,15.0,0.35,0.35,0.3,0.1,1.0931,0.0503,3.0441,150.0467,0.6062,3.7162,3.7653
269,15,502,441,524,464,44.87517279115114,324.56278283253613,45.0,356.38181771801993,0.6456,4,20,3,4,5000,100,71.0,10.0,15.0,0.35,0.35,0.3,0.1,1.0159,0.0467,2.8245,339.7289,6.0413,-6.0151,8.5252
269,17,447,259,482,268,15.033258129388296,181.2015452472743,14.931417178137554,217.33844574764032,0.6662,4,20,3,4,5000,100,71.0,10.0,15.0,0.35,0.35,0.3,0.1,1.9712,0.0907,5.5405,197.6317,4.7897,-1.2864,4.9594
269,19,482,240,503,243,7.594643368591445,211.85844330590177,7.6433780714795745,233.07080469247967,0.7876,4,20,3,4,5000,100,71.0,10.0,15.0,0.35,0.35,0.3,0.1,1.0365,0.0477,2.8831,221.9590,5.5210,-0.7361,5.5699
269,3,305,70,308,55,283.0829906748111,145.7840869230932,282.914632042321,161.07451691686057,0.7517,4,20,3,4,5000,100,71.0,10.0,15.0,0.35,0.35,0.3,0.1,1.0833,0.0498,3.0162,153.0483,0.8694,3.7409,3.8406
270,20,586,436,619,460,35.503141461308985,385.70973542289545,35.55329397570138,426.5126023929422,0.8027,5,20,3,4,5000,100,71.0,10.0,15.0,0.35,0.35,0.3,0.1,1.0921,0.0502,3.0413,405.0863,8.2754,-5.9035,10.1653
270,15,508,440,531,463,44.012239600360196,328.1463088318989,44.10131637926201,360.6688231605277,0.6877,5,20,3,4,5000,100,71.0,10.0,15.0,0.35,0.35,0.3,0.1,1.0265,0.0472,2.8546,343.6398,6.2018,-5.9916,8.6233
270,17,470,261,489,266,13.899987412035626,203.9730374338726,13.974100564405454,223.61797781037194,0.7711,5,20,3,4,5000,100,71.0,10.0,15.0,0.35,0.35,0.3,0.1,0.9988,0.0459,2.7760,213.3442,5.1969,-1.2861,5.3537
270,19,489,239,510,242,7.0925173282730745,218.67327225795108,7.184267392426861,239.88330496305906,0.7443,5,20,3,4,5000,100,71.0,10.0,15.0,0.35,0.35,0.3,0.1,1.0056,0.0463,2.7952,228.7878,5.6973,-0.7089,5.7412
270,3,312,69,316,54,285.62738373912106,148.48905683584903,285.56151032532847,164.01219466856725,0.8185,5,20,3,4,5000,100,71.0,10.0,15.0,0.35,0.35,0.3,0.1,1.0799,0.0497,3.0066,155.8651,1.0536,3.7667,3.9113
271,17,475,261,495,265,13.570434385161485,208.83007446246816,13.369338587868825,229.21169254643183,0.6737,3,20,3,4,5000,100,71.0,10.0,15.0,0.35,0.35,0.3,0.1,1.0115,0.0465,2.8122,218.5467,5.3311,-1.2868,5.4842
271,19,494,238,515,241,6.679886063222551,223.51733713517615,6.805580441864781,244.72433471152803,0.7024,3,20,3,4,5000,100,71.0,10.0,15.0,0.35,0.35,0.3,0.1,0.9846,0.0453,2.7357,233.6406,5.8232,-0.6820,5.8630
271,3,317,68,321,53,287.35402463626133,150.86749152816188,287.12804747359667,166.37908522407497,0.7145,3,20,3,4,5000,100,71.0,10.0,15.0,0.35,0.35,0.3,0.1,1.063,0.0489,2.9584,158.2441,1.1844,3.7902,3.9710
272,20,597,435,631,459,34.45611604336647,394.14971774694953,34.52883823779677,435.7636974324502,0.776,5,20,3,4,5000,100,71.0,10.0,15.0,0.35,0.35,0.3,0.1,1.0901,0.0501,3.0356,413.9134,8.5645,-5.8766,10.3868
272,15,519,439,545,462,42.58388971431868,335.46683889767706,42.481922795833796,370.1742832774854,0.6949,5,20,3,4,5000,100,71.0,10.0,15.0,0.35,0.35,0.3,0.1,1.0693,0.0492,2.9764,351.9670,6.5031,-5.9765,8.8323
272,17,480,260,500,265,12.994616791916505,213.46662502602135,13.086348669210961,234.07904647789388,0.7742,5,20,3,4,5000,100,71.0,10.0,15.0,0.35,0.35,0.3,0.1,1.0013,0.0461,2.7830,223.2982,5.4600,-1.2600,5.6035
272,19,481,235,499,237,6.280007125699781,210.261741645978,6.284779984159571,228.37250272307304,0.6641,5,20,3,4,5000,100,71.0,10.0,15.0,0.35,0.35,0.3,0.1,0.8976,0.0413,2.4884,218.9432,5.4612,-0.6010,5.4942
272,3,322,68,327,53,289.1481374579396,152.43359209832983,289.0811144289536,168.24387061643583,0.8135,5,20,3,4,5000,100,71.0,10.0,15.0,0.35,0.35,0.3,0.1,1.0718,0.0493,2.9837,159.9490,1.3166,3.7917,4.0138
273,20,602,435,637,458,34.04915893542948,398.2825630127435,33.97889068515435,440.1601981097337,0.7449,5,20,3,4,5000,100,71.0,10.0,15.0,0.35,0.35,0.3,0.1,1.0858,0.0499,3.0235,418.1756,8.6947,-5.8755,10.4937
273,15,524,439,548,461,42.01232570021902,339.1651515117672,42.05595365001238,371.7216700704978,0.7622,5,20,3,4,5000,100,71.0,10.0,15.0,0.35,0.35,0.3,0.1,0.9956,0.0458,2.7670,354.6979,6.6133,-5.9572,8.9008
273,17,468,257,507,265,12.930551466942767,201.0994778710278,12.70938813625577,240.9024698918631,0.5904,5,20,3,4,5000,100,71.0,10.0,15.0,0.35,0.35,0.3,0.1,1.9577,0.0901,5.5020,219.2088,5.3614,-1.2309,5.5008
273,21,505,237,528,240,6.12418606046248,234.33736364481018,6.241914347415048,257.52669764511796,0.7202,5,20,3,4,5000,100,71.0,10.0,15.0,0.35,0.35,0.3,0.1,1.025,0.0471,2.8504,245.3854,6.1226,-0.6569,6.1577
273,3,328,67,334,52,291.1169046644634,155.43809056984713,291.18134950026626,171.5925406304132,0.8192,5,20,3,4,5000,100,71.0,10.0,15.0,0.35,0.35,0.3,0.1,1.0739,0.0494,2.9895,163.1163,1.4747,3.8184,4.0933
274,15,534,439,560,462,40.90605655542554,346.6597755725345,40.959795981595796,381.3712102401019,0.7381,4,20,3,4,5000,100,71.0,10.0,15.0,0.35,0.35,0.3,0.1,1.0365,0.0477,2.8833,363.1880,6.8881,-5.9680,9.1139
274,17,496,260,518,265,12.094757077012101,229.08513701242165,12.15836602064112,251.6445906432324,0.7977,4,20,3,4,5000,100,71.0,10.0,15.0,0.35,0.35,0.3,0.1,1.0202,0.0469,2.8369,239.8355,5.8849,-1.2610,6.0185
274,21,515,237,538,240,5.873961516191936,244.28262320517192,6.009005957494525,267.46962444359923,0.6918,4,20,3,4,5000,100,71.0,10.0,15.0,0.35,0.35,0.3,0.1,0.985,0.0453,2.7368,255.3508,6.3742,-0.6558,6.4078
274,3,338,67,345,52,294.4737188190447,159.31415505221122,294.5248428859903,175.86642658563346,0.8371,4,20,3,4,5000,100,71.0,10.0,15.0,0.35,0.35,0.3,0.1,1.0736,0.0494,2.9886,167.1816,1.7380,3.8183,4.1953
275,15,546,440,575,463,39.764410338201564,356.4547657136877,39.63776746673168,393.45901946708506,0.6835,4,20,3,4,5000,100,71.0,10.0,15.0,0.35,0.35,0.3,0.1,1.0728,0.0493,2.9863,374.0439,7.2151,-6.0038,9.3863
275,17,508,261,531,266,11.729503505883319,241.03319273494262,11.77712269382439,264.5694615786183,0.8203,4,20,3,4,5000,100,71.0,10.0,15.0,0.35,0.35,0.3,0.1,1.012,0.0466,2.8136,252.2535,6.1979,-1.2869,6.3301
275,21,526,238,551,241,5.8445658773868665,255.32724100651697,5.9341654595489395,280.5031194122447,0.7292,4,20,3,4,5000,100,71.0,10.0,15.0,0.35,0.35,0.3,0.1,1.0214,0.047,2.8404,267.3237,6.6734,-0.6831,6.7082
275,3,349,68,357,53,298.13440598182694,163.29421300217592,298.1285676156728,180.29420401111068,0.8708,4,20,3,4,5000,100,71.0,10.0,15.0,0.35,0.35,0.3,0.1,1.0756,0.0495,2.9945,171.3736,2.0278,3.7923,4.3005
276,18,553,440,584,464,39.055456894987174,361.86323383289437,38.927543592792304,401.05859920964167,0.6866,4,20,3,4,5000,100,71.0,10.0,15.0,0.35,0.35,0.3,0.1,1.1169,0.0514,3.1118,380.4541,7.4137,-6.0154,9.5472
276,17,516,261,540,266,11.355082803140203,248.8714527622644,11.392135831552729,273.38617375427015,0.8076,4,20,3,4,5000,100,71.0,10.0,15.0,0.35,0.35,0.3,0.1,1.0205,0.0469,2.8376,260.5535,6.4104,-1.2873,6.5384
276,21,535,238,561,241,5.64587654659576,264.2820463065927,5.730221701141852,290.4513728664404,0.743,4,20,3,4,5000,100,71.0,10.0,15.0,0.35,0.35,0.3,0.1,1.0256,0.0472,2.8521,276.7494,6.9111,-0.6832,6.9448
276,3,359,68,368,53,301.13897243697886,168.24089871371942,301.122470196792,185.73368030596927,0.8699,4,20,3,4,5000,100,71.0,10.0,15.0,0.35,0.35,0.3,0.1,1.0744,0.0494,2.9908,176.5551,2.2911,3.7921,4.4305
277,15,559,439,587,461,38.341909197151764,365.9207564487153,38.32553095288243,401.529575498493,0.7885,4,20,3,4,5000,100,71.0,10.0,15.0,0.35,0.35,0.3,0.1,1.0087,0.0464,2.8042,382.8991,7.5362,-5.9607,9.6085
277,17,522,260,547,265,10.868525340168706,254.566297847928,10.908708083540807,280.0607077045975,0.8018,4,20,3,4,5000,100,71.0,10.0,15.0,0.35,0.35,0.3,0.1,1.0367,0.0477,2.8838,266.7056,6.5727,-1.2620,6.6927
277,21,541,237,567,240,5.309634743453556,270.1592123174777,5.422000315261462,296.3258341758275,0.7059,4,20,3,4,5000,100,71.0,10.0,15.0,0.35,0.35,0.3,0.1,1.0042,0.0462,2.7914,282.6382,7.0621,-0.6563,7.0926
277,3,365,67,375,52,302.67527256586266,172.2614292289484,302.7714092666743,190.2866259094422,0.8117,4,20,3,4,5000,100,71.0,10.0,15.0,0.35,0.35,0.3,0.1,1.0809,0.0497,3.0093,180.8259,2.4498,3.8196,4.5377
278,15,568,439,597,461,37.484306045884296,373.02144710458674,37.457669586069066,409.42154315570644,0.769,4,20,3,4,5000,100,71.0,10.0,15.0,0.35,0.35,0.3,0.1,1.0114,0.0465,2.8118,390.3748,7.7734,-5.9614,9.7961
278,17,511,257,556,264,10.663072125268393,243.19950657844683,10.375844920051051,288.7213189218974,0.5285,4,20,3,4,5000,100,71.0,10.0,15.0,0.35,0.35,0.3,0.1,1.8605,0.0856,5.2257,264.0125,6.5108,-1.2259,6.6252
278,21,550,237,577,240,5.1386756530195985,279.12183719659055,5.245238039713046,306.28254929068356,0.7009,4,20,3,4,5000,100,71.0,10.0,15.0,0.35,0.35,0.3,0.1,1.0087,0.0464,2.8041,292.0721,7.2998,-0.6565,7.3293
278,3,374,66,385,51,304.93931020467704,178.10109488714548,305.0636100565717,196.69773765857096,0.7968,4,20,3,4,5000,100,71.0,10.0,15.0,0.35,0.35,0.3,0.1,1.0787,0.0496,3.0031,186.9381,2.6866,3.8455,4.6910
279,15,577,439,609,463,36.65891992680979,380.2025775820043,36.67900332286971,420.2023322162789,0.8382,4,20,3,4,5000,100,71.0,10.0,15.0,0.35,0.35,0.3,0.1,1.0864,0.05,3.0252,399.2030,8.0362,-5.9810,10.0176
279,17,539,260,566,265,10.191501850027691,271.28029784707917,10.21907440781891,298.73901653449957,0.8104,4,20,3,4,5000,100,71.0,10.0,15.0,0.35,0.35,0.3,0.1,1.0472,0.0482,2.9138,284.3483,7.0229,-1.2625,7.1355
279,21,558,237,586,240,4.9956742415081745,287.0905780411471,5.095699919558608,315.2459357390671,0.7093,4,20,3,4,5000,100,71.0,10.0,15.0,0.35,0.35,0.3,0.1,1.0162,0.0467,2.8255,300.5102,7.5124,-0.6567,7.5410
279,3,382,66,394,51,306.9952711427071,182.80043763623763,307.15353780160183,202.00247523235947,0.7676,4,20,3,4,5000,100,71.0,10.0,15.0,0.35,0.35,0.3,0.1,1.0848,0.0499,3.0206,191.9224,2.8981,3.8466,4.8161
280,15,588,439,622,463,35.69174435091573,389.08225351460067,35.64592879855255,430.69827025424655,0.7983,4,20,3,4,5000,100,71.0,10.0,15.0,0.35,0.35,0.3,0.1,1.1036,0.0508,3.0740,408.8339,8.3323,-5.9855,10.2593
280,17,551,260,578,265,9.761774775042245,283.0989226401259,9.826292618650346,310.55595309058236,0.7716,4,20,3,4,5000,100,71.0,10.0,15.0,0.35,0.35,0.3,0.1,1.0055,0.0463,2.7950,296.1925,7.3251,-1.2602,7.4327
280,21,570,237,599,240,4.795463836586621,299.0468190768797,4.894122744414065,328.19658742893716,0.7115,4,20,3,4,5000,100,71.0,10.0,15.0,0.35,0.35,0.3,0.1,1.0103,0.0465,2.8088,312.9444,7.8256,-0.6565,7.8531
280,3,394,66,407,51,309.8826851500273,190.26297590440447,309.98014635798046,210.10949526377908,0.7947,4,20,3,4,5000,100,71.0,10.0,15.0,0.35,0.35,0.3,0.1,1.0777,0.0496,3.0002,199.6943,3.2132,3.8454,5.0112
281,15,600,440,633,464,34.80401175271321,399.459635007093,34.91738859644441,440.25560757360034,0.7263,4,20,3,4,5000,100,71.0,10.0,15.0,0.35,0.35,0.3,0.1,1.0562,0.0486,2.9392,418.8666,8.6307,-5.9994,10.5111
281,17,563,261,592,266,9.558081081839925,295.0965943551365,9.578422919460744,324.5242671973854,0.821,4,20,3,4,5000,100,71.0,10.0,15.0,0.35,0.35,0.3,0.1,1.0325,0.0475,2.8718,309.1116,7.6492,-1.2880,7.7569
281,21,582,238,612,241,4.794232066630602,311.08841187032345,4.8751933229834945,341.23452345857385,0.7323,4,20,3,4,5000,100,71.0,10.0,15.0,0.35,0.35,0.3,0.1,1.0047,0.0462,2.7927,325.4649,8.1387,-0.6826,8.1672
281,3,407,66,421,51,312.75824933680263,198.84918908559823,312.7832056592598,219.36727194365162,0.8393,4,20,3,4,5000,100,71.0,10.0,15.0,0.35,0.35,0.3,0.1,1.0666,0.0491,2.9687,208.6049,3.5539,3.8435,5.2348
282,17,573,261,601,266,9.246112745563252,304.9622927510875,9.321060710440182,333.4021595610922,0.7383,3,20,3,4,5000,100,71.0,10.0,15.0,0.35,0.35,0.3,0.1,0.9685,0.0446,2.6900,318.5487,7.8898,-1.2844,7.9937
282,21,612,240,625,241,4.7078522443722255,341.15099296352633,4.696471991705456,354.18921496849674,0.6434,3,20,3,4,5000,100,71.0,10.0,15.0,0.35,0.35,0.3,0.1,0.4076,0.0188,1.0955,347.5479,8.6920,-0.7158,8.7214
282,3,417,67,432,51,315.0,205.0609665440988,314.8215090524464,226.98237817064125,0.7331,3,20,3,4,5000,100,71.0,10.0,15.0,0.35,0.35,0.3,0.1,1.1031,0.0507,3.0724,215.4655,3.8233,3.8233,5.4069
283,17,577,261,607,266,9.126906361883117,308.91099041633333,9.156969684919753,339.32432862970495,0.798,3,20,3,4,5000,100,71.0,10.0,15.0,0.35,0.35,0.3,0.1,1.02,0.0469,2.8362,323.4042,8.0128,-1.2873,8.1155
283,21,618,240,631,241,4.626570709371522,347.1310991541956,4.618321832944938,360.16940458623077,0.664,3,20,3,4,5000,100,71.0,10.0,15.0,0.35,0.35,0.3,0.1,0.4008,0.0184,1.0759,353.5301,8.8426,-0.7156,8.8715
283,3,422,66,437,51,315.77422016492807,209.32271735289507,315.70298042273555,230.53416232740864,0.789,3,20,3,4,5000,100,71.0,10.0,15.0,0.35,0.35,0.3,0.1,1.0484,0.0482,2.9170,219.4170,3.9456,3.8404,5.5061
284,17,564,259,619,266,9.143838664914082,295.758347304011,8.845397113773766,351.17659375305755,0.4695,3,20,3,4,5000,100,71.0,10.0,15.0,0.35,0.35,0.3,0.1,1.8623,0.0857,5.2308,321.0938,7.9552,-1.2805,8.0576
284,21,607,239,632,242,4.60790854949202,336.0862984413378,4.763641690726178,361.24783736376884,0.5762,3,20,3,4,5000,100,71.0,10.0,15.0,0.35,0.35,0.3,0.1,0.7844,0.0361,2.1666,348.2131,8.7099,-0.7020,8.7381
284,3,432,67,449,52,317.81555668421123,215.92822881689185,317.8878436347613,238.5979882563975,0.8157,3,20,3,4,5000,100,71.0,10.0,15.0,0.35,0.35,0.3,0.1,1.0843,0.0499,3.0191,226.6978,4.2153,3.8201,5.6888
285,17,572,258,628,266,8.71745696459966,303.5061778613411,8.625183178170461,360.0722149791622,0.6123,4,20,3,4,5000,100,71.0,10.0,15.0,0.35,0.35,0.3,0.1,1.8532,0.0852,5.2049,329.3782,8.1700,-1.2527,8.2655
285,21,616,239,638,241,4.487851861541668,345.05796614482034,4.530364528870258,367.14710948065493,0.599,4,20,3,4,5000,100,71.0,10.0,15.0,0.35,0.35,0.3,0.1,0.6743,0.031,1.8534,355.7600,8.9001,-0.6986,8.9275
285,22,17,221,1,222,177.978635059644,255.15877409957903,177.8867234176087,271.1844390815963,0.5383,4,20,3,4,5000,100,71.0,10.0,15.0,0.35,0.35,0.3,0.1,0.6619,0.0304,1.8183,262.9276,-6.5938,-0.2327,6.5979
285,3,442,67,459,52,319.53777250790665,223.4390297150433,319.4492084529898,246.10770000144245,0.7989,4,20,3,4,5000,100,71.0,10.0,15.0,0.35,0.35,0.3,0.1,1.0496,0.0483,2.9203,234.2262,4.4720,3.8143,5.8777
286,17,606,262,632,266,8.513987929750348,337.7217789838257,8.530765609948133,364.02747149082035,0.8865,3,20,3,4,5000,100,71.0,10.0,15.0,0.35,0.35,0.3,0.1,0.8149,0.0375,2.2534,350.3816,8.6956,-1.3017,8.7925
286,22,27,222,6,222,177.6626941408762,245.20399670478457,177.84703721089954,266.1879035568671,0.7808,3,20,3,4,5000,100,71.0,10.0,15.0,0.35,0.35,0.3,0.1,0.8921,0.041,2.4726,255.2654,-6.4003,-0.2612,6.4057
286,3,450,68,469,53,321.0275302955213,228.95414388038492,321.0927716573361,253.16002844051033,0.8052,3,20,3,4,5000,100,71.0,10.0,15.0,0.35,0.35,0.3,0.1,1.0915,0.0502,3.0396,240.4494,4.6910,3.7950,6.0339
287,17,594,260,621,264,8.478551973569955,325.55798254688824,8.474561808385808,352.8526604689272,0.6886,3,20,3,4,5000,100,71.0,10.0,15.0,0.35,0.35,0.3,0.1,0.8747,0.0402,2.4231,338.6562,8.4054,-1.2530,8.4983
287,22,41,222,18,223,177.52121089142167,231.21634890292685,177.52023620818292,254.23807739990482,0.8296,3,20,3,4,5000,100,71.0,10.0,15.0,0.35,0.35,0.3,0.1,1.031,0.0474,2.8675,242.1813,-6.0716,-0.2628,6.0773
287,3,465,69,485,54,323.4640456639627,240.20407989873945,323.4325659521567,265.2036952985384,0.8423,3,20,3,4,5000,100,71.0,10.0,15.0,0.35,0.35,0.3,0.1,1.0754,0.0495,2.9936,252.0856,5.0827,3.7660,6.3259
288,17,602,260,628,263,8.2758928270752,333.47263755816607,8.152633135343464,359.63453671748493,0.5014,3,20,3,4,5000,100,71.0,10.0,15.0,0.35,0.35,0.3,0.1,0.8206,0.0377,2.2694,346.0598,8.5936,-1.2500,8.6841
288,22,49,221,27,222,177.6888685472386,223.1815404552984,177.6626941408762,245.20399670478457,0.8056,3,20,3,4,5000,100,71.0,10.0,15.0,0.35,0.35,0.3,0.1,1.0222,0.047,2.8424,233.6750,-5.8591,-0.2365,5.8639
288,3,474,68,495,53,324.5160202049682,248.07257002740147,324.5109603792906,273.87953556262653,0.8854,3,20,3,4,5000,100,71.0,10.0,15.0,0.35,0.35,0.3,0.1,1.0749,0.0494,2.9923,260.3381,5.3196,3.7922,6.5330
289,17,607,260,634,263,8.154045428196065,338.4213350248474,8.019278934310192,365.57488972849325,0.4742,3,20,3,4,5000,100,71.0,10.0,15.0,0.35,0.35,0.3,0.1,0.8385,0.0386,2.3204,351.4744,8.7308,-1.2510,8.8199
289,22,55,221,34,222,177.62503848423862,217.18655575334307,177.5940294833547,238.20999139414786,0.7998,3,20,3,4,5000,100,71.0,10.0,15.0,0.35,0.35,0.3,0.1,1.0036,0.0462,2.7898,227.2130,-5.6968,-0.2363,5.7017
289,3,480,68,503,53,325.304846468766,252.98221281347034,325.45990909292914,280.43180989324304,0.7353,3,20,3,4,5000,100,71.0,10.0,15.0,0.35,0.35,0.3,0.1,1.1187,0.0515,3.1170,266.0007,5.4882,3.7995,6.6750
290,17,616,261,638,264,8.106782949862362,347.47230105434306,8.086264734926546,369.67553340733815,0.7192,3,20,3,4,5000,100,71.0,10.0,15.0,0.35,0.35,0.3,0.1,0.6731,0.031,1.8501,358.2302,8.8996,-1.2677,8.9895
290,22,64,221,44,222,177.52240113155432,208.19462048765814,177.48863673283694,228.21919288263203,0.7975,3,20,3,4,5000,100,71.0,10.0,15.0,0.35,0.35,0.3,0.1,0.9975,0.0459,2.7724,217.7475,-5.4591,-0.2362,5.4642
290,3,488,69,511,54,326.49396539417944,259.0463279029448,326.5317930476897,286.50479926172267,0.8341,3,20,3,4,5000,100,71.0,10.0,15.0,0.35,0.35,0.3,0.1,1.0942,0.0503,3.0473,272.0845,5.6931,3.7691,6.8277
291,22,73,221,54,222,177.4104981527591,199.2034136253694,177.37359436170925,218.2292372712694,0.8036,2,20,3,4,5000,100,71.0,10.0,15.0,0.35,0.35,0.3,0.1,0.9909,0.0456,2.7535,208.2827,-5.2213,-0.2361,5.2267
291,3,498,69,522,54,327.67668865855524,267.44158240632663,327.7071135013166,295.7431317883815,0.8449,2,20,3,4,5000,100,71.0,10.0,15.0,0.35,0.35,0.3,0.1,1.0925,0.0503,3.0424,280.8812,5.9563,3.7688,7.0485
292,22,82,221,63,221,177.28801653255505,190.21303845951255,177.53424100500226,209.19369015340783,0.6419,2,20,3,4,5000,100,71.0,10.0,15.0,0.35,0.35,0.3,0.1,1.0331,0.0475,2.8736,199.2524,-4.9945,-0.2366,5.0001
292,3,507,69,533,55,328.67904248782764,275.0890764825096,328.97172122097487,304.58168034207176,0.5732,2,20,3,4,5000,100,71.0,10.0,15.0,0.35,0.35,0.3,0.1,1.1061,0.0509,3.0810,289.0851,6.1971,3.7710,7.2543
293,22,84,220,66,221,177.56335175318986,188.17013578142522,177.49837718571823,206.196508214858,0.7519,2,20,3,4,5000,100,71.0,10.0,15.0,0.35,0.35,0.3,0.1,0.9937,0.0457,2.7616,196.7713,-4.9333,-0.2099,4.9378
293,3,510,69,535,54,329.0008538618568,277.65626231007286,329.0042167638763,306.8110167513546,0.853,2,20,3,4,5000,100,71.0,10.0,15.0,0.35,0.35,0.3,0.1,1.0844,0.0499,3.0195,291.5065,6.2703,3.7675,7.3151
294,22,85,220,66,221,177.55033737987296,187.17104476921637,177.49837718571823,206.196508214858,0.7766,2,20,3,4,5000,100,71.0,10.0,15.0,0.35,0.35,0.3,0.1,1.0515,0.0484,2.9257,196.2237,-4.9196,-0.2105,4.9241
294,3,511,68,536,54,328.9305967907666,279.0286723618202,329.100118335013,307.66865293688926,0.684,2,20,3,4,5000,100,71.0,10.0,15.0,0.35,0.35,0.3,0.1,1.0613,0.0488,2.9536,292.6496,6.2903,3.7899,7.3438
295,22,85,219,67,221,177.85623913477662,187.13097017864254,177.48618976382227,205.19746587129188,0.5466,2,20,3,4,5000,100,71.0,10.0,15.0,0.35,0.35,0.3,0.1,1.0011,0.046,2.7826,195.7482,-4.9087,-0.1837,4.9121
295,3,512,68,537,53,329.03624346792645,279.8856909525744,329.03624346792645,309.04045042680093,0.8785,2,20,3,4,5000,100,71.0,10.0,15.0,0.35,0.35,0.3,0.1,1.0762,0.0495,2.9962,293.7414,6.3207,3.7924,7.3712
296,22,85,219,67,221,177.85623913477662,187.13097017864254,177.48618976382227,205.19746587129188,0.5465,2,20,3,4,5000,100,71.0,10.0,15.0,0.35,0.35,0.3,0.1,1.0011,0.046,2.7826,195.7482,-4.9087,-0.1837,4.9121
296,3,512,68,536,53,329.03624346792645,279.8856909525744,328.94059117029,308.1833869630224,0.7608,2,20,3,4,5000,100,71.0,10.0,15.0,0.35,0.35,0.3,0.1,1.0461,0.0481,2.9105,293.3537,6.3124,3.7874,7.3614
297,22,85,219,67,220,177.85623913477662,187.13097017864254,177.76520114126114,205.15603817582362,0.7599,2,20,3,4,5000,100,71.0,10.0,15.0,0.35,0.35,0.3,0.1,0.9989,0.0459,2.7764,195.7294,-4.9082,-0.1837,4.9117
297,3,512,68,537,53,329.03624346792645,279.8856909525744,329.03624346792645,309.04045042680093,0.849,2,20,3,4,5000,100,71.0,10.0,15.0,0.35,0.35,0.3,0.1,1.0762,0.0495,2.9962,293.7414,6.3207,3.7924,7.3712
298,22,85,219,67,221,177.85623913477662,187.13097017864254,177.48618976382227,205.19746587129188,0.5419,2,20,3,4,5000,100,71.0,10.0,15.0,0.35,0.35,0.3,0.1,1.0011,0.046,2.7826,195.7482,-4.9087,-0.1837,4.9121
298,3,512,68,536,53,329.03624346792645,279.8856909525744,328.94059117029,308.1833869630224,0.7451,2,20,3,4,5000,100,71.0,10.0,15.0,0.35,0.35,0.3,0.1,1.0461,0.0481,2.9105,293.3537,6.3124,3.7874,7.3614
299,22,85,219,67,220,177.85623913477662,187.13097017864254,177.76520114126114,205.15603817582362,0.7627,2,20,3,4,5000,100,71.0,10.0,15.0,0.35,0.35,0.3,0.1,0.9989,0.0459,2.7764,195.7294,-4.9082,-0.1837,4.9117
299,3,512,68,536,53,329.03624346792645,279.8856909525744,328.94059117029,308.1833869630224,0.7636,2,20,3,4,5000,100,71.0,10.0,15.0,0.35,0.35,0.3,0.1,1.0461,0.0481,2.9105,293.3537,6.3124,3.7874,7.3614
