Frame_Number,Track_ID,Center_X,Center_Y,Right_X,Right_Y,Angle_A_deg,A_px,Angle_B_deg,C_px,Pair_Score,Pair_Count,Binary_Threshold,Blur_Size,Min_Area_px2,Max_Area_px2,Max_Width_px,Max_Radial_Gap_px,Max_Angle_Diff_deg,Max_Center_Offset_px,Weight_Angle,Weight_Area,Weight_Center,Min_Score_Threshold
6,1,575,237,591,238,4.566645605398624,313.99681527047375,4.518542971466477,330.02575657060464,0.9473,1,100,6,1,200,100,120.0,4.0,40.0,0.35,0.35,0.3,0.1
7,2,350,134,357,130,318.4473868518652,117.5925167687128,319.2006222046354,125.49501982150527,0.5609,3,100,6,1,200,100,120.0,4.0,40.0,0.35,0.35,0.3,0.1
7,1,575,237,590,237,4.566645605398624,313.99681527047375,4.358629041051181,328.95136418625776,0.7603,3,100,6,1,200,100,120.0,4.0,40.0,0.35,0.35,0.3,0.1
7,3,147,285,109,307,147.59332995610313,136.2130683891968,148.1632324896995,180.09441968034434,0.7305,3,100,6,1,200,100,120.0,4.0,40.0,0.35,0.35,0.3,0.1
8,4,27,26,6,11,218.36123993257397,299.70151818100624,218.13745237607029,325.4796460610095,0.6627,6,100,6,1,200,100,120.0,4.0,40.0,0.35,0.35,0.3,0.1
8,5,122,97,24,32,219.4006606634794,181.1767093199344,217.10030838573476,298.40241285887754,0.3519,6,100,6,1,200,100,120.0,4.0,40.0,0.35,0.35,0.3,0.1
8,6,123,125,119,121,212.04241990590688,163.98170629676957,212.47119229084848,169.49926253526885,0.6334,6,100,6,1,200,100,120.0,4.0,40.0,0.35,0.35,0.3,0.1
8,2,350,134,357,130,318.4473868518652,117.5925167687128,319.2006222046354,125.49501982150527,0.5609,6,100,6,1,200,100,120.0,4.0,40.0,0.35,0.35,0.3,0.1
8,1,575,237,590,237,4.566645605398624,313.99681527047375,4.358629041051181,328.95136418625776,0.7899,6,100,6,1,200,100,120.0,4.0,40.0,0.35,0.35,0.3,0.1
8,3,146,284,110,307,148.17255342332692,136.5283853270081,147.9946167919165,179.24564150907548,0.7949,6,100,6,1,200,100,120.0,4.0,40.0,0.35,0.35,0.3,0.1
9,2,350,134,357,131,318.4473868518652,117.5925167687128,319.5480424091254,124.84390253432484,0.5055,3,100,6,1,200,100,120.0,4.0,40.0,0.35,0.35,0.3,0.1
9,1,575,238,590,238,4.748492093111729,314.0780157858872,4.532261708701458,329.02887411289606,0.7767,3,100,6,1,200,100,120.0,4.0,40.0,0.35,0.35,0.3,0.1
9,3,145,283,110,308,148.74904898341933,136.8575902169843,147.72435568542238,179.77764043395385,0.6157,3,100,6,1,200,100,120.0,4.0,40.0,0.35,0.35,0.3,0.1
10,7,289,65,291,59,280.40771131249005,149.4590244849738,280.7326645566558,155.72411502397438,0.6549,4,100,6,1,200,100,120.0,4.0,40.0,0.35,0.35,0.3,0.1
10,2,350,134,357,130,318.4473868518652,117.5925167687128,319.2006222046354,125.49501982150527,0.6217,4,100,6,1,200,100,120.0,4.0,40.0,0.35,0.35,0.3,0.1
10,1,576,237,590,237,4.552163369992411,314.9936507296615,4.358629041051181,328.95136418625776,0.7433,4,100,6,1,200,100,120.0,4.0,40.0,0.35,0.35,0.3,0.1
10,3,145,281,109,307,149.47029410006587,135.83077707206124,148.1632324896995,180.09441968034434,0.5403,4,100,6,1,200,100,120.0,4.0,40.0,0.35,0.35,0.3,0.1
11,1,576,237,591,237,4.552163369992411,314.9936507296615,4.345431749229081,329.94848082693153,0.7464,2,100,6,1,200,100,120.0,4.0,40.0,0.35,0.35,0.3,0.1
11,3,144,279,110,308,150.41223653458138,135.69450983735487,147.72435568542238,179.77764043395385,0.272,2,100,6,1,200,100,120.0,4.0,40.0,0.35,0.35,0.3,0.1
12,1,577,237,592,237,4.537772507906652,315.9905061864992,4.332313983188515,330.94561486745823,0.7407,1,100,6,1,200,100,120.0,4.0,40.0,0.35,0.35,0.3,0.1
13,1,577,236,592,236,4.356975005846297,315.91296269700615,4.159642293712642,330.8715762950937,0.7691,1,100,6,1,200,100,120.0,4.0,40.0,0.35,0.35,0.3,0.1
14,1,577,237,592,237,4.537772507906652,315.9905061864992,4.332313983188515,330.94561486745823,0.7351,1,100,6,1,200,100,120.0,4.0,40.0,0.35,0.35,0.3,0.1
15,7,286,66,285,52,279.3349984631382,147.95945390545344,278.18022988249754,161.64467204334326,0.3622,2,100,6,1,200,100,120.0,4.0,40.0,0.35,0.35,0.3,0.1
15,1,578,237,592,237,4.523472158901672,316.98738145232215,4.332313983188515,330.94561486745823,0.6659,2,100,6,1,200,100,120.0,4.0,40.0,0.35,0.35,0.3,0.1
16,1,578,237,593,237,4.523472158901672,316.98738145232215,4.3192750276280085,331.94276615103394,0.6968,2,100,6,1,200,100,120.0,4.0,40.0,0.35,0.35,0.3,0.1
16,8,381,247,390,249,16.389540334034784,124.04031602668546,16.122598777717197,133.24038426843418,0.7553,2,100,6,1,200,100,120.0,4.0,40.0,0.35,0.35,0.3,0.1
17,1,578,237,593,237,4.523472158901672,316.98738145232215,4.3192750276280085,331.94276615103394,0.7454,1,100,6,1,200,100,120.0,4.0,40.0,0.35,0.35,0.3,0.1
19,1,578,238,592,238,4.703614704293192,317.0678160898706,4.504906863607022,331.02265783477725,0.7165,1,100,6,1,200,100,120.0,4.0,40.0,0.35,0.35,0.3,0.1
20,1,578,238,593,238,4.703614704293192,317.0678160898706,4.491352642367501,332.0195777360124,0.6846,1,100,6,1,200,100,120.0,4.0,40.0,0.35,0.35,0.3,0.1
21,9,124,238,114,239,169.3302171955033,140.42791745233566,169.66108945705895,150.44268011438774,0.7001,2,100,6,1,200,100,120.0,4.0,40.0,0.35,0.35,0.3,0.1
21,8,379,246,390,249,16.20377421489076,121.8400590938793,16.122598777717197,133.24038426843418,0.7649,2,100,6,1,200,100,120.0,4.0,40.0,0.35,0.35,0.3,0.1
22,9,122,235,112,235,170.67046035730192,141.8767070381886,171.28254303540035,151.75308893067054,0.5888,1,100,6,1,200,100,120.0,4.0,40.0,0.35,0.35,0.3,0.1
23,9,117,231,107,230,172.5348091438786,146.23952953972466,173.3759673654825,156.0416611036937,0.54,1,100,6,1,200,100,120.0,4.0,40.0,0.35,0.35,0.3,0.1
24,9,116,226,106,228,174.52263127117112,146.66969693839283,174.14398641457106,156.81836627130127,0.7488,1,100,6,1,200,100,120.0,4.0,40.0,0.35,0.35,0.3,0.1
25,10,329,140,415,69,312.93988897627685,98.35141076771599,316.9349323095528,209.42301688209918,0.3922,2,100,6,1,200,100,120.0,4.0,40.0,0.35,0.35,0.3,0.1
25,9,116,224,106,225,175.30131948270056,146.4923206178399,175.2363583092738,156.54072952429985,0.7878,2,100,6,1,200,100,120.0,4.0,40.0,0.35,0.35,0.3,0.1
26,10,330,139,414,67,312.9690857631469,99.76472322419383,316.350155611466,210.06903627141244,0.4587,1,100,6,1,200,100,120.0,4.0,40.0,0.35,0.35,0.3,0.1
27,10,330,137,413,66,312.1975484801332,101.23734488813898,315.96448430222654,210.0404722904612,0.4218,1,100,6,1,200,100,120.0,4.0,40.0,0.35,0.35,0.3,0.1
29,11,280,56,289,1,276.581944655178,157.0350279396288,277.2920589645827,212.72047386182646,0.6885,1,100,6,1,200,100,120.0,4.0,40.0,0.35,0.35,0.3,0.1
30,11,280,56,289,3,276.581944655178,157.0350279396288,277.36107767157796,210.7368026710095,0.8222,2,100,6,1,200,100,120.0,4.0,40.0,0.35,0.35,0.3,0.1
30,12,94,213,27,201,179.65895772114115,168.00297616411441,182.6799739401079,235.25730594393875,0.4712,2,100,6,1,200,100,120.0,4.0,40.0,0.35,0.35,0.3,0.1
31,11,280,56,289,5,276.581944655178,157.0350279396288,277.4314079711725,208.75344308537763,0.7038,2,100,6,1,200,100,120.0,4.0,40.0,0.35,0.35,0.3,0.1
31,12,89,211,28,203,180.33118578841538,173.0028901492689,182.2025981617658,234.17301296263838,0.6369,2,100,6,1,200,100,120.0,4.0,40.0,0.35,0.35,0.3,0.1
32,11,281,56,289,7,276.9441305109932,157.15279189374905,277.5030873910496,206.77040407176264,0.7127,3,100,6,1,200,100,120.0,4.0,40.0,0.35,0.35,0.3,0.1
32,10,324,139,404,62,310.3417458903244,95.77577981932593,313.43064519525103,206.55265672462312,0.5164,3,100,6,1,200,100,120.0,4.0,40.0,0.35,0.35,0.3,0.1
32,12,85,210,26,206,180.64738238694187,177.01129907438113,181.4563586343397,236.07625886564705,0.6661,3,100,6,1,200,100,120.0,4.0,40.0,0.35,0.35,0.3,0.1
33,11,281,56,288,11,276.9441305109932,157.15279189374905,277.3704680031787,202.6746160721663,0.7422,3,100,6,1,200,100,120.0,4.0,40.0,0.35,0.35,0.3,0.1
33,10,325,141,402,62,311.5834118082287,94.92101980067429,313.02506598911805,205.1828452868319,0.7097,3,100,6,1,200,100,120.0,4.0,40.0,0.35,0.35,0.3,0.1
33,12,80,208,36,206,181.25904520717526,182.04395073717774,181.52076966114376,226.07963198837706,0.7391,3,100,6,1,200,100,120.0,4.0,40.0,0.35,0.35,0.3,0.1
34,11,281,56,288,15,276.9441305109932,157.15279189374905,277.5184268794422,198.70832896484234,0.6982,3,100,6,1,200,100,120.0,4.0,40.0,0.35,0.35,0.3,0.1
34,10,326,142,400,62,312.436229788535,94.847245611035,312.6140559696112,203.82345301755635,0.8737,3,100,6,1,200,100,120.0,4.0,40.0,0.35,0.35,0.3,0.1
34,12,76,206,37,207,181.8476102659946,186.09674903124989,181.2730300200567,225.055548698538,0.652,3,100,6,1,200,100,120.0,4.0,40.0,0.35,0.35,0.3,0.1
35,11,281,56,288,20,276.9441305109932,157.15279189374905,277.71189241265887,193.75241933973368,0.6397,3,100,6,1,200,100,120.0,4.0,40.0,0.35,0.35,0.3,0.1
35,10,328,142,398,62,313.3153156821037,96.20810776644555,312.1975484801332,202.47468977627796,0.781,3,100,6,1,200,100,120.0,4.0,40.0,0.35,0.35,0.3,0.1
35,12,72,204,40,209,182.4110297466112,190.16834647227702,180.77422016492807,222.02026934494066,0.3528,3,100,6,1,200,100,120.0,4.0,40.0,0.35,0.35,0.3,0.1
36,10,330,140,395,63,313.3634229583833,99.03534722511958,311.75265720967707,199.7248106770914,0.7029,1,100,6,1,200,100,120.0,4.0,40.0,0.35,0.35,0.3,0.1
37,11,281,56,287,29,276.9441305109932,157.15279189374905,277.77913719091435,184.69975636150687,0.5801,2,100,6,1,200,100,120.0,4.0,40.0,0.35,0.35,0.3,0.1
37,10,330,138,394,64,312.58049078334363,100.4987562112089,311.72951207681643,198.31288409984865,0.7885,2,100,6,1,200,100,120.0,4.0,40.0,0.35,0.35,0.3,0.1
38,10,330,136,392,65,311.8201698801358,101.9803902718557,311.488057348301,196.23710148695125,0.839,2,100,6,1,200,100,120.0,4.0,40.0,0.35,0.35,0.3,0.1
38,12,51,214,41,214,179.4569283062762,211.00947846009194,179.48150031270933,221.00904958847272,0.6961,2,100,6,1,200,100,120.0,4.0,40.0,0.35,0.35,0.3,0.1
39,11,281,56,286,38,276.9441305109932,157.15279189374905,277.85331330197823,175.64737401965337,0.5385,2,100,6,1,200,100,120.0,4.0,40.0,0.35,0.35,0.3,0.1
39,10,328,135,390,66,310.6012946450045,101.41498903022176,311.241444314528,194.164878389476,0.8045,2,100,6,1,200,100,120.0,4.0,40.0,0.35,0.35,0.3,0.1
40,10,326,135,388,67,309.73230287195577,100.12492197250393,310.98951532948325,192.09633000138237,0.7052,1,100,6,1,200,100,120.0,4.0,40.0,0.35,0.35,0.3,0.1
41,10,324,136,387,69,309.2072035049678,98.08159868191383,311.15754687208516,189.9315666233499,0.6174,1,100,6,1,200,100,120.0,4.0,40.0,0.35,0.35,0.3,0.1
42,10,323,138,386,70,309.4995885297981,95.90099061010788,311.1287437680144,188.52055590836773,0.6504,1,100,6,1,200,100,120.0,4.0,40.0,0.35,0.35,0.3,0.1
43,10,324,140,384,72,310.73210669970916,95.01578816175763,311.0698244542745,185.69868066305693,0.7992,1,100,6,1,200,100,120.0,4.0,40.0,0.35,0.35,0.3,0.1
44,10,325,141,384,73,311.5834118082287,94.92101980067429,311.2733550767607,184.94593804677083,0.8102,1,100,6,1,200,100,120.0,4.0,40.0,0.35,0.35,0.3,0.1
45,10,325,141,383,73,311.5834118082287,94.92101980067429,311.0396881695416,184.2878183711555,0.7806,1,100,6,1,200,100,120.0,4.0,40.0,0.35,0.35,0.3,0.1
46,10,325,141,382,73,311.5834118082287,94.92101980067429,310.8043503082194,183.6327857437228,0.7621,1,100,6,1,200,100,120.0,4.0,40.0,0.35,0.35,0.3,0.1
47,10,325,140,381,72,311.18592516570965,95.67131231461184,310.3645365730973,183.74166647769363,0.758,2,100,6,1,200,100,120.0,4.0,40.0,0.35,0.35,0.3,0.1
47,13,377,318,383,323,42.667976318376944,156.40012787718558,42.531882086171464,164.20109622045769,0.922,2,100,6,1,200,100,120.0,4.0,40.0,0.35,0.35,0.3,0.1
48,10,324,140,381,71,310.73210669970916,95.01578816175763,310.1634165542647,184.50474248647376,0.7904,2,100,6,1,200,100,120.0,4.0,40.0,0.35,0.35,0.3,0.1
48,13,375,321,381,326,43.96775530843427,157.00318468107582,43.770665513522104,164.7938105633825,0.8802,2,100,6,1,200,100,120.0,4.0,40.0,0.35,0.35,0.3,0.1
49,10,323,140,380,70,310.2720121811578,94.36630754670864,309.7261040426482,184.62935844550833,0.8091,3,100,6,1,200,100,120.0,4.0,40.0,0.35,0.35,0.3,0.1
49,14,587,237,603,237,4.398705354995532,325.96012026013244,4.193068626416995,341.915194163699,0.6934,3,100,6,1,200,100,120.0,4.0,40.0,0.35,0.35,0.3,0.1
49,13,374,324,379,330,45.0,158.39191898578665,45.243810356104085,166.1715980545412,0.8449,3,100,6,1,200,100,120.0,4.0,40.0,0.35,0.35,0.3,0.1
50,10,322,139,379,69,309.41739424346895,94.49338601193207,309.28940686250036,184.76471524617463,0.8508,2,100,6,1,200,100,120.0,4.0,40.0,0.35,0.35,0.3,0.1
50,13,373,327,379,333,46.0139787227853,159.8311609167624,45.96286362563621,168.31518053936787,0.9504,2,100,6,1,200,100,120.0,4.0,40.0,0.35,0.35,0.3,0.1
51,10,322,137,378,68,308.6598082540901,96.04686356149273,308.8533743403533,184.91078930121952,0.8784,3,100,6,1,200,100,120.0,4.0,40.0,0.35,0.35,0.3,0.1
51,14,587,238,602,238,4.573921259900861,326.03834130359576,4.372931276881127,340.99266854288817,0.7598,3,100,6,1,200,100,120.0,4.0,40.0,0.35,0.35,0.3,0.1
51,13,374,331,379,336,46.73570458892839,163.41664541900252,46.66372500429159,170.48460341039598,0.9084,3,100,6,1,200,100,120.0,4.0,40.0,0.35,0.35,0.3,0.1
52,10,322,136,377,67,308.2901631922431,96.82974749528164,308.418055344822,185.06755523321746,0.9226,2,100,6,1,200,100,120.0,4.0,40.0,0.35,0.35,0.3,0.1
52,13,375,333,381,338,46.95806742923404,165.55965692160635,46.63657704161672,173.31185764395926,0.7631,2,100,6,1,200,100,120.0,4.0,40.0,0.35,0.35,0.3,0.1
53,10,322,136,376,67,308.2901631922431,96.82974749528164,308.1746735355244,184.44782460088814,0.9293,2,100,6,1,200,100,120.0,4.0,40.0,0.35,0.35,0.3,0.1
53,13,375,334,381,340,47.193234576375545,166.29191201017565,47.08677727557077,174.77127910500627,0.8563,2,100,6,1,200,100,120.0,4.0,40.0,0.35,0.35,0.3,0.1
54,10,322,138,375,66,309.0355128987469,95.26804291051643,307.7388894188927,184.6212338816963,0.8223,2,100,6,1,200,100,120.0,4.0,40.0,0.35,0.35,0.3,0.1
54,13,375,335,381,341,47.42633583160236,167.0269439342048,47.30906278902568,175.50498568416796,0.8687,2,100,6,1,200,100,120.0,4.0,40.0,0.35,0.35,0.3,0.1
55,10,323,140,375,65,310.2720121811578,94.36630754670864,307.5497509313438,185.41305239923105,0.6609,3,100,6,1,200,100,120.0,4.0,40.0,0.35,0.35,0.3,0.1
55,14,585,240,600,240,4.954431234950782,324.211350819184,4.735583035029397,339.1577803913689,0.7397,3,100,6,1,200,100,120.0,4.0,40.0,0.35,0.35,0.3,0.1
55,13,375,337,381,343,47.88641854386461,168.50519279832298,47.74808818005375,176.98022488402484,0.8375,3,100,6,1,200,100,120.0,4.0,40.0,0.35,0.35,0.3,0.1
56,10,324,141,374,65,311.1287437680144,94.26027795418386,307.3039482779834,184.8053029542172,0.5549,3,100,6,1,200,100,120.0,4.0,40.0,0.35,0.35,0.3,0.1
56,14,584,241,598,241,5.146294688159993,323.3032632065442,4.9329466286773735,337.24916604789405,0.7358,3,100,6,1,200,100,120.0,4.0,40.0,0.35,0.35,0.3,0.1
56,13,374,339,381,345,48.59125903720553,169.33103672983285,48.179830119864235,178.46568297574746,0.6976,3,100,6,1,200,100,120.0,4.0,40.0,0.35,0.35,0.3,0.1
59,15,94,176,45,154,192.09475707701208,171.81385275931623,194.96427968070722,224.61745257214542,0.3777,1,100,6,1,200,100,120.0,4.0,40.0,0.35,0.35,0.3,0.1
60,15,95,173,43,154,193.14486761755072,171.49344010777787,194.83367070569858,226.55021518418383,0.6167,3,100,6,1,200,100,120.0,4.0,40.0,0.35,0.35,0.3,0.1
60,14,581,245,596,245,5.9061411137705,320.7023542164915,5.642646795781082,335.6262802582658,0.6969,3,100,6,1,200,100,120.0,4.0,40.0,0.35,0.35,0.3,0.1
60,13,370,346,377,352,51.13222249767931,172.10461934532728,50.59933933652057,181.1767093199344,0.546,3,100,6,1,200,100,120.0,4.0,40.0,0.35,0.35,0.3,0.1
61,15,96,169,41,155,194.522476034193,171.4788616710526,194.46245288217133,228.23233776132602,0.9173,2,100,6,1,200,100,120.0,4.0,40.0,0.35,0.35,0.3,0.1
61,13,369,347,376,353,51.59991698191387,172.2614292289484,51.04409216224111,181.3201588351389,0.5566,2,100,6,1,200,100,120.0,4.0,40.0,0.35,0.35,0.3,0.1
62,15,96,165,39,155,195.80854318463125,172.52536045462998,194.33811517161175,230.16950275829333,0.672,2,100,6,1,200,100,120.0,4.0,40.0,0.35,0.35,0.3,0.1
62,13,368,349,375,355,52.27006864537342,173.21951391226105,51.68386410803412,182.25805880673698,0.5295,2,100,6,1,200,100,120.0,4.0,40.0,0.35,0.35,0.3,0.1
63,15,97,162,39,156,196.85839876773827,172.40939649566667,194.0966820314938,229.92390045404153,0.4661,2,100,6,1,200,100,120.0,4.0,40.0,0.35,0.35,0.3,0.1
63,13,366,350,373,356,52.99747347180383,172.80046296234278,52.37376636133021,181.8158408940211,0.5289,2,100,6,1,200,100,120.0,4.0,40.0,0.35,0.35,0.3,0.1
64,16,284,88,287,67,280.06068979532296,125.93649193144932,279.7824070318073,147.13938969562162,0.8339,3,100,6,1,200,100,120.0,4.0,40.0,0.35,0.35,0.3,0.1
64,14,578,245,593,245,5.961810103660661,317.71842880135233,5.693454107345848,332.6409475695979,0.6912,3,100,6,1,200,100,120.0,4.0,40.0,0.35,0.35,0.3,0.1
64,13,365,351,372,357,53.46128814257136,173.0028901492689,52.815293546766874,182.00274723201295,0.5353,3,100,6,1,200,100,120.0,4.0,40.0,0.35,0.35,0.3,0.1
65,16,283,90,287,67,279.7666793957727,123.79418403139947,279.7824070318073,147.13938969562162,0.9053,1,100,6,1,200,100,120.0,4.0,40.0,0.35,0.35,0.3,0.1
66,16,283,92,286,67,279.9262455066517,121.82364302548172,279.39823299592604,146.972786596703,0.814,4,100,6,1,200,100,120.0,4.0,40.0,0.35,0.35,0.3,0.1
66,14,575,243,591,243,5.6562156345159735,314.5313974788527,5.382797915127315,330.45725896097366,0.7007,4,100,6,1,200,100,120.0,4.0,40.0,0.35,0.35,0.3,0.1
66,17,470,310,481,314,25.227649467428588,229.93042425916585,24.973910905883404,241.5884931034589,0.7845,4,100,6,1,200,100,120.0,4.0,40.0,0.35,0.35,0.3,0.1
66,13,361,353,368,360,54.9262455066517,172.28464818433474,54.38914756133125,182.04395073717774,0.6123,4,100,6,1,200,100,120.0,4.0,40.0,0.35,0.35,0.3,0.1
67,16,282,95,286,67,279.70039194394576,118.69709347747316,279.39823299592604,146.972786596703,0.8646,3,100,6,1,200,100,120.0,4.0,40.0,0.35,0.35,0.3,0.1
67,14,574,242,590,242,5.492324557127438,313.43898927861545,5.225927408966777,329.3690938749415,0.7303,3,100,6,1,200,100,120.0,4.0,40.0,0.35,0.35,0.3,0.1
67,17,471,308,481,312,24.670745094598104,229.99347816840373,24.54243488198146,240.75090861718465,0.8747,3,100,6,1,200,100,120.0,4.0,40.0,0.35,0.35,0.3,0.1
68,16,283,97,285,67,280.3486840879955,116.90166808048549,279.01320435564276,146.81280598094978,0.6893,4,100,6,1,200,100,120.0,4.0,40.0,0.35,0.35,0.3,0.1
68,14,573,241,589,241,5.327288448186667,312.3491635974074,5.068018126605165,328.28341414089135,0.7461,4,100,6,1,200,100,120.0,4.0,40.0,0.35,0.35,0.3,0.1
68,17,470,306,481,310,24.31930861118292,228.25424421026653,24.10797096284733,239.92707225321615,0.8349,4,100,6,1,200,100,120.0,4.0,40.0,0.35,0.35,0.3,0.1
68,13,360,356,364,361,55.762537223142466,174.18381095842403,55.60587231286241,180.56854654119581,0.6179,4,100,6,1,200,100,120.0,4.0,40.0,0.35,0.35,0.3,0.1
69,16,282,98,284,67,279.9506266879516,115.7410903698423,278.62735314406524,146.6594695203825,0.6894,3,100,6,1,200,100,120.0,4.0,40.0,0.35,0.35,0.3,0.1
69,14,573,240,588,240,5.144592057868091,312.2579062249665,4.909062138655492,327.2002444986862,0.7621,3,100,6,1,200,100,120.0,4.0,40.0,0.35,0.35,0.3,0.1
69,17,470,304,481,308,23.860175191342343,227.437903613272,23.670538484720456,239.11712611187014,0.858,3,100,6,1,200,100,120.0,4.0,40.0,0.35,0.35,0.3,0.1
70,16,282,98,283,68,279.9506266879516,115.7410903698423,278.29714496983684,145.52319402761884,0.659,1,100,6,1,200,100,120.0,4.0,40.0,0.35,0.35,0.3,0.1
71,16,281,97,282,68,279.38151016074823,116.55899793666725,277.90716270295843,145.38225476308997,0.6785,1,100,6,1,200,100,120.0,4.0,40.0,0.35,0.35,0.3,0.1
72,16,280,95,281,68,278.74616226255523,118.37651794169315,277.51644171626947,145.24806367039804,0.712,1,100,6,1,200,100,120.0,4.0,40.0,0.35,0.35,0.3,0.1
73,16,280,94,281,68,278.6731740478798,119.36498649101419,277.51644171626947,145.24806367039804,0.7062,1,100,6,1,200,100,120.0,4.0,40.0,0.35,0.35,0.3,0.1
74,16,279,93,280,67,278.13010235415595,120.20815280171308,277.0763781776368,146.11296999240005,0.7072,1,100,6,1,200,100,120.0,4.0,40.0,0.35,0.35,0.3,0.1
75,16,278,92,280,68,277.59464336859145,121.06196760337245,277.1250163489018,145.12063946937388,0.8016,1,100,6,1,200,100,120.0,4.0,40.0,0.35,0.35,0.3,0.1
76,16,277,92,280,68,277.1250163489018,120.93386622447825,277.1250163489018,145.12063946937388,0.8798,1,100,6,1,200,100,120.0,4.0,40.0,0.35,0.35,0.3,0.1
77,16,277,91,280,67,277.0667297164011,121.92620719107111,277.0763781776368,146.11296999240005,0.8909,1,100,6,1,200,100,120.0,4.0,40.0,0.35,0.35,0.3,0.1
78,16,277,90,280,67,277.0093842566213,122.9186723000212,277.0763781776368,146.11296999240005,0.8779,1,100,6,1,200,100,120.0,4.0,40.0,0.35,0.35,0.3,0.1
79,16,279,89,279,67,277.8690755517905,124.16923934694937,276.68690932618233,145.9931505242626,0.6923,1,100,6,1,200,100,120.0,4.0,40.0,0.35,0.35,0.3,0.1
80,18,357,41,367,12,299.05460409907715,195.616972678753,297.699472808055,225.88713996153035,0.5744,2,100,6,1,200,100,120.0,4.0,40.0,0.35,0.35,0.3,0.1
80,16,281,88,279,67,278.7114375519504,125.44720004846661,276.68690932618233,145.9931505242626,0.5217,2,100,6,1,200,100,120.0,4.0,40.0,0.35,0.35,0.3,0.1
81,18,356,40,368,15,298.6571174565581,196.01020381602586,298.28340917873345,223.70739817896055,0.8497,1,100,6,1,200,100,120.0,4.0,40.0,0.35,0.35,0.3,0.1
82,18,354,38,369,16,297.86700384965684,196.82479518597245,298.6309370702088,223.3047245357787,0.7412,1,100,6,1,200,100,120.0,4.0,40.0,0.35,0.35,0.3,0.1
85,16,288,87,289,59,281.7499835717767,127.67536959022284,280.00797980144137,155.36408851468863,0.4098,1,100,6,1,200,100,120.0,4.0,40.0,0.35,0.35,0.3,0.1
86,16,289,86,289,59,282.0947570770121,128.86038956948718,280.00797980144137,155.36408851468863,0.3496,1,100,6,1,200,100,120.0,4.0,40.0,0.35,0.35,0.3,0.1
87,16,289,85,288,59,282.0022948987837,129.83836104942176,279.64440564010806,155.1934276958918,0.2977,2,100,6,1,200,100,120.0,4.0,40.0,0.35,0.35,0.3,0.1
87,19,560,242,575,242,5.7486634172877675,299.50626036862735,5.474883981898085,314.4344128749269,0.7433,2,100,6,1,200,100,120.0,4.0,40.0,0.35,0.35,0.3,0.1
95,20,344,25,357,1,293.67757944069274,204.1886382735337,294.2390351265791,231.40008643040736,0.507,2,100,6,1,200,100,120.0,4.0,40.0,0.35,0.35,0.3,0.1
95,16,286,89,287,60,281.04094018032373,125.31959144523253,279.3400261728053,154.042202009709,0.4366,2,100,6,1,200,100,120.0,4.0,40.0,0.35,0.35,0.3,0.1
96,20,345,24,355,0,293.8209483052073,205.50669088864237,293.68606411286663,231.50161986474308,0.6243,2,100,6,1,200,100,120.0,4.0,40.0,0.35,0.35,0.3,0.1
96,21,332,341,381,416,61.514163910233044,146.76852523616907,59.743562836470744,236.17154782064668,0.6968,2,100,6,1,200,100,120.0,4.0,40.0,0.35,0.35,0.3,0.1
97,21,331,352,378,413,63.76328780469274,156.08010763707205,60.01013556954867,232.071109791805,0.1341,1,100,6,1,200,100,120.0,4.0,40.0,0.35,0.35,0.3,0.1
104,16,286,98,286,61,281.888658039628,116.49892703368559,279.03107179644064,152.8953890737062,0.3398,1,100,6,1,200,100,120.0,4.0,40.0,0.35,0.35,0.3,0.1
105,22,286,79,286,61,280.22900828735953,135.14806694880988,279.03107179644064,152.8953890737062,0.5814,2,100,6,1,200,100,120.0,4.0,40.0,0.35,0.35,0.3,0.1
105,16,289,94,291,89,282.8881851257657,121.0495766204905,283.2664808465837,126.37246535539299,0.5995,2,100,6,1,200,100,120.0,4.0,40.0,0.35,0.35,0.3,0.1
106,23,289,96,317,11,283.1027899412625,119.10079764636339,285.30334746230096,208.38905921376966,0.7206,3,100,6,1,200,100,120.0,4.0,40.0,0.35,0.35,0.3,0.1
106,22,285,79,286,61,279.81125686799606,134.97407158413796,279.03107179644064,152.8953890737062,0.7148,3,100,6,1,200,100,120.0,4.0,40.0,0.35,0.35,0.3,0.1
106,16,288,102,291,90,283.2985703304943,113.03096920755833,283.3713319698919,125.39936203984452,0.9044,3,100,6,1,200,100,120.0,4.0,40.0,0.35,0.35,0.3,0.1
107,23,290,99,320,12,283.91687743330124,116.41735265844177,286.17215901578254,208.24024587000469,0.6571,2,100,6,1,200,100,120.0,4.0,40.0,0.35,0.35,0.3,0.1
107,22,284,79,286,61,279.3924493408189,134.80726983364065,279.03107179644064,152.8953890737062,0.8257,2,100,6,1,200,100,120.0,4.0,40.0,0.35,0.35,0.3,0.1
108,23,291,100,317,15,284.51669995885464,115.69356075426151,285.5990858028392,204.53361581901396,0.7819,2,100,6,1,200,100,120.0,4.0,40.0,0.35,0.35,0.3,0.1
108,22,284,79,286,61,279.3924493408189,134.80726983364065,279.03107179644064,152.8953890737062,0.8266,2,100,6,1,200,100,120.0,4.0,40.0,0.35,0.35,0.3,0.1
109,23,292,102,315,19,285.25511870305775,114.0175425099138,285.35554941442183,200.1449474755733,0.8879,2,100,6,1,200,100,120.0,4.0,40.0,0.35,0.35,0.3,0.1
109,22,285,78,286,61,279.7394459454972,135.95955280891445,279.03107179644064,152.8953890737062,0.7409,2,100,6,1,200,100,120.0,4.0,40.0,0.35,0.35,0.3,0.1
110,23,293,103,313,23,285.8759465052226,113.3225485064645,285.10109816138544,195.76005721290542,0.8156,2,100,6,1,200,100,120.0,4.0,40.0,0.35,0.35,0.3,0.1
110,22,287,76,286,61,280.41602830757074,138.27870407260838,279.03107179644064,152.8953890737062,0.5471,2,100,6,1,200,100,120.0,4.0,40.0,0.35,0.35,0.3,0.1
111,23,292,102,311,26,285.25511870305775,114.0175425099138,284.75872446075647,192.3460423299632,0.8523,2,100,6,1,200,100,120.0,4.0,40.0,0.35,0.35,0.3,0.1
111,24,556,248,571,248,6.9810574068297955,296.1958811327396,6.645278210274421,311.09001912629725,0.7006,2,100,6,1,200,100,120.0,4.0,40.0,0.35,0.35,0.3,0.1
112,23,291,100,310,30,284.51669995885464,115.69356075426151,284.7745502750466,188.22327167489146,0.8936,2,100,6,1,200,100,120.0,4.0,40.0,0.35,0.35,0.3,0.1
112,24,556,246,571,246,6.596738297894214,295.9594566828369,6.279130547520863,310.8649224341659,0.6949,2,100,6,1,200,100,120.0,4.0,40.0,0.35,0.35,0.3,0.1
113,23,295,73,308,34,283.35534096290746,142.86357128393507,284.48976259388445,183.84776310850236,0.7567,2,100,6,1,200,100,120.0,4.0,40.0,0.35,0.35,0.3,0.1
113,24,556,244,572,244,6.211822029009156,295.7363690857112,5.893529232065083,311.64723647098174,0.691,2,100,6,1,200,100,120.0,4.0,40.0,0.35,0.35,0.3,0.1
114,23,297,73,307,37,284.1331905488629,143.33875958721003,284.420773127511,180.6931099959265,0.8734,2,100,6,1,200,100,120.0,4.0,40.0,0.35,0.35,0.3,0.1
114,22,288,97,286,61,282.73964679248206,117.90250209389112,279.03107179644064,152.8953890737062,0.311,2,100,6,1,200,100,120.0,4.0,40.0,0.35,0.35,0.3,0.1
115,23,298,74,306,41,284.6208739886317,142.61837188805654,284.4297522497558,176.57009939398006,0.89,4,100,6,1,200,100,120.0,4.0,40.0,0.35,0.35,0.3,0.1
115,22,286,96,286,61,281.6893691754392,118.45674315968678,279.03107179644064,152.8953890737062,0.4653,4,100,6,1,200,100,120.0,4.0,40.0,0.35,0.35,0.3,0.1
115,24,556,241,571,241,5.633401160608647,295.4268098869837,5.361568980631745,310.35785796399614,0.7381,4,100,6,1,200,100,120.0,4.0,40.0,0.35,0.35,0.3,0.1
115,25,311,320,356,392,65.59602831114839,118.59595271340417,62.42543604030562,203.06649157357302,0.4409,4,100,6,1,200,100,120.0,4.0,40.0,0.35,0.35,0.3,0.1
116,23,299,74,304,45,285.00891367665866,142.87407042567241,284.1169416955696,172.20046457544765,0.7562,4,100,6,1,200,100,120.0,4.0,40.0,0.35,0.35,0.3,0.1
116,22,284,95,286,61,280.649219659245,119.05040949110591,279.03107179644064,152.8953890737062,0.6466,4,100,6,1,200,100,120.0,4.0,40.0,0.35,0.35,0.3,0.1
116,24,556,240,571,240,5.440332031005506,295.3303235362058,5.177709976340909,310.26601489689455,0.7507,4,100,6,1,200,100,120.0,4.0,40.0,0.35,0.35,0.3,0.1
116,25,311,318,354,394,65.19059162454046,116.77756633874505,63.18365315571307,203.93136100168604,0.6125,4,100,6,1,200,100,120.0,4.0,40.0,0.35,0.35,0.3,0.1
117,23,300,75,303,49,285.5025387916316,142.1724305201258,284.11892130305637,168.0773631397161,0.7022,3,100,6,1,200,100,120.0,4.0,40.0,0.35,0.35,0.3,0.1
117,22,282,95,286,61,279.70039194394576,118.69709347747316,279.03107179644064,152.8953890737062,0.7991,3,100,6,1,200,100,120.0,4.0,40.0,0.35,0.35,0.3,0.1
117,25,310,315,352,396,65.01356679522013,113.63538181394033,63.93533592171425,204.83163818121457,0.7161,3,100,6,1,200,100,120.0,4.0,40.0,0.35,0.35,0.3,0.1
118,23,299,78,302,53,285.4358618874668,139.01438774457844,284.1210004763876,163.95426191471816,0.5612,3,100,6,1,200,100,120.0,4.0,40.0,0.35,0.35,0.3,0.1
118,22,280,96,286,61,278.82037955202105,117.38824472663352,279.03107179644064,152.8953890737062,0.8793,3,100,6,1,200,100,120.0,4.0,40.0,0.35,0.35,0.3,0.1
118,25,310,313,350,397,64.58071166109713,111.8257573191436,64.56070353252439,204.86336910243372,0.8529,3,100,6,1,200,100,120.0,4.0,40.0,0.35,0.35,0.3,0.1
119,22,278,97,286,61,277.92073990164107,116.1077086157504,279.03107179644064,152.8953890737062,0.7625,2,100,6,1,200,100,120.0,4.0,40.0,0.35,0.35,0.3,0.1
119,25,310,311,348,399,64.13364320590549,110.02272492535349,65.30262766235619,205.8275977608445,0.7333,2,100,6,1,200,100,120.0,4.0,40.0,0.35,0.35,0.3,0.1
120,22,277,99,286,61,277.56142842766695,113.99122773266372,279.03107179644064,152.8953890737062,0.7011,2,100,6,1,200,100,120.0,4.0,40.0,0.35,0.35,0.3,0.1
120,25,310,309,345,400,63.67170689482912,108.2266141020775,66.1790516947927,205.50669088864237,0.5926,2,100,6,1,200,100,120.0,4.0,40.0,0.35,0.35,0.3,0.1
121,22,276,100,286,61,277.1250163489018,112.8716084761797,279.03107179644064,152.8953890737062,0.6145,2,100,6,1,200,100,120.0,4.0,40.0,0.35,0.35,0.3,0.1
121,25,309,307,342,402,63.67670173219012,105.99056561788883,67.16634582208245,206.15528128088303,0.4907,2,100,6,1,200,100,120.0,4.0,40.0,0.35,0.35,0.3,0.1
122,22,275,101,276,55,276.6798860632225,111.75866856758807,275.09569991955857,157.62296786953354,0.6487,1,100,6,1,200,100,120.0,4.0,40.0,0.35,0.35,0.3,0.1
123,22,274,102,286,61,276.22582906442574,110.65260954898443,279.03107179644064,152.8953890737062,0.4474,2,100,6,1,200,100,120.0,4.0,40.0,0.35,0.35,0.3,0.1
123,24,553,237,569,238,4.910261221582573,292.07190895394234,4.840859675664153,308.09901006007794,0.9088,2,100,6,1,200,100,120.0,4.0,40.0,0.35,0.35,0.3,0.1
124,22,274,104,286,61,276.3401917459099,108.664621657649,279.03107179644064,152.8953890737062,0.4764,1,100,6,1,200,100,120.0,4.0,40.0,0.35,0.35,0.3,0.1
125,26,310,78,340,22,289.7079788429787,142.33762678926468,292.3194403929751,205.38743875904387,0.5101,2,100,6,1,200,100,120.0,4.0,40.0,0.35,0.35,0.3,0.1
125,22,275,105,276,54,276.92721812600917,107.78682665335315,275.0636168530301,158.61904047118682,0.6099,2,100,6,1,200,100,120.0,4.0,40.0,0.35,0.35,0.3,0.1
126,22,275,106,286,62,276.9919253466678,106.7941945987702,279.0902769208223,151.90786681406595,0.5804,1,100,6,1,200,100,120.0,4.0,40.0,0.35,0.35,0.3,0.1
127,22,275,107,286,62,277.05784664988107,105.80170130957252,279.0902769208223,151.90786681406595,0.598,1,100,6,1,200,100,120.0,4.0,40.0,0.35,0.35,0.3,0.1
128,22,275,108,284,63,277.1250163489018,104.80935072788114,278.39909464785245,150.6154042586614,0.612,1,100,6,1,200,100,120.0,4.0,40.0,0.35,0.35,0.3,0.1
129,22,275,109,285,62,277.1934700552955,103.81714694596457,278.71745696459965,151.75308893067054,0.6463,1,100,6,1,200,100,120.0,4.0,40.0,0.35,0.35,0.3,0.1
130,22,276,111,278,106,277.8917024282357,101.96568050084302,278.58362148011395,107.20074626605917,0.4727,2,100,6,1,200,100,120.0,4.0,40.0,0.35,0.35,0.3,0.1
130,27,154,193,82,169,189.97771262015056,109.65856099730654,193.4355233623192,185.06485349736184,0.4356,2,100,6,1,200,100,120.0,4.0,40.0,0.35,0.35,0.3,0.1
131,28,292,88,301,70,283.6005425166587,127.57742747053649,285.35749342349766,147.2582765076381,0.5874,4,100,6,1,200,100,120.0,4.0,40.0,0.35,0.35,0.3,0.1
131,22,276,113,277,107,278.04906170167453,99.98499887483122,278.13010235415595,106.06601717798213,0.8177,4,100,6,1,200,100,120.0,4.0,40.0,0.35,0.35,0.3,0.1
131,29,273,120,275,116,276.8182145716519,92.65527507918802,277.71189241265887,96.87620966986684,0.5703,4,100,6,1,200,100,120.0,4.0,40.0,0.35,0.35,0.3,0.1
131,27,155,193,82,171,190.06906269888944,108.67382389517726,192.8317790425301,184.61040057374882,0.5195,4,100,6,1,200,100,120.0,4.0,40.0,0.35,0.35,0.3,0.1
132,28,291,91,301,68,283.4778227532413,124.42668524074729,285.1540680503126,149.18780110987626,0.6893,3,100,6,1,200,100,120.0,4.0,40.0,0.35,0.35,0.3,0.1
132,29,275,120,277,110,278.0428942335053,92.91393867445294,278.3658861240326,103.0970416646375,0.8664,3,100,6,1,200,100,120.0,4.0,40.0,0.35,0.35,0.3,0.1
132,27,156,192,82,174,190.68491240000273,107.8702924812944,191.9207385399223,183.96738841436002,0.7106,3,100,6,1,200,100,120.0,4.0,40.0,0.35,0.35,0.3,0.1
133,28,290,93,301,67,283.2405199151872,122.24974437601087,285.05431655960484,150.1532550429727,0.6622,2,100,6,1,200,100,120.0,4.0,40.0,0.35,0.35,0.3,0.1
133,27,156,192,81,176,190.68491240000273,107.8702924812944,191.2490443146743,184.5453873712372,0.8061,2,100,6,1,200,100,120.0,4.0,40.0,0.35,0.35,0.3,0.1
134,28,290,96,302,65,283.5704343851615,119.33147112141039,285.2221332262684,152.34500319997372,0.7318,2,100,6,1,200,100,120.0,4.0,40.0,0.35,0.35,0.3,0.1
134,27,156,192,81,179,190.68491240000273,107.8702924812944,190.33270051592177,183.98369492974098,0.8582,2,100,6,1,200,100,120.0,4.0,40.0,0.35,0.35,0.3,0.1
135,28,290,96,303,64,283.5704343851615,119.33147112141039,285.48416971391566,153.57408635573907,0.6503,2,100,6,1,200,100,120.0,4.0,40.0,0.35,0.35,0.3,0.1
135,27,156,193,80,182,190.16208319400076,107.68936809174804,189.36019080191332,184.45595680270128,0.8395,2,100,6,1,200,100,120.0,4.0,40.0,0.35,0.35,0.3,0.1
136,30,279,120,284,48,280.4691742577114,93.55746896961247,277.6404067610267,165.46903033498444,0.5103,3,100,6,1,200,100,120.0,4.0,40.0,0.35,0.35,0.3,0.1
136,28,290,96,304,63,283.5704343851615,119.33147112141039,285.7420399508709,154.80633061990713,0.5731,3,100,6,1,200,100,120.0,4.0,40.0,0.35,0.35,0.3,0.1
136,27,156,194,79,184,189.63753811293094,107.5174404457249,188.69910208462608,185.129684275645,0.8491,3,100,6,1,200,100,120.0,4.0,40.0,0.35,0.35,0.3,0.1
137,31,282,63,284,48,277.6450132716707,150.3362896974646,277.6404067610267,165.46903033498444,0.7228,4,100,6,1,200,100,120.0,4.0,40.0,0.35,0.35,0.3,0.1
137,28,291,95,305,63,283.92096036492075,120.5404496424333,286.0976429637982,155.08062419270823,0.5412,4,100,6,1,200,100,120.0,4.0,40.0,0.35,0.35,0.3,0.1
137,27,157,196,79,187,188.66413543310804,106.21205204683694,187.77913719091435,184.69975636150687,0.8875,4,100,6,1,200,100,120.0,4.0,40.0,0.35,0.35,0.3,0.1
137,32,555,250,570,250,7.389604549790349,295.45388811115686,7.0334164596949345,310.3353025358217,0.6269,4,100,6,1,200,100,120.0,4.0,40.0,0.35,0.35,0.3,0.1
138,28,292,97,305,63,284.6208739886317,118.84864324004712,286.0976429637982,155.08062419270823,0.6807,4,100,6,1,200,100,120.0,4.0,40.0,0.35,0.35,0.3,0.1
138,30,278,117,281,62,279.5600964808863,96.33794683301072,277.21902082486963,151.19854496654392,0.4983,4,100,6,1,200,100,120.0,4.0,40.0,0.35,0.35,0.3,0.1
138,27,157,198,78,190,187.59464336859142,105.92922165295089,186.81821457165185,185.31055015837603,0.8972,4,100,6,1,200,100,120.0,4.0,40.0,0.35,0.35,0.3,0.1
138,32,554,250,569,250,7.414630290974722,294.462221685567,7.056096037901021,309.3428518650463,0.6388,4,100,6,1,200,100,120.0,4.0,40.0,0.35,0.35,0.3,0.1
139,31,281,62,286,47,277.21902082486963,151.19854496654392,278.2758928270752,166.73631877908304,0.4082,4,100,6,1,200,100,120.0,4.0,40.0,0.35,0.35,0.3,0.1
139,28,294,98,306,62,285.67952412241925,118.40608092492548,286.3481715473512,156.32018423735306,0.8347,4,100,6,1,200,100,120.0,4.0,40.0,0.35,0.35,0.3,0.1
139,27,157,200,77,192,186.51980175165698,105.68348972285122,186.1701750950296,186.07794065928394,0.9223,4,100,6,1,200,100,120.0,4.0,40.0,0.35,0.35,0.3,0.1
139,32,554,251,568,251,7.607495719096623,294.5929394944828,7.263244740584562,308.475282640279,0.6313,4,100,6,1,200,100,120.0,4.0,40.0,0.35,0.35,0.3,0.1
140,31,281,62,287,47,277.21902082486963,151.19854496654392,278.6156481841641,166.88319268278636,0.3269,4,100,6,1,200,100,120.0,4.0,40.0,0.35,0.35,0.3,0.1
140,28,295,99,306,61,286.27967320213054,117.72000679578642,286.2456330454743,157.2800050864699,0.9438,4,100,6,1,200,100,120.0,4.0,40.0,0.35,0.35,0.3,0.1
140,27,158,202,76,195,185.49232455712743,104.47966309287182,185.22220194458677,186.77526602845464,0.9196,4,100,6,1,200,100,120.0,4.0,40.0,0.35,0.35,0.3,0.1
140,32,553,250,567,251,7.4398251562909,293.47061181658376,7.28680311398163,307.4833328816377,0.8287,4,100,6,1,200,100,120.0,4.0,40.0,0.35,0.35,0.3,0.1
141,31,281,62,287,47,277.21902082486963,151.19854496654392,278.6156481841641,166.88319268278636,0.3315,3,100,6,1,200,100,120.0,4.0,40.0,0.35,0.35,0.3,0.1
141,28,297,100,307,60,287.35402463626133,117.34138229968147,286.4915263059139,158.52129194527782,0.8094,3,100,6,1,200,100,120.0,4.0,40.0,0.35,0.35,0.3,0.1
141,27,159,203,74,198,184.9937439858234,103.39245620450265,184.25884612217035,188.52055590836773,0.8552,3,100,6,1,200,100,120.0,4.0,40.0,0.35,0.35,0.3,0.1
142,28,297,99,307,58,287.2095575205479,118.29623831720095,286.28877403005947,160.4400199451496,0.7942,3,100,6,1,200,100,120.0,4.0,40.0,0.35,0.35,0.3,0.1
142,30,270,113,280,61,274.6199234816604,99.32270636667126,276.79788250028633,152.0690632574555,0.5555,3,100,6,1,200,100,120.0,4.0,40.0,0.35,0.35,0.3,0.1
142,27,159,205,73,200,183.88790956083307,103.23759005323593,183.6329507394882,189.38056922503955,0.8908,3,100,6,1,200,100,120.0,4.0,40.0,0.35,0.35,0.3,0.1
143,28,296,98,309,57,286.606980578617,118.96217886370441,286.868657635939,161.96913286178943,0.9579,4,100,6,1,200,100,120.0,4.0,40.0,0.35,0.35,0.3,0.1
143,30,268,114,280,61,273.50353164478446,98.18350166906862,276.79788250028633,152.0690632574555,0.4426,4,100,6,1,200,100,120.0,4.0,40.0,0.35,0.35,0.3,0.1
143,27,160,207,71,203,182.80637025178822,102.12247548899312,182.6978056333163,191.21192431435858,0.9024,4,100,6,1,200,100,120.0,4.0,40.0,0.35,0.35,0.3,0.1
143,33,297,287,302,297,64.98310652189998,82.76472678623425,64.79887635452492,93.94147114027967,0.7345,4,100,6,1,200,100,120.0,4.0,40.0,0.35,0.35,0.3,0.1
144,27,160,209,70,206,181.68468431789628,102.04410811016969,181.78991060824606,192.09372712298546,0.8904,1,100,6,1,200,100,120.0,4.0,40.0,0.35,0.35,0.3,0.1
145,27,161,211,68,208,180.56726640985792,101.00495037373169,181.18118891332662,194.0412327316027,0.8173,1,100,6,1,200,100,120.0,4.0,40.0,0.35,0.35,0.3,0.1
146,27,161,214,66,211,178.865578369023,101.01980003939822,180.29232286922854,196.0025510038071,0.7167,1,100,6,1,200,100,120.0,4.0,40.0,0.35,0.35,0.3,0.1
147,28,295,92,314,39,285.3762512488262,124.45481107614924,286.7296237536881,180.646062785769,0.531,2,100,6,1,200,100,120.0,4.0,40.0,0.35,0.35,0.3,0.1
147,27,161,216,65,213,177.73204546409417,101.07917688624102,179.70916097764947,197.00253805471644,0.6413,2,100,6,1,200,100,120.0,4.0,40.0,0.35,0.35,0.3,0.1
148,28,293,92,312,38,284.484733560323,123.9395013706284,286.032339353936,181.0414317221337,0.4868,3,100,6,1,200,100,120.0,4.0,40.0,0.35,0.35,0.3,0.1
148,27,162,219,63,215,175.9958270592906,100.24470060806208,179.13630995540044,199.0226117806718,0.5103,3,100,6,1,200,100,120.0,4.0,40.0,0.35,0.35,0.3,0.1
148,34,502,289,514,291,17.787972538452454,252.04959829366916,17.40579401861603,264.09278672466615,0.6843,3,100,6,1,200,100,120.0,4.0,40.0,0.35,0.35,0.3,0.1
149,28,292,91,311,37,283.9247732204094,124.66354719804824,285.6422464572087,181.7305698004604,0.4605,2,100,6,1,200,100,120.0,4.0,40.0,0.35,0.35,0.3,0.1
149,34,501,284,513,286,16.765202508210354,249.6096953245206,16.426608980693604,261.6811036357039,0.7191,2,100,6,1,200,100,120.0,4.0,40.0,0.35,0.35,0.3,0.1
150,28,291,91,309,36,283.4778227532413,124.42668524074729,284.9516773539243,182.16750533506243,0.504,2,100,6,1,200,100,120.0,4.0,40.0,0.35,0.35,0.3,0.1
150,32,545,243,560,244,6.251292236934625,284.6928169097352,6.129080764968022,299.7131962393381,0.8985,2,100,6,1,200,100,120.0,4.0,40.0,0.35,0.35,0.3,0.1
153,34,500,285,512,287,17.05196485400152,248.94376875109768,16.69924423399362,261.00766272276377,0.7201,1,100,6,1,200,100,120.0,4.0,40.0,0.35,0.35,0.3,0.1
154,34,500,286,512,288,17.271742577680875,249.23884127479008,16.909271810540783,261.29676614914314,0.7143,1,100,6,1,200,100,120.0,4.0,40.0,0.35,0.35,0.3,0.1
155,28,291,87,305,29,283.06155108332814,128.3199127181748,283.22306765270133,187.98404187589966,0.7998,2,100,6,1,200,100,120.0,4.0,40.0,0.35,0.35,0.3,0.1
155,34,501,286,512,288,17.20374992727998,250.19392478635447,16.909271810540783,261.29676614914314,0.7397,2,100,6,1,200,100,120.0,4.0,40.0,0.35,0.35,0.3,0.1
156,28,292,87,304,28,283.49573328079583,128.5496013218244,282.8580901729982,188.73261509341728,0.7356,2,100,6,1,200,100,120.0,4.0,40.0,0.35,0.35,0.3,0.1
156,35,43,236,39,237,173.74596725608353,220.31114361284588,173.6034147885278,224.39696967650877,0.5427,2,100,6,1,200,100,120.0,4.0,40.0,0.35,0.35,0.3,0.1
157,28,293,89,304,26,284.14579549410297,126.84636376341263,282.7243556854224,190.68298298484845,0.6721,1,100,6,1,200,100,120.0,4.0,40.0,0.35,0.35,0.3,0.1
158,28,294,89,303,24,284.58294232948407,127.09445306542689,282.3027263252427,192.41881404893857,0.5701,2,100,6,1,200,100,120.0,4.0,40.0,0.35,0.35,0.3,0.1
158,35,40,240,36,241,172.81146285726336,223.75879870968203,172.68784513470177,227.85302280198084,0.5333,2,100,6,1,200,100,120.0,4.0,40.0,0.35,0.35,0.3,0.1
159,28,296,89,303,23,285.4520106411297,127.61269529321916,282.23959983693186,193.3959668659096,0.44,1,100,6,1,200,100,120.0,4.0,40.0,0.35,0.35,0.3,0.1
160,32,526,243,539,244,6.697244328945822,265.8138446356773,6.589795542976654,278.84224930953343,0.8865,1,100,6,1,200,100,120.0,4.0,40.0,0.35,0.35,0.3,0.1
162,35,42,245,33,248,171.46923439005187,222.46123257772354,171.06592178443174,231.81242417092315,0.4226,1,100,6,1,200,100,120.0,4.0,40.0,0.35,0.35,0.3,0.1
163,35,34,250,29,251,170.53767779197437,231.14497615133234,170.49780599638342,236.24140195994434,0.8549,1,100,6,1,200,100,120.0,4.0,40.0,0.35,0.35,0.3,0.1
165,32,520,236,533,236,5.31454566994475,259.1138745802702,5.060961443127316,272.0606550017845,0.7824,3,100,6,1,200,100,120.0,4.0,40.0,0.35,0.35,0.3,0.1
165,35,31,254,27,255,169.69515353123398,234.7871376374779,169.63080038025703,238.9016534057477,0.8798,3,100,6,1,200,100,120.0,4.0,40.0,0.35,0.35,0.3,0.1
165,34,489,290,500,292,18.963353415575494,240.0270818053663,18.579270380444672,251.08564275959708,0.682,3,100,6,1,200,100,120.0,4.0,40.0,0.35,0.35,0.3,0.1
166,32,519,235,532,235,5.1140138313951375,258.02713035648014,4.868996974092569,270.9778588741154,0.8011,2,100,6,1,200,100,120.0,4.0,40.0,0.35,0.35,0.3,0.1
166,34,488,293,499,295,19.718038970379688,240.07707095847366,19.300814078395376,251.11352014576994,0.624,2,100,6,1,200,100,120.0,4.0,40.0,0.35,0.35,0.3,0.1
167,32,519,234,532,235,4.892769114279933,257.9399154842073,4.868996974092569,270.9778588741154,0.976,2,100,6,1,200,100,120.0,4.0,40.0,0.35,0.35,0.3,0.1
167,36,170,271,162,277,147.3277707113169,109.29318368498559,146.97613244420336,119.26860441876563,0.6079,2,100,6,1,200,100,120.0,4.0,40.0,0.35,0.35,0.3,0.1
168,32,519,234,532,234,4.892769114279933,257.9399154842073,4.658254109675612,270.89481353470023,0.78,1,100,6,1,200,100,120.0,4.0,40.0,0.35,0.35,0.3,0.1
169,32,519,233,532,234,4.671378035349562,257.8565492672234,4.658254109675612,270.89481353470023,0.9448,1,100,6,1,200,100,120.0,4.0,40.0,0.35,0.35,0.3,0.1
170,32,519,233,532,234,4.671378035349562,257.8565492672234,4.658254109675612,270.89481353470023,0.9802,1,100,6,1,200,100,120.0,4.0,40.0,0.35,0.35,0.3,0.1
171,35,22,266,14,269,167.3196165081802,246.0,167.05601274970363,254.46610776290032,0.6587,1,100,6,1,200,100,120.0,4.0,40.0,0.35,0.35,0.3,0.1
172,35,20,267,12,270,167.19573393471325,248.1713117989265,166.9384489166719,256.6398254363496,0.5499,2,100,6,1,200,100,120.0,4.0,40.0,0.35,0.35,0.3,0.1
172,37,303,274,307,282,56.52372170389733,74.33034373659252,57.264773727892404,83.21658488546619,0.8128,2,100,6,1,200,100,120.0,4.0,40.0,0.35,0.35,0.3,0.1
173,35,13,271,10,272,166.66973514666302,255.89450951515158,166.6075022462489,259.04439773907484,0.6138,2,100,6,1,200,100,120.0,4.0,40.0,0.35,0.35,0.3,0.1
173,37,303,275,305,281,56.94417718844633,75.16648189186454,58.06931789628218,81.30190649671138,0.4993,2,100,6,1,200,100,120.0,4.0,40.0,0.35,0.35,0.3,0.1
174,32,519,232,532,232,4.449847066655931,257.77703543954414,4.23639479905884,270.7397274136177,0.8022,3,100,6,1,200,100,120.0,4.0,40.0,0.35,0.35,0.3,0.1
174,35,12,272,9,273,166.5042667192042,257.0992026436488,166.44432496008474,260.2498799231231,0.7315,3,100,6,1,200,100,120.0,4.0,40.0,0.35,0.35,0.3,0.1
174,38,289,412,292,428,82.31155223009712,201.8142710513803,82.09283729704154,218.07338214463496,0.8638,3,100,6,1,200,100,120.0,4.0,40.0,0.35,0.35,0.3,0.1
175,35,11,273,8,274,166.34034308714607,258.3060200614767,166.2826536816397,261.457453517776,0.7365,2,100,6,1,200,100,120.0,4.0,40.0,0.35,0.35,0.3,0.1
175,38,290,412,295,430,82.03038960567865,201.9504889818294,81.39213762629389,220.4835594777987,0.7361,2,100,6,1,200,100,120.0,4.0,40.0,0.35,0.35,0.3,0.1
176,32,519,231,532,232,4.228182705161644,257.70137756713683,4.23639479905884,270.7397274136177,0.9741,2,100,6,1,200,100,120.0,4.0,40.0,0.35,0.35,0.3,0.1
176,35,20,270,10,273,166.52217724675867,248.85337048149458,166.39252891701517,259.2778432492835,0.7573,2,100,6,1,200,100,120.0,4.0,40.0,0.35,0.35,0.3,0.1
177,35,19,271,8,274,166.35276166685597,250.05999280172747,166.2826536816397,261.457453517776,0.7298,2,100,6,1,200,100,120.0,4.0,40.0,0.35,0.35,0.3,0.1
177,38,300,432,303,442,80.20015133113236,223.2576986354558,79.8925731234684,233.62576912660984,0.6829,2,100,6,1,200,100,120.0,4.0,40.0,0.35,0.35,0.3,0.1
179,39,183,261,175,264,148.19061071220688,92.9623579735368,149.13319054886293,101.35580891098448,0.5603,1,100,6,1,200,100,120.0,4.0,40.0,0.35,0.35,0.3,0.1
181,35,21,276,13,278,165.12778794624413,249.35316320431951,165.1545479179162,257.59852484049674,0.92,1,100,6,1,200,100,120.0,4.0,40.0,0.35,0.35,0.3,0.1
182,40,314,58,329,15,288.65788847411955,162.5423021862309,288.78324714358075,208.08171471804053,0.6844,2,100,6,1,200,100,120.0,4.0,40.0,0.35,0.35,0.3,0.1
182,35,22,278,14,280,164.62374875117382,248.90962215229848,164.66671520694646,257.1536505671269,0.9342,2,100,6,1,200,100,120.0,4.0,40.0,0.35,0.35,0.3,0.1
183,35,23,279,15,281,164.33997086815646,248.21361767638777,164.39217575523926,256.4566240127168,0.892,1,100,6,1,200,100,120.0,4.0,40.0,0.35,0.35,0.3,0.1
184,35,23,280,15,283,164.11794932424974,248.4854120466632,163.96273494288556,257.00194551792794,0.8182,1,100,6,1,200,100,120.0,4.0,40.0,0.35,0.35,0.3,0.1
185,35,24,282,16,284,163.61045966596524,248.08063205337092,163.68614757373945,256.3201123595259,0.8844,1,100,6,1,200,100,120.0,4.0,40.0,0.35,0.35,0.3,0.1
186,35,26,283,17,286,163.25621960745704,246.44877763949248,163.19354073487335,255.93163149560078,0.9001,2,100,6,1,200,100,120.0,4.0,40.0,0.35,0.35,0.3,0.1
186,41,282,302,292,412,77.47119229084849,92.19544457292888,81.46923439005187,202.23748416156684,0.5619,2,100,6,1,200,100,120.0,4.0,40.0,0.35,0.35,0.3,0.1
187,35,27,284,19,286,162.96582712089074,245.78242410717655,163.06310495140872,254.01771591761076,0.8635,2,100,6,1,200,100,120.0,4.0,40.0,0.35,0.35,0.3,0.1
187,41,279,305,293,412,79.6409475119163,94.54099639838793,81.18926701401509,202.38824076511955,0.8109,2,100,6,1,200,100,120.0,4.0,40.0,0.35,0.35,0.3,0.1
188,35,28,285,20,287,162.6738633048379,245.12241839538055,162.78088394303666,253.3554814879678,0.8459,2,100,6,1,200,100,120.0,4.0,40.0,0.35,0.35,0.3,0.1
188,41,276,307,292,412,81.61675151907065,96.0260381354974,81.46923439005187,202.23748416156684,0.8868,2,100,6,1,200,100,120.0,4.0,40.0,0.35,0.35,0.3,0.1
189,35,30,286,22,288,162.30911037996668,243.51591323771842,162.42874122167757,251.745903640953,0.8294,2,100,6,1,200,100,120.0,4.0,40.0,0.35,0.35,0.3,0.1
189,41,272,309,292,412,84.11401216697173,97.51410154434076,81.46923439005187,202.23748416156684,0.5443,2,100,6,1,200,100,120.0,4.0,40.0,0.35,0.35,0.3,0.1
190,42,298,80,302,72,285.25511870305775,136.82105101189657,285.94539590092285,145.60219778561037,0.5109,1,100,6,1,200,100,120.0,4.0,40.0,0.35,0.35,0.3,0.1
191,42,296,82,300,74,284.6567511157604,134.3726162579266,285.3955492539951,143.13629868066312,0.4974,2,100,6,1,200,100,120.0,4.0,40.0,0.35,0.35,0.3,0.1
191,35,35,287,29,288,161.7166269597463,239.06902768865731,161.93469623892503,245.08161905781512,0.5497,2,100,6,1,200,100,120.0,4.0,40.0,0.35,0.35,0.3,0.1
194,35,39,285,30,287,161.8739203118299,234.64441182350797,162.08523202922584,243.82165613415063,0.7698,1,100,6,1,200,100,120.0,4.0,40.0,0.35,0.35,0.3,0.1
195,35,40,284,31,287,162.030860259843,233.3838040653207,162.01266534793854,242.87033577610913,0.9712,1,100,6,1,200,100,120.0,4.0,40.0,0.35,0.35,0.3,0.1
196,42,285,88,282,56,280.5080221402324,126.11502686040232,277.30575953331083,157.2768260107,0.3982,2,100,6,1,200,100,120.0,4.0,40.0,0.35,0.35,0.3,0.1
196,35,39,284,30,286,162.10629075429574,234.33522995913356,162.30911037996668,243.51591323771842,0.7374,2,100,6,1,200,100,120.0,4.0,40.0,0.35,0.35,0.3,0.1
197,42,283,88,282,56,279.61211475436585,125.76565508913791,277.30575953331083,157.2768260107,0.5334,2,100,6,1,200,100,120.0,4.0,40.0,0.35,0.35,0.3,0.1
197,35,40,283,29,286,162.26469349083106,233.0772404161333,162.38033065646098,244.468811916776,0.8942,2,100,6,1,200,100,120.0,4.0,40.0,0.35,0.35,0.3,0.1
198,42,281,88,282,56,278.7114375519504,125.44720004846661,277.30575953331083,157.2768260107,0.6568,1,100,6,1,200,100,120.0,4.0,40.0,0.35,0.35,0.3,0.1
199,42,281,88,286,54,278.7114375519504,125.44720004846661,278.6371314150707,159.81239000778382,0.7264,2,100,6,1,200,100,120.0,4.0,40.0,0.35,0.35,0.3,0.1
199,43,281,70,280,57,277.621071309297,143.26548781894402,276.6240326345175,156.0416611036937,0.4069,2,100,6,1,200,100,120.0,4.0,40.0,0.35,0.35,0.3,0.1
200,42,283,87,285,54,279.5366357584594,126.75172582651489,278.2823494170313,159.66527487215245,0.5442,3,100,6,1,200,100,120.0,4.0,40.0,0.35,0.35,0.3,0.1
200,43,280,69,279,57,277.1743242364823,144.12841496387864,276.25903630512227,155.92947123619703,0.3939,3,100,6,1,200,100,120.0,4.0,40.0,0.35,0.35,0.3,0.1
200,35,38,279,28,283,163.34770026964586,233.80547470065795,163.12121611232737,244.53425117966603,0.6245,3,100,6,1,200,100,120.0,4.0,40.0,0.35,0.35,0.3,0.1
201,43,280,69,282,55,277.1743242364823,144.12841496387864,277.2597240462598,158.26875876179733,0.7427,3,100,6,1,200,100,120.0,4.0,40.0,0.35,0.35,0.3,0.1
201,44,516,227,529,227,3.379683783322679,254.4425278918601,3.21548399174821,267.4210163767986,0.8381,3,100,6,1,200,100,120.0,4.0,40.0,0.35,0.35,0.3,0.1
201,45,248,247,246,255,111.80140948635182,37.69615364994153,110.40988283380399,45.880278987817846,0.8059,3,100,6,1,200,100,120.0,4.0,40.0,0.35,0.35,0.3,0.1
202,42,287,86,285,54,281.2224580694448,128.4562182223967,278.2823494170313,159.66527487215245,0.2348,5,100,6,1,200,100,120.0,4.0,40.0,0.35,0.35,0.3,0.1
202,43,279,68,279,56,276.7329213268596,145.0,276.21922968879113,156.92354826475216,0.5161,5,100,6,1,200,100,120.0,4.0,40.0,0.35,0.35,0.3,0.1
202,45,248,247,248,253,111.80140948635182,37.69615364994153,108.8531587644191,43.32435804486894,0.5116,5,100,6,1,200,100,120.0,4.0,40.0,0.35,0.35,0.3,0.1
202,35,33,278,25,280,163.92251031694403,238.32121181296472,163.99076481684534,246.5623653358314,0.9217,5,100,6,1,200,100,120.0,4.0,40.0,0.35,0.35,0.3,0.1
202,46,237,324,228,384,102.58296249407694,114.75626344561765,101.18175421019669,175.32826355154492,0.6002,5,100,6,1,200,100,120.0,4.0,40.0,0.35,0.35,0.3,0.1
203,43,278,68,283,55,276.3401917459099,144.88616221019868,277.61854648756895,158.39823231336896,0.3663,4,100,6,1,200,100,120.0,4.0,40.0,0.35,0.35,0.3,0.1
203,45,248,251,247,259,109.74683660542613,41.43669871020132,107.7004277886672,49.33558553417604,0.7317,4,100,6,1,200,100,120.0,4.0,40.0,0.35,0.35,0.3,0.1
203,35,32,276,23,279,164.4501958302984,238.73835050112916,164.33997086815646,248.21361767638777,0.8729,4,100,6,1,200,100,120.0,4.0,40.0,0.35,0.35,0.3,0.1
203,46,235,324,230,387,103.55376409773166,115.20850663036997,100.36245909843187,177.9016582272352,0.3868,4,100,6,1,200,100,120.0,4.0,40.0,0.35,0.35,0.3,0.1
204,45,249,254,247,262,107.19854122006586,43.965895873961216,106.69924423399362,52.20153254455275,0.7728,2,100,6,1,200,100,120.0,4.0,40.0,0.35,0.35,0.3,0.1
204,35,30,275,22,277,164.80759099044974,240.40174708183798,164.8459319496874,248.64633518312712,0.9019,2,100,6,1,200,100,120.0,4.0,40.0,0.35,0.35,0.3,0.1
205,44,516,226,529,226,3.154842864791977,254.3855341799136,3.0015243276991557,267.36678926149375,0.8476,3,100,6,1,200,100,120.0,4.0,40.0,0.35,0.35,0.3,0.1
205,47,249,254,231,326,107.19854122006586,43.965895873961216,105.2125828686205,118.1397477566293,0.6059,3,100,6,1,200,100,120.0,4.0,40.0,0.35,0.35,0.3,0.1
205,35,28,274,20,276,165.16006083808708,242.0743687382041,165.18653588119534,250.3197954617253,0.9034,3,100,6,1,200,100,120.0,4.0,40.0,0.35,0.35,0.3,0.1
206,44,515,226,528,226,3.1672872611519285,253.38705570727168,3.0127875041833403,266.36816626616627,0.8557,2,100,6,1,200,100,120.0,4.0,40.0,0.35,0.35,0.3,0.1
206,47,249,261,229,326,104.85861444792467,50.695167422546305,106.14433878028349,118.68024266911489,0.8424,2,100,6,1,200,100,120.0,4.0,40.0,0.35,0.35,0.3,0.1
207,42,291,96,295,87,284.03624346792645,119.57006314291216,284.7886776141652,129.28263611173776,0.4927,3,100,6,1,200,100,120.0,4.0,40.0,0.35,0.35,0.3,0.1
207,47,250,263,227,327,103.2405199151872,52.392747589718944,106.92751306414705,120.20815280171308,0.5669,3,100,6,1,200,100,120.0,4.0,40.0,0.35,0.35,0.3,0.1
207,46,250,338,234,401,95.44033203100551,126.57013865837392,98.42696902148067,191.06281689538653,0.5519,3,100,6,1,200,100,120.0,4.0,40.0,0.35,0.35,0.3,0.1
208,46,251,339,234,405,94.95027223429175,127.47548783981962,98.25474852338961,195.020511741714,0.525,1,100,6,1,200,100,120.0,4.0,40.0,0.35,0.35,0.3,0.1
209,46,252,339,234,408,94.50218949204097,127.39309243440164,98.13010235415598,197.9898987322333,0.4857,1,100,6,1,200,100,120.0,4.0,40.0,0.35,0.35,0.3,0.1
210,44,515,225,528,226,2.9414649939111097,253.33377192944488,3.0127875041833403,266.36816626616627,0.9104,2,100,6,1,200,100,120.0,4.0,40.0,0.35,0.35,0.3,0.1
210,46,252,340,233,412,94.46715906138927,128.39003076563228,98.2503872289055,202.09156340629363,0.4721,2,100,6,1,200,100,120.0,4.0,40.0,0.35,0.35,0.3,0.1
211,44,514,225,527,226,2.953116853487206,252.33509466580347,3.0241354500664643,265.3695536417092,0.906,2,100,6,1,200,100,120.0,4.0,40.0,0.35,0.35,0.3,0.1
211,46,252,340,232,415,94.46715906138927,128.39003076563228,98.40650989736787,205.20477577288497,0.4635,2,100,6,1,200,100,120.0,4.0,40.0,0.35,0.35,0.3,0.1
212,48,301,86,332,28,287.19854122006586,131.89768762188365,290.8285557902068,196.8654362756449,0.3855,3,100,6,1,200,100,120.0,4.0,40.0,0.35,0.35,0.3,0.1
212,44,514,225,527,225,2.953116853487206,252.33509466580347,2.808484877345993,265.31867631209076,0.8603,3,100,6,1,200,100,120.0,4.0,40.0,0.35,0.35,0.3,0.1
212,47,254,275,251,341,97.23692202596801,63.50590523722971,94.87389642220477,129.46814279968643,0.6321,3,100,6,1,200,100,120.0,4.0,40.0,0.35,0.35,0.3,0.1
213,48,303,86,333,28,288.02472352123846,132.5028301584536,291.10008374846643,197.2232237846243,0.4618,3,100,6,1,200,100,120.0,4.0,40.0,0.35,0.35,0.3,0.1
213,44,514,225,527,225,2.953116853487206,252.33509466580347,2.808484877345993,265.31867631209076,0.8576,3,100,6,1,200,100,120.0,4.0,40.0,0.35,0.35,0.3,0.1
213,47,255,277,251,343,96.14662565964667,65.37583651472461,94.7998361139047,131.4610208388783,0.7781,3,100,6,1,200,100,120.0,4.0,40.0,0.35,0.35,0.3,0.1
214,48,305,87,335,28,288.9832170592262,132.18925826253812,291.6401647539355,197.9520143873257,0.5315,3,100,6,1,200,100,120.0,4.0,40.0,0.35,0.35,0.3,0.1
214,44,514,225,526,225,2.953116853487206,252.33509466580347,2.819105948873298,264.31988196123274,0.8553,3,100,6,1,200,100,120.0,4.0,40.0,0.35,0.35,0.3,0.1
214,47,256,280,251,343,95.04245106917092,68.26419266350405,94.7998361139047,131.4610208388783,0.8926,3,100,6,1,200,100,120.0,4.0,40.0,0.35,0.35,0.3,0.1
215,48,308,87,336,27,290.20361516832514,133.19534526401438,291.8014094863518,199.25109786397664,0.6831,4,100,6,1,200,100,120.0,4.0,40.0,0.35,0.35,0.3,0.1
215,49,264,105,274,62,271.070824454787,107.01868995647442,274.5739212599009,150.47923444781344,0.4152,4,100,6,1,200,100,120.0,4.0,40.0,0.35,0.35,0.3,0.1
215,44,514,225,526,225,2.953116853487206,252.33509466580347,2.819105948873298,264.31988196123274,0.8908,4,100,6,1,200,100,120.0,4.0,40.0,0.35,0.35,0.3,0.1
215,47,257,284,251,343,93.97249594075066,72.17340230306452,94.7998361139047,131.4610208388783,0.8168,4,100,6,1,200,100,120.0,4.0,40.0,0.35,0.35,0.3,0.1
216,48,310,88,339,26,291.1612598168283,132.9661611087573,292.48850305475344,201.30822139197394,0.7353,3,100,6,1,200,100,120.0,4.0,40.0,0.35,0.35,0.3,0.1
216,44,514,225,526,225,2.953116853487206,252.33509466580347,2.819105948873298,264.31988196123274,0.8813,3,100,6,1,200,100,120.0,4.0,40.0,0.35,0.35,0.3,0.1
216,47,258,288,252,343,93.01278750418334,76.10519036176179,94.36525773502794,131.38112497615478,0.7625,3,100,6,1,200,100,120.0,4.0,40.0,0.35,0.35,0.3,0.1
217,48,312,89,341,26,292.1219419718818,132.7742444904131,293.0124450363038,202.08166665979377,0.8372,4,100,6,1,200,100,120.0,4.0,40.0,0.35,0.35,0.3,0.1
217,49,267,108,274,61,272.7524854002687,104.12012293500234,274.54375765146716,151.47607071745688,0.6389,4,100,6,1,200,100,120.0,4.0,40.0,0.35,0.35,0.3,0.1
217,44,514,225,527,225,2.953116853487206,252.33509466580347,2.808484877345993,265.31867631209076,0.8806,4,100,6,1,200,100,120.0,4.0,40.0,0.35,0.35,0.3,0.1
217,47,259,292,251,343,92.1475854282985,80.05623023850174,94.7998361139047,131.4610208388783,0.6049,4,100,6,1,200,100,120.0,4.0,40.0,0.35,0.35,0.3,0.1
218,50,26,30,5,13,217.63892232842204,298.0268444284843,217.75130164242614,325.0384592629002,0.8353,5,100,6,1,200,100,120.0,4.0,40.0,0.35,0.35,0.3,0.1
218,48,313,90,344,27,292.68652667423027,132.23085872821065,293.90499197479886,202.35859260234045,0.7811,5,100,6,1,200,100,120.0,4.0,40.0,0.35,0.35,0.3,0.1
218,49,268,108,274,61,273.301865674435,104.17293314484334,274.54375765146716,151.47607071745688,0.7239,5,100,6,1,200,100,120.0,4.0,40.0,0.35,0.35,0.3,0.1
218,44,514,225,526,225,2.953116853487206,252.33509466580347,2.819105948873298,264.31988196123274,0.8605,5,100,6,1,200,100,120.0,4.0,40.0,0.35,0.35,0.3,0.1
218,47,260,296,251,343,91.36392753160293,84.02380615040002,94.7998361139047,131.4610208388783,0.4531,5,100,6,1,200,100,120.0,4.0,40.0,0.35,0.35,0.3,0.1
219,50,26,30,5,13,217.63892232842204,298.0268444284843,217.75130164242614,325.0384592629002,0.8635,6,100,6,1,200,100,120.0,4.0,40.0,0.35,0.35,0.3,0.1
219,48,313,91,346,29,292.8548199617767,131.30879635424276,294.6558987440816,201.357890334598,0.7087,6,100,6,1,200,100,120.0,4.0,40.0,0.35,0.35,0.3,0.1
219,49,267,107,274,60,272.7263109939063,105.11898020814318,274.5139884580012,152.47294842036735,0.6531,6,100,6,1,200,100,120.0,4.0,40.0,0.35,0.35,0.3,0.1
219,44,514,225,526,225,2.953116853487206,252.33509466580347,2.819105948873298,264.31988196123274,0.8735,6,100,6,1,200,100,120.0,4.0,40.0,0.35,0.35,0.3,0.1
219,51,28,279,20,281,164.02227014115914,243.402958075698,164.0858790847882,251.6445906432324,0.8711,6,100,6,1,200,100,120.0,4.0,40.0,0.35,0.35,0.3,0.1
219,47,261,301,252,344,90.64374571417538,89.00561780022652,94.33231398318851,132.3782459469833,0.3743,6,100,6,1,200,100,120.0,4.0,40.0,0.35,0.35,0.3,0.1
220,50,26,30,5,13,217.63892232842204,298.0268444284843,217.75130164242614,325.0384592629002,0.8269,5,100,6,1,200,100,120.0,4.0,40.0,0.35,0.35,0.3,0.1
220,48,312,91,346,31,292.4515464560039,130.92364186807515,294.8954675452689,199.5419755339713,0.5978,5,100,6,1,200,100,120.0,4.0,40.0,0.35,0.35,0.3,0.1
220,49,267,106,274,60,272.7006293373953,106.1178590059185,274.5139884580012,152.47294842036735,0.6448,5,100,6,1,200,100,120.0,4.0,40.0,0.35,0.35,0.3,0.1
220,44,513,225,526,225,2.9648613091602183,251.3364279208249,2.819105948873298,264.31988196123274,0.8854,5,100,6,1,200,100,120.0,4.0,40.0,0.35,0.35,0.3,0.1
220,47,262,305,254,346,90.0,93.0,93.41658819177135,134.23859355639868,0.3849,5,100,6,1,200,100,120.0,4.0,40.0,0.35,0.35,0.3,0.1
221,50,26,30,5,13,217.63892232842204,298.0268444284843,217.75130164242614,325.0384592629002,0.8522,5,100,6,1,200,100,120.0,4.0,40.0,0.35,0.35,0.3,0.1
221,48,310,90,346,34,291.4767909795404,131.10301293257908,295.2630985044991,196.82479518597245,0.4154,5,100,6,1,200,100,120.0,4.0,40.0,0.35,0.35,0.3,0.1
221,49,266,104,274,60,272.12109639666147,108.07404868885037,274.5139884580012,152.47294842036735,0.5509,5,100,6,1,200,100,120.0,4.0,40.0,0.35,0.35,0.3,0.1
221,44,513,225,526,225,2.9648613091602183,251.3364279208249,2.819105948873298,264.31988196123274,0.8725,5,100,6,1,200,100,120.0,4.0,40.0,0.35,0.35,0.3,0.1
221,47,264,309,258,348,88.81881108667336,97.02061636580135,91.6846843178963,136.0588108135596,0.4278,5,100,6,1,200,100,120.0,4.0,40.0,0.35,0.35,0.3,0.1
222,50,26,30,2,16,217.63892232842204,298.0268444284843,217.0106732336031,325.60098279949955,0.5425,3,100,6,1,200,100,120.0,4.0,40.0,0.35,0.35,0.3,0.1
222,44,514,224,526,224,2.7263109939062655,252.28555249954366,2.602562202499806,264.27258654654287,0.8945,3,100,6,1,200,100,120.0,4.0,40.0,0.35,0.35,0.3,0.1
222,47,265,312,262,350,88.28164199834454,100.04498987955368,90.0,138.0,0.5687,3,100,6,1,200,100,120.0,4.0,40.0,0.35,0.35,0.3,0.1
223,44,513,224,526,224,2.737156305060684,251.2866888635369,2.602562202499806,264.27258654654287,0.8702,3,100,6,1,200,100,120.0,4.0,40.0,0.35,0.35,0.3,0.1
223,47,265,310,266,353,88.24659513992847,98.04590761474952,88.37502364247524,141.05672617780408,0.6656,3,100,6,1,200,100,120.0,4.0,40.0,0.35,0.35,0.3,0.1
223,52,267,314,269,319,87.19362974821176,102.12247548899312,86.25701170431287,107.22872749408155,0.3607,3,100,6,1,200,100,120.0,4.0,40.0,0.35,0.35,0.3,0.1
224,44,512,223,525,223,2.5193892912062674,250.2418829852429,2.3950055168723465,263.2299375071156,0.8869,2,100,6,1,200,100,120.0,4.0,40.0,0.35,0.35,0.3,0.1
224,47,271,320,271,355,85.23635830927383,108.37435120913067,86.39872188277657,143.28293687665675,0.6514,2,100,6,1,200,100,120.0,4.0,40.0,0.35,0.35,0.3,0.1
225,44,512,223,524,223,2.5193892912062674,250.2418829852429,2.404136053753694,262.23081436017395,0.888,2,100,6,1,200,100,120.0,4.0,40.0,0.35,0.35,0.3,0.1
225,47,275,323,276,357,83.32011393677746,111.75866856758807,84.48508840875496,145.67429423202984,0.6624,2,100,6,1,200,100,120.0,4.0,40.0,0.35,0.35,0.3,0.1
226,44,511,223,524,223,2.5294942048377527,249.24285345822858,2.404136053753694,262.23081436017395,0.8829,2,100,6,1,200,100,120.0,4.0,40.0,0.35,0.35,0.3,0.1
226,47,278,325,281,359,81.94089609712904,114.12712210513327,82.63525375501736,148.22280526288793,0.7477,2,100,6,1,200,100,120.0,4.0,40.0,0.35,0.35,0.3,0.1
227,44,511,222,524,222,2.2997994217919864,249.20072231034965,2.1858008067755987,262.1907702418222,0.8934,2,100,6,1,200,100,120.0,4.0,40.0,0.35,0.35,0.3,0.1
227,53,286,361,301,449,80.84974322198512,150.9205088780183,80.65532809790032,240.18742681497713,0.9354,2,100,6,1,200,100,120.0,4.0,40.0,0.35,0.35,0.3,0.1
228,50,26,30,5,13,217.63892232842204,298.0268444284843,217.75130164242614,325.0384592629002,0.8406,4,100,6,1,200,100,120.0,4.0,40.0,0.35,0.35,0.3,0.1
228,48,310,76,336,39,289.4400348281762,144.22205101855957,293.15860742208326,188.16216410320115,0.2786,4,100,6,1,200,100,120.0,4.0,40.0,0.35,0.35,0.3,0.1
228,44,511,221,524,221,2.070030653041098,249.1625975141534,1.967402029919306,262.15453457836657,0.9089,4,100,6,1,200,100,120.0,4.0,40.0,0.35,0.35,0.3,0.1
228,53,285,330,300,449,78.97046877601952,120.22063050907694,80.89086647972253,240.0270818053663,0.6412,4,100,6,1,200,100,120.0,4.0,40.0,0.35,0.35,0.3,0.1
229,50,25,31,4,14,217.36944577461725,298.2113344593059,217.50414236027012,325.2199255888237,0.8281,4,100,6,1,200,100,120.0,4.0,40.0,0.35,0.35,0.3,0.1
229,48,312,75,334,39,290.0502368713967,145.8389522727039,292.59634451442196,187.3846311734236,0.4804,4,100,6,1,200,100,120.0,4.0,40.0,0.35,0.35,0.3,0.1
229,44,512,221,525,221,2.06175769075854,250.1619475459847,1.95992725912637,263.1539473388153,0.9025,4,100,6,1,200,100,120.0,4.0,40.0,0.35,0.35,0.3,0.1
229,53,288,331,299,450,77.67527256586263,121.80722474467596,81.16340886759157,240.85887984460942,0.46,4,100,6,1,200,100,120.0,4.0,40.0,0.35,0.35,0.3,0.1
230,48,314,75,332,39,290.7848610139685,146.53668482670133,292.02945118574075,186.62529303392935,0.7008,3,100,6,1,200,100,120.0,4.0,40.0,0.35,0.35,0.3,0.1
230,44,512,220,525,220,1.8328395059420592,250.12796724876648,1.7423001661426172,263.1216448717209,0.9048,3,100,6,1,200,100,120.0,4.0,40.0,0.35,0.35,0.3,0.1
230,47,290,332,301,366,76.86597769360368,123.2233744059949,75.78880813070255,158.86157496386593,0.7305,3,100,6,1,200,100,120.0,4.0,40.0,0.35,0.35,0.3,0.1
231,48,317,75,330,38,291.8734796112512,147.6279106402309,291.34578664908975,186.81541692269406,0.861,4,100,6,1,200,100,120.0,4.0,40.0,0.35,0.35,0.3,0.1
231,44,512,220,525,220,1.8328395059420592,250.12796724876648,1.7423001661426172,263.1216448717209,0.9056,4,100,6,1,200,100,120.0,4.0,40.0,0.35,0.35,0.3,0.1
231,54,38,267,30,270,166.20474682287625,230.6534196581529,165.96375653207352,239.14012628582432,0.7434,4,100,6,1,200,100,120.0,4.0,40.0,0.35,0.35,0.3,0.1
231,47,292,333,307,367,76.07522677959057,124.66354719804824,73.81079374297306,161.40012391568973,0.5613,4,100,6,1,200,100,120.0,4.0,40.0,0.35,0.35,0.3,0.1
232,48,319,75,328,38,292.59016262850673,148.38463532320318,290.77225468204585,186.09674903124989,0.6374,4,100,6,1,200,100,120.0,4.0,40.0,0.35,0.35,0.3,0.1
232,44,511,220,524,220,1.8401952563927828,249.12848090894786,1.7489460445542309,262.1221089492453,0.8834,4,100,6,1,200,100,120.0,4.0,40.0,0.35,0.35,0.3,0.1
232,54,37,266,29,268,166.5042667192042,231.38928237928394,166.48566721344199,239.63513932643517,0.9725,4,100,6,1,200,100,120.0,4.0,40.0,0.35,0.35,0.3,0.1
232,47,295,334,313,367,74.86416449625196,126.38433447227548,71.78712672977144,163.17475294910057,0.4322,4,100,6,1,200,100,120.0,4.0,40.0,0.35,0.35,0.3,0.1
233,48,321,76,327,37,293.4523345567385,148.24641648282767,290.3764352138364,186.6815470259447,0.4305,4,100,6,1,200,100,120.0,4.0,40.0,0.35,0.35,0.3,0.1
233,44,510,220,523,220,1.8476102659945959,248.12899870833317,1.755642801618448,261.1225765804252,0.8588,4,100,6,1,200,100,120.0,4.0,40.0,0.35,0.35,0.3,0.1
233,54,36,265,27,267,166.80187951923887,232.13142829009604,166.8274465766731,241.3503677229434,0.9741,4,100,6,1,200,100,120.0,4.0,40.0,0.35,0.35,0.3,0.1
233,47,298,335,319,367,73.68614757373945,128.16005617976296,69.80940837545954,165.14841809717706,0.2994,4,100,6,1,200,100,120.0,4.0,40.0,0.35,0.35,0.3,0.1
234,54,36,265,27,267,166.80187951923887,232.13142829009604,166.8274465766731,241.3503677229434,0.9709,1,100,6,1,200,100,120.0,4.0,40.0,0.35,0.35,0.3,0.1
235,54,36,266,27,269,166.56181184164936,232.36178687555318,166.36602721059563,241.81397809059757,0.8008,1,100,6,1,200,100,120.0,4.0,40.0,0.35,0.35,0.3,0.1
236,54,36,267,28,270,166.32222388516112,232.59621665022843,166.07903963507925,241.0808992848666,0.7602,1,100,6,1,200,100,120.0,4.0,40.0,0.35,0.35,0.3,0.1
237,55,463,265,474,267,14.771621492167515,207.87015177749788,14.54383399345571,219.01826407859232,0.8099,2,100,6,1,200,100,120.0,4.0,40.0,0.35,0.35,0.3,0.1
237,54,37,269,28,272,165.78414652632645,232.1077336066164,165.6186054089094,241.56986567036876,0.8506,2,100,6,1,200,100,120.0,4.0,40.0,0.35,0.35,0.3,0.1
238,54,37,271,28,273,165.3065866295088,232.606964642076,165.3890939617746,241.82018112638985,0.8994,1,100,6,1,200,100,120.0,4.0,40.0,0.35,0.35,0.3,0.1
239,47,323,338,325,343,64.16712340048582,139.98928530426892,64.31635281950415,145.3616180427282,0.9006,2,100,6,1,200,100,120.0,4.0,40.0,0.35,0.35,0.3,0.1
239,56,307,441,309,450,78.88265765615282,233.37951923851415,78.8290222564112,242.5963726027246,0.8879,2,100,6,1,200,100,120.0,4.0,40.0,0.35,0.35,0.3,0.1
240,44,505,221,517,221,2.1210963966614536,243.16660954991332,2.0213649403560154,255.15877409957903,0.8951,1,100,6,1,200,100,120.0,4.0,40.0,0.35,0.35,0.3,0.1
241,44,505,221,517,221,2.1210963966614536,243.16660954991332,2.0213649403560154,255.15877409957903,0.8855,1,100,6,1,200,100,120.0,4.0,40.0,0.35,0.35,0.3,0.1
242,44,504,220,517,220,1.893385845746274,242.1321952983535,1.7969252726959732,255.12545933324648,0.892,1,100,6,1,200,100,120.0,4.0,40.0,0.35,0.35,0.3,0.1
243,44,504,220,518,220,1.893385845746274,242.1321952983535,1.7899106082460694,256.12496949731394,0.8817,1,100,6,1,200,100,120.0,4.0,40.0,0.35,0.35,0.3,0.1
244,44,505,220,518,220,1.8855997707796843,243.13165157996193,1.7899106082460694,256.12496949731394,0.8672,4,100,6,1,200,100,120.0,4.0,40.0,0.35,0.35,0.3,0.1
244,54,40,284,31,286,162.030860259843,233.3838040653207,162.23733064363208,242.5633937757303,0.7668,4,100,6,1,200,100,120.0,4.0,40.0,0.35,0.35,0.3,0.1
244,47,340,347,345,356,59.981632572390915,155.9134375222354,60.04132947318067,166.20770138594662,0.7765,4,100,6,1,200,100,120.0,4.0,40.0,0.35,0.35,0.3,0.1
244,57,343,352,347,360,59.94755228881018,161.74362429474616,60.130200777047996,170.67220043111882,0.8936,4,100,6,1,200,100,120.0,4.0,40.0,0.35,0.35,0.3,0.1
245,44,505,219,518,219,1.650039395577879,243.10080213771406,1.5662911869830523,256.09568524284043,0.8935,4,100,6,1,200,100,120.0,4.0,40.0,0.35,0.35,0.3,0.1
245,54,42,285,33,287,161.64321726707377,231.79516819813134,161.86581366132148,240.96887765850593,0.7693,4,100,6,1,200,100,120.0,4.0,40.0,0.35,0.35,0.3,0.1
245,57,343,349,348,360,59.40668515643687,159.15401345866212,59.83993916191291,171.1724276862369,0.6509,4,100,6,1,200,100,120.0,4.0,40.0,0.35,0.35,0.3,0.1
245,47,345,353,346,355,59.51669995885463,163.6154026979123,59.56948765307027,165.8463143998081,0.9115,4,100,6,1,200,100,120.0,4.0,40.0,0.35,0.35,0.3,0.1
246,44,506,219,519,219,1.6432806544927732,244.10038918445008,1.560199686928672,257.09531306501873,0.8929,3,100,6,1,200,100,120.0,4.0,40.0,0.35,0.35,0.3,0.1
246,57,346,351,351,362,58.854736853833316,162.40997506310995,59.31793136312795,174.4161689752415,0.6284,3,100,6,1,200,100,120.0,4.0,40.0,0.35,0.35,0.3,0.1
246,47,348,355,349,357,58.9773577954292,166.86821147240718,59.03624346792648,169.09760495051373,0.8976,3,100,6,1,200,100,120.0,4.0,40.0,0.35,0.35,0.3,0.1
247,44,507,219,520,219,1.6365770416167182,245.09997960016236,1.5541553729341915,258.0949437706985,0.9354,4,100,6,1,200,100,120.0,4.0,40.0,0.35,0.35,0.3,0.1
247,57,348,352,350,356,58.438188158350655,164.30459518832697,58.57043438516149,168.7601848778319,0.7483,4,100,6,1,200,100,120.0,4.0,40.0,0.35,0.35,0.3,0.1
247,47,351,360,354,365,58.9793459895957,172.69916039170545,58.981204311452636,178.53010950537168,0.9508,4,100,6,1,200,100,120.0,4.0,40.0,0.35,0.35,0.3,0.1
247,56,316,426,317,433,75.83783194468725,220.70795182774907,76.02477437856182,227.74108105478027,0.5746,4,100,6,1,200,100,120.0,4.0,40.0,0.35,0.35,0.3,0.1
248,44,508,219,521,219,1.6299278853841697,246.0995733437992,1.5481576989779677,259.09457732650446,0.9258,3,100,6,1,200,100,120.0,4.0,40.0,0.35,0.35,0.3,0.1
248,57,349,353,352,360,58.32453126189079,165.6804152578089,58.69587650440903,173.216627377397,0.562,3,100,6,1,200,100,120.0,4.0,40.0,0.35,0.35,0.3,0.1
248,56,316,423,317,431,75.64474101184663,217.8003673091485,75.90221436507174,225.80079716422614,0.5204,3,100,6,1,200,100,120.0,4.0,40.0,0.35,0.35,0.3,0.1
249,44,509,219,522,219,1.6233325250904709,247.09917037497314,1.5422061274284706,260.09421369957465,0.91,2,100,6,1,200,100,120.0,4.0,40.0,0.35,0.35,0.3,0.1
249,57,351,355,354,363,58.10278994126246,168.4339633209407,58.64723833314403,176.81911661356077,0.5573,2,100,6,1,200,100,120.0,4.0,40.0,0.35,0.35,0.3,0.1
250,44,510,219,523,219,1.6167903106732364,248.0987706539474,1.5363001288837845,261.0938528575501,0.9108,1,100,6,1,200,100,120.0,4.0,40.0,0.35,0.35,0.3,0.1
251,44,511,220,524,220,1.8401952563927828,249.12848090894786,1.7489460445542309,262.1221089492453,0.9118,2,100,6,1,200,100,120.0,4.0,40.0,0.35,0.35,0.3,0.1
251,57,353,358,357,365,58.06522153684731,172.03778654702577,58.163232489699496,180.09441968034434,0.7358,2,100,6,1,200,100,120.0,4.0,40.0,0.35,0.35,0.3,0.1
252,44,511,220,525,220,1.8401952563927828,249.12848090894786,1.7423001661426172,263.1216448717209,0.9091,2,100,6,1,200,100,120.0,4.0,40.0,0.35,0.35,0.3,0.1
252,57,354,358,357,366,57.78345394142436,172.5688268488837,58.33026485333698,180.9447429465692,0.4499,2,100,6,1,200,100,120.0,4.0,40.0,0.35,0.35,0.3,0.1
253,44,512,220,526,221,1.8328395059420592,250.12796724876648,1.9525090493996085,264.15336454416024,0.8709,3,100,6,1,200,100,120.0,4.0,40.0,0.35,0.35,0.3,0.1
253,47,355,360,357,363,57.855633972909104,174.79416466232504,57.82439810223515,178.39843048636948,0.7519,3,100,6,1,200,100,120.0,4.0,40.0,0.35,0.35,0.3,0.1
253,57,359,368,363,375,58.12686301872735,183.69812192834198,58.216324063790616,191.75505208468434,0.6712,3,100,6,1,200,100,120.0,4.0,40.0,0.35,0.35,0.3,0.1
254,44,513,221,526,221,2.053550563510988,251.16130275183716,1.9525090493996085,264.15336454416024,0.8429,3,100,6,1,200,100,120.0,4.0,40.0,0.35,0.35,0.3,0.1
254,47,356,361,358,364,57.75330025457571,176.17321022221284,57.724355685422374,179.77764043395385,0.7542,3,100,6,1,200,100,120.0,4.0,40.0,0.35,0.35,0.3,0.1
254,57,360,369,364,376,58.027432240512276,185.0756602041446,58.12040315297727,193.13207915827965,0.7162,3,100,6,1,200,100,120.0,4.0,40.0,0.35,0.35,0.3,0.1
256,54,60,275,52,278,162.67828197408036,211.59631376751344,162.5528115767178,220.1272359341297,0.7775,1,100,6,1,200,100,120.0,4.0,40.0,0.35,0.35,0.3,0.1
257,57,361,368,368,379,57.60015982608067,184.76200908195386,57.59545651140457,197.80040444852483,0.9923,1,100,6,1,200,100,120.0,4.0,40.0,0.35,0.35,0.3,0.1
258,54,59,271,51,274,163.79400131100573,211.4000946073582,163.62516220080113,219.92044015961773,0.8142,2,100,6,1,200,100,120.0,4.0,40.0,0.35,0.35,0.3,0.1
258,57,364,372,369,382,57.482489384954484,189.74720024284943,57.81320595903743,200.8706051168264,0.6119,2,100,6,1,200,100,120.0,4.0,40.0,0.35,0.35,0.3,0.1
259,54,58,269,50,272,164.38901146632034,211.81359729724625,164.19748604606448,220.32702966272657,0.8046,1,100,6,1,200,100,120.0,4.0,40.0,0.35,0.35,0.3,0.1
260,54,58,267,49,270,164.91136918726377,211.28416883429767,164.76764481561463,220.75552088226468,0.8584,1,100,6,1,200,100,120.0,4.0,40.0,0.35,0.35,0.3,0.1
261,54,56,266,47,269,165.31121322668162,212.96009015775704,165.15154798182212,222.4275162833951,0.8287,1,100,6,1,200,100,120.0,4.0,40.0,0.35,0.35,0.3,0.1
262,54,54,265,46,268,165.7047943202544,214.64622055838765,165.4655449194599,223.14121089570165,0.7616,2,100,6,1,200,100,120.0,4.0,40.0,0.35,0.35,0.3,0.1
262,57,370,379,374,389,57.108984983228986,198.8793604173143,57.675665848395894,209.45882650296693,0.4526,2,100,6,1,200,100,120.0,4.0,40.0,0.35,0.35,0.3,0.1
263,54,52,264,44,267,166.0922221901453,216.34232133357543,165.84014123409446,224.83104767802868,0.7632,1,100,6,1,200,100,120.0,4.0,40.0,0.35,0.35,0.3,0.1
264,54,50,263,42,266,166.473605405945,218.04815981796315,166.20913310263902,226.53035116734358,0.7199,2,100,6,1,200,100,120.0,4.0,40.0,0.35,0.35,0.3,0.1
264,57,371,380,375,387,57.02410880268957,200.26232796010336,57.14909160744135,208.3122656014283,0.7637,2,100,6,1,200,100,120.0,4.0,40.0,0.35,0.35,0.3,0.1
265,54,48,263,40,266,166.5954374370962,219.9931817125249,166.32869286780416,228.47319317591726,0.668,2,100,6,1,200,100,120.0,4.0,40.0,0.35,0.35,0.3,0.1
265,57,374,386,379,396,57.23150092123018,206.92993983471797,57.54896098989374,218.04815981796315,0.5587,2,100,6,1,200,100,120.0,4.0,40.0,0.35,0.35,0.3,0.1
266,57,376,389,381,399,57.21571913413086,210.535032714273,57.52880770915151,221.65288177689007,0.512,1,100,6,1,200,100,120.0,4.0,40.0,0.35,0.35,0.3,0.1
267,58,528,226,543,226,3.0127875041833403,266.36816626616627,2.852235581292543,281.3485382936972,0.8726,1,100,6,1,200,100,120.0,4.0,40.0,0.35,0.35,0.3,0.1
269,54,42,265,30,269,166.45502663205448,226.29405648403582,166.19642846937674,238.89956048515452,0.6856,1,100,6,1,200,100,120.0,4.0,40.0,0.35,0.35,0.3,0.1
271,59,286,48,299,8,278.3256503304268,165.74679484080528,280.28012870519456,207.32824216685964,0.5179,4,100,6,1,200,100,120.0,4.0,40.0,0.35,0.35,0.3,0.1
271,60,27,30,5,15,217.75663904023108,297.2355967915014,217.47149891603945,323.81785003300854,0.5559,4,100,6,1,200,100,120.0,4.0,40.0,0.35,0.35,0.3,0.1
271,58,528,224,543,224,2.5830206686350574,266.27053911388697,2.445309085609419,281.2561110447202,0.8441,4,100,6,1,200,100,120.0,4.0,40.0,0.35,0.35,0.3,0.1
271,61,142,249,32,270,162.86372549642402,125.57467897629681,165.8465874121486,237.2003372678884,0.4685,4,100,6,1,200,100,120.0,4.0,40.0,0.35,0.35,0.3,0.1
272,62,362,74,402,1,305.9285024228228,170.42300314218147,303.5645567091868,253.2212471338059,0.5248,6,100,6,1,200,100,120.0,4.0,40.0,0.35,0.35,0.3,0.1
272,59,286,48,298,8,278.3256503304268,165.74679484080528,280.00797980144137,207.15211801958483,0.5613,6,100,6,1,200,100,120.0,4.0,40.0,0.35,0.35,0.3,0.1
272,60,27,29,5,15,217.9087267446724,297.8489550090784,217.47149891603945,323.81785003300854,0.4902,6,100,6,1,200,100,120.0,4.0,40.0,0.35,0.35,0.3,0.1
272,58,529,224,543,225,2.573359463176823,267.2695268825086,2.648805759458634,281.30055101261354,0.9286,6,100,6,1,200,100,120.0,4.0,40.0,0.35,0.35,0.3,0.1
272,61,142,247,30,272,163.73979529168807,125.0,165.49983323344745,239.63305281200255,0.6373,6,100,6,1,200,100,120.0,4.0,40.0,0.35,0.35,0.3,0.1
272,63,342,303,394,380,48.68062217303046,121.16517651536682,51.84277341263094,213.65392577717827,0.5391,6,100,6,1,200,100,120.0,4.0,40.0,0.35,0.35,0.3,0.1
273,59,286,48,296,8,278.3256503304268,165.74679484080528,279.4623222080256,206.81392603013947,0.6887,5,100,6,1,200,100,120.0,4.0,40.0,0.35,0.35,0.3,0.1
273,60,27,29,6,15,217.9087267446724,297.8489550090784,217.57940663411867,323.02476685232665,0.5438,5,100,6,1,200,100,120.0,4.0,40.0,0.35,0.35,0.3,0.1
273,58,529,225,543,225,2.787480842032023,267.31629205867716,2.648805759458634,281.30055101261354,0.8706,5,100,6,1,200,100,120.0,4.0,40.0,0.35,0.35,0.3,0.1
273,61,142,245,29,275,164.62374875117382,124.45481107614924,164.86979922295203,241.36694056974744,0.826,5,100,6,1,200,100,120.0,4.0,40.0,0.35,0.35,0.3,0.1
273,63,340,304,393,379,49.707852244372226,120.61509026651682,51.88825827699469,212.24985276791125,0.6845,5,100,6,1,200,100,120.0,4.0,40.0,0.35,0.35,0.3,0.1
274,59,286,48,295,9,278.3256503304268,165.74679484080528,279.23332350927717,205.6647757881743,0.7773,5,100,6,1,200,100,120.0,4.0,40.0,0.35,0.35,0.3,0.1
274,60,26,32,6,15,217.33319573818582,296.8097033454264,217.57940663411867,323.02476685232665,0.7292,5,100,6,1,200,100,120.0,4.0,40.0,0.35,0.35,0.3,0.1
274,58,529,225,543,225,2.787480842032023,267.31629205867716,2.648805759458634,281.30055101261354,0.8484,5,100,6,1,200,100,120.0,4.0,40.0,0.35,0.35,0.3,0.1
274,61,141,243,28,277,165.6299984848207,124.90796611905904,164.47588900324575,242.86004199950224,0.7244,5,100,6,1,200,100,120.0,4.0,40.0,0.35,0.35,0.3,0.1
274,63,338,305,390,377,50.74415832376717,120.10412149464314,52.19720754906148,208.8276801575883,0.8108,5,100,6,1,200,100,120.0,4.0,40.0,0.35,0.35,0.3,0.1
275,59,286,48,294,10,278.3256503304268,165.74679484080528,279.0017551225613,204.51894777746145,0.8181,5,100,6,1,200,100,120.0,4.0,40.0,0.35,0.35,0.3,0.1
275,60,26,31,5,16,217.4863718194613,297.41721537261424,217.33080672182092,323.21045775160184,0.8288,5,100,6,1,200,100,120.0,4.0,40.0,0.35,0.35,0.3,0.1
275,58,528,225,543,225,2.7979434724964216,266.3174797117155,2.648805759458634,281.30055101261354,0.8311,5,100,6,1,200,100,120.0,4.0,40.0,0.35,0.35,0.3,0.1
275,61,141,240,28,279,166.97080519205628,124.19742348374221,164.02227014115914,243.402958075698,0.5083,5,100,6,1,200,100,120.0,4.0,40.0,0.35,0.35,0.3,0.1
275,63,336,306,387,375,51.78897457443879,119.63277142990545,52.5164417162695,205.41178155110774,0.8971,5,100,6,1,200,100,120.0,4.0,40.0,0.35,0.35,0.3,0.1
276,59,286,49,294,11,278.3760054774267,164.7573974060042,279.0458012615908,203.5313243704762,0.8273,4,100,6,1,200,100,120.0,4.0,40.0,0.35,0.35,0.3,0.1
276,60,26,31,6,15,217.4863718194613,297.41721537261424,217.57940663411867,323.02476685232665,0.8074,4,100,6,1,200,100,120.0,4.0,40.0,0.35,0.35,0.3,0.1
276,58,529,225,543,226,2.787480842032023,267.31629205867716,2.852235581292543,281.3485382936972,0.9245,4,100,6,1,200,100,120.0,4.0,40.0,0.35,0.35,0.3,0.1
276,63,334,307,383,372,52.84170321510307,119.20151005754919,52.90160594034247,200.60159520801423,0.9861,4,100,6,1,200,100,120.0,4.0,40.0,0.35,0.35,0.3,0.1
277,59,287,49,293,12,278.7197465062373,164.90603384958357,278.81073298598494,202.38824076511955,0.9358,4,100,6,1,200,100,120.0,4.0,40.0,0.35,0.35,0.3,0.1
277,60,26,31,5,16,217.4863718194613,297.41721537261424,217.33080672182092,323.21045775160184,0.8273,4,100,6,1,200,100,120.0,4.0,40.0,0.35,0.35,0.3,0.1
277,58,528,225,543,226,2.7979434724964216,266.3174797117155,2.852235581292543,281.3485382936972,0.9375,4,100,6,1,200,100,120.0,4.0,40.0,0.35,0.35,0.3,0.1
277,63,331,308,379,369,54.293308599397115,118.22436297142819,53.305676205556004,195.80091930325557,0.8696,4,100,6,1,200,100,120.0,4.0,40.0,0.35,0.35,0.3,0.1
278,59,287,49,292,13,278.7197465062373,164.90603384958357,278.5729983636114,201.2486024796197,0.9261,3,100,6,1,200,100,120.0,4.0,40.0,0.35,0.35,0.3,0.1
278,60,26,31,4,18,217.4863718194613,297.41721537261424,216.940896097129,322.80024783137947,0.6018,3,100,6,1,200,100,120.0,4.0,40.0,0.35,0.35,0.3,0.1
278,63,329,309,375,366,55.36632260345049,117.88977903109328,53.73003623440993,191.01047091717248,0.7856,3,100,6,1,200,100,120.0,4.0,40.0,0.35,0.35,0.3,0.1
279,59,287,49,291,14,278.7197465062373,164.90603384958357,278.33256009637415,200.11246837716035,0.8746,4,100,6,1,200,100,120.0,4.0,40.0,0.35,0.35,0.3,0.1
279,60,26,31,4,18,217.4863718194613,297.41721537261424,216.940896097129,322.80024783137947,0.6056,4,100,6,1,200,100,120.0,4.0,40.0,0.35,0.35,0.3,0.1
279,54,32,285,24,287,162.39101436895317,241.306858584666,162.50900268775737,249.5375723212839,0.8769,4,100,6,1,200,100,120.0,4.0,40.0,0.35,0.35,0.3,0.1
279,63,327,310,370,364,56.44506377892101,117.5967686630887,54.60520415501294,186.46179233290664,0.7395,4,100,6,1,200,100,120.0,4.0,40.0,0.35,0.35,0.3,0.1
280,59,288,49,291,15,279.06285611434294,165.0605949341029,278.374259027599,199.12307751739877,0.8066,4,100,6,1,200,100,120.0,4.0,40.0,0.35,0.35,0.3,0.1
280,60,26,31,4,18,217.4863718194613,297.41721537261424,216.940896097129,322.80024783137947,0.6056,4,100,6,1,200,100,120.0,4.0,40.0,0.35,0.35,0.3,0.1
280,54,32,284,24,286,162.6176111187721,241.00622398602076,162.72825742231913,249.23884127479008,0.8503,4,100,6,1,200,100,120.0,4.0,40.0,0.35,0.35,0.3,0.1
280,63,325,311,366,361,57.52880770915151,117.34564329364768,55.08547629996247,181.70580618131055,0.6359,4,100,6,1,200,100,120.0,4.0,40.0,0.35,0.35,0.3,0.1
281,59,288,49,290,16,279.06285611434294,165.0605949341029,278.13010235415595,197.9898987322333,0.7643,2,100,6,1,200,100,120.0,4.0,40.0,0.35,0.35,0.3,0.1
281,54,33,283,25,285,162.77428119943136,239.75404063331237,162.88028443805277,247.98790293076797,0.8257,2,100,6,1,200,100,120.0,4.0,40.0,0.35,0.35,0.3,0.1
282,59,288,50,289,16,279.1178627537958,164.07315441594946,277.84342107495064,197.85095400325974,0.7114,2,100,6,1,200,100,120.0,4.0,40.0,0.35,0.35,0.3,0.1
282,54,35,283,26,286,162.63160471455092,237.84448700779257,162.59069725304315,247.329739416836,0.9006,2,100,6,1,200,100,120.0,4.0,40.0,0.35,0.35,0.3,0.1
283,59,289,50,288,17,279.4623222080256,164.23458831805192,277.59464336859145,196.72569735548024,0.581,3,100,6,1,200,100,120.0,4.0,40.0,0.35,0.35,0.3,0.1
283,61,142,245,33,286,164.62374875117382,124.45481107614924,162.09206713701218,240.6595105122588,0.3538,3,100,6,1,200,100,120.0,4.0,40.0,0.35,0.35,0.3,0.1
283,54,37,284,28,287,162.25532837494308,236.23928547132036,162.22867917709127,245.72545655670274,0.9194,3,100,6,1,200,100,120.0,4.0,40.0,0.35,0.35,0.3,0.1
284,59,289,50,288,18,279.4623222080256,164.23458831805192,277.6333305872313,195.73451407454945,0.5698,2,100,6,1,200,100,120.0,4.0,40.0,0.35,0.35,0.3,0.1
284,61,139,249,39,285,163.25802961470689,128.4445405612866,161.8739203118299,234.64441182350797,0.5911,2,100,6,1,200,100,120.0,4.0,40.0,0.35,0.35,0.3,0.1
285,59,289,50,287,19,279.4623222080256,164.23458831805192,277.38063635884083,194.61243536834948,0.5175,2,100,6,1,200,100,120.0,4.0,40.0,0.35,0.35,0.3,0.1
285,61,136,254,37,287,161.565051177078,132.81566172707193,161.565051177078,237.17082451262846,0.8947,2,100,6,1,200,100,120.0,4.0,40.0,0.35,0.35,0.3,0.1
286,58,520,230,534,231,3.9909130984297803,258.62714474702767,3.9957880902935443,272.66279540854123,0.9357,1,100,6,1,200,100,120.0,4.0,40.0,0.35,0.35,0.3,0.1
287,58,520,232,533,232,4.432668468689861,258.7740327003465,4.220818945286474,271.7370052090808,0.7943,1,100,6,1,200,100,120.0,4.0,40.0,0.35,0.35,0.3,0.1
289,64,399,116,407,112,324.9799211457446,167.28717822953436,325.40771131249005,176.13914953808538,0.7686,2,100,6,1,200,100,120.0,4.0,40.0,0.35,0.35,0.3,0.1
289,54,51,284,42,287,161.15870494376895,222.94618184665106,161.17528998175993,232.43278598338918,0.8893,2,100,6,1,200,100,120.0,4.0,40.0,0.35,0.35,0.3,0.1
292,59,279,58,280,28,276.2993537061305,154.93547043850222,275.58724396420433,184.87833837418594,0.589,3,100,6,1,200,100,120.0,4.0,40.0,0.35,0.35,0.3,0.1
292,64,400,124,407,117,327.47510971220896,163.67040050051813,326.76828893202065,173.34935823359717,0.3752,3,100,6,1,200,100,120.0,4.0,40.0,0.35,0.35,0.3,0.1
292,54,59,278,50,281,161.98945659643948,213.45959805077868,161.97139741038703,222.94618184665106,0.7707,3,100,6,1,200,100,120.0,4.0,40.0,0.35,0.35,0.3,0.1
293,59,279,58,279,29,276.2993537061305,154.93547043850222,275.30732684933116,183.7879212570837,0.5316,1,100,6,1,200,100,120.0,4.0,40.0,0.35,0.35,0.3,0.1
294,59,279,58,278,30,276.2993537061305,154.93547043850222,275.02407525853954,182.70194306574848,0.4594,2,100,6,1,200,100,120.0,4.0,40.0,0.35,0.35,0.3,0.1
294,64,399,129,407,121,328.79086689736096,160.18114745499858,327.8881851257657,171.1899529762188,0.3165,2,100,6,1,200,100,120.0,4.0,40.0,0.35,0.35,0.3,0.1
295,59,279,58,277,31,276.2993537061305,154.93547043850222,274.7374433480101,181.62048342629197,0.3986,2,100,6,1,200,100,120.0,4.0,40.0,0.35,0.35,0.3,0.1
295,58,517,235,531,235,5.153908561227802,256.03515383634334,4.887009834921517,269.9814808463721,0.7199,2,100,6,1,200,100,120.0,4.0,40.0,0.35,0.35,0.3,0.1
296,58,516,235,530,236,5.174089618737167,255.03921267130667,5.117314849972639,269.0724809414742,0.8816,1,100,6,1,200,100,120.0,4.0,40.0,0.35,0.35,0.3,0.1
297,65,25,30,5,13,217.5218295176737,298.8193434167206,217.75130164242614,325.0384592629002,0.7844,2,100,6,1,200,100,120.0,4.0,40.0,0.35,0.35,0.3,0.1
297,58,515,236,529,236,5.4189569976703105,254.13579047430528,5.13637849242773,268.07648162418127,0.7406,2,100,6,1,200,100,120.0,4.0,40.0,0.35,0.35,0.3,0.1
298,65,26,30,5,13,217.63892232842204,298.0268444284843,217.75130164242614,325.0384592629002,0.8099,2,100,6,1,200,100,120.0,4.0,40.0,0.35,0.35,0.3,0.1
298,58,514,237,528,237,5.665566993909532,253.23704310388715,5.369169814830743,267.1722290957651,0.7301,2,100,6,1,200,100,120.0,4.0,40.0,0.35,0.35,0.3,0.1
299,65,26,30,5,13,217.63892232842204,298.0268444284843,217.75130164242614,325.0384592629002,0.8163,2,100,6,1,200,100,120.0,4.0,40.0,0.35,0.35,0.3,0.1
299,58,513,237,527,238,5.68799125326252,252.24194734421155,5.603538367624309,266.2724168966812,0.916,2,100,6,1,200,100,120.0,4.0,40.0,0.35,0.35,0.3,0.1
300,65,26,30,5,14,217.63892232842204,298.0268444284843,217.61166345804776,324.4271875167061,0.8641,2,100,6,1,200,100,120.0,4.0,40.0,0.35,0.35,0.3,0.1
300,58,511,238,526,238,5.961089782578591,250.353749722268,5.624628041445911,265.2772134956186,0.7144,2,100,6,1,200,100,120.0,4.0,40.0,0.35,0.35,0.3,0.1
301,66,150,180,84,152,195.94539590092288,116.48175822848829,198.62786317645504,187.84035775093702,0.6551,3,100,6,1,200,100,120.0,4.0,40.0,0.35,0.35,0.3,0.1
301,58,510,238,524,239,5.98495231511541,249.35917869611296,5.883757036443462,263.38754716197195,0.9119,3,100,6,1,200,100,120.0,4.0,40.0,0.35,0.35,0.3,0.1
301,67,399,461,403,468,61.18037385698698,284.20063335608523,61.154851124275325,292.2618688778952,0.8728,3,100,6,1,200,100,120.0,4.0,40.0,0.35,0.35,0.3,0.1
302,66,151,178,81,152,197.03015677288704,116.09048195265622,198.33993103355536,190.68560512005095,0.8087,2,100,6,1,200,100,120.0,4.0,40.0,0.35,0.35,0.3,0.1
302,58,509,238,523,239,6.009005957494525,248.3646512690564,5.9061411137705,262.39283526803854,0.8785,2,100,6,1,200,100,120.0,4.0,40.0,0.35,0.35,0.3,0.1
303,66,152,176,78,152,198.12186024790137,115.7410903698423,198.06047193619918,193.5355264544471,0.943,2,100,6,1,200,100,120.0,4.0,40.0,0.35,0.35,0.3,0.1
303,54,60,251,52,254,169.07239784402768,205.73040611440985,168.6900675259798,214.15881957089695,0.6416,2,100,6,1,200,100,120.0,4.0,40.0,0.35,0.35,0.3,0.1
304,66,153,174,74,152,199.2197734259139,115.43396380615195,197.70042778866718,197.34234213670416,0.7288,3,100,6,1,200,100,120.0,4.0,40.0,0.35,0.35,0.3,0.1
304,54,59,249,51,251,169.67031791098057,206.34437234875102,169.52797165613836,214.57399656062708,0.8549,3,100,6,1,200,100,120.0,4.0,40.0,0.35,0.35,0.3,0.1
304,68,540,270,554,271,11.784748506262801,283.9859151436916,11.423090548446904,297.90099026354375,0.6619,3,100,6,1,200,100,120.0,4.0,40.0,0.35,0.35,0.3,0.1
305,66,154,172,71,152,200.32313682966296,115.16944039110375,197.43938777261383,200.2023975880409,0.5488,2,100,6,1,200,100,120.0,4.0,40.0,0.35,0.35,0.3,0.1
305,54,58,246,49,249,170.53767779197437,206.81392603013947,170.1455454997061,216.18973148602595,0.6645,2,100,6,1,200,100,120.0,4.0,40.0,0.35,0.35,0.3,0.1
306,58,505,239,518,239,6.34019174590991,244.49539872971025,6.020656176836423,257.41989045137905,0.7357,3,100,6,1,200,100,120.0,4.0,40.0,0.35,0.35,0.3,0.1
306,54,57,244,48,247,171.12786700708247,207.4825293850063,170.71143246633582,216.8432613663611,0.6613,3,100,6,1,200,100,120.0,4.0,40.0,0.35,0.35,0.3,0.1
306,68,543,261,558,262,9.891619726822183,285.2402496142506,9.587833024818645,300.1932710771512,0.7312,3,100,6,1,200,100,120.0,4.0,40.0,0.35,0.35,0.3,0.1
307,54,55,242,46,245,171.75367918553147,209.16261616264032,171.31364541876334,218.50629281556172,0.6537,4,100,6,1,200,100,120.0,4.0,40.0,0.35,0.35,0.3,0.1
307,58,503,239,517,240,6.392373680037028,242.5077318355025,6.266198098479253,256.5326489942362,0.8834,4,100,6,1,200,100,120.0,4.0,40.0,0.35,0.35,0.3,0.1
307,68,545,256,559,257,8.837421722700235,286.40006983239374,8.615648184164113,300.38974682901545,0.7845,4,100,6,1,200,100,120.0,4.0,40.0,0.35,0.35,0.3,0.1
307,69,303,388,304,396,76.88656177014332,180.71247881648904,77.14190982700183,188.73261509341728,0.5809,4,100,6,1,200,100,120.0,4.0,40.0,0.35,0.35,0.3,0.1
308,54,53,240,44,243,172.36944577461722,210.86725682286476,171.9066964715569,220.19309707617992,0.6302,4,100,6,1,200,100,120.0,4.0,40.0,0.35,0.35,0.3,0.1
308,58,502,239,515,240,6.418786730238786,241.51397475094478,6.315334576314071,254.54469155729805,0.9214,4,100,6,1,200,100,120.0,4.0,40.0,0.35,0.35,0.3,0.1
308,68,547,251,561,252,7.792078078218435,287.65604460883486,7.619745570496018,301.66372005927394,0.8332,4,100,6,1,200,100,120.0,4.0,40.0,0.35,0.35,0.3,0.1
308,69,304,385,305,393,76.35404872077928,178.02527910383964,76.63603599862759,186.03763060198332,0.5775,4,100,6,1,200,100,120.0,4.0,40.0,0.35,0.35,0.3,0.1
309,54,51,239,42,241,172.7079410354173,212.72047386182646,172.49066892618268,221.90313201935658,0.8069,3,100,6,1,200,100,120.0,4.0,40.0,0.35,0.35,0.3,0.1
309,58,500,240,513,240,6.7098368077569335,239.64139876073165,6.365244555643885,252.55692427648862,0.754,3,100,6,1,200,100,120.0,4.0,40.0,0.35,0.35,0.3,0.1
309,68,548,246,562,247,6.779567945149955,288.01388855400705,6.654425046006596,302.03476621077914,0.885,3,100,6,1,200,100,120.0,4.0,40.0,0.35,0.35,0.3,0.1
310,65,25,32,5,16,217.2164404735346,297.6054434986027,217.33080672182092,323.21045775160184,0.7669,3,100,6,1,200,100,120.0,4.0,40.0,0.35,0.35,0.3,0.1
310,68,549,241,564,242,5.769885057879649,288.4614358974177,5.67302213992532,303.48640826238,0.9116,3,100,6,1,200,100,120.0,4.0,40.0,0.35,0.35,0.3,0.1
310,58,499,240,512,241,6.737888594750847,238.64827675891564,6.616737897910832,251.67637950352037,0.8926,3,100,6,1,200,100,120.0,4.0,40.0,0.35,0.35,0.3,0.1
311,65,25,32,5,16,217.2164404735346,297.6054434986027,217.33080672182092,323.21045775160184,0.7795,4,100,6,1,200,100,120.0,4.0,40.0,0.35,0.35,0.3,0.1
311,68,550,236,565,236,4.763641690726178,288.99826989101507,4.5288242369325395,303.94900888142405,0.779,4,100,6,1,200,100,120.0,4.0,40.0,0.35,0.35,0.3,0.1
311,54,46,236,38,238,173.6598082540901,217.329243315298,173.379223917685,225.50388023269133,0.7112,4,100,6,1,200,100,120.0,4.0,40.0,0.35,0.35,0.3,0.1
311,58,497,241,510,242,7.0349759104311405,236.78260071213003,6.897427557751748,249.80792621532248,0.852,4,100,6,1,200,100,120.0,4.0,40.0,0.35,0.35,0.3,0.1
312,68,552,231,567,231,3.7485040463532533,290.6217472936256,3.564638972115678,305.5912302406599,0.8185,2,100,6,1,200,100,120.0,4.0,40.0,0.35,0.35,0.3,0.1
312,58,496,242,509,243,7.305759533310827,235.91523901605,7.153564318394415,248.93774322107123,0.8573,2,100,6,1,200,100,120.0,4.0,40.0,0.35,0.35,0.3,0.1
313,68,554,227,569,227,2.9406914687864374,292.3850201361212,2.7972435228340813,307.3662310664592,0.855,1,100,6,1,200,100,120.0,4.0,40.0,0.35,0.35,0.3,0.1
314,68,556,222,572,222,1.9480850065149493,294.17001886664116,1.8476102659945959,310.16124838541646,0.8784,1,100,6,1,200,100,120.0,4.0,40.0,0.35,0.35,0.3,0.1
315,68,559,217,575,217,0.9644843022265389,297.0420845604205,0.9151902017155392,313.0399335548102,0.9049,1,100,6,1,200,100,120.0,4.0,40.0,0.35,0.35,0.3,0.1
316,68,562,213,577,213,0.19098522435968746,300.00166666203705,0.1818907524971836,315.00158729758806,0.9549,1,100,6,1,200,100,120.0,4.0,40.0,0.35,0.35,0.3,0.1
317,68,563,210,579,210,359.61930274857326,301.0066444449358,359.6385172283595,317.00630908548175,0.9448,1,100,6,1,200,100,120.0,4.0,40.0,0.35,0.35,0.3,0.1
318,68,565,206,581,205,358.865578369023,303.0594001181947,358.7429275841855,319.0767932645682,0.8557,1,100,6,1,200,100,120.0,4.0,40.0,0.35,0.35,0.3,0.1
319,68,568,201,583,201,357.94123429500945,306.1976485866604,358.03736122058444,321.18841822207725,0.8751,2,100,6,1,200,100,120.0,4.0,40.0,0.35,0.35,0.3,0.1
319,58,490,253,502,254,10.194236993214133,231.65707414193074,9.926245506651705,243.64728605096343,0.8121,2,100,6,1,200,100,120.0,4.0,40.0,0.35,0.35,0.3,0.1
320,68,570,198,585,198,357.3974377975002,308.3180176376334,357.51814501957926,323.3032632065442,0.8512,2,100,6,1,200,100,120.0,4.0,40.0,0.35,0.35,0.3,0.1
320,58,490,254,502,256,10.43747535111818,231.8361490363399,10.388857815469612,244.0,0.9316,2,100,6,1,200,100,120.0,4.0,40.0,0.35,0.35,0.3,0.1
321,68,571,195,586,195,356.85097958115244,309.46728421595714,356.99649417069304,324.4456811239749,0.8302,2,100,6,1,200,100,120.0,4.0,40.0,0.35,0.35,0.3,0.1
321,58,490,256,502,257,10.922804719869262,232.20680437919987,10.619655276155134,244.1823089414956,0.782,2,100,6,1,200,100,120.0,4.0,40.0,0.35,0.35,0.3,0.1
322,68,572,192,588,192,356.3086140135487,310.64449134018133,356.4893215697327,326.6129207487052,0.7928,2,100,6,1,200,100,120.0,4.0,40.0,0.35,0.35,0.3,0.1
322,70,292,346,295,354,77.38067770656923,137.31715115017496,76.9170093251889,145.7840869230932,0.7236,2,100,6,1,200,100,120.0,4.0,40.0,0.35,0.35,0.3,0.1
323,68,575,189,590,188,355.79732049628063,313.84391024839084,355.81508387488157,328.87687665751145,0.938,3,100,6,1,200,100,120.0,4.0,40.0,0.35,0.35,0.3,0.1
323,58,490,258,503,260,11.406552583972406,232.59406699226014,11.264205604627996,245.73359558676546,0.8654,3,100,6,1,200,100,120.0,4.0,40.0,0.35,0.35,0.3,0.1
323,70,291,346,294,355,77.78849162352402,137.10215169719257,77.38637254598126,146.53668482670133,0.6507,3,100,6,1,200,100,120.0,4.0,40.0,0.35,0.35,0.3,0.1
324,68,578,185,593,185,355.11633590402437,317.1513834117707,355.3366508941604,332.0993827154757,0.7307,2,100,6,1,200,100,120.0,4.0,40.0,0.35,0.35,0.3,0.1
324,58,490,260,503,262,11.888658039627975,232.99785406737118,11.720811498809491,246.13207836444238,0.8387,2,100,6,1,200,100,120.0,4.0,40.0,0.35,0.35,0.3,0.1
325,58,490,261,503,262,12.129076198102792,233.20591759215716,11.720811498809491,246.13207836444238,0.6901,1,100,6,1,200,100,120.0,4.0,40.0,0.35,0.35,0.3,0.1
326,71,15,239,11,240,173.7616673103607,248.47132631352054,173.63475544435613,252.55692427648862,0.5102,2,100,6,1,200,100,120.0,4.0,40.0,0.35,0.35,0.3,0.1
326,58,491,262,503,263,12.316700285646846,234.39496581624786,11.948553250418508,246.33716731342025,0.6814,2,100,6,1,200,100,120.0,4.0,40.0,0.35,0.35,0.3,0.1
329,58,491,264,504,266,12.793451459995572,234.8297255459794,12.578935237493054,247.95160818191923,0.8168,1,100,6,1,200,100,120.0,4.0,40.0,0.35,0.35,0.3,0.1
330,58,491,266,504,268,13.268407856286446,235.28068344001383,13.029194807943744,248.39484696748443,0.8127,1,100,6,1,200,100,120.0,4.0,40.0,0.35,0.35,0.3,0.1
331,58,491,269,504,270,13.9773577954292,235.9872877932199,13.477822753241322,248.85337048149458,0.6333,1,100,6,1,200,100,120.0,4.0,40.0,0.35,0.35,0.3,0.1
332,58,491,270,504,272,14.212718616779322,236.23081932719955,13.924773220409437,249.32709439609647,0.7723,1,100,6,1,200,100,120.0,4.0,40.0,0.35,0.35,0.3,0.1
333,58,491,272,504,274,14.68196774139361,236.7298037848213,14.370001515179306,249.81593223811808,0.7806,1,100,6,1,200,100,120.0,4.0,40.0,0.35,0.35,0.3,0.1
334,58,491,273,504,275,14.915843441224796,236.98523160737253,14.591956201965417,250.06599129029922,0.7681,1,100,6,1,200,100,120.0,4.0,40.0,0.35,0.35,0.3,0.1
335,58,492,275,504,277,15.318335793454574,238.47222060441337,15.034520011989413,250.57733337235433,0.7743,1,100,6,1,200,100,120.0,4.0,40.0,0.35,0.35,0.3,0.1
336,71,25,252,17,254,170.42010795798797,240.3518254559345,170.2724214485984,248.57393266390585,0.7019,2,100,6,1,200,100,120.0,4.0,40.0,0.35,0.35,0.3,0.1
336,58,492,276,505,278,15.54980416970159,238.73835050112916,15.19524852681988,251.80349481291955,0.7285,2,100,6,1,200,100,120.0,4.0,40.0,0.35,0.35,0.3,0.1
337,58,494,277,506,279,15.651406453855401,240.9336008115099,15.354418048201316,253.03161857759991,0.7234,1,100,6,1,200,100,120.0,4.0,40.0,0.35,0.35,0.3,0.1
338,72,280,56,275,9,276.581944655178,157.0350279396288,273.66418432074073,203.4158302591025,0.2262,3,100,6,1,200,100,120.0,4.0,40.0,0.35,0.35,0.3,0.1
338,71,30,253,21,255,169.97793222748456,235.5949914577982,169.88355694996181,244.80604567698077,0.8445,3,100,6,1,200,100,120.0,4.0,40.0,0.35,0.35,0.3,0.1
338,58,495,278,507,280,15.815400027527335,242.1672975444868,15.512048727561288,254.26167623139747,0.7464,3,100,6,1,200,100,120.0,4.0,40.0,0.35,0.35,0.3,0.1
339,73,593,172,607,172,353.1094516780611,333.4081582685103,353.38653951768526,347.3110997362451,0.6638,2,100,6,1,200,100,120.0,4.0,40.0,0.35,0.35,0.3,0.1
339,71,33,252,24,255,170.09196289724161,232.46720198772127,169.75872130786598,241.85326129701042,0.6835,2,100,6,1,200,100,120.0,4.0,40.0,0.35,0.35,0.3,0.1
341,73,592,175,606,175,353.6026458724772,332.067764168701,353.860973586011,345.98410368107955,0.6783,2,100,6,1,200,100,120.0,4.0,40.0,0.35,0.35,0.3,0.1
341,58,500,279,512,281,15.72258010383803,247.25088473046966,15.429505048448915,259.3472575524947,0.765,2,100,6,1,200,100,120.0,4.0,40.0,0.35,0.35,0.3,0.1
344,71,48,246,38,249,170.97238704928492,216.68410186259626,170.6206549671468,227.03523955544875,0.4856,1,100,6,1,200,100,120.0,4.0,40.0,0.35,0.35,0.3,0.1
345,71,48,245,38,247,171.23371983816165,216.52944372532804,171.11934084947978,226.71788636982305,0.7806,1,100,6,1,200,100,120.0,4.0,40.0,0.35,0.35,0.3,0.1
346,71,50,242,40,245,171.94558555361826,214.11212016137713,171.54497232282253,224.43930137121706,0.5725,1,100,6,1,200,100,120.0,4.0,40.0,0.35,0.35,0.3,0.1
348,72,282,67,281,22,277.85331330197823,146.37281168304446,275.71059313749964,190.9476368012969,0.5402,1,100,6,1,200,100,120.0,4.0,40.0,0.35,0.35,0.3,0.1
349,72,282,67,280,23,277.85331330197823,146.37281168304446,275.4403320310055,189.85520798756087,0.4982,1,100,6,1,200,100,120.0,4.0,40.0,0.35,0.35,0.3,0.1
350,72,282,68,280,25,277.90716270295843,145.38225476308997,275.498162724981,187.8643127366132,0.5149,2,100,6,1,200,100,120.0,4.0,40.0,0.35,0.35,0.3,0.1
350,58,511,270,524,272,13.112198115153774,255.66579747787932,12.898751104164447,268.7824399026097,0.8208,2,100,6,1,200,100,120.0,4.0,40.0,0.35,0.35,0.3,0.1
351,74,28,28,9,9,218.17884763521565,297.6776780344808,218.74256570185378,324.3732418064104,0.633,5,100,6,1,200,100,120.0,4.0,40.0,0.35,0.35,0.3,0.1
351,75,25,34,5,18,216.9085587597559,296.40006747637557,217.0478342772544,322.001552791287,0.7526,5,100,6,1,200,100,120.0,4.0,40.0,0.35,0.35,0.3,0.1
351,72,281,68,279,26,277.51644171626947,145.24806367039804,275.2222019445868,186.77526602845464,0.5249,5,100,6,1,200,100,120.0,4.0,40.0,0.35,0.35,0.3,0.1
351,76,124,235,116,235,170.53767779197437,139.90353819685905,171.04752666584585,147.80054127099805,0.5713,5,100,6,1,200,100,120.0,4.0,40.0,0.35,0.35,0.3,0.1
351,58,512,269,525,271,12.843882846882023,256.4156781478075,12.644090812157241,269.5366394388711,0.8242,5,100,6,1,200,100,120.0,4.0,40.0,0.35,0.35,0.3,0.1
352,72,281,68,278,27,277.51644171626947,145.24806367039804,274.94301071861355,185.6906028855526,0.4812,2,100,6,1,200,100,120.0,4.0,40.0,0.35,0.35,0.3,0.1
352,73,580,190,595,189,356.04244688587215,318.76009787926716,356.04890881586505,333.79334924470857,0.9398,2,100,6,1,200,100,120.0,4.0,40.0,0.35,0.35,0.3,0.1
353,72,280,68,278,28,277.1250163489018,145.12063946937388,274.9697407281103,184.69434208984313,0.5619,2,100,6,1,200,100,120.0,4.0,40.0,0.35,0.35,0.3,0.1
353,77,124,225,49,226,174.6184529478681,138.61096637712328,176.23948929424304,213.45959805077868,0.7213,2,100,6,1,200,100,120.0,4.0,40.0,0.35,0.35,0.3,0.1
354,72,280,68,277,29,277.1250163489018,145.12063946937388,274.68589983950267,183.61372497719228,0.5097,2,100,6,1,200,100,120.0,4.0,40.0,0.35,0.35,0.3,0.1
354,77,126,219,54,222,177.05355261998767,136.1800279042415,177.24751459973132,208.24024587000469,0.756,2,100,6,1,200,100,120.0,4.0,40.0,0.35,0.35,0.3,0.1
355,72,280,67,276,30,277.0763781776368,146.11296999240005,274.3987053549955,182.53766734567415,0.4282,1,100,6,1,200,100,120.0,4.0,40.0,0.35,0.35,0.3,0.1
356,72,280,67,275,31,277.0763781776368,146.11296999240005,274.10811217713587,181.46625030566977,0.3666,1,100,6,1,200,100,120.0,4.0,40.0,0.35,0.35,0.3,0.1
357,77,133,205,47,215,183.10602709561644,129.18978287774928,179.20057588668246,215.02092921387907,0.4046,2,100,6,1,200,100,120.0,4.0,40.0,0.35,0.35,0.3,0.1
357,58,521,266,534,267,11.77712269382439,264.5694615786183,11.431407442921593,277.50495491071865,0.6721,2,100,6,1,200,100,120.0,4.0,40.0,0.35,0.35,0.3,0.1
358,77,135,200,50,181,185.3977487764804,127.56566936288148,188.31919664949973,214.2545215392198,0.5873,1,100,6,1,200,100,120.0,4.0,40.0,0.35,0.35,0.3,0.1
359,78,352,279,362,285,36.66563548264217,112.2007130102122,36.12944414324086,123.81033882515628,0.584,1,100,6,1,200,100,120.0,4.0,40.0,0.35,0.35,0.3,0.1
362,58,530,268,543,269,11.802434207783548,273.7882393383616,11.466692081543467,286.7228627089232,0.699,1,100,6,1,200,100,120.0,4.0,40.0,0.35,0.35,0.3,0.1
363,58,532,269,545,270,11.92073853992231,275.95108262154,11.582211793399404,288.88232898535,0.6725,1,100,6,1,200,100,120.0,4.0,40.0,0.35,0.35,0.3,0.1
365,58,535,272,548,273,12.39540683375846,279.5156525134147,12.040020261074803,292.43289828608545,0.6773,1,100,6,1,200,100,120.0,4.0,40.0,0.35,0.35,0.3,0.1
369,79,536,211,551,211,359.79089224406937,274.00182481144174,359.8017454988008,289.0017300986276,0.9748,1,100,6,1,200,100,120.0,4.0,40.0,0.35,0.35,0.3,0.1
370,79,537,211,551,211,359.7916526291938,275.0018181758077,359.8017454988008,289.0017300986276,0.9848,1,100,6,1,200,100,120.0,4.0,40.0,0.35,0.35,0.3,0.1
371,79,537,212,552,212,0.0,275.0,0.0,290.0,0.9886,1,100,6,1,200,100,120.0,4.0,40.0,0.35,0.35,0.3,0.1
372,79,538,212,553,212,0.0,276.0,0.0,291.0,0.9883,1,100,6,1,200,100,120.0,4.0,40.0,0.35,0.35,0.3,0.1
373,79,539,213,554,212,0.20684307077732234,277.0018050482704,0.0,292.0,0.8303,1,100,6,1,200,100,120.0,4.0,40.0,0.35,0.35,0.3,0.1
376,80,28,28,8,12,218.17884763521565,297.6776780344808,218.21695114479886,323.2893440866865,0.8379,2,100,6,1,200,100,120.0,4.0,40.0,0.35,0.35,0.3,0.1
376,81,25,34,4,17,216.9085587597559,296.40006747637557,217.08249696517166,323.40222633742025,0.7058,2,100,6,1,200,100,120.0,4.0,40.0,0.35,0.35,0.3,0.1
377,82,178,102,169,82,232.63333058723128,138.40520221436765,234.42065255754463,159.84054554461454,0.4881,1,100,6,1,200,100,120.0,4.0,40.0,0.35,0.35,0.3,0.1
378,80,28,29,8,14,218.02723071397352,297.0605998782067,217.9373973295842,322.0558957696629,0.6803,3,100,6,1,200,100,120.0,4.0,40.0,0.35,0.35,0.3,0.1
378,81,24,35,4,18,216.63808860919121,296.60242750186654,216.940896097129,322.80024783137947,0.6272,3,100,6,1,200,100,120.0,4.0,40.0,0.35,0.35,0.3,0.1
378,82,181,98,167,86,234.60520415501293,139.84634424968,232.98486621525657,157.8005069700348,0.4939,3,100,6,1,200,100,120.0,4.0,40.0,0.35,0.35,0.3,0.1
379,80,28,29,8,14,218.02723071397352,297.0605998782067,217.9373973295842,322.0558957696629,0.6803,3,100,6,1,200,100,120.0,4.0,40.0,0.35,0.35,0.3,0.1
379,81,24,35,4,18,216.63808860919121,296.60242750186654,216.940896097129,322.80024783137947,0.6181,3,100,6,1,200,100,120.0,4.0,40.0,0.35,0.35,0.3,0.1
379,79,550,218,565,218,1.193489423982035,288.0624932197873,1.1344216309770068,303.0594001181947,0.9354,3,100,6,1,200,100,120.0,4.0,40.0,0.35,0.35,0.3,0.1
380,79,553,220,568,220,1.574745065753176,291.10994486619654,1.497587739017516,306.10455730027934,0.9102,2,100,6,1,200,100,120.0,4.0,40.0,0.35,0.35,0.3,0.1
380,83,429,289,437,293,24.75337992441178,183.89671013914307,24.837396009213965,192.83671849520775,0.914,2,100,6,1,200,100,120.0,4.0,40.0,0.35,0.35,0.3,0.1
381,79,557,223,572,223,2.135463442376656,295.2050135075622,2.032223405812395,310.195099896823,0.8763,1,100,6,1,200,100,120.0,4.0,40.0,0.35,0.35,0.3,0.1
382,79,561,226,576,226,2.6807875810217454,299.3275797516828,2.5528981471717573,314.3119469571591,0.8595,2,100,6,1,200,100,120.0,4.0,40.0,0.35,0.35,0.3,0.1
382,83,437,285,447,288,22.643108670705704,189.61540021844218,22.333388437763354,200.0024999843752,0.7414,2,100,6,1,200,100,120.0,4.0,40.0,0.35,0.35,0.3,0.1
383,79,565,230,580,230,3.399714159123259,303.5341825890455,3.23970029610213,318.5090265596879,0.8105,2,100,6,1,200,100,120.0,4.0,40.0,0.35,0.35,0.3,0.1
383,83,441,282,451,285,21.35855237706058,192.20041623263984,21.118723982390996,202.6079958935481,0.8211,2,100,6,1,200,100,120.0,4.0,40.0,0.35,0.35,0.3,0.1
384,79,569,233,585,233,3.9131595249873983,307.7174028227848,3.7198771723242374,323.68194265358704,0.7999,2,100,6,1,200,100,120.0,4.0,40.0,0.35,0.35,0.3,0.1
384,83,444,280,454,282,20.487014193330708,194.28844535895593,20.03101268089773,204.3624231604235,0.6478,2,100,6,1,200,100,120.0,4.0,40.0,0.35,0.35,0.3,0.1
385,79,574,237,589,237,4.581220085277059,313.0,4.371906582621858,327.9542651041453,0.7616,2,100,6,1,200,100,120.0,4.0,40.0,0.35,0.35,0.3,0.1
385,83,448,277,457,280,19.262599141281996,197.03045449879062,19.224580320446275,206.51634317893584,0.8784,2,100,6,1,200,100,120.0,4.0,40.0,0.35,0.35,0.3,0.1
386,79,578,240,593,240,5.063616853030085,317.23808094237364,4.835261377815626,332.18217893198306,0.7354,2,100,6,1,200,100,120.0,4.0,40.0,0.35,0.35,0.3,0.1
386,83,450,274,460,277,18.251895837078543,197.9595918363139,18.174120065469083,208.39625716408634,0.8555,2,100,6,1,200,100,120.0,4.0,40.0,0.35,0.35,0.3,0.1
387,83,454,272,463,274,17.35402463626132,201.15665537088253,17.14278193667208,210.34495477667156,0.525,1,100,6,1,200,100,120.0,4.0,40.0,0.35,0.35,0.3,0.1
388,79,584,247,600,247,6.203447901691836,323.8965884352597,5.911924476980199,339.8072983324519,0.6769,2,100,6,1,200,100,120.0,4.0,40.0,0.35,0.35,0.3,0.1
388,83,457,267,466,271,15.751173663453027,202.6079958935481,16.130698552112868,212.3605424743495,0.4369,2,100,6,1,200,100,120.0,4.0,40.0,0.35,0.35,0.3,0.1
389,79,587,251,602,251,6.84277341263094,327.33163611236847,6.543564100789403,342.2294551905198,0.6405,2,100,6,1,200,100,120.0,4.0,40.0,0.35,0.35,0.3,0.1
389,83,458,265,469,267,15.131369911651316,203.03940504246953,14.879721752003187,214.1821654573508,0.7644,2,100,6,1,200,100,120.0,4.0,40.0,0.35,0.35,0.3,0.1
390,83,460,261,471,264,13.899987412035626,203.9730374338726,13.971721220974871,215.37177159507232,0.8848,1,100,6,1,200,100,120.0,4.0,40.0,0.35,0.35,0.3,0.1
391,83,462,258,473,260,12.952764513375518,205.22183119736556,12.816002193658681,216.390850083824,0.8403,1,100,6,1,200,100,120.0,4.0,40.0,0.35,0.35,0.3,0.1
392,84,115,132,83,122,208.55581420851124,167.35889578985635,206.6929433296569,200.35218990567586,0.2952,2,100,6,1,200,100,120.0,4.0,40.0,0.35,0.35,0.3,0.1
392,83,464,254,475,256,11.745633425287949,206.32013958894075,11.671578218236382,217.4971264177989,0.8879,2,100,6,1,200,100,120.0,4.0,40.0,0.35,0.35,0.3,0.1
393,84,115,135,82,120,207.64597536373867,165.94577427581578,207.07208023799276,202.14846029589245,0.6365,2,100,6,1,200,100,120.0,4.0,40.0,0.35,0.35,0.3,0.1
393,83,466,250,477,252,10.551809506192281,207.5090359478353,10.53918372862823,218.68927728629038,0.9219,2,100,6,1,200,100,120.0,4.0,40.0,0.35,0.35,0.3,0.1
394,84,115,137,82,117,207.030860259843,165.0272704737008,207.82409638425327,203.5313243704762,0.698,2,100,6,1,200,100,120.0,4.0,40.0,0.35,0.35,0.3,0.1
394,85,480,248,595,266,9.377060694304353,220.95248357961492,9.211026540816666,337.3499666518436,0.9343,2,100,6,1,200,100,120.0,4.0,40.0,0.35,0.35,0.3,0.1
395,84,113,141,81,116,205.47826972407978,165.05150711217394,207.94088618074161,204.88289338058462,0.4466,2,100,6,1,200,100,120.0,4.0,40.0,0.35,0.35,0.3,0.1
395,83,471,243,482,244,8.436904131405909,211.28653530218153,8.2758928270752,222.31509170544405,0.8437,2,100,6,1,200,100,120.0,4.0,40.0,0.35,0.35,0.3,0.1
396,83,473,239,484,240,7.292058964582692,212.72047386182646,7.188537142736647,223.75879870968203,0.8881,1,100,6,1,200,100,120.0,4.0,40.0,0.35,0.35,0.3,0.1
397,83,475,235,486,236,6.162988869115569,214.23818520515897,6.115503566285407,225.28204544525957,0.9265,1,100,6,1,200,100,120.0,4.0,40.0,0.35,0.35,0.3,0.1
398,83,477,232,488,232,5.31454566994475,215.92822881689185,5.057248532559135,226.88322987827902,0.7921,1,100,6,1,200,100,120.0,4.0,40.0,0.35,0.35,0.3,0.1
399,83,478,228,490,228,4.23639479905884,216.59178193089414,4.014175695411026,228.56071403458645,0.8237,1,100,6,1,200,100,120.0,4.0,40.0,0.35,0.35,0.3,0.1
400,86,262,47,260,21,270.0,165.0,269.40006611974604,191.01047091717248,0.7669,2,100,6,1,200,100,120.0,4.0,40.0,0.35,0.35,0.3,0.1
400,83,480,224,492,224,3.150716413267741,218.33002542023394,2.9866369904751666,230.31283073246266,0.8716,2,100,6,1,200,100,120.0,4.0,40.0,0.35,0.35,0.3,0.1
401,86,262,49,265,19,270.0,163.0,270.89053625336055,193.02331465395574,0.7044,2,100,6,1,200,100,120.0,4.0,40.0,0.35,0.35,0.3,0.1
401,83,481,219,493,219,1.8307486480254938,219.1118435867856,1.7357045889283889,231.10603626906848,0.8916,2,100,6,1,200,100,120.0,4.0,40.0,0.35,0.35,0.3,0.1
402,86,262,50,269,16,270.0,162.0,272.04540848888723,196.1249601657066,0.4566,2,100,6,1,200,100,120.0,4.0,40.0,0.35,0.35,0.3,0.1
402,83,482,215,494,215,0.7812576616086433,220.02045359466015,0.7408524093893388,232.01939574095957,0.9408,2,100,6,1,200,100,120.0,4.0,40.0,0.35,0.35,0.3,0.1
403,86,278,53,274,14,275.74626920979625,159.80300372646317,273.4682292589172,198.36330305779848,0.3836,3,100,6,1,200,100,120.0,4.0,40.0,0.35,0.35,0.3,0.1
403,87,99,177,13,173,192.11876033472518,166.715326230074,188.901716032892,252.03571175529868,0.4651,3,100,6,1,200,100,120.0,4.0,40.0,0.35,0.35,0.3,0.1
403,83,483,211,495,210,359.7407448484986,221.00226243185838,359.5082028120541,233.0085835328819,0.8112,3,100,6,1,200,100,120.0,4.0,40.0,0.35,0.35,0.3,0.1
404,86,278,52,279,12,275.71059313749964,160.79800993793424,274.8584629190343,200.7211996775627,0.6489,3,100,6,1,200,100,120.0,4.0,40.0,0.35,0.35,0.3,0.1
404,87,96,181,13,173,190.57797046756727,168.8697723099075,188.901716032892,252.03571175529868,0.6903,3,100,6,1,200,100,120.0,4.0,40.0,0.35,0.35,0.3,0.1
404,83,484,206,496,206,358.45184230102205,222.08106627986098,358.53119928561415,234.07691043757393,0.9151,3,100,6,1,200,100,120.0,4.0,40.0,0.35,0.35,0.3,0.1
405,86,279,52,284,11,276.06492244544796,160.90059042775448,276.2463156209901,202.20039564748632,0.8092,3,100,6,1,200,100,120.0,4.0,40.0,0.35,0.35,0.3,0.1
405,87,94,185,13,173,189.13017648227867,170.1558109498468,188.901716032892,252.03571175529868,0.9042,3,100,6,1,200,100,120.0,4.0,40.0,0.35,0.35,0.3,0.1
405,83,484,203,496,202,357.6784694101673,222.1823575354263,357.55295135767636,234.21357774475842,0.8672,3,100,6,1,200,100,120.0,4.0,40.0,0.35,0.35,0.3,0.1
406,86,285,63,289,10,278.7750557444797,150.7647173578752,277.6132217659666,203.79646709401024,0.5906,3,100,6,1,200,100,120.0,4.0,40.0,0.35,0.35,0.3,0.1
406,87,92,188,13,173,188.0357107105348,171.68575945604806,188.901716032892,252.03571175529868,0.8131,3,100,6,1,200,100,120.0,4.0,40.0,0.35,0.35,0.3,0.1
406,83,484,201,497,200,357.16333989887454,222.27235545609355,357.07679706802185,235.30618351416098,0.9124,3,100,6,1,200,100,120.0,4.0,40.0,0.35,0.35,0.3,0.1
407,86,285,63,294,10,278.7750557444797,150.7647173578752,279.0017551225613,204.51894777746145,0.7413,3,100,6,1,200,100,120.0,4.0,40.0,0.35,0.35,0.3,0.1
407,87,91,191,13,173,187.00126755749534,172.28464818433474,188.901716032892,252.03571175529868,0.6758,3,100,6,1,200,100,120.0,4.0,40.0,0.35,0.35,0.3,0.1
407,83,485,202,497,201,357.4324026708122,223.22410264126944,357.3200260598921,235.25730594393875,0.8876,3,100,6,1,200,100,120.0,4.0,40.0,0.35,0.35,0.3,0.1
408,86,285,63,300,10,278.7750557444797,150.7647173578752,280.6539025999385,205.54318281081473,0.4703,3,100,6,1,200,100,120.0,4.0,40.0,0.35,0.35,0.3,0.1
408,87,89,194,13,173,185.94003725230064,173.93389548906217,188.901716032892,252.03571175529868,0.5159,3,100,6,1,200,100,120.0,4.0,40.0,0.35,0.35,0.3,0.1
408,83,485,203,497,202,357.6888685472386,223.1815404552984,357.56335175318986,235.2126697267815,0.8623,3,100,6,1,200,100,120.0,4.0,40.0,0.35,0.35,0.3,0.1
409,86,284,63,305,11,278.39909464785245,150.6154042586614,282.0752885831935,205.54804791094466,0.2064,3,100,6,1,200,100,120.0,4.0,40.0,0.35,0.35,0.3,0.1
409,87,87,196,12,173,185.22394759626843,175.72990639046048,188.86667604414427,253.02371430362015,0.4036,3,100,6,1,200,100,120.0,4.0,40.0,0.35,0.35,0.3,0.1
409,83,486,200,498,200,356.9335144988741,224.32119828495925,357.0891621738322,236.30488780387088,0.8528,3,100,6,1,200,100,120.0,4.0,40.0,0.35,0.35,0.3,0.1
410,83,487,197,500,196,356.18592516570965,225.49944567559362,356.15396990995265,238.53720883753127,0.9325,1,100,6,1,200,100,120.0,4.0,40.0,0.35,0.35,0.3,0.1
411,83,489,193,501,192,355.21547031183496,227.79376637651873,355.2165190512325,239.83536019528063,0.9709,2,100,6,1,200,100,120.0,4.0,40.0,0.35,0.35,0.3,0.1
411,88,380,199,434,204,353.7131066382635,118.71394189394942,357.33699923393283,172.18594600024707,0.4136,2,100,6,1,200,100,120.0,4.0,40.0,0.35,0.35,0.3,0.1
412,83,490,189,503,188,354.2396493591487,229.1571513176056,354.312946622685,242.19207253748004,0.9153,2,100,6,1,200,100,120.0,4.0,40.0,0.35,0.35,0.3,0.1
412,88,378,198,434,201,353.11827636936306,116.84177335182824,356.3407184813392,172.35138525698017,0.4934,2,100,6,1,200,100,120.0,4.0,40.0,0.35,0.35,0.3,0.1
413,83,492,185,504,184,353.30461722309514,231.57936004747918,353.40008301808615,243.61444948935193,0.9098,2,100,6,1,200,100,120.0,4.0,40.0,0.35,0.35,0.3,0.1
413,88,377,197,435,200,352.5685920288275,115.97413504743201,356.0320818620131,173.4156855650607,0.4575,2,100,6,1,200,100,120.0,4.0,40.0,0.35,0.35,0.3,0.1
414,89,435,201,506,180,356.36181342213536,173.34935823359717,352.5284408234076,246.0894146443524,0.2441,2,100,6,1,200,100,120.0,4.0,40.0,0.35,0.35,0.3,0.1
414,90,377,196,494,181,352.07926009835893,116.1077086157504,352.3891805224332,234.06195760951843,0.8593,2,100,6,1,200,100,120.0,4.0,40.0,0.35,0.35,0.3,0.1
415,83,496,178,508,177,351.7328266644894,236.4571842850202,351.90250764773725,248.47736315407084,0.8628,1,100,6,1,200,100,120.0,4.0,40.0,0.35,0.35,0.3,0.1
416,83,498,175,510,174,351.08971914886797,238.88281646028875,351.2885624480496,250.89440009693323,0.8313,1,100,6,1,200,100,120.0,4.0,40.0,0.35,0.35,0.3,0.1
417,83,500,173,513,171,350.69390311582606,241.17421089328766,350.7228606620653,254.32656172724074,0.959,1,100,6,1,200,100,120.0,4.0,40.0,0.35,0.35,0.3,0.1
418,83,502,171,515,169,350.3055557148058,243.47689828811275,350.35415574338805,256.62813563598206,0.9492,1,100,6,1,200,100,120.0,4.0,40.0,0.35,0.35,0.3,0.1
423,88,374,198,419,201,352.8749836510982,112.8716084761797,355.99219545762764,157.3848785620779,0.4686,1,100,6,1,200,100,120.0,4.0,40.0,0.35,0.35,0.3,0.1
424,83,523,165,539,160,349.7917736411862,265.1980392084376,349.36785654193426,281.8386062980017,0.4115,3,100,6,1,200,100,120.0,4.0,40.0,0.35,0.35,0.3,0.1
424,91,534,163,537,162,349.7878650676529,276.3783638420345,349.695153531234,279.5084971874737,0.5088,3,100,6,1,200,100,120.0,4.0,40.0,0.35,0.35,0.3,0.1
424,92,580,248,595,248,6.458816378718656,320.0312484742701,6.170175095029609,334.94029318671113,0.6525,3,100,6,1,200,100,120.0,4.0,40.0,0.35,0.35,0.3,0.1
425,91,519,166,541,160,349.8521816533568,261.0842775810141,349.44235311902185,283.8045101826255,0.7505,2,100,6,1,200,100,120.0,4.0,40.0,0.35,0.35,0.3,0.1
425,92,579,246,594,246,6.12188536393256,318.8181299738144,5.84725544127322,333.73642294481436,0.6825,2,100,6,1,200,100,120.0,4.0,40.0,0.35,0.35,0.3,0.1
426,83,521,165,535,162,349.7146220250525,263.2299375071156,349.62129501009093,277.5409879639402,0.6552,2,100,6,1,200,100,120.0,4.0,40.0,0.35,0.35,0.3,0.1
426,92,578,243,594,243,5.602860679980772,317.5169286825507,5.334440037031728,333.44414824674914,0.7139,2,100,6,1,200,100,120.0,4.0,40.0,0.35,0.35,0.3,0.1
427,91,530,163,544,161,349.6387230378128,272.44265451650557,349.7488012491826,286.574597618142,0.809,2,100,6,1,200,100,120.0,4.0,40.0,0.35,0.35,0.3,0.1
427,92,577,240,593,240,5.07960786001457,316.2419959461425,4.835261377815626,332.18217893198306,0.7303,2,100,6,1,200,100,120.0,4.0,40.0,0.35,0.35,0.3,0.1
428,91,529,164,540,162,349.8084981499723,271.28029784707917,349.8040117527132,282.4606167238187,0.8459,2,100,6,1,200,100,120.0,4.0,40.0,0.35,0.35,0.3,0.1
428,92,577,236,592,236,4.356975005846297,315.91296269700615,4.159642293712642,330.8715762950937,0.7769,2,100,6,1,200,100,120.0,4.0,40.0,0.35,0.35,0.3,0.1
429,91,535,163,546,161,349.8244891569568,277.3625785862253,349.8194777181947,288.54289109246827,0.6776,2,100,6,1,200,100,120.0,4.0,40.0,0.35,0.35,0.3,0.1
429,92,576,232,591,232,3.644489512771559,314.6362979695763,3.4787451401449596,329.607342151233,0.8148,2,100,6,1,200,100,120.0,4.0,40.0,0.35,0.35,0.3,0.1
430,92,575,227,591,227,2.743704976223483,313.35921878891645,2.610461799790587,329.34176777323586,0.8465,1,100,6,1,200,100,120.0,4.0,40.0,0.35,0.35,0.3,0.1
431,92,575,221,590,221,1.6470286612587413,313.12936623702353,1.5717459148182542,328.12345237730267,0.8826,2,100,6,1,200,100,120.0,4.0,40.0,0.35,0.35,0.3,0.1
431,93,78,224,70,226,176.26860300083956,184.39088914585776,175.8295634751579,192.50974001333023,0.677,2,100,6,1,200,100,120.0,4.0,40.0,0.35,0.35,0.3,0.1
432,92,574,216,590,216,0.7345210342548154,312.0256399721023,0.6986943829834713,328.0243893371345,0.9415,3,100,6,1,200,100,120.0,4.0,40.0,0.35,0.35,0.3,0.1
432,93,80,228,71,230,174.97592474146046,182.70194306574848,174.61629832318823,191.84629264074925,0.7609,3,100,6,1,200,100,120.0,4.0,40.0,0.35,0.35,0.3,0.1
432,94,372,421,379,431,62.24145939893998,236.18001608942276,61.88679112394404,248.29418035870273,0.6487,3,100,6,1,200,100,120.0,4.0,40.0,0.35,0.35,0.3,0.1
433,92,574,210,589,210,359.6327243926619,312.00641019056,359.6495714673459,327.00611615075337,0.95,1,100,6,1,200,100,120.0,4.0,40.0,0.35,0.35,0.3,0.1
434,91,550,162,565,159,350.15098548888295,292.30805667993485,350.0783414583143,307.6003901167877,0.6562,2,100,6,1,200,100,120.0,4.0,40.0,0.35,0.35,0.3,0.1
434,92,573,205,588,204,358.71060209593975,311.07876816009156,358.5942507389537,326.0981447355995,0.8446,2,100,6,1,200,100,120.0,4.0,40.0,0.35,0.35,0.3,0.1
435,92,572,199,587,199,357.59868074402743,310.27246091137386,357.70938995736145,325.25989608311687,0.8565,1,100,6,1,200,100,120.0,4.0,40.0,0.35,0.35,0.3,0.1
436,95,81,173,12,173,192.1595957285265,185.15398996510984,188.86667604414427,253.02371430362015,0.3177,3,100,6,1,200,100,120.0,4.0,40.0,0.35,0.35,0.3,0.1
436,92,571,194,586,193,356.6661493384634,309.5238278388273,356.6439058607041,324.5566206380637,0.9361,3,100,6,1,200,100,120.0,4.0,40.0,0.35,0.35,0.3,0.1
436,93,87,246,79,248,169.00522265070788,178.27226368675525,168.8708107103888,186.50737250843463,0.8832,3,100,6,1,200,100,120.0,4.0,40.0,0.35,0.35,0.3,0.1
437,91,563,161,578,160,350.38340842995007,305.29002604081256,350.65532809790034,320.24990241996954,0.4535,3,100,6,1,200,100,120.0,4.0,40.0,0.35,0.35,0.3,0.1
437,95,83,175,12,173,191.6787843280604,182.7840255602223,188.86667604414427,253.02371430362015,0.4084,3,100,6,1,200,100,120.0,4.0,40.0,0.35,0.35,0.3,0.1
437,92,570,188,586,188,355.54439716667366,308.93364983439403,355.7636052009412,324.8876728963412,0.7604,3,100,6,1,200,100,120.0,4.0,40.0,0.35,0.35,0.3,0.1
438,95,84,177,13,174,191.12410897578224,181.4083790788066,188.6769853815742,251.88290930509754,0.4734,2,100,6,1,200,100,120.0,4.0,40.0,0.35,0.35,0.3,0.1
438,92,570,183,585,183,354.6211252633211,309.3622472119053,354.86955295234003,324.29924452579286,0.7439,2,100,6,1,200,100,120.0,4.0,40.0,0.35,0.35,0.3,0.1
439,92,570,178,585,178,353.7006462938695,309.87094087700444,353.99099404250546,324.7845439672276,0.6987,1,100,6,1,200,100,120.0,4.0,40.0,0.35,0.35,0.3,0.1
440,95,88,180,14,174,190.4207123967945,176.91806012954132,188.71143755195035,250.89440009693323,0.6131,1,100,6,1,200,100,120.0,4.0,40.0,0.35,0.35,0.3,0.1
441,95,90,181,15,174,190.21687962972672,174.77127910500627,188.7461622625552,249.9059823213522,0.6486,1,100,6,1,200,100,120.0,4.0,40.0,0.35,0.35,0.3,0.1
442,95,92,183,15,175,189.68079885938508,172.45579143653018,188.5194221574111,249.75588081164375,0.7047,1,100,6,1,200,100,120.0,4.0,40.0,0.35,0.35,0.3,0.1
443,95,94,184,15,175,189.46232220802563,170.31735084835015,188.5194221574111,249.75588081164375,0.7364,2,100,6,1,200,100,120.0,4.0,40.0,0.35,0.35,0.3,0.1
443,96,392,425,398,433,58.603087751409554,249.5375723212839,58.3924977537511,259.4937378820537,0.6335,2,100,6,1,200,100,120.0,4.0,40.0,0.35,0.35,0.3,0.1
444,95,96,186,15,176,188.901716032892,168.02380783686579,188.29241291009265,249.6096953245206,0.7897,1,100,6,1,200,100,120.0,4.0,40.0,0.35,0.35,0.3,0.1
445,91,594,165,610,164,351.9423933214287,335.31030404686345,352.14668669802177,351.29474803930674,0.5215,2,100,6,1,200,100,120.0,4.0,40.0,0.35,0.35,0.3,0.1
445,95,98,187,15,177,188.66738717995548,165.89454481688057,188.06514118072923,249.46743274423616,0.7935,2,100,6,1,200,100,120.0,4.0,40.0,0.35,0.35,0.3,0.1
446,91,599,166,613,165,352.22724714640805,340.1249770305027,352.37328211739776,354.13274347340433,0.5646,2,100,6,1,200,100,120.0,4.0,40.0,0.35,0.35,0.3,0.1
446,95,100,188,15,178,188.42696902148066,163.76812876747417,187.83761367789845,249.3290997858052,0.8027,2,100,6,1,200,100,120.0,4.0,40.0,0.35,0.35,0.3,0.1
447,97,387,179,407,169,345.2113223858348,129.28263611173776,343.48218574704043,151.24152868838638,0.6289,2,100,6,1,200,100,120.0,4.0,40.0,0.35,0.35,0.3,0.1
447,95,102,189,15,180,188.1802298824975,161.64467204334326,187.3818184219199,249.06424873915566,0.7894,2,100,6,1,200,100,120.0,4.0,40.0,0.35,0.35,0.3,0.1
448,97,387,179,410,169,345.2113223858348,129.28263611173776,343.79927700352755,154.12008305214476,0.7039,2,100,6,1,200,100,120.0,4.0,40.0,0.35,0.35,0.3,0.1
448,95,104,189,14,181,188.2823494170313,159.66527487215245,187.1250163489018,249.92999019725505,0.7606,2,100,6,1,200,100,120.0,4.0,40.0,0.35,0.35,0.3,0.1
449,97,387,179,415,170,345.2113223858348,129.28263611173776,344.64986350757556,158.66001386612822,0.8795,2,100,6,1,200,100,120.0,4.0,40.0,0.35,0.35,0.3,0.1
449,95,106,190,14,183,188.02723751043195,157.54364474646383,186.66961984231233,249.68980756130196,0.7504,2,100,6,1,200,100,120.0,4.0,40.0,0.35,0.35,0.3,0.1
450,97,386,180,419,170,345.52970589993413,128.06248474865697,345.02316406045793,162.5207679036744,0.88,2,100,6,1,200,100,120.0,4.0,40.0,0.35,0.35,0.3,0.1
450,95,109,191,14,184,187.81529354676687,154.434452114805,186.44160009933503,249.57563983690395,0.7667,2,100,6,1,200,100,120.0,4.0,40.0,0.35,0.35,0.3,0.1
451,97,387,180,425,171,345.6406634557554,129.0310040261642,345.88107869694363,168.0773631397161,0.9478,2,100,6,1,200,100,120.0,4.0,40.0,0.35,0.35,0.3,0.1
451,95,111,192,14,186,187.54492903875683,152.31874474272692,185.9849523151154,249.35917869611296,0.7488,2,100,6,1,200,100,120.0,4.0,40.0,0.35,0.35,0.3,0.1
452,97,386,182,431,172,346.3994574833413,127.57742747053649,346.68391695089275,173.66922582887275,0.941,2,100,6,1,200,100,120.0,4.0,40.0,0.35,0.35,0.3,0.1
452,95,113,193,14,187,187.26695440581167,150.20652449211386,185.75633826112337,249.25689559167665,0.7782,2,100,6,1,200,100,120.0,4.0,40.0,0.35,0.35,0.3,0.1
453,97,385,185,436,174,347.61924307119284,125.92855117089213,347.6805547433634,178.10109488714548,0.9544,2,100,6,1,200,100,120.0,4.0,40.0,0.35,0.35,0.3,0.1
453,95,116,193,14,189,187.4146302909747,147.2311108427835,185.29856506989992,249.06424873915566,0.6977,2,100,6,1,200,100,120.0,4.0,40.0,0.35,0.35,0.3,0.1
454,95,118,193,15,190,187.51644171626947,145.24806367039804,185.08983650928786,247.97782158894776,0.6568,1,100,6,1,200,100,120.0,4.0,40.0,0.35,0.35,0.3,0.1
455,98,281,57,299,8,276.9884897299835,156.16017418023074,280.28012870519456,207.32824216685964,0.3582,2,100,6,1,200,100,120.0,4.0,40.0,0.35,0.35,0.3,0.1
455,95,120,194,15,192,187.22431569404532,143.13629868066312,184.62923494779758,247.80839372386077,0.65,2,100,6,1,200,100,120.0,4.0,40.0,0.35,0.35,0.3,0.1
456,98,281,57,295,7,276.9884897299835,156.16017418023074,279.1447716537843,207.63910999616618,0.5674,3,100,6,1,200,100,120.0,4.0,40.0,0.35,0.35,0.3,0.1
456,91,607,173,617,173,353.5504652961577,347.1973502203034,353.73067498296547,357.13582850226607,0.4832,3,100,6,1,200,100,120.0,4.0,40.0,0.35,0.35,0.3,0.1
456,95,123,194,16,194,187.3785358426738,140.1606221447379,184.1849161251184,246.6576574931336,0.5729,3,100,6,1,200,100,120.0,4.0,40.0,0.35,0.35,0.3,0.1
457,98,281,57,291,8,276.9884897299835,156.16017418023074,278.0907778719896,206.0509645694482,0.731,4,100,6,1,200,100,120.0,4.0,40.0,0.35,0.35,0.3,0.1
457,91,604,173,614,171,353.49437335431634,344.2165016381405,353.3562809434074,354.37973982720854,0.6255,4,100,6,1,200,100,120.0,4.0,40.0,0.35,0.35,0.3,0.1
457,99,437,178,448,177,349.0052226507079,178.27226368675525,349.3431517530787,189.2643653728826,0.7722,4,100,6,1,200,100,120.0,4.0,40.0,0.35,0.35,0.3,0.1
457,95,124,195,17,195,187.0227938355732,139.04315876734103,183.96926345671952,245.58908770545975,0.5494,4,100,6,1,200,100,120.0,4.0,40.0,0.35,0.35,0.3,0.1
458,98,281,57,287,8,276.9884897299835,156.16017418023074,276.98670453666693,205.526154053444,0.911,3,100,6,1,200,100,120.0,4.0,40.0,0.35,0.35,0.3,0.1
458,99,436,180,447,179,349.5792876032055,176.91806012954132,349.8860478542083,187.92019582790988,0.8009,3,100,6,1,200,100,120.0,4.0,40.0,0.35,0.35,0.3,0.1
458,95,126,195,18,197,187.1250163489018,137.05838172107534,183.51785439580175,244.4606307772276,0.49,3,100,6,1,200,100,120.0,4.0,40.0,0.35,0.35,0.3,0.1
459,98,281,57,283,9,276.9884897299835,156.16017418023074,275.9061411137705,204.08331631958552,0.7292,3,100,6,1,200,100,120.0,4.0,40.0,0.35,0.35,0.3,0.1
459,99,435,183,446,182,350.4839797950318,175.41379649275024,350.73977846882855,186.4296113818832,0.7938,3,100,6,1,200,100,120.0,4.0,40.0,0.35,0.35,0.3,0.1
459,95,128,196,19,199,186.8090501796134,134.9518432626987,183.06228708540004,243.34748817277733,0.4715,3,100,6,1,200,100,120.0,4.0,40.0,0.35,0.35,0.3,0.1
460,98,281,57,279,9,276.9884897299835,156.16017418023074,274.78699912095,203.71057900855322,0.5326,4,100,6,1,200,100,120.0,4.0,40.0,0.35,0.35,0.3,0.1
460,100,558,160,572,159,350.0361958100928,300.5328601001894,350.298073210635,314.49801271232224,0.7345,4,100,6,1,200,100,120.0,4.0,40.0,0.35,0.35,0.3,0.1
460,99,435,186,445,185,351.4530399926558,174.94284781036347,351.6070748126075,184.98108011361595,0.8578,4,100,6,1,200,100,120.0,4.0,40.0,0.35,0.35,0.3,0.1
460,95,130,197,21,200,186.48307369289725,132.84953895290718,182.85054765601754,241.29857024027308,0.4836,4,100,6,1,200,100,120.0,4.0,40.0,0.35,0.35,0.3,0.1
461,100,557,163,572,162,350.56917629320634,299.04180309782777,350.83765295427827,314.00636936215164,0.7327,3,100,6,1,200,100,120.0,4.0,40.0,0.35,0.35,0.3,0.1
461,99,433,189,444,188,352.33952466553365,172.53985046939155,352.4878558969472,183.5755975068582,0.858,3,100,6,1,200,100,120.0,4.0,40.0,0.35,0.35,0.3,0.1
461,95,133,198,22,201,186.19390496715096,129.75746606650424,182.62422002778206,240.25195108468944,0.5074,3,100,6,1,200,100,120.0,4.0,40.0,0.35,0.35,0.3,0.1
462,99,432,192,443,191,353.2901631922431,171.1724276862369,353.38201271201297,182.21415971323415,0.8675,3,100,6,1,200,100,120.0,4.0,40.0,0.35,0.35,0.3,0.1
462,95,135,198,24,202,186.290670773355,127.76932339180638,182.4059705166453,238.20999139414786,0.4634,3,100,6,1,200,100,120.0,4.0,40.0,0.35,0.35,0.3,0.1
462,101,495,392,500,395,37.68724122661734,294.4299577149037,37.55695600552827,300.22158483360255,0.4072,3,100,6,1,200,100,120.0,4.0,40.0,0.35,0.35,0.3,0.1
463,100,554,170,569,169,351.81496402939456,295.00508470194205,352.02672876742963,309.99677417676463,0.7907,4,100,6,1,200,100,120.0,4.0,40.0,0.35,0.35,0.3,0.1
463,91,610,191,623,189,356.5466837494689,348.63304490538474,356.35450365538867,361.7319449537185,0.6461,4,100,6,1,200,100,120.0,4.0,40.0,0.35,0.35,0.3,0.1
463,99,432,195,443,194,354.28940686250036,170.84788555905513,354.32075028361504,181.89282558693733,0.9077,4,100,6,1,200,100,120.0,4.0,40.0,0.35,0.35,0.3,0.1
463,95,137,199,25,203,185.9374160994815,125.67418191498204,182.17474411461004,237.17082451262846,0.4712,4,100,6,1,200,100,120.0,4.0,40.0,0.35,0.35,0.3,0.1
464,100,552,174,567,173,352.5348091438786,292.4790590794493,352.71319688601835,307.4833328816377,0.8349,3,100,6,1,200,100,120.0,4.0,40.0,0.35,0.35,0.3,0.1
464,95,139,200,27,204,185.5721978039638,123.58397954427588,181.94974167210688,235.1361307838504,0.491,3,100,6,1,200,100,120.0,4.0,40.0,0.35,0.35,0.3,0.1
464,102,370,375,377,386,56.47247325646148,195.5326059765992,56.53850484993143,208.568933448872,0.6584,3,100,6,1,200,100,120.0,4.0,40.0,0.35,0.35,0.3,0.1
465,100,549,179,564,178,353.44078875700546,288.8909828983937,353.57652956344344,303.90788077968625,0.8682,6,100,6,1,200,100,120.0,4.0,40.0,0.35,0.35,0.3,0.1
465,91,610,193,623,192,356.8748849163569,348.5182922028627,356.82896027275063,361.55359215474544,0.8083,6,100,6,1,200,100,120.0,4.0,40.0,0.35,0.35,0.3,0.1
465,95,141,200,29,204,185.66370625802057,121.59358535712317,181.96646456829575,233.13729860320507,0.4738,6,100,6,1,200,100,120.0,4.0,40.0,0.35,0.35,0.3,0.1
465,99,433,200,444,200,355.98582430458896,171.42053552593984,356.2277163906202,182.3951753747889,0.7571,6,100,6,1,200,100,120.0,4.0,40.0,0.35,0.35,0.3,0.1
465,103,613,201,628,202,358.20499326266366,351.17232237179513,358.43493091440774,366.1365865356807,0.6686,6,100,6,1,200,100,120.0,4.0,40.0,0.35,0.35,0.3,0.1
465,104,340,233,393,243,15.068488159492212,80.77747210701756,13.3136323121434,134.61797799699713,0.7657,6,100,6,1,200,100,120.0,4.0,40.0,0.35,0.35,0.3,0.1
466,105,248,44,251,13,265.23635830927384,168.58232410309213,266.83611638111927,199.3037882229036,0.5891,5,100,6,1,200,100,120.0,4.0,40.0,0.35,0.35,0.3,0.1
466,100,546,184,561,184,354.36931724236473,285.3769437077915,354.6501111133102,300.30817504690077,0.7611,5,100,6,1,200,100,120.0,4.0,40.0,0.35,0.35,0.3,0.1
466,95,144,201,31,205,185.32574062476772,118.51160280748886,181.73570458892837,231.10603626906848,0.4886,5,100,6,1,200,100,120.0,4.0,40.0,0.35,0.35,0.3,0.1
466,103,610,198,624,196,357.6962396753998,348.28149534536,357.4692369823646,362.3534186398688,0.5937,5,100,6,1,200,100,120.0,4.0,40.0,0.35,0.35,0.3,0.1
466,104,337,234,391,243,16.34817154735125,78.16009211867653,13.51253063578602,132.67252918370102,0.6541,5,100,6,1,200,100,120.0,4.0,40.0,0.35,0.35,0.3,0.1
467,105,248,47,247,13,265.15015609821717,165.59287424282482,265.68937417517947,199.56452590578317,0.8644,5,100,6,1,200,100,120.0,4.0,40.0,0.35,0.35,0.3,0.1
467,100,543,190,558,189,355.5233412515894,281.8598942737331,355.55689079480385,296.89223634174067,0.9704,5,100,6,1,200,100,120.0,4.0,40.0,0.35,0.35,0.3,0.1
467,95,146,201,33,205,185.4170221138566,116.52038448271615,181.75085418654282,229.10696191953662,0.4856,5,100,6,1,200,100,120.0,4.0,40.0,0.35,0.35,0.3,0.1
467,103,611,204,626,203,358.6868596590825,349.09167850293994,358.58363469045224,364.1112467364885,0.5784,5,100,6,1,200,100,120.0,4.0,40.0,0.35,0.35,0.3,0.1
467,104,336,235,389,242,17.26580949501459,77.4919350642375,13.290801411285882,130.49521064008442,0.5327,5,100,6,1,200,100,120.0,4.0,40.0,0.35,0.35,0.3,0.1
468,105,248,48,242,14,265.12072621699326,164.59647626847908,264.23211110208587,199.00753754569197,0.7626,5,100,6,1,200,100,120.0,4.0,40.0,0.35,0.35,0.3,0.1
468,95,148,202,35,205,185.01311375503582,114.43775600735974,181.76627048600903,227.1079038695043,0.525,5,100,6,1,200,100,120.0,4.0,40.0,0.35,0.35,0.3,0.1
468,103,611,205,625,204,358.85095505267384,349.07019351414124,358.73748746979265,363.0881435684729,0.7684,5,100,6,1,200,100,120.0,4.0,40.0,0.35,0.35,0.3,0.1
468,91,613,214,627,213,0.3264681449914567,351.0056979594491,0.15697434563781498,365.0013698604431,0.6041,5,100,6,1,200,100,120.0,4.0,40.0,0.35,0.35,0.3,0.1
468,104,336,235,386,242,17.26580949501459,77.4919350642375,13.600542516658743,127.57742747053649,0.5696,5,100,6,1,200,100,120.0,4.0,40.0,0.35,0.35,0.3,0.1
469,95,150,203,37,205,184.5942533312664,112.36102527122117,181.78196059032663,225.10886255321003,0.5744,4,100,6,1,200,100,120.0,4.0,40.0,0.35,0.35,0.3,0.1
469,103,611,212,626,213,0.0,349.0,0.15740559167323548,364.00137362378183,0.7692,4,100,6,1,200,100,120.0,4.0,40.0,0.35,0.35,0.3,0.1
469,104,336,235,383,241,17.26580949501459,77.4919350642375,13.477822753241322,124.42668524074729,0.5463,4,100,6,1,200,100,120.0,4.0,40.0,0.35,0.35,0.3,0.1
469,106,62,307,50,311,154.59228189105156,221.41589825484527,154.96831287918377,233.97649454592656,0.4848,4,100,6,1,200,100,120.0,4.0,40.0,0.35,0.35,0.3,0.1
470,95,153,203,38,204,184.72013693104356,109.37092849564732,182.0454084888872,224.1428116179504,0.5868,3,100,6,1,200,100,120.0,4.0,40.0,0.35,0.35,0.3,0.1
470,103,610,216,626,216,0.658543177563603,348.0229877464993,0.6295986084102668,364.0219773585106,0.9145,3,100,6,1,200,100,120.0,4.0,40.0,0.35,0.35,0.3,0.1
470,106,57,309,46,312,154.67785752120463,226.7906523646863,155.15761089454483,238.02520874898943,0.3799,3,100,6,1,200,100,120.0,4.0,40.0,0.35,0.35,0.3,0.1
471,95,154,204,40,204,184.23639479905881,108.29589096544707,182.06381972845696,222.14409737825582,0.6509,3,100,6,1,200,100,120.0,4.0,40.0,0.35,0.35,0.3,0.1
471,103,610,220,625,221,1.3169124057932626,348.09194187742986,1.4202655463990457,363.1115531073061,0.8211,3,100,6,1,200,100,120.0,4.0,40.0,0.35,0.35,0.3,0.1
471,104,337,234,377,238,16.34817154735125,78.16009211867653,12.739646792482093,117.90250209389112,0.5467,3,100,6,1,200,100,120.0,4.0,40.0,0.35,0.35,0.3,0.1
472,95,154,203,42,203,184.7636416907262,108.37435120913067,182.34261200649826,220.18401395196702,0.6302,4,100,6,1,200,100,120.0,4.0,40.0,0.35,0.35,0.3,0.1
472,103,609,225,624,225,2.145524354897001,347.24343046341426,2.056699409918148,362.2333502039811,0.8282,4,100,6,1,200,100,120.0,4.0,40.0,0.35,0.35,0.3,0.1
472,104,338,233,373,236,15.446316367692557,78.84795495128583,12.200468727380784,113.5649593844862,0.5701,4,100,6,1,200,100,120.0,4.0,40.0,0.35,0.35,0.3,0.1
472,107,347,358,350,364,59.79238751959337,168.94081803992782,59.93141717813756,175.6359872008012,0.6431,4,100,6,1,200,100,120.0,4.0,40.0,0.35,0.35,0.3,0.1
473,95,154,202,43,202,185.29008120537125,108.46197490364999,182.61442959659544,219.22819161777528,0.5929,4,100,6,1,200,100,120.0,4.0,40.0,0.35,0.35,0.3,0.1
473,103,608,229,624,229,2.812848560211114,346.41737831696605,2.688710408994923,362.3989514333616,0.8036,4,100,6,1,200,100,120.0,4.0,40.0,0.35,0.35,0.3,0.1
473,104,338,232,369,234,14.743562836470735,78.587530817554,11.618524352794635,109.23827168167757,0.5729,4,100,6,1,200,100,120.0,4.0,40.0,0.35,0.35,0.3,0.1
473,107,347,360,353,370,60.130200777047996,170.67220043111882,60.06023585081917,182.33211456021672,0.8838,4,100,6,1,200,100,120.0,4.0,40.0,0.35,0.35,0.3,0.1
474,95,155,202,45,201,185.33923680373758,107.46627377926528,182.9019104688836,217.27862297059966,0.6607,3,100,6,1,200,100,120.0,4.0,40.0,0.35,0.35,0.3,0.1
474,104,340,231,365,232,13.690049617465514,80.2807573457052,10.98865109649398,104.92378186092989,0.6302,3,100,6,1,200,100,120.0,4.0,40.0,0.35,0.35,0.3,0.1
474,103,608,233,623,233,3.4732288906246223,346.636697422532,3.329243533546845,361.6102874642811,0.7617,3,100,6,1,200,100,120.0,4.0,40.0,0.35,0.35,0.3,0.1
475,95,158,201,46,199,186.03768252142288,104.58011283222064,183.44420251465328,216.390850083824,0.7045,2,100,6,1,200,100,120.0,4.0,40.0,0.35,0.35,0.3,0.1
475,106,68,308,58,311,153.67170689482913,216.453228204155,154.1129737336733,226.75316976836288,0.4731,2,100,6,1,200,100,120.0,4.0,40.0,0.35,0.35,0.3,0.1
476,95,160,199,45,199,187.26324474058455,102.82509421342633,183.42836855885497,217.38905216224666,0.5622,2,100,6,1,200,100,120.0,4.0,40.0,0.35,0.35,0.3,0.1
476,106,68,308,58,312,153.67170689482913,216.453228204155,153.8860873697093,227.19154913860683,0.6535,2,100,6,1,200,100,120.0,4.0,40.0,0.35,0.35,0.3,0.1
477,107,333,346,338,357,62.08308694736279,151.64761785138597,62.33926148804047,163.71010964506743,0.6348,1,100,6,1,200,100,120.0,4.0,40.0,0.35,0.35,0.3,0.1
478,108,465,172,476,170,348.8529934740781,206.90335908341362,348.8961665633639,218.08255317654368,0.9001,3,100,6,1,200,100,120.0,4.0,40.0,0.35,0.35,0.3,0.1
478,103,605,250,620,250,6.321857097091546,345.0985366529392,6.058987723978338,360.01111093964863,0.6523,3,100,6,1,200,100,120.0,4.0,40.0,0.35,0.35,0.3,0.1
478,106,66,309,56,313,153.66928608278423,218.68927728629038,153.88169048693737,229.42754847663784,0.7886,3,100,6,1,200,100,120.0,4.0,40.0,0.35,0.35,0.3,0.1
479,108,465,170,476,169,348.3106308245608,207.29930052945187,348.63858885203933,218.27734651126764,0.7173,2,100,6,1,200,100,120.0,4.0,40.0,0.35,0.35,0.3,0.1
479,106,68,308,57,312,153.67170689482913,216.453228204155,153.99665415548856,228.08989455914087,0.541,2,100,6,1,200,100,120.0,4.0,40.0,0.35,0.35,0.3,0.1
480,108,465,169,476,167,348.04023777806924,207.50421682462263,348.1248360202999,218.68013169924697,0.8887,1,100,6,1,200,100,120.0,4.0,40.0,0.35,0.35,0.3,0.1
481,108,464,167,475,166,347.4411630590524,206.95168518279817,347.8134228421162,217.91053209975877,0.7024,1,100,6,1,200,100,120.0,4.0,40.0,0.35,0.35,0.3,0.1
482,109,27,31,4,17,217.60392344028733,296.62434155004877,217.08249696517166,323.40222633742025,0.6872,1,100,6,1,200,100,120.0,4.0,40.0,0.35,0.35,0.3,0.1
483,108,463,164,474,162,346.56897112931836,206.65188119153427,346.72935612359635,217.81643647805828,0.8345,1,100,6,1,200,100,120.0,4.0,40.0,0.35,0.35,0.3,0.1
484,108,464,165,475,163,346.9018492052812,207.3957569479183,347.0446807187342,218.56349191939628,0.8469,1,100,6,1,200,100,120.0,4.0,40.0,0.35,0.35,0.3,0.1
485,108,464,167,476,165,347.4411630590524,206.95168518279817,347.61301323762893,219.10043359153812,0.8231,2,100,6,1,200,100,120.0,4.0,40.0,0.35,0.35,0.3,0.1
485,103,573,275,601,278,11.451578117502022,317.3168763239674,11.017111618789212,345.36502428589955,0.5473,2,100,6,1,200,100,120.0,4.0,40.0,0.35,0.35,0.3,0.1
486,103,571,274,613,279,11.34558634590419,315.15869018638847,10.806799154341304,357.33737559902687,0.4494,3,100,6,1,200,100,120.0,4.0,40.0,0.35,0.35,0.3,0.1
486,110,557,274,574,276,11.869079779835362,301.4448539948891,11.592175410291071,318.4964677983101,0.7725,3,100,6,1,200,100,120.0,4.0,40.0,0.35,0.35,0.3,0.1
486,111,560,276,599,283,12.121015452585759,304.7950130825634,11.897226273377933,344.3980255460243,0.6193,3,100,6,1,200,100,120.0,4.0,40.0,0.35,0.35,0.3,0.1
487,112,361,214,384,206,1.1573330681295173,99.02019995940222,357.18444331578877,122.14745187681976,0.3773,4,100,6,1,200,100,120.0,4.0,40.0,0.35,0.35,0.3,0.1
487,111,558,275,598,286,12.015418406955646,302.63013729633735,12.420429945256576,344.05232160239814,0.6268,4,100,6,1,200,100,120.0,4.0,40.0,0.35,0.35,0.3,0.1
487,103,573,275,612,282,11.451578117502022,317.3168763239674,11.309932474020213,356.9313659514949,0.6731,4,100,6,1,200,100,120.0,4.0,40.0,0.35,0.35,0.3,0.1
487,113,38,296,31,299,159.44395478041653,239.23210486889087,159.3624530153122,246.84002916869053,0.8848,4,100,6,1,200,100,120.0,4.0,40.0,0.35,0.35,0.3,0.1
488,109,26,31,6,14,217.4863718194613,297.41721537261424,217.71971091600628,323.6355975476122,0.7639,2,100,6,1,200,100,120.0,4.0,40.0,0.35,0.35,0.3,0.1
488,103,573,275,610,285,11.451578117502022,317.3168763239674,11.84716342093154,355.5741835398065,0.5514,2,100,6,1,200,100,120.0,4.0,40.0,0.35,0.35,0.3,0.1
489,114,29,26,9,9,218.5997812676571,298.1358750637031,218.74256570185378,324.3732418064104,0.7772,3,100,6,1,200,100,120.0,4.0,40.0,0.35,0.35,0.3,0.1
489,109,26,32,4,17,217.33319573818582,296.8097033454264,217.08249696517166,323.40222633742025,0.7603,3,100,6,1,200,100,120.0,4.0,40.0,0.35,0.35,0.3,0.1
489,111,558,275,608,289,12.015418406955646,302.63013729633735,12.546340076876357,354.4643846707311,0.5449,3,100,6,1,200,100,120.0,4.0,40.0,0.35,0.35,0.3,0.1
490,109,27,31,6,14,217.60392344028733,296.62434155004877,217.71971091600628,323.6355975476122,0.8253,1,100,6,1,200,100,120.0,4.0,40.0,0.35,0.35,0.3,0.1
491,109,27,31,6,14,217.60392344028733,296.62434155004877,217.71971091600628,323.6355975476122,0.8226,1,100,6,1,200,100,120.0,4.0,40.0,0.35,0.35,0.3,0.1
492,114,27,31,6,15,217.60392344028733,296.62434155004877,217.57940663411867,323.02476685232665,0.8778,2,100,6,1,200,100,120.0,4.0,40.0,0.35,0.35,0.3,0.1
492,113,32,277,23,279,164.21924669048462,239.0083680543424,164.33997086815646,248.21361767638777,0.8549,2,100,6,1,200,100,120.0,4.0,40.0,0.35,0.35,0.3,0.1
493,109,27,31,6,14,217.60392344028733,296.62434155004877,217.71971091600628,323.6355975476122,0.8175,2,100,6,1,200,100,120.0,4.0,40.0,0.35,0.35,0.3,0.1
493,113,30,273,21,275,165.2685941290827,239.88538930080756,165.35009589418704,249.09837414162303,0.875,2,100,6,1,200,100,120.0,4.0,40.0,0.35,0.35,0.3,0.1
494,109,27,31,6,15,217.60392344028733,296.62434155004877,217.57940663411867,323.02476685232665,0.8766,2,100,6,1,200,100,120.0,4.0,40.0,0.35,0.35,0.3,0.1
494,113,29,271,20,272,165.79030868800555,240.35390573069537,166.07522677959057,249.32709439609647,0.5934,2,100,6,1,200,100,120.0,4.0,40.0,0.35,0.35,0.3,0.1
495,109,27,31,6,15,217.60392344028733,296.62434155004877,217.57940663411867,323.02476685232665,0.8793,2,100,6,1,200,100,120.0,4.0,40.0,0.35,0.35,0.3,0.1
495,113,26,266,18,269,167.1118148742343,242.099153240981,166.8511323047629,250.56935167733502,0.668,2,100,6,1,200,100,120.0,4.0,40.0,0.35,0.35,0.3,0.1
496,109,26,31,6,15,217.4863718194613,297.41721537261424,217.57940663411867,323.02476685232665,0.8302,2,100,6,1,200,100,120.0,4.0,40.0,0.35,0.35,0.3,0.1
496,113,24,263,16,266,167.90524292298792,243.402958075698,167.61924307119284,251.85710234178427,0.6269,2,100,6,1,200,100,120.0,4.0,40.0,0.35,0.35,0.3,0.1
497,113,23,261,15,264,168.4137234653715,243.97130978867168,168.11134196037204,252.41434190631878,0.6134,1,100,6,1,200,100,120.0,4.0,40.0,0.35,0.35,0.3,0.1
511,115,28,29,8,14,218.02723071397352,297.0605998782067,217.9373973295842,322.0558957696629,0.6803,3,100,6,1,200,100,120.0,4.0,40.0,0.35,0.35,0.3,0.1
511,116,24,35,4,18,216.63808860919121,296.60242750186654,216.940896097129,322.80024783137947,0.615,3,100,6,1,200,100,120.0,4.0,40.0,0.35,0.35,0.3,0.1
511,117,474,413,480,418,43.47432298761878,292.138665705175,43.37885408634659,299.93332592427936,0.5605,3,100,6,1,200,100,120.0,4.0,40.0,0.35,0.35,0.3,0.1
512,115,27,31,6,15,217.60392344028733,296.62434155004877,217.57940663411867,323.02476685232665,0.8714,1,100,6,1,200,100,120.0,4.0,40.0,0.35,0.35,0.3,0.1
513,118,274,234,279,243,61.38954033403479,25.059928172283335,61.26020470831195,35.35533905932738,0.6878,1,100,6,1,200,100,120.0,4.0,40.0,0.35,0.35,0.3,0.1
514,115,26,31,6,15,217.4863718194613,297.41721537261424,217.57940663411867,323.02476685232665,0.8243,1,100,6,1,200,100,120.0,4.0,40.0,0.35,0.35,0.3,0.1
515,115,29,27,10,8,218.4492735288993,297.51302492496023,218.99099404250546,324.2221460665511,0.684,2,100,6,1,200,100,120.0,4.0,40.0,0.35,0.35,0.3,0.1
515,116,25,33,5,16,217.06281199937706,297.00168349691216,217.33080672182092,323.21045775160184,0.6979,2,100,6,1,200,100,120.0,4.0,40.0,0.35,0.35,0.3,0.1
516,116,26,31,6,15,217.4863718194613,297.41721537261424,217.57940663411867,323.02476685232665,0.8249,1,100,6,1,200,100,120.0,4.0,40.0,0.35,0.35,0.3,0.1
517,116,26,32,6,15,217.33319573818582,296.8097033454264,217.57940663411867,323.02476685232665,0.6798,2,100,6,1,200,100,120.0,4.0,40.0,0.35,0.35,0.3,0.1
517,119,65,209,24,204,180.872457122902,197.02284131541703,181.92518370832315,238.1344158243407,0.6732,2,100,6,1,200,100,120.0,4.0,40.0,0.35,0.35,0.3,0.1
518,116,27,29,5,15,217.9087267446724,297.8489550090784,217.47149891603945,323.81785003300854,0.5091,2,100,6,1,200,100,120.0,4.0,40.0,0.35,0.35,0.3,0.1
518,119,69,206,26,205,181.7806424459987,193.0932417253385,181.69895297144592,236.10379073619296,0.9032,2,100,6,1,200,100,120.0,4.0,40.0,0.35,0.35,0.3,0.1
519,120,497,190,510,189,354.6517277885686,236.02754076590298,354.70143493010005,249.06424873915566,0.9427,2,100,6,1,200,100,120.0,4.0,40.0,0.35,0.35,0.3,0.1
519,119,74,204,28,205,182.43664824681014,188.17013578142522,181.7134653173658,234.10467744152402,0.781,2,100,6,1,200,100,120.0,4.0,40.0,0.35,0.35,0.3,0.1
520,120,497,192,511,191,355.13548556223947,235.8495283014151,355.1792339219073,249.8839730755056,0.9427,3,100,6,1,200,100,120.0,4.0,40.0,0.35,0.35,0.3,0.1
520,119,78,202,30,206,183.11084065349075,184.27153876819935,181.48145717088707,232.07757323791543,0.6492,3,100,6,1,200,100,120.0,4.0,40.0,0.35,0.35,0.3,0.1
520,121,498,359,507,363,31.918008850327272,278.03776721877193,31.646629792759004,287.7950659757738,0.6171,3,100,6,1,200,100,120.0,4.0,40.0,0.35,0.35,0.3,0.1
521,120,497,193,510,192,355.3776297583158,235.76683396949622,355.3893506813394,248.8051446413438,0.9571,2,100,6,1,200,100,120.0,4.0,40.0,0.35,0.35,0.3,0.1
521,119,83,201,32,206,183.51654749633545,179.3376703316958,181.49433359126652,230.07824755939012,0.5232,2,100,6,1,200,100,120.0,4.0,40.0,0.35,0.35,0.3,0.1
522,120,496,195,509,194,355.8447861944153,234.61670869739862,355.8319670232525,247.65500196846418,0.9657,2,100,6,1,200,100,120.0,4.0,40.0,0.35,0.35,0.3,0.1
522,119,89,201,34,206,183.63818657786464,173.34935823359717,181.50743575877496,228.07893370497854,0.6,2,100,6,1,200,100,120.0,4.0,40.0,0.35,0.35,0.3,0.1
523,120,494,197,508,197,356.3006805077128,232.48440807933767,356.51067509420363,246.45689278249046,0.8432,2,100,6,1,200,100,120.0,4.0,40.0,0.35,0.35,0.3,0.1
523,119,94,200,36,206,184.08561677997488,168.4280261714184,181.52076966114376,226.07963198837706,0.5174,2,100,6,1,200,100,120.0,4.0,40.0,0.35,0.35,0.3,0.1
524,120,493,199,507,199,356.77895978449953,231.36551169091732,356.96266417704754,245.34465553584002,0.868,2,100,6,1,200,100,120.0,4.0,40.0,0.35,0.35,0.3,0.1
524,119,98,200,39,206,184.1849161251184,164.43843832875572,181.54121864372388,223.0807028857494,0.5176,2,100,6,1,200,100,120.0,4.0,40.0,0.35,0.35,0.3,0.1
525,120,492,202,506,202,357.5104470780008,230.21728866442677,357.6531257075127,244.20483205702544,0.8788,2,100,6,1,200,100,120.0,4.0,40.0,0.35,0.35,0.3,0.1
525,119,101,200,40,205,184.26261112279005,161.4465855941215,181.80602529760125,222.11033294288674,0.5521,2,100,6,1,200,100,120.0,4.0,40.0,0.35,0.35,0.3,0.1
526,120,492,201,506,201,357.26185348064485,230.2628932329306,357.41874130256537,244.24782496472716,0.8754,2,100,6,1,200,100,120.0,4.0,40.0,0.35,0.35,0.3,0.1
526,119,103,200,43,204,184.3160275198656,159.45218719101973,182.09206627948015,219.14607000811125,0.5962,2,100,6,1,200,100,120.0,4.0,40.0,0.35,0.35,0.3,0.1
527,120,493,200,506,199,357.0262689175199,231.3114783144148,356.95023953073155,244.3460660620506,0.9065,2,100,6,1,200,100,120.0,4.0,40.0,0.35,0.35,0.3,0.1
527,119,105,201,45,203,184.00780454237233,157.3848785620779,182.37496151576138,217.18655575334307,0.7134,2,100,6,1,200,100,120.0,4.0,40.0,0.35,0.35,0.3,0.1
528,120,494,198,507,197,356.5466837494689,232.42202993692314,356.49646835521554,245.45875417267155,0.9347,2,100,6,1,200,100,120.0,4.0,40.0,0.35,0.35,0.3,0.1
528,119,108,201,47,202,184.08561677997488,154.39235732380018,182.66300076606714,215.23243250030885,0.7411,2,100,6,1,200,100,120.0,4.0,40.0,0.35,0.35,0.3,0.1
529,120,494,196,507,195,356.0548137709624,232.55106965997814,356.0307365432805,245.58908770545975,0.9447,2,100,6,1,200,100,120.0,4.0,40.0,0.35,0.35,0.3,0.1
529,119,111,202,48,201,183.78888987788466,151.33076356114773,182.9425204563686,214.28252378577213,0.7901,2,100,6,1,200,100,120.0,4.0,40.0,0.35,0.35,0.3,0.1
530,120,494,194,507,193,355.56352551434264,232.6972281742952,355.5655294938988,245.7356303021603,0.9676,4,100,6,1,200,100,120.0,4.0,40.0,0.35,0.35,0.3,0.1
530,122,129,196,57,198,186.8597600055258,133.9589489358587,183.90681638410342,205.47749268472205,0.2883,4,100,6,1,200,100,120.0,4.0,40.0,0.35,0.35,0.3,0.1
530,119,112,202,48,201,183.81407483429035,150.33296378372907,182.9425204563686,214.28252378577213,0.7417,4,100,6,1,200,100,120.0,4.0,40.0,0.35,0.35,0.3,0.1
530,123,414,316,423,321,34.38034472384487,184.1738309315414,34.09873234696994,194.42736432920137,0.8135,4,100,6,1,200,100,120.0,4.0,40.0,0.35,0.35,0.3,0.1
531,120,493,192,506,191,355.05166624997565,231.8641843838759,355.080927616935,244.90202122481554,0.9589,3,100,6,1,200,100,120.0,4.0,40.0,0.35,0.35,0.3,0.1
531,122,130,198,55,198,186.05419189411484,132.74034804836094,183.8691845763654,207.4728897952694,0.4784,3,100,6,1,200,100,120.0,4.0,40.0,0.35,0.35,0.3,0.1
531,119,113,203,46,201,183.456619172042,149.27156460625713,182.91532211664253,216.27991122617004,0.6658,3,100,6,1,200,100,120.0,4.0,40.0,0.35,0.35,0.3,0.1
532,119,114,203,51,198,183.4799175042697,148.27339613025663,183.79605162648184,211.463944917331,0.9384,1,100,6,1,200,100,120.0,4.0,40.0,0.35,0.35,0.3,0.1
533,119,115,204,53,197,183.1150647599055,147.2175261305528,184.10509851316257,209.53758612716717,0.7811,2,100,6,1,200,100,120.0,4.0,40.0,0.35,0.35,0.3,0.1
533,124,482,396,502,409,39.90788487550104,286.8030683238936,39.38029064229053,310.49798711102784,0.516,2,100,6,1,200,100,120.0,4.0,40.0,0.35,0.35,0.3,0.1
534,124,480,395,502,410,40.01176284096662,284.6278271708513,39.52263127117112,311.1334118991401,0.5539,1,100,6,1,200,100,120.0,4.0,40.0,0.35,0.35,0.3,0.1
535,120,487,190,499,189,354.41549772301306,226.07299706068392,354.4570079124959,238.1134183535233,0.9346,1,100,6,1,200,100,120.0,4.0,40.0,0.35,0.35,0.3,0.1
536,120,486,190,499,190,354.3907255535542,225.07776433935007,354.6966024531781,238.01890681204299,0.7636,1,100,6,1,200,100,120.0,4.0,40.0,0.35,0.35,0.3,0.1
537,120,487,192,500,191,354.92039213998544,225.88713996153035,354.9575489308291,238.92467432226417,0.9103,1,100,6,1,200,100,120.0,4.0,40.0,0.35,0.35,0.3,0.1
538,120,486,194,500,193,355.4057466687336,224.72205054244233,355.4356471734626,238.75719884434898,0.9476,1,100,6,1,200,100,120.0,4.0,40.0,0.35,0.35,0.3,0.1
539,120,485,195,498,194,355.64059215565516,223.64704335179573,355.6384273549794,236.6854452643846,0.9537,1,100,6,1,200,100,120.0,4.0,40.0,0.35,0.35,0.3,0.1
540,120,483,196,496,196,355.8591139964801,221.5784285529618,356.0884281874713,234.54637068179076,0.8458,1,100,6,1,200,100,120.0,4.0,40.0,0.35,0.35,0.3,0.1
541,120,480,198,493,197,356.32550047917033,218.44907873461037,356.2847108945712,231.48650068632512,0.9469,1,100,6,1,200,100,120.0,4.0,40.0,0.35,0.35,0.3,0.1
542,120,477,199,490,199,356.53981677101353,215.39266468475662,356.7366686817646,228.3703133071372,0.8641,1,100,6,1,200,100,120.0,4.0,40.0,0.35,0.35,0.3,0.1
543,119,136,195,66,179,187.68398182973397,127.1416532848303,189.55710422167067,198.75864761061342,0.6948,2,100,6,1,200,100,120.0,4.0,40.0,0.35,0.35,0.3,0.1
543,120,474,201,487,200,357.0297693928035,212.2851855405836,356.94711748520757,225.31977276750482,0.9236,2,100,6,1,200,100,120.0,4.0,40.0,0.35,0.35,0.3,0.1
544,119,135,193,67,177,188.5087033162703,128.41339493993607,190.1755108430432,198.11612756158948,0.6866,2,100,6,1,200,100,120.0,4.0,40.0,0.35,0.35,0.3,0.1
544,120,472,202,485,202,357.2736890060937,210.23796041628637,357.4324026708122,223.22410264126944,0.8655,2,100,6,1,200,100,120.0,4.0,40.0,0.35,0.35,0.3,0.1
545,119,134,192,67,175,188.88065915052022,129.55307792561317,190.7437870709809,198.47921805569467,0.6402,2,100,6,1,200,100,120.0,4.0,40.0,0.35,0.35,0.3,0.1
545,120,471,205,484,205,358.08171967485316,209.11719202399405,358.19397470239875,222.11033294288674,0.8907,2,100,6,1,200,100,120.0,4.0,40.0,0.35,0.35,0.3,0.1
546,119,132,190,68,174,189.60520415501293,131.84839779079607,191.08256946302964,197.6866206904251,0.6623,2,100,6,1,200,100,120.0,4.0,40.0,0.35,0.35,0.3,0.1
546,120,471,208,484,207,358.903563916007,209.03827400741713,358.70977264793953,222.05629916757596,0.843,2,100,6,1,200,100,120.0,4.0,40.0,0.35,0.35,0.3,0.1
547,119,131,188,69,172,190.38180515923824,133.18032887780387,191.709001101864,197.101496696499,0.6625,2,100,6,1,200,100,120.0,4.0,40.0,0.35,0.35,0.3,0.1
547,120,472,208,485,208,358.9087837747374,210.03809178337153,358.9723832135583,223.03587155433092,0.9006,2,100,6,1,200,100,120.0,4.0,40.0,0.35,0.35,0.3,0.1
548,119,129,186,70,170,191.06118246159178,135.51752654177244,192.3390872783262,196.5400722499104,0.6776,1,100,6,1,200,100,120.0,4.0,40.0,0.35,0.35,0.3,0.1
549,119,127,184,70,168,191.71743470320337,137.87313008704777,192.90740867126584,196.9771560359221,0.6928,1,100,6,1,200,100,120.0,4.0,40.0,0.35,0.35,0.3,0.1
550,119,126,183,71,166,192.03720232036574,139.05754204644924,193.54110708205147,196.46119209655632,0.6558,1,100,6,1,200,100,120.0,4.0,40.0,0.35,0.35,0.3,0.1
551,119,124,181,72,165,192.66062292025873,141.4390328021229,193.89424678339333,195.7268504830137,0.6763,1,100,6,1,200,100,120.0,4.0,40.0,0.35,0.35,0.3,0.1
552,119,122,181,72,163,192.48546749085713,143.39107364128355,194.46117347303164,196.21671692289624,0.5868,2,100,6,1,200,100,120.0,4.0,40.0,0.35,0.35,0.3,0.1
552,125,448,417,454,422,47.78200553725213,276.80498550423545,47.563770211465005,284.541736833105,0.547,2,100,6,1,200,100,120.0,4.0,40.0,0.35,0.35,0.3,0.1
553,119,120,180,73,161,192.69958448959736,145.5609837834301,195.10109816138544,195.76005721290542,0.5077,2,100,6,1,200,100,120.0,4.0,40.0,0.35,0.35,0.3,0.1
553,125,448,419,454,424,48.058697574095824,278.28941769316344,47.834111016306515,286.0209782515961,0.5211,2,100,6,1,200,100,120.0,4.0,40.0,0.35,0.35,0.3,0.1
554,119,117,180,73,159,192.44510319673188,148.48905683584903,195.6647330257218,196.29060089571277,0.3809,1,100,6,1,200,100,120.0,4.0,40.0,0.35,0.35,0.3,0.1
555,126,74,157,35,145,196.3070054163131,195.88006534611938,196.44418579148876,236.68122020980033,0.8005,1,100,6,1,200,100,120.0,4.0,40.0,0.35,0.35,0.3,0.1
557,126,75,154,34,146,197.23182175739703,195.78815081613087,196.14433878028348,237.36048533822978,0.5782,1,100,6,1,200,100,120.0,4.0,40.0,0.35,0.35,0.3,0.1
558,126,75,152,34,147,197.7891300289475,196.38991827484423,195.9122002038764,237.08437316702253,0.3874,2,100,6,1,200,100,120.0,4.0,40.0,0.35,0.35,0.3,0.1
558,120,461,191,510,186,353.97600691768037,200.10497245196083,354.01504768488456,249.35917869611296,0.9843,2,100,6,1,200,100,120.0,4.0,40.0,0.35,0.35,0.3,0.1
559,127,505,186,518,185,353.8928218883949,244.38698819699874,353.97934382316356,257.41989045137905,0.9315,1,100,6,1,200,100,120.0,4.0,40.0,0.35,0.35,0.3,0.1
560,127,505,184,518,183,353.42700501352664,244.60784942433878,353.5370142296781,257.6373420139247,0.8947,1,100,6,1,200,100,120.0,4.0,40.0,0.35,0.35,0.3,0.1
561,127,504,183,517,182,353.1665627090907,243.73140954747709,353.2901631922431,256.7586415293554,0.8869,1,100,6,1,200,100,120.0,4.0,40.0,0.35,0.35,0.3,0.1
562,127,503,182,516,181,352.90424604871384,242.86004199950224,353.04162141541565,255.88473967784793,0.8628,1,100,6,1,200,100,120.0,4.0,40.0,0.35,0.35,0.3,0.1
563,127,502,180,515,179,352.40535663140855,242.1239352067449,352.5685920288275,255.14309710435043,0.8509,1,100,6,1,200,100,120.0,4.0,40.0,0.35,0.35,0.3,0.1
564,127,500,178,513,177,351.86989764584405,240.41630560342617,352.0617354764545,253.4284909002932,0.8297,1,100,6,1,200,100,120.0,4.0,40.0,0.35,0.35,0.3,0.1
565,127,499,175,512,174,351.1267157727899,239.87079855622275,351.3571974199955,252.87150887357794,0.8064,1,100,6,1,200,100,120.0,4.0,40.0,0.35,0.35,0.3,0.1
566,127,498,173,511,172,350.61643482761343,239.20075250717753,350.8738290951416,252.19238687954083,0.7904,1,100,6,1,200,100,120.0,4.0,40.0,0.35,0.35,0.3,0.1
567,127,496,171,509,169,350.0618760277751,237.56472802164888,350.1244039267336,250.7149776140229,0.934,1,100,6,1,200,100,120.0,4.0,40.0,0.35,0.35,0.3,0.1
568,127,496,168,508,167,349.3507803407551,238.10081898221182,349.6336773965495,250.08198655640913,0.7637,1,100,6,1,200,100,120.0,4.0,40.0,0.35,0.35,0.3,0.1
569,127,495,165,507,164,348.595520120853,237.6930794112441,348.91510870775767,249.65776575143823,0.7342,1,100,6,1,200,100,120.0,4.0,40.0,0.35,0.35,0.3,0.1
570,127,494,162,507,161,347.83779648031816,237.32677893571133,348.24105023326143,250.25187311986298,0.7061,1,100,6,1,200,100,120.0,4.0,40.0,0.35,0.35,0.3,0.1
571,127,495,161,507,159,347.65357933127314,238.51624682608102,347.79349314644145,250.6671099286861,0.876,1,100,6,1,200,100,120.0,4.0,40.0,0.35,0.35,0.3,0.1
572,127,494,162,506,160,347.83779648031816,237.32677893571133,347.96940390346214,249.47945807220282,0.8759,1,100,6,1,200,100,120.0,4.0,40.0,0.35,0.35,0.3,0.1
573,127,494,164,506,162,348.3106308245608,236.91348631937356,348.41938081777187,249.07027120874943,0.8892,1,100,6,1,200,100,120.0,4.0,40.0,0.35,0.35,0.3,0.1
