Frame_Number,Track_ID,Center_X,Center_Y,Right_X,Right_Y,Angle_A_deg,A_px,Angle_B_deg,C_px,Pair_Score,Pair_Count,Binary_Threshold,Blur_Size,Min_Area_px2,Max_Area_px2,Max_Width_px,Max_Radial_Gap_px,Max_Angle_Diff_deg,Max_Center_Offset_px,Weight_Angle,Weight_Area,Weight_Center,Min_Score_Threshold,Zprime_mm,Zdoubleprime,Z_mm,B_px,X_mm,Y_mm
0,1,1.8797,-2.2557,371,325,49.920616036363995,107.16809226630845,48.77819770716159,150.23315213360866,0.5134,1,83,1,4,5000,100,123.0,10.0,15.0,0.35,0.35,0.3,0.1,9.8703,0.1673,9.8703,125.0981,1.8797,-2.2557
1,1,1.7881,-2.2054,372,322,47.58579434242449,109.71326264403953,47.72631099390627,148.66068747318505,0.7801,2,83,1,4,5000,100,123.0,10.0,15.0,0.35,0.35,0.3,0.1,9.5486,0.1507,9.5486,126.2515,1.7881,-2.2054
1,2,1.7874,-2.2232,363,322,50.47736872882888,103.71113729971339,50.399973423325065,142.76203977248295,0.7257,2,83,1,4,5000,100,123.0,10.0,15.0,0.35,0.35,0.3,0.1,9.9967,0.1584,9.9967,120.143,1.7874,-2.2232
2,2,1.7023,-2.1793,363,319,51.0724564072077,100.26464980241042,49.6199234816604,140.46351839534705,0.4857,1,83,1,4,5000,100,123.0,10.0,15.0,0.35,0.35,0.3,0.1,9.8093,0.167,9.8093,117.0077,1.7023,-2.1793
3,2,1.5894,-2.1471,347,311,53.642802580004535,89.40357934669059,52.85331330197822,124.2014492669067,0.5968,1,83,1,4,5000,100,123.0,10.0,15.0,0.35,0.35,0.3,0.1,9.8004,0.1629,9.8004,103.9681,1.5894,-2.1471
4,1,1.6761,-2.1622,349,310,51.63251461513847,91.8313671900838,51.84277341263094,124.63145670335399,0.717,2,83,1,4,5000,100,123.0,10.0,15.0,0.35,0.35,0.3,0.1,9.4296,0.1515,9.4296,105.7464,1.6761,-2.1622
4,2,1.4115,-2.0800,340,308,54.84582236785257,86.83893136145792,54.68878656036681,117.64352935882194,0.693,2,83,1,4,5000,100,123.0,10.0,15.0,0.35,0.35,0.3,0.1,9.6593,0.1506,9.6593,99.9209,1.4115,-2.0800
5,1,1.5065,-2.0812,341,308,52.744710546422915,89.20201791439474,54.293308599397115,118.22436297142819,0.4599,1,83,1,4,5000,100,123.0,10.0,15.0,0.35,0.35,0.3,0.1,9.2394,0.1399,9.2394,101.6828,1.5065,-2.0812
6,2,1.2370,-2.0212,327,307,61.50436138175502,79.64923100695951,59.93141717813756,109.77249200050075,0.52,1,83,1,4,5000,100,123.0,10.0,15.0,0.35,0.35,0.3,0.1,9.4399,0.159,9.4399,92.3156,1.2370,-2.0212
7,1,1.3603,-2.0134,329,305,58.06931789628218,81.30190649671138,58.49573328079582,109.07795377618706,0.7188,2,83,1,4,5000,100,123.0,10.0,15.0,0.35,0.35,0.3,0.1,9.0101,0.1459,9.0101,93.1637,1.3603,-2.0134
7,2,1.1281,-1.9938,320,305,62.447188423282206,77.82673062643708,62.7004277886672,104.65658125507444,0.7562,2,83,1,4,5000,100,123.0,10.0,15.0,0.35,0.35,0.3,0.1,9.2460,0.147,9.2460,89.2693,1.1281,-1.9938
8,1,1.2647,-2.0111,328,305,58.29857033049428,79.92496481075234,58.94572888364722,108.55873986004075,0.6413,2,83,1,4,5000,100,123.0,10.0,15.0,0.35,0.35,0.3,0.1,8.9952,0.1519,8.9952,92.0669,1.2647,-2.0111
8,2,1.1084,-2.0012,319,304,62.76485330069748,76.47875521999558,62.93889386252676,103.31021246711285,0.7395,2,83,1,4,5000,100,123.0,10.0,15.0,0.35,0.35,0.3,0.1,9.2470,0.1492,9.2470,87.8923,1.1084,-2.0012
9,1,1.2047,-2.0169,328,304,57.69266554511789,80.45495634204272,58.67130713219584,107.70329614269008,0.659,2,83,1,4,5000,100,123.0,10.0,15.0,0.35,0.35,0.3,0.1,9.1517,0.1448,9.1517,92.1061,1.2047,-2.0169
9,2,1.1329,-2.0233,320,303,62.76485330069748,76.47875521999558,62.18958455615367,102.88342918079665,0.7047,2,83,1,4,5000,100,123.0,10.0,15.0,0.35,0.35,0.3,0.1,9.2402,0.1472,9.2402,87.7375,1.1329,-2.0233
10,2,1.2065,-2.0477,335,310,56.86439045128113,85.98255637046388,57.264773727892404,116.50321883965266,0.7068,2,83,1,4,5000,100,123.0,10.0,15.0,0.35,0.35,0.3,0.1,9.2505,0.1507,9.2505,98.9427,1.2065,-2.0477
10,1,1.1847,-2.0235,327,309,60.94539590092286,82.365041127896,60.44631636769256,111.50784725749125,0.7218,2,83,1,4,5000,100,123.0,10.0,15.0,0.35,0.35,0.3,0.1,9.2231,0.1503,9.2231,94.7461,1.1847,-2.0235
11,2,1.2677,-2.0622,333,312,60.42216131873867,85.0881895447306,58.616808943640976,117.13667231059623,0.4627,1,83,1,4,5000,100,123.0,10.0,15.0,0.35,0.35,0.3,0.1,9.2821,0.1585,9.2821,98.5729,1.2677,-2.0622
12,2,1.3384,-2.0787,337,311,56.12918928961119,87.92041856133307,56.71247231108751,118.43141475132347,0.6799,2,83,1,4,5000,100,123.0,10.0,15.0,0.35,0.35,0.3,0.1,9.3451,0.1479,9.3451,100.9203,1.3384,-2.0787
12,1,1.1822,-2.0332,329,310,59.743562836470744,83.35466393669883,59.816319342777646,113.37107214805724,0.8035,2,83,1,4,5000,100,123.0,10.0,15.0,0.35,0.35,0.3,0.1,9.2280,0.1526,9.2280,96.0729,1.1822,-2.0332
13,2,1.3308,-2.0586,333,308,56.6893691754392,83.7615663654877,57.56744275354066,113.74093370462545,0.6349,2,83,1,4,5000,100,123.0,10.0,15.0,0.35,0.35,0.3,0.1,9.3894,0.1518,9.3894,96.4759,1.3308,-2.0586
13,1,1.1643,-2.0345,325,307,60.87594650522258,80.1311425102625,60.84308211768702,108.78419002777932,0.7766,2,83,1,4,5000,100,123.0,10.0,15.0,0.35,0.35,0.3,0.1,9.3479,0.1517,9.3479,92.2847,1.1643,-2.0345
14,2,1.2822,-2.0201,336,308,55.56101069119639,84.87638069569178,56.309932474020215,115.37764081484765,0.6566,2,83,1,4,5000,100,123.0,10.0,15.0,0.35,0.35,0.3,0.1,9.3207,0.1523,9.3207,97.8041,1.2822,-2.0201
14,1,1.1764,-2.0097,328,307,59.641884541233374,81.12336284942828,59.481769321124766,110.27692415006868,0.7529,2,83,1,4,5000,100,123.0,10.0,15.0,0.35,0.35,0.3,0.1,9.3729,0.1523,9.3729,93.4798,1.1764,-2.0097
15,2,1.2125,-1.9889,333,306,55.92280471986926,82.09750300709517,57.01900245454453,112.05802068571441,0.6186,2,83,1,4,5000,100,123.0,10.0,15.0,0.35,0.35,0.3,0.1,9.5025,0.1543,9.5025,94.7661,1.2125,-1.9889
15,1,1.1806,-1.9865,325,305,60.16446089973845,78.39005038906404,60.32151007486479,107.0420478129973,0.752,2,83,1,4,5000,100,123.0,10.0,15.0,0.35,0.35,0.3,0.1,9.4927,0.1545,9.4927,90.5025,1.1806,-1.9865
16,1,1.2214,-1.9852,329,304,57.30801581742793,79.61155694998057,58.21908490701659,108.2266141020775,0.6872,2,83,1,4,5000,100,123.0,10.0,15.0,0.35,0.35,0.3,0.1,9.6117,0.1523,9.6117,91.7395,1.2214,-1.9852
16,2,1.1776,-1.9830,320,303,62.41797079220284,75.59100475585703,62.18958455615367,102.88342918079665,0.7193,2,83,1,4,5000,100,123.0,10.0,15.0,0.35,0.35,0.3,0.1,9.5941,0.1529,9.5941,87.1504,1.1776,-1.9830
17,1,1.2752,-1.9948,330,306,57.30801581742793,79.61155694998057,58.32453126189079,110.45361017187261,0.6458,2,83,1,4,5000,100,123.0,10.0,15.0,0.35,0.35,0.3,0.1,9.6344,0.1623,9.6344,92.5302,1.2752,-1.9948
17,2,1.1547,-1.9841,322,305,61.750264505025726,76.05918747922567,61.73599585147607,105.58882516630251,0.754,2,83,1,4,5000,100,123.0,10.0,15.0,0.35,0.35,0.3,0.1,9.7213,0.1626,9.7213,88.4238,1.1547,-1.9841
18,1,1.3013,-2.0155,335,308,56.309932474020215,82.92767933567175,56.72511201516508,114.82595525402782,0.6722,2,83,1,4,5000,100,123.0,10.0,15.0,0.35,0.35,0.3,0.1,9.7615,0.1613,9.7615,96.3042,1.3013,-2.0155
18,2,1.1812,-2.0079,326,307,60.52411099675425,79.25906888173743,60.385188353653575,109.27488274987991,0.7478,2,83,1,4,5000,100,123.0,10.0,15.0,0.35,0.35,0.3,0.1,9.7855,0.1592,9.7855,91.8776,1.1812,-2.0079
19,1,1.3202,-2.0321,340,310,54.30994017498604,87.41853350405736,55.24408744645863,119.28118040998756,0.607,2,83,1,4,5000,100,123.0,10.0,15.0,0.35,0.35,0.3,0.1,9.8640,0.1541,9.8640,100.8941,1.3202,-2.0321
19,2,1.2933,-2.0462,332,309,58.438188158350655,82.15229759416349,58.26085920418485,114.0570032922135,0.7058,2,83,1,4,5000,100,123.0,10.0,15.0,0.35,0.35,0.3,0.1,9.8683,0.1626,9.8683,95.5107,1.2933,-2.0462
20,2,1.4107,-2.0835,340,312,55.22216863363612,87.65842800324451,55.7842978675626,120.9297316626478,0.6576,2,83,1,4,5000,100,123.0,10.0,15.0,0.35,0.35,0.3,0.1,10.1173,0.1595,10.1173,101.6406,1.4107,-2.0835
20,1,1.3490,-2.0539,332,311,58.79948539601937,83.00602387778854,58.781597235653635,115.76268828944843,0.7059,2,83,1,4,5000,100,123.0,10.0,15.0,0.35,0.35,0.3,0.1,9.8302,0.1648,9.8302,96.6852,1.3490,-2.0539
21,2,1.5448,-2.1046,345,317,57.03059609653788,88.20430828479978,55.19150185002769,127.88275880665071,0.4507,1,83,1,4,5000,100,123.0,10.0,15.0,0.35,0.35,0.3,0.1,10.3964,0.1836,10.3964,104.4006,1.5448,-2.1046
22,2,1.6638,-2.1112,352,315,50.58260575653108,94.49338601193207,52.16354746583237,130.41855696180662,0.4466,1,83,1,4,5000,100,123.0,10.0,15.0,0.35,0.35,0.3,0.1,10.4572,0.1597,10.4572,109.5868,1.6638,-2.1112
23,2,1.7601,-2.0876,361,314,50.19442890773481,93.72299611087985,48.89370755509714,135.36986370680884,0.5258,1,83,1,4,5000,100,123.0,10.0,15.0,0.35,0.35,0.3,0.1,10.6023,0.1818,10.6023,110.7609,1.7601,-2.0876
24,3,2.0936,-2.0367,369,313,45.40634623330903,99.70456358662827,46.15733306812952,140.03570973148243,0.6205,2,83,1,4,5000,100,123.0,10.0,15.0,0.35,0.35,0.3,0.1,10.2801,0.1682,10.2801,116.4777,2.0936,-2.0367
24,2,1.8058,-2.0776,361,311,48.416588191771346,94.92101980067429,48.04477844419399,133.12400234367956,0.6799,2,83,1,4,5000,100,123.0,10.0,15.0,0.35,0.35,0.3,0.1,10.8025,0.1675,10.8025,110.8226,1.8058,-2.0776
25,3,2.2316,-2.0695,372,309,43.78112476486871,99.72462083156798,44.127542877097966,139.31618714277246,0.732,2,83,1,4,5000,100,123.0,10.0,15.0,0.35,0.35,0.3,0.1,10.0804,0.1656,10.0804,116.2417,2.2316,-2.0695
25,2,1.8619,-2.0565,365,307,46.29216688624993,94.06912352095134,45.6095065766752,132.94359706281458,0.6456,2,83,1,4,5000,100,123.0,10.0,15.0,0.35,0.35,0.3,0.1,10.6605,0.1712,10.6605,110.1779,1.8619,-2.0565
26,3,2.3573,-2.0884,375,307,42.96908576314689,99.76472322419383,42.686277502175784,140.12137595670404,0.7434,1,83,1,4,5000,100,123.0,10.0,15.0,0.35,0.35,0.3,0.1,10.0304,0.1682,10.0304,116.5484,2.3573,-2.0884
27,3,2.5651,-2.1009,396,315,38.8113840367584,118.06777714516353,39.71455325061741,161.19863522995473,0.5331,1,83,1,4,5000,100,123.0,10.0,15.0,0.35,0.35,0.3,0.1,9.9996,0.1544,9.9996,136.3026,2.5651,-2.1009
28,3,2.8189,-2.1277,406,315,38.8113840367584,118.06777714516353,37.547922556595324,169.01183390520322,0.4857,1,83,1,4,5000,100,123.0,10.0,15.0,0.35,0.35,0.3,0.1,10.0023,0.1775,10.0023,139.0196,2.8189,-2.1277
29,3,3.1056,-2.1421,419,315,35.17472295785154,128.4562182223967,35.01817071226684,179.49373248110922,0.7416,1,83,1,4,5000,100,123.0,10.0,15.0,0.35,0.35,0.3,0.1,9.7979,0.1657,9.7979,149.7457,3.1056,-2.1421
30,3,3.2996,-2.0958,433,315,32.760400163068155,136.75159962501354,32.609143339319104,191.12822920751398,0.7524,1,83,1,4,5000,100,123.0,10.0,15.0,0.35,0.35,0.3,0.1,9.7726,0.1658,9.7726,159.4309,3.2996,-2.0958
31,3,3.4703,-2.0442,440,309,29.794617204166105,142.88806808127822,30.00131849550571,193.9922678871506,0.7106,1,83,1,4,5000,100,123.0,10.0,15.0,0.35,0.35,0.3,0.1,9.7994,0.1517,9.7994,164.564,3.4703,-2.0442
32,3,3.6432,-1.9952,442,303,28.19130837379314,141.8238343861849,28.159881284660642,192.8237537234456,0.7364,2,83,1,4,5000,100,123.0,10.0,15.0,0.35,0.35,0.3,0.1,9.5782,0.1524,9.5782,163.4376,3.6432,-1.9952
32,4,3.4292,-1.9228,434,302,29.58776346541862,135.69450983735487,29.054604099077146,185.32134253776601,0.6266,2,83,1,4,5000,100,123.0,10.0,15.0,0.35,0.35,0.3,0.1,9.4909,0.1546,9.4909,156.6719,3.4292,-1.9228
33,3,3.7891,-1.9435,449,302,27.460224887289066,143.1258187749506,26.952178931228943,198.56736892047493,0.5955,1,83,1,4,5000,100,123.0,10.0,15.0,0.35,0.35,0.3,0.1,9.3758,0.1623,9.3758,166.3487,3.7891,-1.9435
34,3,4.0146,-1.9151,456,302,25.722526916337575,152.0690632574555,26.06466407828576,204.83163818121457,0.6907,1,83,1,4,5000,100,123.0,10.0,15.0,0.35,0.35,0.3,0.1,9.2712,0.1478,9.2712,174.5503,4.0146,-1.9151
35,5,4.3785,-1.8923,472,302,24.211754310969685,163.37074401495514,24.22774531795417,219.31712199461307,0.731,2,83,1,4,5000,100,123.0,10.0,15.0,0.35,0.35,0.3,0.1,8.8182,0.1462,8.8182,187.2544,4.3785,-1.8923
35,3,4.1144,-1.9097,464,301,24.928474135461272,156.58863304850706,24.86968797395873,211.62466774929618,0.7551,2,83,1,4,5000,100,123.0,10.0,15.0,0.35,0.35,0.3,0.1,9.2502,0.1495,9.2502,179.9936,4.1144,-1.9097
36,5,4.4250,-1.8873,472,298,22.833654177917545,164.92422502470643,23.26770481005695,217.70622407271685,0.7318,1,83,1,4,5000,100,123.0,10.0,15.0,0.35,0.35,0.3,0.1,9.0242,0.1379,9.0242,187.6747,4.4250,-1.8873
37,3,4.2479,-1.9110,491,301,22.221811225388603,177.15812146215595,22.11646558554305,236.39373934180236,0.7188,2,83,1,4,5000,100,123.0,10.0,15.0,0.35,0.35,0.3,0.1,9.0121,0.1432,9.0121,202.5336,4.2479,-1.9110
37,5,4.4735,-1.8774,483,301,22.801016312172273,170.30854353202602,22.870063268237978,229.00218339570478,0.7153,2,83,1,4,5000,100,123.0,10.0,15.0,0.35,0.35,0.3,0.1,9.1072,0.147,9.1072,195.3418,4.4735,-1.8774
38,5,4.6035,-1.8429,488,300,22.490178027112783,169.9235122047564,22.16634582208246,233.23807579381202,0.6397,1,83,1,4,5000,100,123.0,10.0,15.0,0.35,0.35,0.3,0.1,9.1168,0.157,9.1168,196.6092,4.6035,-1.8429
39,5,4.7776,-1.8082,492,298,21.678589139614346,173.25414857947845,21.350980247653595,236.21176939348302,0.6212,1,83,1,4,5000,100,123.0,10.0,15.0,0.35,0.35,0.3,0.1,9.1446,0.1538,9.1446,199.8929,4.7776,-1.8082
40,5,4.8914,-1.7120,500,295,19.90374953730784,185.05404615949362,20.003281091317294,242.6375898330677,0.6528,1,83,1,4,5000,100,123.0,10.0,15.0,0.35,0.35,0.3,0.1,9.2072,0.1346,9.2072,209.9694,4.8914,-1.7120
41,5,4.9787,-1.6023,513,290,17.676108698653465,191.01832372837953,17.93424938852955,253.3081127796739,0.6376,1,83,1,4,5000,100,123.0,10.0,15.0,0.35,0.35,0.3,0.1,9.1412,0.1402,9.1412,217.797,4.9787,-1.6023
42,5,5.0302,-1.4871,511,279,15.557686017530598,182.69373278796402,15.660029131843542,248.21361767638777,0.6576,1,83,1,4,5000,100,123.0,10.0,15.0,0.35,0.35,0.3,0.1,9.1405,0.1521,9.1405,210.4725,5.0302,-1.4871
43,5,5.0540,-1.4201,507,274,14.89018236732713,179.0111728356641,14.779560180119557,243.04114877937852,0.7298,1,83,1,4,5000,100,123.0,10.0,15.0,0.35,0.35,0.3,0.1,9.1707,0.1517,9.1707,206.1691,5.0540,-1.4201
44,5,5.0043,-1.3358,504,271,14.511059500169067,175.60182231400674,14.268443937373329,239.38462774372127,0.644,1,83,1,4,5000,100,123.0,10.0,15.0,0.35,0.35,0.3,0.1,9.3607,0.1537,9.3607,202.5916,5.0043,-1.3358
45,6,5.8277,-1.2264,511,270,13.570434385161485,238.66294224282078,13.64071675629141,245.93698379869588,0.7669,1,83,1,4,5000,100,123.0,10.0,15.0,0.35,0.35,0.3,0.1,3.5939,0.015,3.5939,242.2454,5.8277,-1.2264
46,6,5.8127,-1.1739,517,262,11.49656301758578,240.8318915758459,11.534620653644716,250.04999500099976,0.8521,1,83,1,4,5000,100,123.0,10.0,15.0,0.35,0.35,0.3,0.1,5.0751,0.0188,5.0751,245.3544,5.8127,-1.1739
47,6,5.8441,-1.1237,530,259,10.565873271131503,196.32880583347927,10.32438800263078,262.24606765402604,0.7507,1,83,1,4,5000,100,123.0,10.0,15.0,0.35,0.35,0.3,0.1,5.7496,0.1437,5.7496,224.5498,5.8441,-1.1237
48,6,5.8281,-1.0472,544,260,9.975126720458642,202.05444810743464,10.007979801441337,276.2028240261131,0.7479,1,83,1,4,5000,100,123.0,10.0,15.0,0.35,0.35,0.3,0.1,6.9710,0.155,6.9710,233.3807,5.8281,-1.0472
49,6,5.7598,-0.9865,548,254,8.972626614896393,211.5892246783848,8.652541791114725,279.1773629791642,0.6441,2,83,1,4,5000,100,123.0,10.0,15.0,0.35,0.35,0.3,0.1,8.9289,0.1377,8.9289,240.7292,5.7598,-0.9865
49,7,5.8160,-0.6477,539,252,8.724846869374478,204.36486977951958,8.520271877553913,269.97962886114203,0.8214,2,83,1,4,5000,100,123.0,10.0,15.0,0.35,0.35,0.3,0.1,8.6805,0.1383,8.6805,232.6341,5.8160,-0.6477
50,7,5.7458,-0.5317,550,243,6.5507264711006945,210.3734774157617,6.362811476086147,279.72307734614964,0.6894,1,83,1,4,5000,100,123.0,10.0,15.0,0.35,0.35,0.3,0.1,8.8881,0.1415,8.8881,240.1417,5.7458,-0.5317
51,7,5.6796,-0.3421,537,230,4.0444855741811025,198.4943324127921,3.885820075420881,265.6106172576691,0.7176,1,83,1,4,5000,100,123.0,10.0,15.0,0.35,0.35,0.3,0.1,8.9968,0.1446,8.9968,227.1995,5.6796,-0.3421
52,7,5.6209,-0.0738,533,221,1.799275724134077,191.09421759959145,1.9749340108819766,261.15512631384433,0.7817,1,83,1,4,5000,100,123.0,10.0,15.0,0.35,0.35,0.3,0.1,8.9832,0.1549,8.9832,220.6979,5.6209,-0.0738
54,7,5.5998,0.1944,527,193,355.4139011038291,187.6006396577581,355.7387767555013,255.70686341981516,0.8528,1,83,1,4,5000,100,123.0,10.0,15.0,0.35,0.35,0.3,0.1,8.9424,0.1536,8.9424,216.4221,5.5998,0.1944
55,7,5.6235,0.4403,525,190,355.23635830927384,192.66551326067673,355.0302592718897,253.95472037353431,0.7604,1,83,1,4,5000,100,123.0,10.0,15.0,0.35,0.35,0.3,0.1,8.8851,0.1372,8.8851,219.1048,5.6235,0.4403
57,7,5.7236,0.6460,544,181,353.62928306810596,207.28000385951367,353.4980214890103,273.7608445340568,0.723,1,83,1,4,5000,100,123.0,10.0,15.0,0.35,0.35,0.3,0.1,8.8947,0.1382,8.8947,235.9265,5.7236,0.6460
58,7,5.8743,0.7618,541,173,351.86989764584405,205.0609665440988,351.7506558210937,271.8124353299532,0.7591,1,83,1,4,5000,100,123.0,10.0,15.0,0.35,0.35,0.3,0.1,8.7738,0.14,8.7738,233.7649,5.8743,0.7618
59,7,5.9733,0.8353,557,173,351.7927835880819,210.15232570685484,352.2079219217816,287.65604460883486,0.7203,1,83,1,4,5000,100,123.0,10.0,15.0,0.35,0.35,0.3,0.1,8.8629,0.1557,8.8629,242.8709,5.9733,0.8353
60,7,6.0034,0.8922,559,165,351.0136891772164,217.671771252039,350.69962133900094,290.82297020696285,0.6754,2,83,1,4,5000,100,123.0,10.0,15.0,0.35,0.35,0.3,0.1,8.9912,0.1439,8.9912,248.9857,6.0034,0.8922
60,8,5.9479,1.2730,550,163,350.44836254161817,210.92415698539605,350.0037780025211,282.2853166567471,0.7019,2,83,1,4,5000,100,123.0,10.0,15.0,0.35,0.35,0.3,0.1,8.9435,0.1447,8.9435,241.4422,5.9479,1.2730
61,8,5.9682,1.3552,551,155,348.6373575320982,213.17832910500073,348.45330945407267,284.76305940202286,0.7011,1,83,1,4,5000,100,123.0,10.0,15.0,0.35,0.35,0.3,0.1,9.1521,0.1438,9.1521,243.8251,5.9682,1.3552
62,8,6.0169,1.3985,547,138,345.17352002964435,211.02606474082768,344.9389839035214,284.7823730500187,0.7793,1,83,1,4,5000,100,123.0,10.0,15.0,0.35,0.35,0.3,0.1,9.1241,0.1488,9.1241,242.4182,6.0169,1.3985
63,8,6.0906,1.5053,558,137,344.86205041686713,214.44113411377026,345.3057535392942,295.67042462850424,0.8386,1,83,1,4,5000,100,123.0,10.0,15.0,0.35,0.35,0.3,0.1,9.2797,0.1592,9.2797,248.5884,6.0906,1.5053
65,8,6.1477,1.5860,562,138,345.96375653207355,222.64770378335368,345.68517308959514,299.2924990707251,0.7242,1,83,1,4,5000,100,123.0,10.0,15.0,0.35,0.35,0.3,0.1,9.3399,0.1468,9.3399,255.3426,6.1477,1.5860
66,8,6.2440,1.5689,572,139,345.84014123409446,224.83104767802868,346.323819534524,308.7539473431878,0.7851,1,83,1,4,5000,100,123.0,10.0,15.0,0.35,0.35,0.3,0.1,9.3213,0.1573,9.3213,260.1927,6.2440,1.5689
67,8,6.3026,1.5437,566,136,345.5933148435631,225.07776433935007,345.50613224172383,303.66428831853113,0.7478,1,83,1,4,5000,100,123.0,10.0,15.0,0.35,0.35,0.3,0.1,9.0908,0.1486,9.0908,258.5309,6.3026,1.5437
69,8,6.3329,1.5125,569,142,347.0053832080835,226.80828909014767,346.73797669700156,305.1376738457577,0.7055,1,83,1,4,5000,100,123.0,10.0,15.0,0.35,0.35,0.3,0.1,8.9793,0.1473,8.9793,260.206,6.3329,1.5125
70,8,6.3393,1.4703,565,143,347.0053832080835,226.80828909014767,346.7485811350654,301.01494979485653,0.7495,1,83,1,4,5000,100,123.0,10.0,15.0,0.35,0.35,0.3,0.1,8.6913,0.1406,8.6913,258.6953,6.3393,1.4703
71,8,6.3551,1.4152,566,146,347.607286523054,228.31995094603536,347.347443499442,301.3171087077533,0.7201,1,83,1,4,5000,100,123.0,10.0,15.0,0.35,0.35,0.3,0.1,8.4861,0.1378,8.4861,259.7881,6.3551,1.4152
72,8,6.3590,1.3796,565,149,348.15002047351976,228.87769659798658,347.8651852882796,299.6965131595628,0.8237,1,83,1,4,5000,100,123.0,10.0,15.0,0.35,0.35,0.3,0.1,8.2691,0.134,8.2691,259.5429,6.3590,1.3796
73,8,6.3835,1.3412,564,150,348.15002047351976,228.87769659798658,348.0124880565395,298.50963133540597,0.7731,1,83,1,4,5000,100,123.0,10.0,15.0,0.35,0.35,0.3,0.1,8.0980,0.132,8.0980,259.0968,6.3835,1.3412
74,8,6.3945,1.3100,564,152,348.44542435212054,229.65408770583642,348.3885135761115,298.10065414218735,0.8615,1,83,1,4,5000,100,123.0,10.0,15.0,0.35,0.35,0.3,0.1,7.9680,0.1297,7.9680,259.4388,6.3945,1.3100
75,8,6.3991,1.2956,566,153,348.8351198224514,232.39836488237177,348.65259481744886,299.8616347584332,0.7804,1,83,1,4,5000,100,123.0,10.0,15.0,0.35,0.35,0.3,0.1,7.8902,0.1267,7.8902,261.8546,6.3991,1.2956
76,8,6.4036,1.2763,565,154,349.03024203319944,231.22499864850255,348.80292840334454,298.6854532781936,0.8108,1,83,1,4,5000,100,123.0,10.0,15.0,0.35,0.35,0.3,0.1,7.8136,0.1273,7.8136,260.6612,6.4036,1.2763
77,8,6.3858,1.2693,564,153,348.7388298797498,230.43654224102565,348.5769094515531,297.90099026354375,0.8202,1,83,1,4,5000,100,123.0,10.0,15.0,0.35,0.35,0.3,0.1,7.7416,0.1277,7.7416,259.8614,6.3858,1.2693
78,8,6.3476,1.2671,563,155,348.9828883812108,230.24334952393303,348.91743053697036,296.5299310356376,0.877,1,83,1,4,5000,100,123.0,10.0,15.0,0.35,0.35,0.3,0.1,7.6913,0.1258,7.6913,259.2161,6.3476,1.2671
79,8,6.2933,1.2775,558,154,348.5912817971182,227.49505489130968,348.53604698430746,291.82186347153635,0.8032,1,83,1,4,5000,100,123.0,10.0,15.0,0.35,0.35,0.3,0.1,7.5923,0.1239,7.5923,255.6744,6.2933,1.2775
80,8,6.2473,1.2806,556,154,348.5412476541228,226.51490017215204,348.4574742995631,289.8620361482338,0.7918,1,83,1,4,5000,100,123.0,10.0,15.0,0.35,0.35,0.3,0.1,7.4574,0.1227,7.4574,254.3029,6.2473,1.2806
81,8,6.2050,1.2860,550,152,348.1377151596662,223.77890874700412,347.82081894747586,284.40112517358295,0.7978,1,83,1,4,5000,100,123.0,10.0,15.0,0.35,0.35,0.3,0.1,7.3675,0.1193,7.3675,250.4741,6.2050,1.2860
82,8,6.1487,1.3015,550,153,348.19011704297174,224.75764725588314,348.0178911524061,284.1918366174511,0.8339,1,83,1,4,5000,100,123.0,10.0,15.0,0.35,0.35,0.3,0.1,7.2416,0.1168,7.2416,251.0044,6.1487,1.3015
83,8,6.1177,1.2998,551,154,348.43986920578226,224.5551157288562,348.2563156096303,284.96491012052695,0.7454,1,83,1,4,5000,100,123.0,10.0,15.0,0.35,0.35,0.3,0.1,7.0859,0.1186,7.0859,251.1789,6.1177,1.2998
84,8,6.1110,1.2856,542,151,347.41477105894984,220.29298672449835,347.2691312101936,276.80498550423545,0.9082,1,83,1,4,5000,100,123.0,10.0,15.0,0.35,0.35,0.3,0.1,6.9463,0.1137,6.9463,245.3367,6.1110,1.2856
86,8,6.1061,1.2688,545,155,348.3885135761115,223.5754906066405,348.20657031508955,278.88707392061036,0.7908,1,83,1,4,5000,100,123.0,10.0,15.0,0.35,0.35,0.3,0.1,6.8335,0.1101,6.8335,248.1869,6.1061,1.2688
87,8,6.0882,1.2648,545,156,348.69006752597977,224.35685859808254,348.4078245897089,278.6844093235214,0.7601,1,83,1,4,5000,100,123.0,10.0,15.0,0.35,0.35,0.3,0.1,6.6327,0.108,6.6327,248.587,6.0882,1.2648
88,8,6.0965,1.2506,546,157,348.98952009299643,225.1443981093023,348.6498599680094,279.46556138458277,0.8217,1,83,1,4,5000,100,123.0,10.0,15.0,0.35,0.35,0.3,0.1,6.4745,0.1076,6.4745,249.3811,6.0965,1.2506
89,8,6.0794,1.2586,542,156,348.43986920578226,224.5551157288562,348.28256529679663,275.74626017409554,0.8187,1,83,1,4,5000,100,123.0,10.0,15.0,0.35,0.35,0.3,0.1,6.3428,0.1023,6.3428,247.5317,6.0794,1.2586
90,8,6.0572,1.2666,540,155,348.1377151596662,223.77890874700412,347.99287341216126,273.99452549275503,0.9332,1,83,1,4,5000,100,123.0,10.0,15.0,0.35,0.35,0.3,0.1,6.2157,0.1009,6.2157,246.3538,6.0572,1.2666
91,8,6.0299,1.2795,538,154,347.83346622453433,223.00896842952304,347.6994611210019,272.2498852157701,0.8676,1,83,1,4,5000,100,123.0,10.0,15.0,0.35,0.35,0.3,0.1,6.0930,0.0994,6.0930,245.1815,6.0299,1.2795
92,8,6.0117,1.2873,537,155,348.08485292873496,222.80035906613796,347.8609534861665,271.0608787708031,0.8944,1,83,1,4,5000,100,123.0,10.0,15.0,0.35,0.35,0.3,0.1,6.0083,0.0977,6.0083,244.5726,6.0117,1.2873
93,8,5.9985,1.2902,537,155,348.08485292873496,222.80035906613796,347.8609534861665,271.0608787708031,0.7989,1,83,1,4,5000,100,123.0,10.0,15.0,0.35,0.35,0.3,0.1,5.9192,0.0977,5.9192,244.5726,5.9985,1.2902
94,8,5.9974,1.2830,536,155,347.83346622453433,223.00896842952304,347.81634341401264,270.08332047721865,0.8751,1,83,1,4,5000,100,123.0,10.0,15.0,0.35,0.35,0.3,0.1,5.8444,0.0955,5.8444,244.2991,5.9974,1.2830
95,8,5.9963,1.2808,535,155,347.83346622453433,223.00896842952304,347.7714092666743,269.1059270993487,0.7946,1,83,1,4,5000,100,123.0,10.0,15.0,0.35,0.35,0.3,0.1,5.7684,0.0937,5.7684,243.8985,5.9963,1.2808
96,8,5.9982,1.2738,536,156,348.1377151596662,223.77890874700412,348.02386755579664,269.874044694928,0.869,1,83,1,4,5000,100,123.0,10.0,15.0,0.35,0.35,0.3,0.1,5.6666,0.0934,5.6666,244.6744,5.9982,1.2738
97,8,5.9928,1.2717,535,156,348.1377151596662,223.77890874700412,347.9796529844177,268.895890634275,0.8859,1,83,1,4,5000,100,123.0,10.0,15.0,0.35,0.35,0.3,0.1,5.5455,0.0916,5.5455,244.2716,5.9928,1.2717
98,8,5.9997,1.2647,535,157,348.43986920578226,224.5551157288562,348.1882195175705,268.68941177500835,0.8711,1,83,1,4,5000,100,123.0,10.0,15.0,0.35,0.35,0.3,0.1,5.4391,0.0895,5.4391,244.6478,5.9997,1.2647
99,8,5.9994,1.2627,532,156,347.887377074015,223.98660674245681,347.8450583027778,265.9624033580686,0.9387,1,83,1,4,5000,100,123.0,10.0,15.0,0.35,0.35,0.3,0.1,5.3139,0.0857,5.3139,243.1764,5.9994,1.2627
100,8,5.9990,1.2606,534,157,348.24206447941583,225.73657213663896,348.1444099325641,267.7106647109898,0.9125,1,83,1,4,5000,100,123.0,10.0,15.0,0.35,0.35,0.3,0.1,5.1884,0.0851,5.1884,244.9384,5.9990,1.2606
101,8,5.9979,1.2609,533,157,348.24206447941583,225.73657213663896,348.1002788634805,266.73207531153804,0.8269,1,83,1,4,5000,100,123.0,10.0,15.0,0.35,0.35,0.3,0.1,5.1066,0.0832,5.1066,244.528,5.9979,1.2609
102,8,6.0109,1.2510,532,157,348.24206447941583,225.73657213663896,348.05582281155364,265.75364531836624,0.8085,1,83,1,4,5000,100,123.0,10.0,15.0,0.35,0.35,0.3,0.1,5.0733,0.0814,5.0733,244.116,6.0109,1.2510
103,8,6.0096,1.2513,533,158,348.24206447941583,225.73657213663896,348.3106308245608,266.5276721092952,0.8277,1,83,1,4,5000,100,123.0,10.0,15.0,0.35,0.35,0.3,0.1,5.0017,0.0829,5.0017,244.4421,6.0096,1.2513
104,8,6.0053,1.2514,534,158,348.5412476541228,226.51490017215204,348.35402575151676,267.5070092539633,0.8035,1,83,1,4,5000,100,123.0,10.0,15.0,0.35,0.35,0.3,0.1,4.9565,0.083,4.9565,245.3103,6.0053,1.2514
105,8,6.0011,1.2491,532,157,348.2935632708467,226.71568097509268,348.05582281155364,265.75364531836624,0.8345,1,83,1,4,5000,100,123.0,10.0,15.0,0.35,0.35,0.3,0.1,4.9063,0.0793,4.9063,244.6874,6.0011,1.2491
106,8,5.9765,1.2591,531,157,348.24206447941583,225.73657213663896,348.0110382278621,264.7753764986465,0.773,1,83,1,4,5000,100,123.0,10.0,15.0,0.35,0.35,0.3,0.1,4.8861,0.0796,4.8861,243.7025,5.9765,1.2591
107,8,5.9095,1.2816,530,158,348.24206447941583,225.73657213663896,348.17851165939277,263.59059163786554,0.9629,1,83,1,4,5000,100,123.0,10.0,15.0,0.35,0.35,0.3,0.1,4.8688,0.0774,4.8688,243.1994,5.9095,1.2816
108,8,5.8308,1.3037,527,155,347.7790806680696,222.03152929257593,347.3998401739193,261.2929390550001,0.7595,1,83,1,4,5000,100,123.0,10.0,15.0,0.35,0.35,0.3,0.1,4.9609,0.0812,4.9609,240.0676,5.8308,1.3037
109,8,5.7734,1.2808,519,153,346.86597769360367,215.64090521049107,346.5656957746364,253.9488137400921,0.7931,1,83,1,4,5000,100,123.0,10.0,15.0,0.35,0.35,0.3,0.1,5.1188,0.0816,5.1188,233.2323,5.7734,1.2808
110,8,5.7517,1.1780,517,152,346.35708522400995,211.98113123577767,346.2392148882088,252.23996511258878,0.8479,1,83,1,4,5000,100,123.0,10.0,15.0,0.35,0.35,0.3,0.1,5.3713,0.0867,5.3713,230.3649,5.7517,1.1780
111,8,5.7650,0.9958,522,161,348.8490748314949,212.00235847744713,348.4698696111982,255.14897609044016,0.8063,1,83,1,4,5000,100,123.0,10.0,15.0,0.35,0.35,0.3,0.1,5.6074,0.0924,5.6074,231.5831,5.7650,0.9958
112,8,5.8324,0.7340,531,179,353.040577928501,214.5809870421888,352.7388894188927,261.0938528575501,0.7751,1,83,1,4,5000,100,123.0,10.0,15.0,0.35,0.35,0.3,0.1,5.8708,0.0978,5.8708,235.5633,5.8324,0.7340
113,8,5.9035,0.3411,547,196,356.58732064841314,218.38727069131113,356.6701812711483,275.4650613054222,0.8745,1,83,1,4,5000,100,123.0,10.0,15.0,0.35,0.35,0.3,0.1,6.1852,0.1156,6.1852,243.6277,5.9035,0.3411
114,8,5.8871,-0.1071,540,210,359.7371771667635,218.0022935659164,359.5724274931666,268.00746258266764,0.8067,1,83,1,4,5000,100,123.0,10.0,15.0,0.35,0.35,0.3,0.1,6.5154,0.1029,6.5154,240.4324,5.8871,-0.1071
116,8,5.8308,-0.5243,540,239,5.6045390623900495,215.02790516581794,5.7529246994411825,269.3566409056959,0.7554,2,83,1,4,5000,100,123.0,10.0,15.0,0.35,0.35,0.3,0.1,6.7631,0.1122,6.7631,239.1455,5.8308,-0.5243
116,9,5.7898,-0.5455,531,236,5.492324557127438,208.95932618574363,5.294143007399988,260.10959228755866,0.8029,2,83,1,4,5000,100,123.0,10.0,15.0,0.35,0.35,0.3,0.1,6.6760,0.109,6.6760,231.7456,5.7898,-0.5455
118,8,5.7285,-0.8708,518,259,10.92760215597235,205.73040611440985,10.816402335353073,250.44959572736389,0.7414,1,83,1,4,5000,100,123.0,10.0,15.0,0.35,0.35,0.3,0.1,7.0374,0.098,7.0374,225.8981,5.7285,-0.8708
119,10,5.6372,-1.6438,527,274,13.700398665371466,206.8864422817503,13.665573540749637,262.42903802742563,0.7665,2,83,1,4,5000,100,123.0,10.0,15.0,0.35,0.35,0.3,0.1,6.8584,0.1183,6.8584,231.3711,5.6372,-1.6438
119,8,5.6523,-1.0978,519,273,13.966370600719785,198.8793604173143,13.872385631960105,254.42091109026396,0.9522,2,83,1,4,5000,100,123.0,10.0,15.0,0.35,0.35,0.3,0.1,7.2229,0.1225,7.2229,223.2475,5.6523,-1.0978
120,8,5.5458,-1.2654,531,287,16.484453189535667,204.40156555173445,16.149710091743614,269.6405014088203,0.7912,2,83,1,4,5000,100,123.0,10.0,15.0,0.35,0.35,0.3,0.1,7.3411,0.1376,7.3411,232.5319,5.5458,-1.2654
120,10,5.6414,-1.7637,524,285,16.205998688994278,211.4000946073582,16.155379493031127,262.36043909095747,0.7457,2,83,1,4,5000,100,123.0,10.0,15.0,0.35,0.35,0.3,0.1,7.0870,0.1076,7.0870,234.1395,5.6414,-1.7637
121,10,5.5814,-1.8734,524,298,18.859354242283487,213.45959805077868,18.843225376947014,266.27053911388697,0.7355,1,83,1,4,5000,100,123.0,10.0,15.0,0.35,0.35,0.3,0.1,7.1499,0.1101,7.1499,236.9582,5.5814,-1.8734
122,10,5.4957,-2.1101,530,309,20.556045219583467,213.60009363293827,20.60470404398981,275.6320010448714,0.7622,1,83,1,4,5000,100,123.0,10.0,15.0,0.35,0.35,0.3,0.1,7.2274,0.1268,7.2274,240.6834,5.4957,-2.1101
123,10,5.3796,-2.3494,514,317,23.344010961577503,206.93960471596537,23.455264762556578,263.79727064547126,0.6708,1,83,1,4,5000,100,123.0,10.0,15.0,0.35,0.35,0.3,0.1,7.5676,0.1208,7.5676,231.9347,5.3796,-2.3494
124,10,5.2039,-2.5719,509,329,25.942295489871672,205.73040611440985,26.274212154727437,264.3066400982011,0.5822,1,83,1,4,5000,100,123.0,10.0,15.0,0.35,0.35,0.3,0.1,7.8192,0.1246,7.8192,231.3686,5.2039,-2.5719
125,10,4.9318,-2.8039,505,343,29.08192683401751,203.67866849525504,29.346077207205393,267.30132809247317,0.7019,1,83,1,4,5000,100,123.0,10.0,15.0,0.35,0.35,0.3,0.1,7.9135,0.1351,7.9135,231.1927,4.9318,-2.8039
126,10,4.6315,-3.0479,489,352,32.24997416418363,198.6454127333425,32.82854179141253,258.24213443975407,0.5139,1,83,1,4,5000,100,123.0,10.0,15.0,0.35,0.35,0.3,0.1,8.1311,0.1304,8.1311,224.5569,4.6315,-3.0479
128,10,4.3296,-3.2599,460,362,39.01504768488459,176.32356620712955,38.585398192660286,240.5077961314352,0.5948,1,83,1,4,5000,100,123.0,10.0,15.0,0.35,0.35,0.3,0.1,8.3144,0.154,8.3144,203.4741,4.3296,-3.2599
130,10,4.0121,-3.4376,449,376,42.33699923393286,182.6307750626931,42.81676069981752,241.29857024027308,0.5999,1,83,1,4,5000,100,123.0,10.0,15.0,0.35,0.35,0.3,0.1,8.2979,0.1384,8.2979,207.9051,4.0121,-3.4376
131,10,3.6450,-3.5609,443,380,44.10482628978893,181.0414317221337,44.492970939085225,239.7185850116757,0.6505,1,83,1,4,5000,100,123.0,10.0,15.0,0.35,0.35,0.3,0.1,8.4485,0.1395,8.4485,206.2886,3.6450,-3.5609
132,10,3.3140,-3.6431,431,384,46.58485439305051,178.96647730790255,47.2491314450248,234.23279018958897,0.5049,1,83,1,4,5000,100,123.0,10.0,15.0,0.35,0.35,0.3,0.1,8.6128,0.1338,8.6128,202.9036,3.3140,-3.6431
133,10,2.9992,-3.6568,407,382,51.230324614005646,162.88953311984167,51.54629078329403,217.0829334609241,0.7326,1,83,1,4,5000,100,123.0,10.0,15.0,0.35,0.35,0.3,0.1,8.8148,0.1426,8.8148,186.1216,2.9992,-3.6568
134,10,2.6949,-3.6688,395,385,54.293308599397115,157.63248396190426,54.58783302481864,212.26869764522513,0.7161,1,83,1,4,5000,100,123.0,10.0,15.0,0.35,0.35,0.3,0.1,8.9741,0.1477,8.9741,180.9156,2.6949,-3.6688
135,10,2.4143,-3.6529,380,381,58.36693069631684,146.81280598094978,57.41925568297499,200.5617112013158,0.4788,1,83,1,4,5000,100,123.0,10.0,15.0,0.35,0.35,0.3,0.1,9.1828,0.1547,9.1828,169.529,2.4143,-3.6529
136,10,2.1939,-3.6448,376,384,59.96671956400486,147.85127662620977,58.840695491655616,200.9975124224178,0.4231,1,83,1,4,5000,100,123.0,10.0,15.0,0.35,0.35,0.3,0.1,9.3628,0.1523,9.3628,170.376,2.1939,-3.6448
137,10,1.9056,-3.6975,369,383,60.25511870305778,145.12063946937388,60.4358618874668,196.596032513375,0.7254,1,83,1,4,5000,100,123.0,10.0,15.0,0.35,0.35,0.3,0.1,9.5448,0.1506,9.5448,166.9813,1.9056,-3.6975
138,10,1.6527,-3.7759,359,382,63.987624087870174,139.0898989862312,62.89823590832012,190.9685838037241,0.4591,1,83,1,4,5000,100,123.0,10.0,15.0,0.35,0.35,0.3,0.1,9.6596,0.1572,9.6596,160.9521,1.6527,-3.7759
141,10,1.3435,-3.8450,330,400,73.61045966596522,141.7603611733548,72.85444908113826,196.74348782107123,0.5415,1,83,1,4,5000,100,123.0,10.0,15.0,0.35,0.35,0.3,0.1,9.7539,0.1624,9.7539,164.7865,1.3435,-3.8450
142,10,1.0218,-3.9366,321,402,76.45682335755525,140.91841611372163,75.53882652696835,196.21671692289624,0.4965,1,83,1,4,5000,100,123.0,10.0,15.0,0.35,0.35,0.3,0.1,9.9423,0.164,9.9423,164.0324,1.0218,-3.9366
143,10,0.6963,-4.0360,301,403,80.53767779197439,139.90353819685905,81.36658017263625,193.18902660347973,0.6007,1,83,1,4,5000,100,123.0,10.0,15.0,0.35,0.35,0.3,0.1,9.9836,0.16,9.9836,162.2842,0.6963,-4.0360
144,10,0.4764,-4.0692,293,408,83.07655108518948,141.0283659410404,83.8844964337146,197.12178976460214,0.6069,1,83,1,4,5000,100,123.0,10.0,15.0,0.35,0.35,0.3,0.1,9.9187,0.1659,9.9187,164.4226,0.4764,-4.0692
145,10,0.2639,-4.0954,280,407,87.15786211634433,141.1736519326464,87.65072135251988,195.1640335717624,0.6743,1,83,1,4,5000,100,123.0,10.0,15.0,0.35,0.35,0.3,0.1,9.8364,0.1605,9.8364,163.8355,0.2639,-4.0954
146,10,0.0413,-4.0792,276,407,88.38646106711883,142.0563268566381,88.82486676276064,195.04102132628407,0.7102,1,83,1,4,5000,100,123.0,10.0,15.0,0.35,0.35,0.3,0.1,9.7917,0.1572,9.7917,164.3846,0.0413,-4.0792
147,10,-0.1909,-4.0345,268,407,90.40348473505875,142.00352108310554,91.17513323723936,195.04102132628407,0.6189,1,83,1,4,5000,100,123.0,10.0,15.0,0.35,0.35,0.3,0.1,9.7151,0.1574,9.7151,164.3493,-0.1909,-4.0345
148,10,-0.3448,-3.9823,248,398,96.29394818895108,136.82470537150812,97.35237935989237,187.5419952970534,0.5415,1,83,1,4,5000,100,123.0,10.0,15.0,0.35,0.35,0.3,0.1,9.7565,0.1564,9.7565,158.2183,-0.3448,-3.9823
149,10,-0.5011,-3.9146,240,396,100.64566334496033,135.32922818075923,99.86580694308438,186.76188047886004,0.5272,1,83,1,4,5000,100,123.0,10.0,15.0,0.35,0.35,0.3,0.1,9.8415,0.1597,9.8415,156.9391,-0.5011,-3.9146
150,11,-1.1030,-4.1356,220,443,100.72444853747119,134.34656675925888,102.68628540563425,236.78048906107108,0.3711,2,83,1,4,5000,100,123.0,10.0,15.0,0.35,0.35,0.3,0.1,17.4551,0.276,17.4551,171.4273,-1.1030,-4.1356
150,10,-0.6772,-3.8358,242,395,97.76516601842535,133.2216198670471,99.30994017498604,185.4427135263071,0.379,2,83,1,4,5000,100,123.0,10.0,15.0,0.35,0.35,0.3,0.1,9.8690,0.1639,9.8690,155.0533,-0.6772,-3.8358
151,11,-1.3030,-4.0934,213,441,101.73308415641223,132.7742444904131,104.44759071484029,236.47832881682837,0.2708,2,83,1,4,5000,100,123.0,10.0,15.0,0.35,0.35,0.3,0.1,17.6139,0.2808,17.6139,170.0637,-1.3030,-4.0934
151,10,-0.7271,-3.8093,237,392,99.17620334037615,131.68523075880606,101.0035408517495,183.3712082089225,0.3338,2,83,1,4,5000,100,123.0,10.0,15.0,0.35,0.35,0.3,0.1,9.9363,0.1641,9.9363,153.2886,-0.7271,-3.8093
152,10,-0.7371,-3.7871,228,389,104.45675540005486,132.1854757528224,103.96005231667591,182.3869512876401,0.5837,1,83,1,4,5000,100,123.0,10.0,15.0,0.35,0.35,0.3,0.1,9.9798,0.1596,9.9798,153.2805,-0.7371,-3.7871
153,11,-1.4383,-4.0596,188,439,107.61257784292383,132.19682295728592,110.30669378821077,242.0433845408711,0.2874,1,83,1,4,5000,100,123.0,10.0,15.0,0.35,0.35,0.3,0.1,17.7473,0.2935,17.7473,170.9991,-1.4383,-4.0596
154,11,-1.6677,-4.0018,165,436,115.80871518425224,135.51752654177244,115.53280648551227,248.2438317461282,0.6137,1,83,1,4,5000,100,123.0,10.0,15.0,0.35,0.35,0.3,0.1,17.9762,0.2937,17.9762,175.3245,-1.6677,-4.0018
155,11,-1.9132,-3.9441,161,435,117.32389130134653,135.07035203922436,116.46218633335396,249.09837414162303,0.5322,1,83,1,4,5000,100,123.0,10.0,15.0,0.35,0.35,0.3,0.1,18.2564,0.2968,18.2564,175.1616,-1.9132,-3.9441
156,11,-2.0359,-3.9180,158,434,118.07248693585296,136.0,117.18111108547723,249.55961211702507,0.5277,1,83,1,4,5000,100,123.0,10.0,15.0,0.35,0.35,0.3,0.1,18.3013,0.2945,18.3013,176.0563,-2.0359,-3.9180
157,12,-4.0081,-5.6636,97,460,125.38027220030115,253.88580109962825,125.2085214388966,303.52759347380595,0.6235,2,83,1,4,5000,100,123.0,10.0,15.0,0.35,0.35,0.3,0.1,5.4406,0.0891,5.4406,276.4962,-4.0081,-5.6636
157,11,-2.0802,-3.9017,145,433,119.95360816780149,136.19104228986575,119.88428681142204,254.8921340488953,0.6446,2,83,1,4,5000,100,123.0,10.0,15.0,0.35,0.35,0.3,0.1,18.3716,0.3035,18.3716,177.5276,-2.0802,-3.9017
158,13,-2.8708,-2.9868,160,347,128.78436410029735,143.68020044529447,129.68010608219316,175.410946066658,0.3756,1,83,1,4,5000,100,123.0,10.0,15.0,0.35,0.35,0.3,0.1,6.3770,0.0994,6.3770,157.9679,-2.8708,-2.9868
160,14,-3.6556,-3.3770,71,397,137.0825652797309,155.66630977832037,137.37359580223668,273.17759791022394,0.8031,2,83,1,4,5000,100,123.0,10.0,15.0,0.35,0.35,0.3,0.1,16.8717,0.274,16.8717,198.3218,-3.6556,-3.3770
160,13,-2.8994,-2.9678,135,343,135.26899229369647,150.6154042586614,136.28252708271017,189.5521036549054,0.3597,2,83,1,4,5000,100,123.0,10.0,15.0,0.35,0.35,0.3,0.1,6.2009,0.1145,6.2009,167.8553,-2.8994,-2.9678
161,13,-2.9117,-2.9440,136,343,136.3078956016638,154.8967397978408,136.07282927579155,188.83061192507955,0.5739,1,83,1,4,5000,100,123.0,10.0,15.0,0.35,0.35,0.3,0.1,6.0863,0.0987,6.0863,170.1886,-2.9117,-2.9440
162,13,-3.0120,-2.8901,141,340,135.79942411331754,152.04275714416653,135.66362800001326,183.15294155431957,0.6066,1,83,1,4,5000,100,123.0,10.0,15.0,0.35,0.35,0.3,0.1,5.9947,0.0928,5.9947,166.1542,-3.0120,-2.8901
163,13,-3.0371,-2.8306,142,337,136.0809241866607,149.9333185119305,136.12330271407544,180.34688796871433,0.6398,1,83,1,4,5000,100,123.0,10.0,15.0,0.35,0.35,0.3,0.1,5.7211,0.0921,5.7211,163.7398,-3.0371,-2.8306
164,13,-3.0496,-2.7412,140,335,137.16107948822636,150.0133327407934,137.02136494035602,180.42449944505873,0.6057,1,83,1,4,5000,100,123.0,10.0,15.0,0.35,0.35,0.3,0.1,5.7231,0.092,5.7231,163.8195,-3.0496,-2.7412
165,13,-3.0656,-2.6988,134,328,140.1454581679388,149.80320423809366,139.95027223429176,180.27756377319946,0.5878,1,83,1,4,5000,100,123.0,10.0,15.0,0.35,0.35,0.3,0.1,5.7358,0.0923,5.7358,163.6336,-3.0656,-2.6988
166,15,-3.5454,-2.4636,112,330,143.05441444638174,151.40013210033868,143.59122543222765,198.80643852752857,0.6353,2,83,1,4,5000,100,123.0,10.0,15.0,0.35,0.35,0.3,0.1,7.8716,0.1354,7.8716,171.8947,-3.5454,-2.4636
166,13,-3.1005,-2.6487,133,323,141.4015362401497,145.86637720873168,141.39049531464698,177.88198334851114,0.6533,2,83,1,4,5000,100,123.0,10.0,15.0,0.35,0.35,0.3,0.1,5.7718,0.0989,5.7718,160.2912,-3.1005,-2.6487
167,15,-3.6218,-2.4124,123,322,142.89969161426524,149.20120642943877,143.5632155476791,185.20529150107996,0.4574,1,83,1,4,5000,100,123.0,10.0,15.0,0.35,0.35,0.3,0.1,7.8587,0.1077,7.8587,165.265,-3.6218,-2.4124
168,15,-3.6849,-2.3694,102,318,147.9553192812658,154.5477272560163,148.0552472237966,200.33971149025845,0.7266,1,83,1,4,5000,100,123.0,10.0,15.0,0.35,0.35,0.3,0.1,7.8485,0.129,7.8485,174.4894,-3.6849,-2.3694
169,15,-3.8129,-2.2745,96,315,149.53445508054014,157.78466338652817,149.66266521354217,203.92400545301183,0.7801,1,83,1,4,5000,100,123.0,10.0,15.0,0.35,0.35,0.3,0.1,7.7162,0.1276,7.7162,177.9116,-3.8129,-2.2745
170,15,-3.9133,-2.1854,92,312,150.70099125499027,159.38946012832844,150.94539590092285,205.91260281974002,0.8146,1,83,1,4,5000,100,123.0,10.0,15.0,0.35,0.35,0.3,0.1,7.6122,0.1274,7.6122,179.6885,-3.9133,-2.1854
171,15,-4.0363,-2.0798,85,307,152.65012421993012,163.24827717314508,153.06845629784107,209.74746720759228,0.6894,1,83,1,4,5000,100,123.0,10.0,15.0,0.35,0.35,0.3,0.1,7.6666,0.1247,7.6666,183.5995,-4.0363,-2.0798
172,15,-4.0944,-1.9792,86,303,153.91108007456387,161.44968256394932,153.92993244367935,207.06762180505189,0.7845,1,83,1,4,5000,100,123.0,10.0,15.0,0.35,0.35,0.3,0.1,7.5843,0.1238,7.5843,181.4352,-4.0944,-1.9792
173,16,-3.9566,-1.7580,89,296,155.07152586453873,156.58863304850706,155.3441012559184,201.357890334598,0.7176,2,83,1,4,5000,100,123.0,10.0,15.0,0.35,0.35,0.3,0.1,7.6508,0.1251,7.6508,176.1736,-3.9566,-1.7580
173,15,-4.1302,-1.8686,81,295,156.1089075984526,162.96318602678338,156.5124042223464,208.25465180878913,0.7699,2,83,1,4,5000,100,123.0,10.0,15.0,0.35,0.35,0.3,0.1,7.5144,0.122,7.5144,182.846,-4.1302,-1.8686
174,16,-3.9535,-1.6801,92,292,155.6181881231045,152.6106156202772,156.03751102542182,196.9771560359221,0.7112,2,83,1,4,5000,100,123.0,10.0,15.0,0.35,0.35,0.3,0.1,7.5908,0.1269,7.5908,171.9786,-3.9535,-1.6801
174,15,-4.1363,-1.7331,84,291,156.80140948635182,159.93123522314207,157.20723243230185,203.92400545301183,0.7779,2,83,1,4,5000,100,123.0,10.0,15.0,0.35,0.35,0.3,0.1,7.4450,0.1209,7.4450,179.2681,-4.1363,-1.7331
175,16,-3.9483,-1.5961,94,287,157.0006983505406,151.00331122197287,157.15195712838369,193.1553778697347,0.7613,2,83,1,4,5000,100,123.0,10.0,15.0,0.35,0.35,0.3,0.1,7.6053,0.1225,7.6053,169.498,-3.9483,-1.5961
175,15,-4.1445,-1.5801,85,286,157.9958940260833,157.47063218263906,158.41020831228602,201.10942295178512,0.7581,2,83,1,4,5000,100,123.0,10.0,15.0,0.35,0.35,0.3,0.1,7.3955,0.1217,7.3955,176.6346,-4.1445,-1.5801
176,16,-3.9259,-1.4379,93,277,159.62356478616363,149.34523762075577,160.04259817781698,190.43634106966033,0.7514,2,83,1,4,5000,100,123.0,10.0,15.0,0.35,0.35,0.3,0.1,7.6152,0.1209,7.6152,167.4061,-3.9259,-1.4379
176,15,-4.1252,-1.4171,85,276,160.86635679409451,155.59562975867928,161.10669471907758,197.6486782146544,0.8136,2,83,1,4,5000,100,123.0,10.0,15.0,0.35,0.35,0.3,0.1,7.3678,0.119,7.3678,174.119,-4.1252,-1.4171
177,16,-3.9116,-1.2652,93,269,162.06110613747325,146.102703602637,162.336664855814,187.85632808079689,0.8068,2,83,1,4,5000,100,123.0,10.0,15.0,0.35,0.35,0.3,0.1,7.5858,0.125,7.5858,164.3694,-3.9116,-1.2652
177,15,-4.1130,-1.2416,85,268,163.33652091711207,153.44380078712857,163.32886949265745,195.2050204272421,0.8152,2,83,1,4,5000,100,123.0,10.0,15.0,0.35,0.35,0.3,0.1,7.3592,0.1198,7.3592,171.8233,-4.1130,-1.2416
178,16,-3.9013,-1.0847,94,260,164.60445074600491,143.13629868066312,164.90842732140513,184.35834670553976,0.7283,2,83,1,4,5000,100,123.0,10.0,15.0,0.35,0.35,0.3,0.1,7.6076,0.1259,7.6076,161.153,-3.9013,-1.0847
178,15,-4.1025,-1.0585,86,258,165.77922969981205,150.6154042586614,166.10880882854514,191.60375779195982,0.7325,2,83,1,4,5000,100,123.0,10.0,15.0,0.35,0.35,0.3,0.1,7.3930,0.1198,7.3930,168.6549,-4.1025,-1.0585
179,16,-3.8808,-0.9165,96,253,166.85275762473051,140.68759717899798,166.88656177014332,180.71247881648904,0.8432,2,83,1,4,5000,100,123.0,10.0,15.0,0.35,0.35,0.3,0.1,7.6558,0.1245,7.6558,158.2078,-3.8808,-0.9165
179,15,-4.0872,-0.8902,87,251,167.55489680326812,148.48905683584903,168.09573428450827,189.06612599828665,0.7339,2,83,1,4,5000,100,123.0,10.0,15.0,0.35,0.35,0.3,0.1,7.4250,0.1202,7.4250,166.3387,-4.0872,-0.8902
180,16,-3.8691,-0.8306,96,246,168.8510103035582,139.6352391053204,169.0661832142442,179.25400971805345,0.875,2,83,1,4,5000,100,123.0,10.0,15.0,0.35,0.35,0.3,0.1,7.6539,0.1242,7.6539,156.9835,-3.8691,-0.8306
180,15,-4.0516,-0.7318,87,245,169.7651972365768,146.32839779072276,169.88604785420827,187.92019582790988,0.8366,2,83,1,4,5000,100,123.0,10.0,15.0,0.35,0.35,0.3,0.1,7.4874,0.1244,7.4874,164.5366,-4.0516,-0.7318
181,16,-3.8581,-0.7535,97,239,170.81116392264124,137.7679207943562,171.22923671726784,177.0706073858674,0.749,2,83,1,4,5000,100,123.0,10.0,15.0,0.35,0.35,0.3,0.1,7.6333,0.1248,7.6333,154.9661,-3.8581,-0.7535
181,15,-4.0311,-0.5759,88,238,171.70285503016314,145.52319402761884,171.9571057664947,185.82787734890587,0.7784,2,83,1,4,5000,100,123.0,10.0,15.0,0.35,0.35,0.3,0.1,7.5318,0.1216,7.5318,163.2243,-4.0311,-0.5759
182,15,-4.0258,-0.4201,92,232,173.48019824834302,140.91131963046828,173.6598082540901,181.10770276274835,0.8921,1,83,1,4,5000,100,123.0,10.0,15.0,0.35,0.35,0.3,0.1,7.5524,0.1248,7.5524,158.5007,-4.0258,-0.4201
183,15,-4.0257,-0.2743,90,223,176.37342821612037,142.28492541376264,176.54127568119358,182.33211456021672,0.8687,1,83,1,4,5000,100,123.0,10.0,15.0,0.35,0.35,0.3,0.1,7.5548,0.1234,7.5548,159.8383,-4.0257,-0.2743
184,15,-4.0291,-0.1373,88,216,178.40885972880542,144.05554484295286,178.75463573323165,184.04347312523745,0.8255,1,83,1,4,5000,100,123.0,10.0,15.0,0.35,0.35,0.3,0.1,7.7155,0.1219,7.7155,161.6127,-4.0291,-0.1373
185,15,-4.0543,-0.0066,87,212,180.0,144.0,180.0,185.0,0.8895,1,83,1,4,5000,100,123.0,10.0,15.0,0.35,0.35,0.3,0.1,7.9607,0.1246,7.9607,161.9453,-4.0543,-0.0066
186,15,-4.0641,0.1264,80,206,181.2018330644521,143.0314650697531,181.78991060824606,192.09372712298546,0.7989,1,83,1,4,5000,100,123.0,10.0,15.0,0.35,0.35,0.3,0.1,8.2377,0.1464,8.2377,163.9712,-4.0641,0.1264
187,15,-4.0354,0.2424,82,202,182.82215529981178,142.1724305201258,183.01278750418334,190.26297590440447,0.9122,1,83,1,4,5000,100,123.0,10.0,15.0,0.35,0.35,0.3,0.1,8.3297,0.1447,8.3297,162.7393,-4.0354,0.2424
188,15,-4.0283,0.3030,83,192,185.67035734389387,141.69333082400175,186.04056518289727,190.05525512334563,0.8568,1,83,1,4,5000,100,123.0,10.0,15.0,0.35,0.35,0.3,0.1,8.5025,0.1458,8.5025,162.3492,-4.0283,0.3030
189,15,-4.0140,0.3692,93,190,187.0227938355732,139.04315876734103,187.00679964008054,180.34688796871433,0.8847,1,83,1,4,5000,100,123.0,10.0,15.0,0.35,0.35,0.3,0.1,8.5841,0.1293,8.5841,157.0243,-4.0140,0.3692
190,17,-4.5469,0.6776,79,185,188.0428942335053,185.82787734890587,187.96378706071877,194.87944991712183,0.7394,1,83,1,4,5000,100,123.0,10.0,15.0,0.35,0.35,0.3,0.1,4.6964,0.0238,4.6964,190.2461,-4.5469,0.6776
191,17,-4.5505,0.7075,73,183,188.13010235415598,148.49242404917499,188.29127149169108,201.10196418732463,0.8988,1,83,1,4,5000,100,123.0,10.0,15.0,0.35,0.35,0.3,0.1,5.8409,0.1505,5.8409,170.8387,-4.5505,0.7075
192,17,-4.5551,0.7533,72,180,188.85795876362835,155.8589105569521,189.09027692082233,202.54382241875462,0.937,1,83,1,4,5000,100,123.0,10.0,15.0,0.35,0.35,0.3,0.1,6.2924,0.1303,6.2924,176.1608,-4.5551,0.7533
193,17,-4.5417,0.8572,58,174,189.69738049753244,160.29036153181514,190.06906269888944,217.34764779035453,0.8539,1,83,1,4,5000,100,123.0,10.0,15.0,0.35,0.35,0.3,0.1,7.6280,0.1511,7.6280,184.5086,-4.5417,0.8572
194,17,-4.5549,0.9817,62,169,191.58341860468704,164.34719346554112,191.5720339371883,214.3571785595248,0.965,1,83,1,4,5000,100,123.0,10.0,15.0,0.35,0.35,0.3,0.1,8.5188,0.1321,8.5188,186.0501,-4.5549,0.9817
195,17,-4.5428,1.1051,58,158,194.3645824496972,169.29264603047588,194.16216805531275,220.70795182774907,0.7769,1,83,1,4,5000,100,123.0,10.0,15.0,0.35,0.35,0.3,0.1,8.5058,0.1318,8.5058,191.6112,-4.5428,1.1051
196,17,-4.4523,1.2345,56,151,195.70863782901574,166.20770138594662,195.77007276541073,224.44821228960592,0.9303,1,83,1,4,5000,100,123.0,10.0,15.0,0.35,0.35,0.3,0.1,8.2331,0.1491,8.2331,190.9866,-4.4523,1.2345
197,17,-4.3299,1.3532,75,152,196.83747262567638,158.80806024884254,196.93908563104947,205.93445559206452,0.918,1,83,1,4,5000,100,123.0,10.0,15.0,0.35,0.35,0.3,0.1,8.1817,0.1292,8.1817,179.3268,-4.3299,1.3532
198,17,-4.1819,1.4567,84,146,199.378004055393,153.70751445521458,199.34432927212114,199.24858845171275,0.8832,1,83,1,4,5000,100,123.0,10.0,15.0,0.35,0.35,0.3,0.1,8.1814,0.129,8.1814,173.54,-4.1819,1.4567
199,17,-4.0364,1.5716,91,142,201.0923395058275,150.05332385522155,201.14349643822732,194.06442229321684,0.9228,1,83,1,4,5000,100,123.0,10.0,15.0,0.35,0.35,0.3,0.1,7.9508,0.1279,7.9508,169.2445,-4.0364,1.5716
200,17,-3.9493,1.7119,92,134,203.49856567595208,150.47923444781344,203.4286928087454,196.17339269126177,0.9235,1,83,1,4,5000,100,123.0,10.0,15.0,0.35,0.35,0.3,0.1,7.9942,0.1318,7.9942,170.3147,-3.9493,1.7119
201,17,-3.8944,1.8324,94,126,205.72252691633756,152.0690632574555,205.78732818281435,197.6866206904251,0.9828,1,83,1,4,5000,100,123.0,10.0,15.0,0.35,0.35,0.3,0.1,8.0307,0.1304,8.0307,171.903,-3.8944,1.8324
202,17,-3.8861,1.9529,94,120,207.56720750091563,153.4177303964571,207.33235949216768,200.3696583817021,0.8681,1,83,1,4,5000,100,123.0,10.0,15.0,0.35,0.35,0.3,0.1,8.0849,0.1327,8.0849,173.7781,-3.8861,1.9529
203,17,-3.8862,2.0491,96,118,208.07248693585294,153.0,208.10626982080186,199.52944644838766,0.9593,1,83,1,4,5000,100,123.0,10.0,15.0,0.35,0.35,0.3,0.1,8.0818,0.132,8.0818,173.1941,-3.8862,2.0491
204,17,-3.9006,2.1204,92,114,208.52311860631204,157.0636813525011,208.56583679374657,204.94877408757534,0.9496,1,83,1,4,5000,100,123.0,10.0,15.0,0.35,0.35,0.3,0.1,8.1049,0.1323,8.1049,177.8392,-3.9006,2.1204
205,17,-3.9298,2.1843,92,112,209.16025077623704,158.02847844613325,209.05460409907715,205.91260281974002,0.9712,1,83,1,4,5000,100,123.0,10.0,15.0,0.35,0.35,0.3,0.1,8.1244,0.1316,8.1244,178.8205,-3.9298,2.1843
206,17,-4.0126,2.2946,90,110,209.61153216724102,159.88120589988054,209.2679952148927,208.6336502101231,0.9059,1,83,1,4,5000,100,123.0,10.0,15.0,0.35,0.35,0.3,0.1,8.1810,0.1323,8.1810,181.0326,-4.0126,2.2946
207,17,-4.0357,2.3351,87,105,210.18058224820996,163.11039206623224,210.04416006992597,213.71476317746513,0.8924,1,83,1,4,5000,100,123.0,10.0,15.0,0.35,0.35,0.3,0.1,8.1983,0.1343,8.1983,185.0147,-4.0357,2.3351
210,17,-4.0739,2.3860,76,92,211.41400879211108,174.59095051004218,211.47683934958397,229.8173187555716,0.9119,1,83,1,4,5000,100,123.0,10.0,15.0,0.35,0.35,0.3,0.1,8.2418,0.1366,8.2418,198.4333,-4.0739,2.3860
258,18,-1.7065,1.8317,200,118,232.85331330197823,82.80096617793781,232.54942176826327,118.40608092492548,0.8255,1,83,1,4,5000,100,123.0,10.0,15.0,0.35,0.35,0.3,0.1,11.5249,0.177,11.5249,97.4532,-1.7065,1.8317
259,18,-1.7984,1.7680,183,120,228.36646066342982,84.29116205154607,225.94956685643584,128.00390619039717,0.4983,1,83,1,4,5000,100,123.0,10.0,15.0,0.35,0.35,0.3,0.1,11.4476,0.2059,11.4476,101.6472,-1.7984,1.7680
260,18,-1.8603,1.6955,180,130,221.68905848538853,85.70297544426332,221.71075732150817,123.23960402403117,0.9096,1,83,1,4,5000,100,123.0,10.0,15.0,0.35,0.35,0.3,0.1,11.4405,0.1797,11.4405,101.0996,-1.8603,1.6955
261,18,-1.9926,1.5440,171,135,217.1309244482095,87.80091115700337,217.3210361926313,127.00393694685216,0.8651,1,83,1,4,5000,100,123.0,10.0,15.0,0.35,0.35,0.3,0.1,11.5497,0.1825,11.5497,103.825,-1.9926,1.5440
262,18,-2.0606,1.3748,169,143,213.5034369824142,85.14693182963201,213.8182457898033,123.97580409095961,0.8191,1,83,1,4,5000,100,123.0,10.0,15.0,0.35,0.35,0.3,0.1,11.3147,0.1857,11.3147,100.9566,-2.0606,1.3748
263,18,-2.0675,1.1974,167,154,209.05460409907715,82.365041127896,208.9154243416267,119.95415791042844,0.8903,1,83,1,4,5000,100,123.0,10.0,15.0,0.35,0.35,0.3,0.1,11.3475,0.1858,11.3475,97.6677,-2.0675,1.1974
264,18,-2.0614,1.0080,170,162,205.90650799951436,77.82030583337487,206.1139126302907,113.59577456930342,0.8275,2,83,1,4,5000,100,123.0,10.0,15.0,0.35,0.35,0.3,0.1,11.9393,0.1869,11.9393,92.3648,-2.0614,1.0080
264,19,-2.2705,1.0563,162,160,204.44395478041653,84.581321815162,205.30137862541972,121.67168939404104,0.6537,2,83,1,4,5000,100,123.0,10.0,15.0,0.35,0.35,0.3,0.1,11.0505,0.1798,11.0505,99.7915,-2.2705,1.0563
265,18,-2.0324,0.8166,178,173,202.55724663470565,70.3846574190711,202.53325007900426,101.76934705499491,0.9788,1,83,1,4,5000,100,123.0,10.0,15.0,0.35,0.35,0.3,0.1,11.9357,0.1823,11.9357,83.2162,-2.0324,0.8166
266,18,-2.0035,0.6125,166,180,197.65012421993012,69.26037828369117,196.7983717813053,110.72488428533127,0.7652,1,83,1,4,5000,100,123.0,10.0,15.0,0.35,0.35,0.3,0.1,12.4400,0.2304,12.4400,85.2164,-2.0035,0.6125
267,18,-2.0192,0.4066,176,190,192.80426606528675,67.68308503607086,192.90740867126584,98.48857801796105,0.833,1,83,1,4,5000,100,123.0,10.0,15.0,0.35,0.35,0.3,0.1,12.3514,0.1854,12.3514,80.2304,-2.0192,0.4066
268,18,-2.0548,0.2120,169,203,184.3987053549955,65.19202405202648,184.9937439858234,103.39245620450265,0.7506,2,83,1,4,5000,100,123.0,10.0,15.0,0.35,0.35,0.3,0.1,11.7612,0.2266,11.7612,79.9642,-2.0548,0.2120
268,20,-2.0133,0.0557,177,205,183.97249594075066,72.17340230306452,184.21417852273404,95.25754563287887,0.7376,2,83,1,4,5000,100,123.0,10.0,15.0,0.35,0.35,0.3,0.1,10.0755,0.1379,10.0755,82.1241,-2.0133,0.0557
269,20,-2.0269,-0.0106,175,214,179.13194855025446,66.007575322837,178.81881108667338,97.02061636580135,0.7584,2,83,1,4,5000,100,123.0,10.0,15.0,0.35,0.35,0.3,0.1,11.2240,0.1902,11.2240,78.5643,-2.0269,-0.0106
269,18,-2.0424,0.0010,167,212,179.2151753970081,73.00684899377592,180.0,105.0,0.6869,2,83,1,4,5000,100,123.0,10.0,15.0,0.35,0.35,0.3,0.1,11.0936,0.1797,11.0936,86.1284,-2.0424,0.0010
270,18,-1.9499,-0.2204,175,220,175.36453657309735,74.24284477308234,175.28524548129505,97.32933781753577,0.7283,2,83,1,4,5000,100,123.0,10.0,15.0,0.35,0.35,0.3,0.1,10.8672,0.1346,10.8672,84.2328,-1.9499,-0.2204
270,20,-2.0126,-0.0898,167,218,174.88268515002736,67.26812023536856,176.72951207681643,105.17128885774862,0.6546,2,83,1,4,5000,100,123.0,10.0,15.0,0.35,0.35,0.3,0.1,12.6073,0.2198,12.6073,82.054,-2.0126,-0.0898
271,18,-1.8394,-0.3997,176,232,167.38067770656923,68.65857557508748,168.23171106797935,98.0612053770501,0.7273,1,83,1,4,5000,100,123.0,10.0,15.0,0.35,0.35,0.3,0.1,9.5432,0.1764,9.5432,80.7672,-1.8394,-0.3997
272,18,-1.6748,-0.5485,200,243,155.72555886556054,55.94640292279746,156.7054367461056,78.39005038906404,0.5649,1,83,1,4,5000,100,123.0,10.0,15.0,0.35,0.35,0.3,0.1,8.7059,0.1671,8.7059,65.2934,-1.6748,-0.5485
273,18,-1.4989,-0.6751,207,246,154.3231843181618,57.697486947006624,152.38697217691552,73.35529974037323,0.4136,1,83,1,4,5000,100,123.0,10.0,15.0,0.35,0.35,0.3,0.1,8.4033,0.1195,8.4033,64.591,-1.4989,-0.6751
274,18,-1.3248,-0.7629,212,246,150.64224645720873,55.072679252057455,150.46121774044192,68.96375859826666,0.6381,1,83,1,4,5000,100,123.0,10.0,15.0,0.35,0.35,0.3,0.1,7.7826,0.112,7.7826,61.2404,-1.3248,-0.7629
275,18,-1.2419,-0.8162,217,248,146.6114864238885,52.69724850502159,146.79342968491048,65.73431371817918,0.6392,1,83,1,4,5000,100,123.0,10.0,15.0,0.35,0.35,0.3,0.1,7.3179,0.1101,7.3179,58.4982,-1.2419,-0.8162
277,18,-1.1548,-0.8702,221,251,141.51980175165698,49.8196748283246,142.59464336859145,64.20280367709809,0.5377,1,83,1,4,5000,100,123.0,10.0,15.0,0.35,0.35,0.3,0.1,7.4344,0.1261,7.4344,56.1041,-1.1548,-0.8702
278,18,-1.0675,-0.9240,222,254,139.02826366648515,50.32891812864648,139.9697407281103,65.29931086925804,0.5535,1,83,1,4,5000,100,123.0,10.0,15.0,0.35,0.35,0.3,0.1,7.6175,0.1295,7.6175,56.845,-1.0675,-0.9240
279,18,-0.9605,-0.9829,225,257,134.19307054489764,50.20956084253277,136.24536426676835,65.06919393998976,0.4327,1,83,1,4,5000,100,123.0,10.0,15.0,0.35,0.35,0.3,0.1,7.7764,0.1289,7.7764,56.6817,-0.9605,-0.9829
280,18,-0.9228,-1.0126,230,258,129.9575489308291,48.27007354458868,132.3974377975002,62.289646009589745,0.3919,1,83,1,4,5000,100,123.0,10.0,15.0,0.35,0.35,0.3,0.1,7.7873,0.1268,7.7873,54.391,-0.9228,-1.0126
281,21,-3.4059,-4.7215,115,432,126.19320730556468,203.2141727340886,125.51303444746686,270.27578507887085,0.4461,2,83,1,4,5000,100,123.0,10.0,15.0,0.35,0.35,0.3,0.1,8.6899,0.1416,8.6899,231.9959,-3.4059,-4.7215
281,18,-0.8686,-1.0417,239,261,119.89890183861456,46.14108798023731,123.95905981967626,59.07622195096772,0.2296,2,83,1,4,5000,100,123.0,10.0,15.0,0.35,0.35,0.3,0.1,7.7370,0.1229,7.7370,51.8135,-0.8686,-1.0417
284,22,0.5799,-1.6623,293,287,72.82409638425325,57.56735185849702,74.35775354279127,77.88452991448301,0.588,2,83,1,4,5000,100,123.0,10.0,15.0,0.35,0.35,0.3,0.1,9.4395,0.15,9.4395,66.2022,0.5799,-1.6623
284,23,0.2822,-1.5581,285,285,79.50852298766841,54.91812087098393,79.90249561592472,74.14849964766651,0.7274,2,83,1,4,5000,100,123.0,10.0,15.0,0.35,0.35,0.3,0.1,9.1449,0.149,9.1449,63.1007,0.2822,-1.5581
285,22,0.6685,-1.6924,298,289,74.32047587758075,59.20304046246274,71.34211152588047,81.27115109311545,0.3905,1,83,1,4,5000,100,123.0,10.0,15.0,0.35,0.35,0.3,0.1,9.2573,0.1571,9.2573,68.5037,0.6685,-1.6924
286,22,0.7626,-1.7384,309,294,67.71441235316725,65.92419889539804,65.71417484434872,89.96110270555825,0.4838,1,83,1,4,5000,100,123.0,10.0,15.0,0.35,0.35,0.3,0.1,9.3200,0.1542,9.3200,76.0895,0.7626,-1.7384
287,22,0.9428,-1.8185,315,295,61.975499467929744,70.2353187506115,62.612577842923834,93.47726996441435,0.7531,1,83,1,4,5000,100,123.0,10.0,15.0,0.35,0.35,0.3,0.1,9.1419,0.142,9.1419,80.2065,0.9428,-1.8185
288,22,1.1830,-1.9001,327,302,60.439645535319265,77.02596964660685,58.57043438516149,105.47511554864494,0.4793,1,83,1,4,5000,100,123.0,10.0,15.0,0.35,0.35,0.3,0.1,8.7861,0.1559,8.7861,89.0331,1.1830,-1.9001
289,24,1.5418,-2.0167,343,305,52.236922025968006,89.81091247727082,52.64040676102675,117.00427342623003,0.7565,2,83,1,4,5000,100,123.0,10.0,15.0,0.35,0.35,0.3,0.1,7.9831,0.1315,7.9831,101.6198,1.5418,-2.0167
289,22,1.3852,-1.9530,335,304,55.56101069119639,84.87638069569178,55.597335145023564,111.50336317797773,0.8058,2,83,1,4,5000,100,123.0,10.0,15.0,0.35,0.35,0.3,0.1,8.6384,0.1356,8.6384,96.3847,1.3852,-1.9530
290,22,1.6258,-2.0091,350,306,49.7279878188422,94.36630754670864,50.31454566994475,122.14745187681976,0.7342,2,83,1,4,5000,100,123.0,10.0,15.0,0.35,0.35,0.3,0.1,8.4100,0.1283,8.4100,106.4746,1.6258,-2.0091
290,24,1.5418,-2.0167,342,304,52.744710546422915,89.20201791439474,52.73359809902286,115.6027681329474,0.8096,2,83,1,4,5000,100,123.0,10.0,15.0,0.35,0.35,0.3,0.1,7.9831,0.1289,7.9831,100.7008,1.5418,-2.0167
291,22,1.9464,-2.0421,355,305,49.33231398318852,93.60555539069249,48.25194560036388,124.65151423067431,0.574,1,83,1,4,5000,100,123.0,10.0,15.0,0.35,0.35,0.3,0.1,8.0337,0.1422,8.0337,106.9205,1.9464,-2.0421
292,22,2.3064,-2.0538,369,306,43.84654954889463,105.38026380684383,44.1001402850956,135.07405376311175,0.8557,1,83,1,4,5000,100,123.0,10.0,15.0,0.35,0.35,0.3,0.1,7.8183,0.1235,7.8183,118.3937,2.3064,-2.0538
293,25,3.1050,-2.0699,405,309,35.79740302797835,128.22246293064254,36.1041430303367,164.61470165206995,0.7703,2,83,1,4,5000,100,123.0,10.0,15.0,0.35,0.35,0.3,0.1,7.2771,0.1243,7.2771,144.1573,3.1050,-2.0699
293,22,2.6041,-2.0473,397,307,37.339524665533666,122.00409829181969,37.23483398157467,157.00318468107582,0.8123,2,83,1,4,5000,100,123.0,10.0,15.0,0.35,0.35,0.3,0.1,7.7008,0.1254,7.7008,137.3085,2.6041,-2.0473
294,22,2.8125,-2.0551,415,305,32.86317554470773,134.52880732393342,33.03794860233377,170.5813588877753,0.7531,2,83,1,4,5000,100,123.0,10.0,15.0,0.35,0.35,0.3,0.1,7.4440,0.1182,7.4440,150.4251,2.8125,-2.0551
294,25,3.1907,-2.0343,407,304,34.55437794347488,128.70508925446578,34.27370553387477,163.36768346279504,0.7974,2,83,1,4,5000,100,123.0,10.0,15.0,0.35,0.35,0.3,0.1,7.3432,0.1187,7.3432,143.9795,3.1907,-2.0343
295,25,3.3192,-1.9922,425,304,30.89464223566476,142.1724305201258,31.01879568854737,178.53010950537168,0.8073,2,83,1,4,5000,100,123.0,10.0,15.0,0.35,0.35,0.3,0.1,7.3546,0.1134,7.3546,158.2904,3.3192,-1.9922
295,22,3.0375,-2.0524,417,303,32.27564431457763,134.8332303254654,32.1118148742343,171.1899529762188,0.8095,2,83,1,4,5000,100,123.0,10.0,15.0,0.35,0.35,0.3,0.1,7.4025,0.1188,7.4025,150.8519,3.0375,-2.0524
296,25,3.5773,-1.9111,429,299,29.491361803170197,140.1606221447379,28.992595703900157,179.49373248110922,0.6318,1,83,1,4,5000,100,123.0,10.0,15.0,0.35,0.35,0.3,0.1,7.2829,0.123,7.2829,157.4072,3.5773,-1.9111
297,25,3.8765,-1.8353,443,293,25.382120591881716,151.6377261765686,25.34617594194669,189.21416437465774,0.9558,1,83,1,4,5000,100,123.0,10.0,15.0,0.35,0.35,0.3,0.1,7.1460,0.1102,7.1460,168.3547,3.8765,-1.8353
298,25,4.1008,-1.7540,463,289,22.45693899994212,162.30834852218786,21.95640219984425,205.9368835347374,0.7692,1,83,1,4,5000,100,123.0,10.0,15.0,0.35,0.35,0.3,0.1,7.0643,0.1185,7.0643,181.5381,4.1008,-1.7540
299,25,4.3796,-1.7061,472,286,20.438955914913034,171.81676286090365,20.304473709960437,213.2510257888576,0.8944,1,83,1,4,5000,100,123.0,10.0,15.0,0.35,0.35,0.3,0.1,6.8116,0.1076,6.8116,190.3047,4.3796,-1.7061
300,26,4.7862,-1.6878,482,287,19.44003482817619,180.27756377319946,19.65382405805331,222.9910312097776,0.7823,2,83,1,4,5000,100,123.0,10.0,15.0,0.35,0.35,0.3,0.1,6.3917,0.1059,6.3917,199.3722,4.7862,-1.6878
300,25,4.5682,-1.6838,474,285,19.898391286176626,173.34935823359717,19.869153252275133,214.78593994952277,0.9262,2,83,1,4,5000,100,123.0,10.0,15.0,0.35,0.35,0.3,0.1,6.6281,0.1068,6.6281,191.8558,4.5682,-1.6838
301,25,4.6829,-1.6875,487,287,19.21709517697867,185.32673849177834,19.230672375661285,227.705950734714,0.9656,2,83,1,4,5000,100,123.0,10.0,15.0,0.35,0.35,0.3,0.1,6.4394,0.1026,6.4394,204.3422,4.6829,-1.6875
301,26,4.8345,-1.7067,480,285,19.65382405805331,178.39282496782207,19.339111314892,220.43819995635965,0.8613,2,83,1,4,5000,100,123.0,10.0,15.0,0.35,0.35,0.3,0.1,6.3514,0.1054,6.3514,197.1993,4.8345,-1.7067
302,26,4.8664,-1.7231,493,289,19.290046219188735,190.7065809037538,19.209168987850074,234.0299126180241,0.8281,2,83,1,4,5000,100,123.0,10.0,15.0,0.35,0.35,0.3,0.1,6.2951,0.102,6.2951,210.1587,4.8664,-1.7231
302,25,4.7488,-1.7079,485,288,19.822464570365216,182.8332573685652,19.63678188737413,226.15260334561705,0.8383,2,83,1,4,5000,100,123.0,10.0,15.0,0.35,0.35,0.3,0.1,6.3518,0.1059,6.3518,202.1988,4.7488,-1.7079
303,26,4.9151,-1.7535,493,290,19.573125830410195,191.03926298015284,19.44003482817619,234.3608329051593,0.8238,2,83,1,4,5000,100,123.0,10.0,15.0,0.35,0.35,0.3,0.1,6.2004,0.1018,6.2004,210.4942,4.9151,-1.7535
303,25,4.7945,-1.7381,485,289,20.009693888675187,184.1140950606444,19.875042184718176,226.49061790723252,0.8461,2,83,1,4,5000,100,123.0,10.0,15.0,0.35,0.35,0.3,0.1,6.2838,0.1032,6.2838,203.1156,4.7945,-1.7381
304,26,4.9646,-1.8065,493,291,19.754026438430557,192.31744590650115,19.670245891800562,234.6955474652214,0.8565,2,83,1,4,5000,100,123.0,10.0,15.0,0.35,0.35,0.3,0.1,6.0507,0.0992,6.0507,211.4036,4.9646,-1.8065
304,25,4.7633,-1.7782,485,290,20.194334245183978,185.39687160251654,20.112588289075486,226.83253734859116,0.9026,2,83,1,4,5000,100,123.0,10.0,15.0,0.35,0.35,0.3,0.1,6.2182,0.1005,6.2182,204.0322,4.7633,-1.7782
305,26,4.9493,-1.8371,491,293,20.136303428248137,191.7185437040455,20.297569772228687,233.49946466748057,0.7899,2,83,1,4,5000,100,123.0,10.0,15.0,0.35,0.35,0.3,0.1,5.9205,0.0983,5.9205,210.5564,4.9493,-1.8371
305,25,4.7480,-1.8138,483,291,20.701928493166616,183.87223825254318,20.526281180955344,225.30423875284725,0.7867,2,83,1,4,5000,100,123.0,10.0,15.0,0.35,0.35,0.3,0.1,6.0808,0.1013,6.0808,202.4906,4.7480,-1.8138
306,25,4.7328,-1.8370,479,295,22.091365409362936,183.4693434882242,21.849116202648442,223.0201784592596,0.8041,1,83,1,4,5000,100,123.0,10.0,15.0,0.35,0.35,0.3,0.1,5.9381,0.0973,5.9381,201.3206,4.7328,-1.8370
307,26,4.9288,-1.8577,488,296,21.35855237706058,192.20041623263984,21.25050550713324,231.7584949899356,0.8064,2,83,1,4,5000,100,123.0,10.0,15.0,0.35,0.35,0.3,0.1,5.7992,0.0933,5.7992,210.1339,4.9288,-1.8577
307,25,4.7095,-1.8500,479,295,21.974507991471963,184.39631232755173,21.849116202648442,223.0201784592596,0.8907,2,83,1,4,5000,100,123.0,10.0,15.0,0.35,0.35,0.3,0.1,5.8360,0.0948,5.8360,201.8774,4.7095,-1.8500
308,26,4.9183,-1.8733,487,295,21.080397079922545,191.83847372203522,21.108907598452593,230.46474784660668,0.7932,2,83,1,4,5000,100,123.0,10.0,15.0,0.35,0.35,0.3,0.1,5.6702,0.0915,5.6702,209.3851,4.9183,-1.8733
308,25,4.7042,-1.8583,479,293,21.5713071912546,184.95404834715026,21.370622269343183,222.28360263411244,0.894,2,83,1,4,5000,100,123.0,10.0,15.0,0.35,0.35,0.3,0.1,5.6887,0.0917,5.6887,201.9079,4.7042,-1.8583
309,26,4.9153,-1.8790,486,294,20.907980471009658,190.5465822312224,20.96571184055742,229.17242417009948,0.8658,2,83,1,4,5000,100,123.0,10.0,15.0,0.35,0.35,0.3,0.1,5.5440,0.092,5.5440,208.0822,4.9153,-1.8790
309,25,4.7181,-1.8414,478,292,21.395884957085762,183.65728953678914,21.223656502766215,220.9886874932742,0.8192,2,83,1,4,5000,100,123.0,10.0,15.0,0.35,0.35,0.3,0.1,5.5872,0.0923,5.5872,200.6009,4.7181,-1.8414
310,26,4.9290,-1.8695,488,294,20.590727890597368,193.35201059208046,20.788245689030315,231.0411218809327,0.818,2,83,1,4,5000,100,123.0,10.0,15.0,0.35,0.35,0.3,0.1,5.4540,0.0888,5.4540,210.523,4.9290,-1.8695
310,25,4.7341,-1.8294,479,292,21.17055052203517,185.52088831180168,21.13019256786641,221.92115717073935,0.866,2,83,1,4,5000,100,123.0,10.0,15.0,0.35,0.35,0.3,0.1,5.5097,0.0893,5.5097,202.095,4.7341,-1.8294
311,26,4.9602,-1.8675,488,293,20.590727890597368,193.35201059208046,20.556045219583467,230.68810112357335,0.8677,2,83,1,4,5000,100,123.0,10.0,15.0,0.35,0.35,0.3,0.1,5.3621,0.088,5.3621,210.3764,4.9602,-1.8675
311,25,4.7622,-1.8297,480,291,20.77225468204583,186.09674903124989,20.797162279163846,222.49719099350446,0.9354,2,83,1,4,5000,100,123.0,10.0,15.0,0.35,0.35,0.3,0.1,5.4543,0.0891,5.4543,202.6756,4.7622,-1.8297
312,26,4.9943,-1.8657,489,294,20.384295795418723,195.2255106280939,20.700585224551652,231.97629189208106,0.7453,2,83,1,4,5000,100,123.0,10.0,15.0,0.35,0.35,0.3,0.1,5.2403,0.086,5.2403,212.0201,4.9943,-1.8657
312,25,4.7934,-1.8277,481,292,20.949701470394846,187.38729946290383,20.94560257118783,223.78784596130328,0.8815,2,83,1,4,5000,100,123.0,10.0,15.0,0.35,0.35,0.3,0.1,5.3586,0.0885,5.3586,203.9763,4.7934,-1.8277
313,26,5.0255,-1.8687,492,294,20.353229148068834,198.38598740838526,20.44179655841656,234.78500803926983,0.8823,2,83,1,4,5000,100,123.0,10.0,15.0,0.35,0.35,0.3,0.1,5.1479,0.084,5.1479,215.0562,5.0255,-1.8687
313,25,4.8268,-1.8356,484,293,20.907980471009658,190.5465822312224,20.91063035443729,226.947130407062,0.8355,2,83,1,4,5000,100,123.0,10.0,15.0,0.35,0.35,0.3,0.1,5.2859,0.0872,5.2859,207.16,4.8268,-1.8356
314,26,5.0646,-1.8768,491,293,20.081977484180754,198.04039991880444,20.297569772228687,233.49946466748057,0.8068,2,83,1,4,5000,100,123.0,10.0,15.0,0.35,0.35,0.3,0.1,5.0215,0.0822,5.0215,214.3131,5.0646,-1.8768
314,25,4.8632,-1.8461,483,291,20.626563066454473,190.19200824430033,20.526281180955344,225.30423875284725,0.8604,2,83,1,4,5000,100,123.0,10.0,15.0,0.35,0.35,0.3,0.1,5.1729,0.0845,5.1729,206.2645,4.8632,-1.8461
315,26,5.0945,-1.8627,493,294,20.15421115684554,200.26232796010336,20.35690478185344,235.72229423624742,0.8987,2,83,1,4,5000,100,123.0,10.0,15.0,0.35,0.35,0.3,0.1,4.8288,0.0813,4.8288,216.5503,5.0945,-1.8627
315,25,4.8908,-1.8347,485,293,20.973493421320804,192.77188591700815,20.820892853310824,227.8815481779953,0.8962,2,83,1,4,5000,100,123.0,10.0,15.0,0.35,0.35,0.3,0.1,4.9561,0.0835,4.9561,208.8615,4.8908,-1.8347
316,26,5.1292,-1.8586,494,294,20.224859431168078,202.48456731316588,20.272685613309864,236.6600938054407,0.8583,2,83,1,4,5000,100,123.0,10.0,15.0,0.35,0.35,0.3,0.1,4.6521,0.0778,4.6521,218.2425,5.1292,-1.8586
316,25,4.9229,-1.8280,486,292,20.762763911963166,194.64069461446135,20.497340548001826,228.46443924602357,0.844,2,83,1,4,5000,100,123.0,10.0,15.0,0.35,0.35,0.3,0.1,4.7920,0.0799,4.7920,210.2006,4.9229,-1.8280
317,26,5.1683,-1.8642,492,289,19.330122533133085,202.41047403728888,19.290046219188735,233.085821104588,0.9521,2,83,1,4,5000,100,123.0,10.0,15.0,0.35,0.35,0.3,0.1,4.5213,0.0704,4.5213,216.6678,5.1683,-1.8642
317,25,4.9671,-1.8336,483,288,19.832129850218386,194.5379140424817,19.808491353513894,224.26992665089986,0.9171,2,83,1,4,5000,100,123.0,10.0,15.0,0.35,0.35,0.3,0.1,4.6517,0.071,4.6517,208.3486,4.9671,-1.8336
318,26,5.2204,-1.8899,496,292,19.486129572465757,206.8477701112584,19.65382405805331,237.8570999570961,0.8763,2,83,1,4,5000,100,123.0,10.0,15.0,0.35,0.35,0.3,0.1,4.3527,0.0697,4.3527,221.2713,5.2204,-1.8899
318,25,5.0213,-1.8568,488,290,20.081977484180754,198.04039991880444,19.855214369321057,229.65191050805564,0.7907,2,83,1,4,5000,100,123.0,10.0,15.0,0.35,0.35,0.3,0.1,4.5105,0.0739,4.5105,212.6779,5.0213,-1.8568
319,26,5.2542,-1.8979,497,293,19.74683660542612,207.18349355100662,19.798876354524932,239.1359446005556,0.8671,2,83,1,4,5000,100,123.0,10.0,15.0,0.35,0.35,0.3,0.1,4.2381,0.0716,4.2381,222.016,5.2542,-1.8979
319,25,5.0551,-1.8672,490,291,20.15421115684554,200.26232796010336,19.919772966803567,231.87280996270349,0.851,2,83,1,4,5000,100,123.0,10.0,15.0,0.35,0.35,0.3,0.1,4.4003,0.0731,4.4003,214.9114,5.0551,-1.8672
320,26,5.3039,-1.9378,501,298,20.556045219583467,213.60009363293827,20.583459466062315,244.6160256401857,0.88,2,83,1,4,5000,100,123.0,10.0,15.0,0.35,0.35,0.3,0.1,4.2604,0.0677,4.2604,228.0583,5.3039,-1.9378
320,25,5.1214,-1.9168,494,297,21.077494116986735,205.7668583615933,20.950987715304564,237.71621736852538,0.8741,2,83,1,4,5000,100,123.0,10.0,15.0,0.35,0.35,0.3,0.1,4.4848,0.072,4.4848,220.5907,5.1214,-1.9168
321,26,5.3478,-1.9773,499,295,19.98310652189998,210.68459839295326,20.084371491596443,241.69815886762564,0.8748,2,83,1,4,5000,100,123.0,10.0,15.0,0.35,0.35,0.3,0.1,4.3369,0.0686,4.3369,225.1283,5.3478,-1.9773
321,25,5.1753,-1.9688,491,294,20.489922018110647,202.8324431643025,20.5273686556551,233.8482413874434,0.8287,2,83,1,4,5000,100,123.0,10.0,15.0,0.35,0.35,0.3,0.1,4.5585,0.071,4.5585,217.2389,5.1753,-1.9688
322,26,5.3940,-2.0218,501,297,20.556045219583467,205.05608988762074,20.3638703501095,244.26624818013642,0.8807,1,83,1,4,5000,100,123.0,10.0,15.0,0.35,0.35,0.3,0.1,4.4330,0.0873,4.4330,222.9503,5.3940,-2.0218
323,26,5.4212,-2.0507,507,301,20.61818812310449,215.82400237230334,20.742849614310288,251.28867861485523,0.8458,2,83,1,4,5000,100,123.0,10.0,15.0,0.35,0.35,0.3,0.1,4.6381,0.0759,4.6381,232.21,5.4212,-2.0507
323,25,5.2182,-2.0254,499,299,21.13639905203914,207.99278833651903,20.96982555246255,243.10080213771406,0.9104,2,83,1,4,5000,100,123.0,10.0,15.0,0.35,0.35,0.3,0.1,4.7086,0.0778,4.7086,224.1806,5.2182,-2.0254
324,26,5.4546,-2.1089,509,303,21.113500078365256,216.53637107885595,21.005103913768455,253.87004549572208,0.9087,2,83,1,4,5000,100,123.0,10.0,15.0,0.35,0.35,0.3,0.1,4.9215,0.0794,4.9215,233.7217,5.4546,-2.1089
324,25,5.2422,-2.0664,501,302,21.54766544326147,209.65209276322523,21.45547690791655,246.05080776132397,0.9512,2,83,1,4,5000,100,123.0,10.0,15.0,0.35,0.35,0.3,0.1,4.9509,0.0799,4.9509,226.3978,5.2422,-2.0664
325,26,5.4656,-2.1548,511,306,21.359926772078378,216.8985938174796,21.469984234159508,256.8209493012593,0.8113,2,83,1,4,5000,100,123.0,10.0,15.0,0.35,0.35,0.3,0.1,5.1903,0.0843,5.1903,235.1776,5.4656,-2.1548
325,25,5.2727,-2.1220,502,305,21.903178081839158,209.093280618962,22.015838797775633,248.09070921741508,0.8562,2,83,1,4,5000,100,123.0,10.0,15.0,0.35,0.35,0.3,0.1,5.2600,0.0853,5.2600,226.9288,5.2727,-2.1220
326,26,5.4634,-2.1902,512,310,22.047947463560384,215.77998053572995,22.211830686446206,259.2373429890069,0.7706,2,83,1,4,5000,100,123.0,10.0,15.0,0.35,0.35,0.3,0.1,5.4927,0.0915,5.4927,235.5208,5.4634,-2.1902
326,25,5.2732,-2.1600,504,308,22.51438682803536,208.92343095019285,22.479434397103113,251.07767722360344,0.9253,2,83,1,4,5000,100,123.0,10.0,15.0,0.35,0.35,0.3,0.1,5.5535,0.0916,5.5535,228.0691,5.2732,-2.1600
327,26,5.4403,-2.2203,511,310,22.249023657212366,213.92755783208483,22.295681447805283,258.3118270617898,0.9606,2,83,1,4,5000,100,123.0,10.0,15.0,0.35,0.35,0.3,0.1,5.8342,0.094,5.8342,234.0339,5.4403,-2.2203
327,25,5.2524,-2.1874,504,308,22.726283435461493,207.07728026029315,22.479434397103113,251.07767722360344,0.8223,2,83,1,4,5000,100,123.0,10.0,15.0,0.35,0.35,0.3,0.1,5.9190,0.096,5.9190,226.9646,5.2524,-2.1874
328,26,5.4060,-2.2423,513,311,22.350872654343945,213.00234740490538,22.332288900648727,260.5417432965397,0.8946,2,83,1,4,5000,100,123.0,10.0,15.0,0.35,0.35,0.3,0.1,6.2269,0.1004,6.2269,234.3858,5.4060,-2.2423
328,25,5.2535,-2.1823,505,310,22.833654177917545,206.15528128088303,22.811663858708272,252.77064703006954,0.8573,2,83,1,4,5000,100,123.0,10.0,15.0,0.35,0.35,0.3,0.1,6.2880,0.1016,6.2880,227.0955,5.2535,-2.1823
329,26,5.3309,-2.2127,511,313,22.767262806110523,209.3083849252103,22.908634590637067,259.46483384073457,0.7189,2,83,1,4,5000,100,123.0,10.0,15.0,0.35,0.35,0.3,0.1,6.5406,0.107,6.5406,231.7034,5.3309,-2.2127
329,25,5.2808,-2.1679,504,311,23.27290406408198,202.47468977627796,23.109112534052784,252.23996511258878,0.7995,2,83,1,4,5000,100,123.0,10.0,15.0,0.35,0.35,0.3,0.1,6.5613,0.1094,6.5613,224.6341,5.2808,-2.1679
330,26,5.3050,-2.2094,512,314,23.089317067917158,206.54539452623968,23.025492008528037,260.7757657452088,0.7703,1,83,1,4,5000,100,123.0,10.0,15.0,0.35,0.35,0.3,0.1,6.7395,0.116,6.7395,230.514,5.3050,-2.2094
331,25,5.3229,-2.1461,510,307,21.644435140713995,203.33715843396652,21.75989081281238,256.25963396524236,0.7463,2,83,1,4,5000,100,123.0,10.0,15.0,0.35,0.35,0.3,0.1,6.8306,0.1151,6.8306,226.7514,5.3229,-2.1461
331,26,5.2599,-2.2006,502,306,22.126334809373287,196.468827043885,22.229621091237785,248.46730167166865,0.7665,2,83,1,4,5000,100,123.0,10.0,15.0,0.35,0.35,0.3,0.1,6.9390,0.1169,6.9390,219.4296,5.2599,-2.2006
332,25,5.4399,-2.1394,516,307,21.392890351981446,208.35546549106888,21.273165493894485,261.8415551435639,0.659,1,83,1,4,5000,100,123.0,10.0,15.0,0.35,0.35,0.3,0.1,7.0512,0.1138,7.0512,232.0564,5.4399,-2.1394
333,25,5.6022,-2.1425,519,306,20.781111658248754,208.568933448872,20.83516328377865,264.2820463065927,0.687,1,83,1,4,5000,100,123.0,10.0,15.0,0.35,0.35,0.3,0.1,7.2623,0.1178,7.2623,233.1433,5.6022,-2.1425
334,25,5.7748,-2.1799,536,311,20.314164737736107,221.79495034828903,20.556045219583467,281.95212359547855,0.6024,1,83,1,4,5000,100,123.0,10.0,15.0,0.35,0.35,0.3,0.1,7.4907,0.1194,7.4907,248.2816,5.7748,-2.1799
335,25,5.9608,-2.2244,543,311,20.250633509282487,219.57231155134292,20.067938825194947,288.5168972521367,0.656,1,83,1,4,5000,100,123.0,10.0,15.0,0.35,0.35,0.3,0.1,7.7632,0.1357,7.7632,249.3669,5.9608,-2.2244
336,25,6.1334,-2.3078,555,317,20.556045219583467,230.68810112357335,20.356099534295232,301.85095659944494,0.7571,1,83,1,4,5000,100,123.0,10.0,15.0,0.35,0.35,0.3,0.1,8.0608,0.1336,8.0608,261.5148,6.1334,-2.3078
337,25,6.2153,-2.3978,565,320,20.189131450236815,237.59840066801797,20.233920917651613,312.27071588607214,0.7571,1,83,1,4,5000,100,123.0,10.0,15.0,0.35,0.35,0.3,0.1,8.4101,0.1358,8.4101,269.8643,6.2153,-2.3978
338,25,6.2491,-2.4900,566,328,21.48783133771444,237.507894605632,21.532101107656338,316.0569568922665,0.7402,1,83,1,4,5000,100,123.0,10.0,15.0,0.35,0.35,0.3,0.1,8.7413,0.1419,8.7413,271.2095,6.2491,-2.4900
339,25,6.2328,-2.5698,564,335,22.750976342787634,235.30830839560255,22.842425730132096,316.8485442605031,0.6415,1,83,1,4,5000,100,123.0,10.0,15.0,0.35,0.35,0.3,0.1,9.0463,0.1477,9.0463,270.0577,6.2328,-2.5698
340,25,6.1396,-2.6602,562,339,23.587030525128238,232.41772737895877,23.650103278500577,316.58963975468305,0.6655,1,83,1,4,5000,100,123.0,10.0,15.0,0.35,0.35,0.3,0.1,9.4465,0.1533,9.4465,268.0512,6.1396,-2.6602
341,25,6.0476,-2.7263,559,340,23.758680925289738,228.3527972239447,24.03653840606436,314.2499005568657,0.5836,1,83,1,4,5000,100,123.0,10.0,15.0,0.35,0.35,0.3,0.1,9.8007,0.1583,9.8007,264.5023,6.0476,-2.7263
343,25,5.9722,-2.7685,554,346,25.29714233858729,222.31958978011812,25.416006229751805,312.2178726466504,0.6309,1,83,1,4,5000,100,123.0,10.0,15.0,0.35,0.35,0.3,0.1,10.0918,0.1682,10.0918,259.7092,5.9722,-2.7685
344,25,5.9021,-2.7961,554,348,25.641005824305285,221.84679398179276,25.746595715389375,313.0814590485997,0.6412,1,83,1,4,5000,100,123.0,10.0,15.0,0.35,0.35,0.3,0.1,10.3695,0.1706,10.3695,259.6839,5.9021,-2.7961
345,25,5.8697,-2.8337,554,349,25.641005824305285,221.84679398179276,25.911204759854147,313.517144666763,0.5948,1,83,1,4,5000,100,123.0,10.0,15.0,0.35,0.35,0.3,0.1,10.6106,0.1712,10.6106,259.8336,5.8697,-2.8337
346,25,5.8639,-2.8553,553,349,25.980420656372814,219.14607000811125,25.991292879361474,312.61797773000836,0.6661,1,83,1,4,5000,100,123.0,10.0,15.0,0.35,0.35,0.3,0.1,10.7781,0.1758,10.7781,257.6669,5.8639,-2.8553
347,25,5.8146,-2.8634,558,352,25.873385226286093,222.28135324403618,26.08223300313469,318.4273857569415,0.6129,1,83,1,4,5000,100,123.0,10.0,15.0,0.35,0.35,0.3,0.1,11.0111,0.1778,11.0111,261.8063,5.8146,-2.8634
348,25,5.7382,-2.8617,557,354,26.10018689881653,220.4835594777987,26.484579629551085,318.4163940503064,0.5529,1,83,1,4,5000,100,123.0,10.0,15.0,0.35,0.35,0.3,0.1,11.2545,0.1817,11.2545,260.5514,5.7382,-2.8617
350,25,5.6545,-2.8501,548,354,26.6861837228464,211.53250341259616,27.225492005735955,310.3868553917836,0.5216,1,83,1,4,5000,100,123.0,10.0,15.0,0.35,0.35,0.3,0.1,11.5014,0.1894,11.5014,251.5979,5.6545,-2.8501
351,25,5.5709,-2.8313,542,352,27.061106137473242,206.6204249342257,27.407575437818405,304.138126514911,0.5808,1,83,1,4,5000,100,123.0,10.0,15.0,0.35,0.35,0.3,0.1,11.7412,0.1909,11.7412,246.0699,5.5709,-2.8313
352,25,5.5236,-2.7981,539,350,27.072080237992765,202.14846029589245,27.332359492167686,300.5544875725531,0.6045,1,83,1,4,5000,100,123.0,10.0,15.0,0.35,0.35,0.3,0.1,11.9751,0.1958,11.9751,241.7198,5.5236,-2.7981
353,25,5.5481,-2.7898,544,351,26.69015093355253,204.8243149628481,27.068368650285766,305.45867150892934,0.5694,1,83,1,4,5000,100,123.0,10.0,15.0,0.35,0.35,0.3,0.1,12.0310,0.1972,12.0310,245.2183,5.5481,-2.7898
354,25,5.6245,-2.7797,552,349,25.700740759582892,207.53072061745462,26.071842875994545,311.7194251245822,0.5723,1,83,1,4,5000,100,123.0,10.0,15.0,0.35,0.35,0.3,0.1,12.0569,0.2007,12.0569,249.1722,5.6245,-2.7797
363,25,5.7876,-2.7699,556,352,26.085599778281424,213.7755832643195,26.241349652157766,316.6322788346128,0.6339,1,83,1,4,5000,100,123.0,10.0,15.0,0.35,0.35,0.3,0.1,11.7668,0.1939,11.7668,255.2309,5.7876,-2.7699
364,25,5.9613,-2.7582,562,349,25.38386226375135,216.9446934128604,25.286696435418964,320.73197533142843,0.7001,1,83,1,4,5000,100,123.0,10.0,15.0,0.35,0.35,0.3,0.1,11.4569,0.193,11.4569,258.8213,5.9613,-2.7582
366,25,6.1489,-2.7798,570,338,23.16533701795473,226.24102192131292,22.919554832466638,323.5428874198906,0.6519,1,83,1,4,5000,100,123.0,10.0,15.0,0.35,0.35,0.3,0.1,11.0447,0.177,11.0447,266.2816,6.1489,-2.7798
367,25,6.3267,-2.7848,575,341,22.786853469916405,237.53947040439405,23.061519532293534,329.31747600150226,0.5855,1,83,1,4,5000,100,123.0,10.0,15.0,0.35,0.35,0.3,0.1,10.5989,0.1619,10.5989,275.9987,6.3267,-2.7848
368,25,6.4950,-2.8009,586,348,23.41433476381025,244.10038918445008,23.41845044569521,342.18708333307967,0.7607,1,83,1,4,5000,100,123.0,10.0,15.0,0.35,0.35,0.3,0.1,10.0474,0.1673,10.0474,284.9387,6.4950,-2.8009
369,25,6.6006,-2.8335,591,347,22.844553127664927,255.0019607767752,22.937959500818472,346.38995366494106,0.6425,1,83,1,4,5000,100,123.0,10.0,15.0,0.35,0.35,0.3,0.1,9.6736,0.152,9.6736,293.7523,6.6006,-2.8335
370,25,6.6345,-2.8571,586,346,23.02028472148311,253.16002844051033,23.110443230095303,341.397129454833,0.6369,1,83,1,4,5000,100,123.0,10.0,15.0,0.35,0.35,0.3,0.1,9.3970,0.1484,9.3970,290.731,6.6345,-2.8571
371,25,6.6221,-2.8520,585,346,23.25741572861868,255.78506602223672,23.176494186354486,340.4776057246644,0.6653,1,83,1,4,5000,100,123.0,10.0,15.0,0.35,0.35,0.3,0.1,9.0681,0.142,9.0681,292.1165,6.6221,-2.8520
373,25,6.5894,-2.8393,578,345,23.655971267625333,246.73264883269908,23.491718666004637,333.65401241405743,0.6233,1,83,1,4,5000,100,123.0,10.0,15.0,0.35,0.35,0.3,0.1,8.7440,0.1498,8.7440,283.6845,6.5894,-2.8393
374,25,6.5434,-2.8146,572,340,22.956582324511647,248.69660230891776,23.106326858271572,326.165602110339,0.6199,1,83,1,4,5000,100,123.0,10.0,15.0,0.35,0.35,0.3,0.1,8.5584,0.1348,8.5584,282.2112,6.5434,-2.8146
375,25,6.4856,-2.7492,569,340,23.259220945528288,248.16929705344293,23.314903345167515,323.40841052761755,0.6694,1,83,1,4,5000,100,123.0,10.0,15.0,0.35,0.35,0.3,0.1,8.1771,0.1316,8.1771,280.8368,6.4856,-2.7492
376,25,6.4684,-2.6838,570,338,22.833654177917545,247.38633753705963,22.919554832466638,323.5428874198906,0.7255,2,83,1,4,5000,100,123.0,10.0,15.0,0.35,0.35,0.3,0.1,7.6316,0.1334,7.6316,280.3853,6.4684,-2.6838
376,27,6.3392,-2.7139,563,336,23.26114046643323,240.55352834660314,23.079670428056,316.3178780910115,0.6967,2,83,1,4,5000,100,123.0,10.0,15.0,0.35,0.35,0.3,0.1,8.2999,0.1361,8.2999,273.2817,6.3392,-2.7139
377,27,6.3154,-2.6829,567,338,23.29155275686519,242.78591392418136,23.12823142558497,320.78185734233784,0.6349,1,83,1,4,5000,100,123.0,10.0,15.0,0.35,0.35,0.3,0.1,8.0626,0.1384,8.0626,276.3867,6.3154,-2.6829
378,27,6.2824,-2.6398,563,336,23.29155275686519,242.78591392418136,23.079670428056,316.3178780910115,0.636,1,83,1,4,5000,100,123.0,10.0,15.0,0.35,0.35,0.3,0.1,7.7774,0.1315,7.7774,274.7165,6.2824,-2.6398
379,27,6.2716,-2.5991,553,325,21.8895567699047,241.40422531513403,21.906797067402376,302.8696089078599,0.8522,1,83,1,4,5000,100,123.0,10.0,15.0,0.35,0.35,0.3,0.1,7.4155,0.1129,7.4155,268.6662,6.2716,-2.5991
380,25,6.4644,-2.6246,556,324,21.45547690791655,246.05080776132397,21.522600107907078,305.28675044947494,0.8407,2,83,1,4,5000,100,123.0,10.0,15.0,0.35,0.35,0.3,0.1,7.1712,0.1074,7.1712,272.4866,6.4644,-2.6246
380,27,6.2520,-2.5513,547,322,21.93538222623904,238.24777018893587,21.80140948635181,296.1840643923977,0.8217,2,83,1,4,5000,100,123.0,10.0,15.0,0.35,0.35,0.3,0.1,7.0202,0.1084,7.0202,264.0756,6.2520,-2.5513
381,25,6.4557,-2.5638,559,324,21.41716635294169,249.2087478400387,21.317912275461552,308.0795351853154,0.788,2,83,1,4,5000,100,123.0,10.0,15.0,0.35,0.35,0.3,0.1,6.8259,0.1056,6.8259,275.5346,6.4557,-2.5638
381,27,6.3109,-2.5106,551,323,21.80140948635181,242.33241632105268,21.69510946079689,300.26987860922713,0.8937,2,83,1,4,5000,100,123.0,10.0,15.0,0.35,0.35,0.3,0.1,6.6412,0.1068,6.6412,268.208,6.3109,-2.5106
382,25,6.4684,-2.5184,560,324,21.25050550713324,251.07170290576354,21.25050550713324,309.01132665324747,0.9028,2,83,1,4,5000,100,123.0,10.0,15.0,0.35,0.35,0.3,0.1,6.4177,0.1034,6.4177,277.0446,6.4684,-2.5184
382,27,6.4089,-2.4970,552,323,21.71393508177643,243.26117651610582,21.62478927047772,301.1992695874278,0.7825,2,83,1,4,5000,100,123.0,10.0,15.0,0.35,0.35,0.3,0.1,6.3807,0.1064,6.3807,269.1475,6.4089,-2.4970
383,27,6.5367,-2.5183,566,323,20.765057623986323,256.67294364618954,20.684080267946808,314.25626485402006,0.8351,2,83,1,4,5000,100,123.0,10.0,15.0,0.35,0.35,0.3,0.1,6.2126,0.1009,6.2126,282.5607,6.5367,-2.5183
383,25,6.5012,-2.5155,558,322,21.202818643809668,248.8453334905037,21.037511025421818,306.4245420980506,0.8345,2,83,1,4,5000,100,123.0,10.0,15.0,0.35,0.35,0.3,0.1,6.2435,0.1037,6.2435,274.6496,6.5012,-2.5155
384,27,6.6500,-2.5248,570,323,20.65891006330749,260.76809620810593,20.42951812416385,318.0015723231569,0.7524,2,83,1,4,5000,100,123.0,10.0,15.0,0.35,0.35,0.3,0.1,6.0241,0.0989,6.0241,286.555,6.6500,-2.5248
384,25,6.5388,-2.5092,562,323,21.005103913768455,253.87004549572208,20.944778052846935,310.517310306527,0.9297,2,83,1,4,5000,100,123.0,10.0,15.0,0.35,0.35,0.3,0.1,6.1118,0.1004,6.1118,279.3508,6.5388,-2.5092
385,27,6.7461,-2.5313,571,325,20.83516328377865,264.2820463065927,20.702903358827847,319.64042297556796,0.7022,2,83,1,4,5000,100,123.0,10.0,15.0,0.35,0.35,0.3,0.1,5.8292,0.0948,5.8292,289.3371,6.7461,-2.5313
385,25,6.5570,-2.5030,564,324,21.181349500266236,257.38881094561975,20.984897835882194,312.74270575027003,0.8715,2,83,1,4,5000,100,123.0,10.0,15.0,0.35,0.35,0.3,0.1,5.9554,0.0971,5.9554,282.3786,6.5570,-2.5030
386,27,6.7741,-2.5325,571,323,20.27815781534153,265.452443951831,20.366812140444665,318.93886561534015,0.8038,2,83,1,4,5000,100,123.0,10.0,15.0,0.35,0.35,0.3,0.1,5.6745,0.0915,5.6745,289.748,6.7741,-2.5325
386,25,6.5851,-2.5042,564,321,20.686203513434553,257.6082296822056,20.469983279781903,311.6809265899984,0.8104,2,83,1,4,5000,100,123.0,10.0,15.0,0.35,0.35,0.3,0.1,5.7959,0.095,5.7959,282.0766,6.5851,-2.5042
387,27,6.7595,-2.5360,568,323,20.428834550474303,263.5773131360133,20.556045219583467,316.12813857674865,0.8634,2,83,1,4,5000,100,123.0,10.0,15.0,0.35,0.35,0.3,0.1,5.5387,0.0907,5.5387,287.4708,6.7595,-2.5360
387,25,6.6485,-2.5156,560,321,20.765057623986323,256.67294364618954,20.730262180236654,307.9366818032564,0.9164,2,83,1,4,5000,100,123.0,10.0,15.0,0.35,0.35,0.3,0.1,5.6128,0.0908,5.6128,279.9776,6.6485,-2.5156
388,27,6.7368,-2.5344,568,322,20.353229148068834,264.51464987784703,20.386154599580834,315.77840331472953,0.8566,2,83,1,4,5000,100,123.0,10.0,15.0,0.35,0.35,0.3,0.1,5.4301,0.0883,5.4301,287.8822,6.7368,-2.5344
388,25,6.6987,-2.5241,560,321,20.765057623986323,256.67294364618954,20.730262180236654,307.9366818032564,0.8051,2,83,1,4,5000,100,123.0,10.0,15.0,0.35,0.35,0.3,0.1,5.4690,0.0908,5.4690,279.9776,6.6987,-2.5241
389,25,6.7588,-2.5501,571,324,20.45631376327803,268.96096371034963,20.53504236879653,319.2882710028666,0.8244,2,83,1,4,5000,100,123.0,10.0,15.0,0.35,0.35,0.3,0.1,5.3222,0.0856,5.3222,291.9718,6.7588,-2.5501
389,27,6.7214,-2.5451,563,323,20.86422214642198,261.1225765804252,20.87901688055742,311.4514408378937,0.9455,2,83,1,4,5000,100,123.0,10.0,15.0,0.35,0.35,0.3,0.1,5.3253,0.0879,5.3253,284.0751,6.7214,-2.5451
390,25,6.8414,-2.5761,571,325,20.65564664817671,269.3120866207085,20.702903358827847,319.64042297556796,0.7951,2,83,1,4,5000,100,123.0,10.0,15.0,0.35,0.35,0.3,0.1,5.1674,0.0855,5.1674,292.3259,6.8414,-2.5761
390,27,6.7292,-2.5562,563,324,20.99048303638242,262.4137953690697,21.05070369834388,311.8092365533773,0.871,2,83,1,4,5000,100,123.0,10.0,15.0,0.35,0.35,0.3,0.1,5.1700,0.086,5.1700,284.987,6.7292,-2.5562
391,25,6.9333,-2.5953,573,326,20.62987994612618,272.472016911829,20.743558010342856,321.86487848163864,0.7156,2,83,1,4,5000,100,123.0,10.0,15.0,0.35,0.35,0.3,0.1,4.9061,0.0831,4.9061,295.116,6.9333,-2.5953
391,27,6.7405,-2.5626,565,324,20.960063411718984,265.5729654915952,20.919483722555903,313.676585036244,0.904,2,83,1,4,5000,100,123.0,10.0,15.0,0.35,0.35,0.3,0.1,4.9553,0.083,4.9553,287.6274,6.7405,-2.5626
392,25,6.9769,-2.6066,574,325,20.60470404398981,275.6320010448714,20.51445119457585,322.44844549167857,0.762,2,83,1,4,5000,100,123.0,10.0,15.0,0.35,0.35,0.3,0.1,4.6956,0.0783,4.6956,297.2079,6.9769,-2.6066
392,27,6.7871,-2.5716,566,323,20.930359011258673,268.7322087134328,20.684080267946808,314.25626485402006,0.7445,2,83,1,4,5000,100,123.0,10.0,15.0,0.35,0.35,0.3,0.1,4.7105,0.0781,4.7105,289.7168,6.7871,-2.5716
393,25,7.0262,-2.6182,573,323,20.123451077742956,279.03404810166086,20.242499756815462,320.8145881969833,0.7756,2,83,1,4,5000,100,123.0,10.0,15.0,0.35,0.35,0.3,0.1,4.4447,0.0697,4.4447,298.4693,7.0262,-2.6182
393,27,6.8358,-2.5830,565,321,20.506588365649115,271.1844390815963,20.405888147934906,312.61797773000836,0.7219,2,83,1,4,5000,100,123.0,10.0,15.0,0.35,0.35,0.3,0.1,4.4921,0.071,4.4921,290.4309,6.8358,-2.5830
394,25,7.0601,-2.6197,575,324,20.365536264089002,281.60255680657446,20.28617579005516,323.0371495664237,0.8781,2,83,1,4,5000,100,123.0,10.0,15.0,0.35,0.35,0.3,0.1,4.2057,0.0685,4.2057,300.9001,7.0601,-2.6197
394,27,6.8669,-2.5844,567,322,20.678106772276383,274.69619582367716,20.44954761079258,314.8412298286233,0.7764,2,83,1,4,5000,100,123.0,10.0,15.0,0.35,0.35,0.3,0.1,4.2680,0.0681,4.2680,293.4019,6.8669,-2.5844
395,25,7.0785,-2.6210,575,325,20.414282755428964,283.82565070831777,20.45236133074873,323.3852192045889,0.8278,2,83,1,4,5000,100,123.0,10.0,15.0,0.35,0.35,0.3,0.1,3.9905,0.0651,3.9905,302.3168,7.0785,-2.6210
395,27,6.8847,-2.5855,568,324,20.799028408841494,275.98550686584974,20.72555886556054,316.4806471176397,0.7568,2,83,1,4,5000,100,123.0,10.0,15.0,0.35,0.35,0.3,0.1,4.0869,0.0684,4.0869,294.8492,6.8847,-2.5855
396,25,7.0799,-2.6315,574,324,20.224859431168078,283.4783942384322,20.347849262684356,322.0993635510632,0.8134,2,83,1,4,5000,100,123.0,10.0,15.0,0.35,0.35,0.3,0.1,3.8972,0.0638,3.8972,301.5573,7.0799,-2.6315
396,27,6.8889,-2.5962,566,322,20.60470404398981,275.6320010448714,20.513319068283977,313.90444405901616,0.808,2,83,1,4,5000,100,123.0,10.0,15.0,0.35,0.35,0.3,0.1,3.9698,0.0649,3.9698,293.5259,6.8889,-2.5962
397,25,7.0593,-2.6297,572,324,20.224859431168078,283.4783942384322,20.472279519741925,320.22492095400696,0.6469,2,83,1,4,5000,100,123.0,10.0,15.0,0.35,0.35,0.3,0.1,3.7664,0.0609,3.7664,300.7333,7.0593,-2.6297
397,27,6.8654,-2.5967,565,322,20.60470404398981,275.6320010448714,20.577472211670997,312.96804948748365,0.8838,2,83,1,4,5000,100,123.0,10.0,15.0,0.35,0.35,0.3,0.1,3.8638,0.0634,3.8638,293.1159,6.8654,-2.5967
398,25,7.0163,-2.6130,571,324,20.556045219583467,281.95212359547855,20.53504236879653,319.2882710028666,0.8816,2,83,1,4,5000,100,123.0,10.0,15.0,0.35,0.35,0.3,0.1,3.6132,0.0621,3.6132,299.4609,7.0163,-2.6130
398,27,6.8226,-2.5800,563,322,20.872997362507803,275.0509043795348,20.706936690377127,311.0964480671549,0.8333,2,83,1,4,5000,100,123.0,10.0,15.0,0.35,0.35,0.3,0.1,3.7080,0.0615,3.7080,291.9654,6.8226,-2.5800
399,25,6.9527,-2.5935,567,323,20.436579630588948,280.6652810733811,20.61987264900625,315.1920049747455,0.7947,2,83,1,4,5000,100,123.0,10.0,15.0,0.35,0.35,0.3,0.1,3.5152,0.0579,3.5152,296.9283,6.9527,-2.5935
399,27,6.7612,-2.5604,559,322,20.826422266487356,272.8259518447613,20.970592369196037,307.35809733924367,0.8728,2,83,1,4,5000,100,123.0,10.0,15.0,0.35,0.35,0.3,0.1,3.6272,0.0595,3.6272,289.0644,6.7612,-2.5604
400,25,6.8690,-2.5690,562,320,20.38745787232162,278.44209451877066,20.42602476308901,309.45758998609165,0.83,2,83,1,4,5000,100,123.0,10.0,15.0,0.35,0.35,0.3,0.1,3.4093,0.0528,3.4093,293.1317,6.8690,-2.5690
400,27,6.7556,-2.5511,555,319,20.779081296991855,270.60118255469615,20.711197821618715,302.5524747874325,0.808,2,83,1,4,5000,100,123.0,10.0,15.0,0.35,0.35,0.3,0.1,3.4793,0.0557,3.4793,285.6862,6.7556,-2.5511
401,25,6.8035,-2.5347,558,319,20.359575249777734,273.05860176892435,20.512123588084826,305.3604427557702,0.7467,2,83,1,4,5000,100,123.0,10.0,15.0,0.35,0.35,0.3,0.1,3.2372,0.0558,3.2372,288.3076,6.8035,-2.5347
401,27,6.7654,-2.5320,551,317,20.758324271546414,265.2168923730161,20.62353138332523,298.104008694952,0.7822,2,83,1,4,5000,100,123.0,10.0,15.0,0.35,0.35,0.3,0.1,3.2866,0.0584,3.2866,280.7005,6.7654,-2.5320
402,27,6.7798,-2.5102,560,319,20.265697470947504,277.1569952211201,20.38143005119738,307.23443817384793,0.7169,2,83,1,4,5000,100,123.0,10.0,15.0,0.35,0.35,0.3,0.1,3.1227,0.0515,3.1227,291.4217,6.7798,-2.5102
402,25,6.7403,-2.5004,552,317,20.65564664817671,269.3120866207085,20.556045219583467,299.0401310861136,0.844,2,83,1,4,5000,100,123.0,10.0,15.0,0.35,0.35,0.3,0.1,3.0801,0.0523,3.0801,283.3986,6.7403,-2.5004
403,27,6.8115,-2.5058,560,317,19.8605676141446,279.63190089830596,20.03101268089773,306.54363474063524,0.6515,2,83,1,4,5000,100,123.0,10.0,15.0,0.35,0.35,0.3,0.1,2.9765,0.0459,2.9765,292.47,6.8115,-2.5058
403,25,6.6960,-2.4856,553,315,20.235271166382038,271.773803005367,20.130312026041274,299.2824752637548,0.8588,2,83,1,4,5000,100,123.0,10.0,15.0,0.35,0.35,0.3,0.1,3.0052,0.0482,3.0052,284.8656,6.6960,-2.4856
404,27,6.8536,-2.4965,558,316,19.806649489670985,277.41124706831914,19.98310652189998,304.32219767871027,0.6257,2,83,1,4,5000,100,123.0,10.0,15.0,0.35,0.35,0.3,0.1,2.7838,0.0463,2.7838,290.2443,6.8536,-2.4965
404,25,6.6601,-2.4612,550,314,20.109786813451223,270.4902955745363,20.14841414028783,296.1215966457023,0.9027,2,83,1,4,5000,100,123.0,10.0,15.0,0.35,0.35,0.3,0.1,2.8515,0.0452,2.8515,282.7262,6.6601,-2.4612
405,27,6.8198,-2.4444,558,317,20.123451077742956,279.03404810166086,20.159845606486936,304.6653902234384,0.7621,2,83,1,4,5000,100,123.0,10.0,15.0,0.35,0.35,0.3,0.1,2.6604,0.0439,2.6604,291.287,6.8198,-2.4444
405,25,6.6336,-2.4115,551,316,20.506588365649115,271.1844390815963,20.443435735034328,297.75325355065394,0.8073,2,83,1,4,5000,100,123.0,10.0,15.0,0.35,0.35,0.3,0.1,2.7511,0.0467,2.7511,283.8485,6.6336,-2.4115
406,27,6.7751,-2.4045,555,314,19.6817391737559,276.1322147088239,19.82038108747475,300.8205445111753,0.6733,2,83,1,4,5000,100,123.0,10.0,15.0,0.35,0.35,0.3,0.1,2.6267,0.0428,2.6267,287.9482,6.7751,-2.4045
406,25,6.5915,-2.3691,547,312,20.05609473657542,268.26852219371546,19.98310652189998,292.61749776799064,0.8188,2,83,1,4,5000,100,123.0,10.0,15.0,0.35,0.35,0.3,0.1,2.7036,0.0434,2.7036,279.9145,6.5915,-2.3691
407,25,6.5518,-2.3342,544,306,19.053966772543895,263.4331034627197,19.06454743133228,287.7846417027844,0.9298,1,83,1,4,5000,100,123.0,10.0,15.0,0.35,0.35,0.3,0.1,2.6661,0.0442,2.6661,275.071,6.5518,-2.3342
408,27,6.7353,-2.3495,550,307,18.770008041531135,270.37936311782374,18.86666342621642,293.7839342101606,0.7571,2,83,1,4,5000,100,123.0,10.0,15.0,0.35,0.35,0.3,0.1,2.5929,0.0415,2.5929,281.5962,6.7353,-2.3495
408,25,6.5070,-2.2717,543,306,19.12522602078709,262.48809496813374,19.129791906622913,286.83967647450726,0.8782,2,83,1,4,5000,100,123.0,10.0,15.0,0.35,0.35,0.3,0.1,2.6425,0.0443,2.6425,274.1241,6.5070,-2.2717
409,27,6.7004,-2.2894,550,308,19.039453959839967,269.75729832573575,19.05100873132124,294.10882339705483,0.8333,2,83,1,4,5000,100,123.0,10.0,15.0,0.35,0.35,0.3,0.1,2.5852,0.0432,2.5852,281.4072,6.7004,-2.2894
409,25,6.4919,-2.2291,541,306,19.403625737855755,261.87401551127596,19.261578626542985,284.95087295883127,0.8029,2,83,1,4,5000,100,123.0,10.0,15.0,0.35,0.35,0.3,0.1,2.6464,0.0422,2.6464,272.9255,6.4919,-2.2291
410,27,6.6935,-2.2323,549,304,18.299498059860426,267.52943763257156,18.372873246437678,291.87839933780646,0.7403,2,83,1,4,5000,100,123.0,10.0,15.0,0.35,0.35,0.3,0.1,2.3390,0.0435,2.3390,279.174,6.6935,-2.2323
410,25,6.5171,-2.1965,541,303,18.64431127543692,259.6247291765559,18.690162188530618,283.9753510430087,0.8545,2,83,1,4,5000,100,123.0,10.0,15.0,0.35,0.35,0.3,0.1,2.6341,0.0448,2.6341,271.2546,6.5171,-2.1965
411,27,6.6707,-2.1671,549,303,18.243751158287232,284.2903445423358,18.18637867086242,291.56474409640134,0.6825,1,83,1,4,5000,100,123.0,10.0,15.0,0.35,0.35,0.3,0.1,2.3624,0.0126,2.3624,287.8816,6.6707,-2.1671
412,27,6.6838,-2.0714,552,305,18.301080422795014,270.69170655932555,18.37353857900666,295.0406751619173,0.7978,2,83,1,4,5000,100,123.0,10.0,15.0,0.35,0.35,0.3,0.1,2.5372,0.043,2.5372,282.3422,6.6838,-2.0714
412,25,6.5724,-2.1440,544,303,18.641791893699335,262.78698597913865,18.49811944728489,286.81875810344064,0.776,2,83,1,4,5000,100,123.0,10.0,15.0,0.35,0.35,0.3,0.1,2.6131,0.0437,2.6131,274.2775,6.5724,-2.1440
413,25,6.6337,-2.0567,546,300,17.83326497230994,271.0221393170676,17.805350214511744,287.7846417027844,0.7787,1,83,1,4,5000,100,123.0,10.0,15.0,0.35,0.35,0.3,0.1,2.4558,0.03,2.4558,279.152,6.6337,-2.0567
414,25,6.7005,-1.8721,554,295,16.35360319918245,269.92035862453946,16.400539715645305,293.960881751297,0.8002,2,83,1,4,5000,100,123.0,10.0,15.0,0.35,0.35,0.3,0.1,2.4017,0.0426,2.4017,281.4281,6.7005,-1.8721
414,27,6.7364,-1.9512,546,293,16.63639696905666,261.9656466027559,16.468756253655492,285.72189275587544,0.7924,2,83,1,4,5000,100,123.0,10.0,15.0,0.35,0.35,0.3,0.1,2.5387,0.0434,2.5387,273.3285,6.7364,-1.9512
415,27,6.8016,-1.7859,557,289,15.197842034853284,263.20524310887123,15.1189436070853,295.2185631019838,0.9054,2,83,1,4,5000,100,123.0,10.0,15.0,0.35,0.35,0.3,0.1,2.5345,0.0573,2.5345,278.2943,6.8016,-1.7859
415,25,6.7531,-1.6467,550,287,15.1625569426889,271.4498111990502,15.098048729299697,287.9392296996017,0.6842,2,83,1,4,5000,100,123.0,10.0,15.0,0.35,0.35,0.3,0.1,2.4059,0.0295,2.4059,279.4515,6.7531,-1.6467
416,27,6.8510,-1.6050,560,279,13.010466246425946,270.95571593897034,13.096282200198003,295.6907167971291,0.9,1,83,1,4,5000,100,123.0,10.0,15.0,0.35,0.35,0.3,0.1,2.7803,0.0437,2.7803,282.7834,6.8510,-1.6050
417,27,6.9337,-1.4347,564,270,11.186539026212369,273.19040978775223,11.234444007142086,297.7045515271811,0.8028,1,83,1,4,5000,100,123.0,10.0,15.0,0.35,0.35,0.3,0.1,2.7766,0.0429,2.7766,284.9212,6.9337,-1.4347
418,27,6.9809,-1.2599,564,264,10.154266580200265,272.26457720386617,10.097504384075284,296.59399859066605,0.8448,2,83,1,4,5000,100,123.0,10.0,15.0,0.35,0.35,0.3,0.1,2.5809,0.0428,2.5809,283.909,6.9809,-1.2599
418,25,6.7805,-1.4112,557,262,9.995456133987654,265.02264054227516,9.950626687951603,289.35272592460575,0.8091,2,83,1,4,5000,100,123.0,10.0,15.0,0.35,0.35,0.3,0.1,2.4188,0.0439,2.4188,276.6538,6.7805,-1.4112
419,27,6.9910,-1.1021,563,258,8.939565003151525,270.2831848265815,8.982737039974634,294.61330587738223,0.9174,2,83,1,4,5000,100,123.0,10.0,15.0,0.35,0.35,0.3,0.1,2.5754,0.0431,2.5754,281.9243,6.9910,-1.1021
419,25,6.7778,-1.1682,555,256,8.99534500367926,262.2250941462315,8.837421722700235,286.40006983239374,0.7865,2,83,1,4,5000,100,123.0,10.0,15.0,0.35,0.35,0.3,0.1,2.4392,0.0441,2.4392,273.78,6.7778,-1.1682
420,27,6.9854,-1.0301,562,252,7.678963807368697,269.4160351575236,7.853313301978219,292.7456233660889,0.7591,2,83,1,4,5000,100,123.0,10.0,15.0,0.35,0.35,0.3,0.1,2.5717,0.0415,2.5717,280.5967,6.9854,-1.0301
420,25,6.7914,-0.8898,555,250,7.696051722016569,261.3541658363226,7.647682723506236,285.53983960211224,0.8684,2,83,1,4,5000,100,123.0,10.0,15.0,0.35,0.35,0.3,0.1,2.6174,0.0442,2.6174,272.9122,6.7914,-0.8898
421,27,6.9760,-0.9560,562,246,6.6473414360392145,267.8002987302292,6.6869093261823584,291.9863010485252,0.8227,2,83,1,4,5000,100,123.0,10.0,15.0,0.35,0.35,0.3,0.1,2.5689,0.0432,2.5689,279.3708,6.9760,-0.9560
421,25,6.8398,-0.6812,554,244,6.632514615138462,259.73832986296037,6.473955968672311,283.8097954616789,0.825,2,83,1,4,5000,100,123.0,10.0,15.0,0.35,0.35,0.3,0.1,2.6688,0.0443,2.6688,271.2411,6.8398,-0.6812
423,25,6.9074,-0.4784,557,230,3.726644923239264,261.5530538915575,3.6138807520036442,285.56785533389433,0.7987,1,83,1,4,5000,100,123.0,10.0,15.0,0.35,0.35,0.3,0.1,2.6672,0.0439,2.6672,273.0334,6.9074,-0.4784
425,25,6.9801,-0.2955,565,221,1.709814044141531,268.1193763979023,1.7593854222619643,293.1381926668717,0.8914,1,83,1,4,5000,100,123.0,10.0,15.0,0.35,0.35,0.3,0.1,2.6618,0.0446,2.6618,280.0712,6.9801,-0.2955
426,25,7.0802,-0.1077,569,214,0.4212849041685975,272.0073528417936,0.3858243331694872,297.00673393039426,0.915,1,83,1,4,5000,100,123.0,10.0,15.0,0.35,0.35,0.3,0.1,2.6687,0.0439,2.6687,283.9579,7.0802,-0.1077
427,25,7.1602,0.0275,570,212,0.0,273.0,0.0,298.0,0.9364,1,83,1,4,5000,100,123.0,10.0,15.0,0.35,0.35,0.3,0.1,2.6823,0.0438,2.6823,284.9527,7.1602,0.0275
429,25,7.1904,0.1302,575,205,358.7591302248692,277.0649743291274,358.6765705387452,303.08084729985825,0.7541,1,83,1,4,5000,100,123.0,10.0,15.0,0.35,0.35,0.3,0.1,2.6714,0.0448,2.6714,289.4896,7.1904,0.1302
430,25,7.1502,0.2429,574,202,358.1323211605658,276.14670014323906,358.1034816967907,302.16551755618974,0.8734,1,83,1,4,5000,100,123.0,10.0,15.0,0.35,0.35,0.3,0.1,2.6858,0.045,2.6858,288.5708,7.1502,0.2429
431,25,7.0926,0.3607,571,199,357.7010390203104,274.2207140243056,357.5104470780008,299.2824752637548,0.7319,1,83,1,4,5000,100,123.0,10.0,15.0,0.35,0.35,0.3,0.1,2.6877,0.0437,2.6877,286.204,7.0926,0.3607
432,25,7.0125,0.4408,561,191,355.6676860168115,264.7564918939666,355.8439433987236,289.76197127987655,0.7256,1,83,1,4,5000,100,123.0,10.0,15.0,0.35,0.35,0.3,0.1,2.6767,0.0451,2.6767,276.6954,7.0125,0.4408
433,25,6.9426,0.4659,558,187,355.2001638860953,262.9220416777566,355.0043257584918,287.0905780411471,0.7098,1,83,1,4,5000,100,123.0,10.0,15.0,0.35,0.35,0.3,0.1,2.6596,0.0439,2.6596,274.4753,6.9426,0.4659
434,25,6.8973,0.4333,558,188,355.41738702604067,262.8402556687236,355.2032010331644,287.0052264332481,0.7055,1,83,1,4,5000,100,123.0,10.0,15.0,0.35,0.35,0.3,0.1,2.6764,0.0439,2.6764,274.3917,6.8973,0.4333
435,25,6.9124,0.2955,559,197,356.95291049661427,263.3723599772763,357.008169254031,287.39171873942365,0.8533,1,83,1,4,5000,100,123.0,10.0,15.0,0.35,0.35,0.3,0.1,2.6715,0.0436,2.6715,274.8583,6.9124,0.2955
436,25,6.9249,0.2223,562,206,358.9190758133393,265.04716561397146,358.8147391813776,290.06206232459976,0.8319,1,83,1,4,5000,100,123.0,10.0,15.0,0.35,0.35,0.3,0.1,2.6763,0.0451,2.6763,276.991,6.9249,0.2223
437,25,6.9457,0.1085,564,219,1.501792522359346,267.09174453734056,1.3732659358088906,292.083892058429,0.8305,1,83,1,4,5000,100,123.0,10.0,15.0,0.35,0.35,0.3,0.1,2.6841,0.0447,2.6841,279.0293,6.9457,0.1085
439,28,7.3048,-1.8157,577,266,10.160206120894593,283.4448800031498,10.040126298636599,309.7434422227531,0.7822,1,83,1,4,5000,100,123.0,10.0,15.0,0.35,0.35,0.3,0.1,2.6706,0.0443,2.6706,296.0112,7.3048,-1.8157
440,28,7.3445,-2.0443,577,289,14.277589047713185,287.89234098878006,14.168770092445845,314.5695471592888,0.8423,1,83,1,4,5000,100,123.0,10.0,15.0,0.35,0.35,0.3,0.1,2.6652,0.0443,2.6652,300.6403,7.3445,-2.0443
441,28,7.3445,-2.0443,576,307,17.565014687292972,291.5956103922005,17.35402463626132,318.498037670564,0.7036,1,83,1,4,5000,100,123.0,10.0,15.0,0.35,0.35,0.3,0.1,2.6652,0.0441,2.6652,304.4537,7.3445,-2.0443
442,28,7.3550,-2.2916,583,326,20.047646938998692,303.382596732245,20.130889994825743,331.23556572324776,0.7523,1,83,1,4,5000,100,123.0,10.0,15.0,0.35,0.35,0.3,0.1,2.6614,0.0439,2.6614,316.6979,7.3550,-2.2916
445,29,6.0615,-4.1662,540,376,31.37300514010846,288.12497288503124,31.464143630865752,314.1973901864877,0.828,1,83,1,4,5000,100,123.0,10.0,15.0,0.35,0.35,0.3,0.1,2.6043,0.0433,2.6043,300.5969,6.0615,-4.1662
446,29,5.8359,-4.2392,526,385,34.309761723500905,282.0815484926301,34.25886975494349,307.31905245200795,0.7698,1,83,1,4,5000,100,123.0,10.0,15.0,0.35,0.35,0.3,0.1,2.6207,0.0428,2.6207,294.16,5.8359,-4.2392
447,29,5.4929,-4.2931,507,396,37.874983651098205,273.64210202379314,38.06018828805133,298.46440323763903,0.6384,1,83,1,4,5000,100,123.0,10.0,15.0,0.35,0.35,0.3,0.1,2.6055,0.0434,2.6055,285.5148,5.4929,-4.2931
448,29,5.0296,-4.4034,487,398,40.792359479121885,260.2095309553438,40.86361610632766,284.2903445423358,0.8239,1,83,1,4,5000,100,123.0,10.0,15.0,0.35,0.35,0.3,0.1,2.5936,0.0442,2.5936,271.7174,5.0296,-4.4034
452,30,3.7782,-4.6633,425,407,52.1250163489018,228.0350850198276,51.881723630636955,247.85883078881818,0.5823,1,83,1,4,5000,100,123.0,10.0,15.0,0.35,0.35,0.3,0.1,2.5602,0.0417,2.5602,237.5341,3.7782,-4.6633
453,30,3.8450,-4.6309,434,408,50.225927408966776,232.89911979223967,50.42522636842033,254.2833065696606,0.7349,1,83,1,4,5000,100,123.0,10.0,15.0,0.35,0.35,0.3,0.1,2.5602,0.0439,2.5602,243.1219,3.8450,-4.6309
454,30,3.8625,-4.5989,429,403,50.71059313749964,227.40272645683032,50.5801533411958,247.24481794367298,0.6798,1,83,1,4,5000,100,123.0,10.0,15.0,0.35,0.35,0.3,0.1,2.5687,0.0418,2.5687,236.909,3.8625,-4.5989
455,30,3.9201,-4.5514,440,401,48.14112983563611,232.28000344411913,48.366460663429805,252.87348615463821,0.6334,1,83,1,4,5000,100,123.0,10.0,15.0,0.35,0.35,0.3,0.1,2.5670,0.0424,2.5670,242.1397,3.9201,-4.5514
457,29,4.7622,-4.4647,443,400,47.42927332349997,233.5551326774901,47.71114535648567,254.13579047430528,0.7069,2,83,1,4,5000,100,123.0,10.0,15.0,0.35,0.35,0.3,0.1,2.5962,0.0422,2.5962,243.4112,4.7622,-4.4647
457,30,3.9328,-4.5040,436,398,48.742988295687134,227.46648104720836,48.59671707762847,247.97580527140144,0.6391,2,83,1,4,5000,100,123.0,10.0,15.0,0.35,0.35,0.3,0.1,2.5376,0.0431,2.5376,237.2788,3.9328,-4.5040
458,29,4.4668,-4.4836,443,399,47.26278980713946,232.81967270830015,47.55900231769944,253.39692184397188,0.5771,2,83,1,4,5000,100,123.0,10.0,15.0,0.35,0.35,0.3,0.1,2.5889,0.0423,2.5889,242.6729,4.4668,-4.4836
458,30,3.9735,-4.4808,437,397,48.554178235532085,228.12715752404404,48.27048792318357,247.8911051248108,0.7072,2,83,1,4,5000,100,123.0,10.0,15.0,0.35,0.35,0.3,0.1,2.5419,0.0415,2.5419,237.5988,3.9735,-4.4808
459,30,3.9495,-4.4631,437,397,48.554178235532085,228.12715752404404,48.27048792318357,247.8911051248108,0.5592,1,83,1,4,5000,100,123.0,10.0,15.0,0.35,0.35,0.3,0.1,2.5359,0.0415,2.5359,237.5988,3.9495,-4.4631
